timestamp,raw_heap_metric,raw_gc_metric,raw_mempool_size,normalized_H_t,normalized_G_t,normalized_Q_mem,RPI,current_mode,previous_mode,transition_event,dominant_cause,applied_action,debug_control,accepted_tx_count,rejected_tx_count,rejection_reason_breakdown
2026-09-16T05:08:02.3309845+00:00,31501760,5.707320,0,0.061527,1.000000,0.000000,0.350919,PACING,NORMAL,NORMAL->PACING,G_t,allow_normal,phase=none;hMul=1.000;gMul=1.000;qMul=1.000;qAdd=0.000;rpiOff=0.000,0,0,none
2026-09-16T05:08:02.8304800+00:00,49607144,0.000000,0,0.096889,0.000000,0.000000,0.032942,NORMAL,PACING,PACING->NORMAL,H_t,allow_normal,phase=none;hMul=1.000;gMul=1.000;qMul=1.000;qAdd=0.000;rpiOff=0.000,0,0,none
2026-09-16T05:08:03.3301624+00:00,49817560,0.000000,0,0.097300,0.000000,0.000000,0.033082,NORMAL,NORMAL,NONE,H_t,allow_normal,phase=none;hMul=1.000;gMul=1.000;qMul=1.000;qAdd=0.000;rpiOff=0.000,0,0,none
2026-09-16T05:08:03.8302828+00:00,49825784,0.000000,0,0.097316,0.000000,0.000000,0.033087,NORMAL,NORMAL,NONE,H_t,allow_normal,phase=none;hMul=1.000;gMul=1.000;qMul=1.000;qAdd=0.000;rpiOff=0.000,0,0,none
2026-09-16T05:08:04.3300617+00:00,54628424,0.000000,0,0.106696,0.000000,0.000000,0.036277,NORMAL,NORMAL,NONE,H_t,allow_normal,phase=none;hMul=1.000;gMul=1.000;qMul=1.000;qAdd=0.000;rpiOff=0.000,0,0,none
2026-09-16T05:08:04.8302907+00:00,54628424,0.000000,0,0.106696,0.000000,0.000000,0.036277,NORMAL,NORMAL,NONE,H_t,allow_normal,phase=none;hMul=1.000;gMul=1.000;qMul=1.000;qAdd=0.000;rpiOff=0.000,0,0,none
2026-09-16T05:08:05.3298554+00:00,59246968,0.000000,0,0.115717,0.000000,0.000000,0.039344,NORMAL,NORMAL,NONE,H_t,allow_normal,phase=none;hMul=1.000;gMul=1.000;qMul=1.000;qAdd=0.000;rpiOff=0.000,0,0,none
2026-09-16T05:08:05.8302792+00:00,59255192,0.000000,0,0.115733,0.000000,0.000000,0.039349,NORMAL,NORMAL,NONE,H_t,allow_normal,phase=none;hMul=1.000;gMul=1.000;qMul=1.000;qAdd=0.000;rpiOff=0.000,0,0,none
2026-09-16T05:08:06.3306742+00:00,64042632,0.000000,0,0.125083,0.000000,0.000000,0.042528,NORMAL,NORMAL,NONE,H_t,allow_normal,phase=none;hMul=1.000;gMul=1.000;qMul=1.000;qAdd=0.000;rpiOff=0.000,0,0,none
2026-09-16T05:08:06.8299288+00:00,64050856,0.000000,0,0.125099,0.000000,0.000000,0.042534,NORMAL,NORMAL,NONE,H_t,allow_normal,phase=none;hMul=1.000;gMul=1.000;qMul=1.000;qAdd=0.000;rpiOff=0.000,0,0,none
2026-09-16T05:08:07.3300673+00:00,64097792,0.000000,0,0.125191,0.000000,0.000000,0.042565,NORMAL,NORMAL,NONE,H_t,allow_normal,phase=none;hMul=1.000;gMul=1.000;qMul=1.000;qAdd=0.000;rpiOff=0.000,0,0,none
2026-09-16T05:08:07.8297642+00:00,64106016,0.000000,0,0.125207,0.000000,0.000000,0.042570,NORMAL,NORMAL,NONE,H_t,allow_normal,phase=none;hMul=1.000;gMul=1.000;qMul=1.000;qAdd=0.000;rpiOff=0.000,0,0,none
2026-09-16T05:08:08.3302735+00:00,101669448,0.000000,0,0.198573,0.000000,0.000000,0.067515,NORMAL,NORMAL,NONE,H_t,allow_normal,phase=none;hMul=1.000;gMul=1.000;qMul=1.000;qAdd=0.000;rpiOff=0.000,0,0,none
2026-09-16T05:08:08.8304610+00:00,102411448,0.000000,20,0.200022,0.000000,0.004883,0.069619,NORMAL,NORMAL,NONE,H_t,allow_normal,phase=none;hMul=1.000;gMul=1.000;qMul=1.000;qAdd=0.000;rpiOff=0.000,20,0,none
2026-09-16T05:08:09.3303187+00:00,112171624,0.000000,5,0.219085,0.000000,0.001221,0.074892,NORMAL,NORMAL,NONE,H_t,allow_normal,phase=none;hMul=1.000;gMul=1.000;qMul=1.000;qAdd=0.000;rpiOff=0.000,30,0,none
2026-09-16T05:08:09.8305486+00:00,112171624,0.000000,5,0.219085,0.000000,0.001221,0.074892,NORMAL,NORMAL,NONE,H_t,allow_normal,phase=none;hMul=1.000;gMul=1.000;qMul=1.000;qAdd=0.000;rpiOff=0.000,30,0,none
2026-09-16T05:08:10.3301452+00:00,112771272,0.000000,0,0.220256,0.000000,0.000000,0.074887,NORMAL,NORMAL,NONE,H_t,allow_normal,phase=none;hMul=1.000;gMul=1.000;qMul=1.000;qAdd=0.000;rpiOff=0.000,30,0,none
2026-09-16T05:08:10.8303663+00:00,112779240,0.000000,0,0.220272,0.000000,0.000000,0.074892,NORMAL,NORMAL,NONE,H_t,allow_normal,phase=none;hMul=1.000;gMul=1.000;qMul=1.000;qAdd=0.000;rpiOff=0.000,30,0,none
2026-09-16T05:08:11.3305040+00:00,112942832,0.000000,0,0.220591,0.000000,0.000000,0.075001,NORMAL,NORMAL,NONE,H_t,allow_normal,phase=none;hMul=1.000;gMul=1.000;qMul=1.000;qAdd=0.000;rpiOff=0.000,30,0,none
2026-09-16T05:08:11.8307901+00:00,112942832,0.000000,0,0.220591,0.000000,0.000000,0.075001,NORMAL,NORMAL,NONE,H_t,allow_normal,phase=none;hMul=1.000;gMul=1.000;qMul=1.000;qAdd=0.000;rpiOff=0.000,30,0,none
2026-09-16T05:08:12.3301353+00:00,113408808,0.000000,0,0.221502,0.000000,0.000000,0.075311,NORMAL,NORMAL,NONE,H_t,allow_normal,phase=none;hMul=1.000;gMul=1.000;qMul=1.000;qAdd=0.000;rpiOff=0.000,30,0,none
2026-09-16T05:08:12.8307767+00:00,113408808,0.000000,0,0.221502,0.000000,0.000000,0.075311,NORMAL,NORMAL,NONE,H_t,allow_normal,phase=none;hMul=1.000;gMul=1.000;qMul=1.000;qAdd=0.000;rpiOff=0.000,30,0,none
2026-09-16T05:08:13.3299505+00:00,114180416,0.000000,0,0.223009,0.000000,0.000000,0.075823,NORMAL,NORMAL,NONE,H_t,allow_normal,phase=none;hMul=1.000;gMul=1.000;qMul=1.000;qAdd=0.000;rpiOff=0.000,30,0,none
2026-09-16T05:08:13.8301419+00:00,114212744,0.000000,0,0.223072,0.000000,0.000000,0.075844,NORMAL,NORMAL,NONE,H_t,allow_normal,phase=none;hMul=1.000;gMul=1.000;qMul=1.000;qAdd=0.000;rpiOff=0.000,30,0,none
2026-09-16T05:08:14.3304715+00:00,114303208,0.000000,0,0.223248,0.000000,0.000000,0.075904,NORMAL,NORMAL,NONE,H_t,allow_normal,phase=none;hMul=1.000;gMul=1.000;qMul=1.000;qAdd=0.000;rpiOff=0.000,30,0,none
2026-09-16T05:08:14.8306455+00:00,114303208,0.000000,0,0.223248,0.000000,0.000000,0.075904,NORMAL,NORMAL,NONE,H_t,allow_normal,phase=none;hMul=1.000;gMul=1.000;qMul=1.000;qAdd=0.000;rpiOff=0.000,30,0,none
2026-09-16T05:08:15.3300746+00:00,114409912,0.000000,0,0.223457,0.000000,0.000000,0.075975,NORMAL,NORMAL,NONE,H_t,allow_normal,phase=none;hMul=1.000;gMul=1.000;qMul=1.000;qAdd=0.000;rpiOff=0.000,30,0,none
2026-09-16T05:08:15.8302458+00:00,114418136,0.000000,0,0.223473,0.000000,0.000000,0.075981,NORMAL,NORMAL,NONE,H_t,allow_normal,phase=none;hMul=1.000;gMul=1.000;qMul=1.000;qAdd=0.000;rpiOff=0.000,30,0,none
2026-09-16T05:08:16.3303644+00:00,114917800,0.000000,0,0.224449,0.000000,0.000000,0.076313,NORMAL,NORMAL,NONE,H_t,allow_normal,phase=none;hMul=1.000;gMul=1.000;qMul=1.000;qAdd=0.000;rpiOff=0.000,30,0,none
2026-09-16T05:08:16.8305572+00:00,114917800,0.000000,0,0.224449,0.000000,0.000000,0.076313,NORMAL,NORMAL,NONE,H_t,allow_normal,phase=none;hMul=1.000;gMul=1.000;qMul=1.000;qAdd=0.000;rpiOff=0.000,30,0,none
2026-09-16T05:08:17.3301229+00:00,115316336,0.000000,0,0.225227,0.000000,0.000000,0.076577,NORMAL,NORMAL,NONE,H_t,allow_normal,phase=none;hMul=1.000;gMul=1.000;qMul=1.000;qAdd=0.000;rpiOff=0.000,30,0,none
2026-09-16T05:08:17.8304515+00:00,115316336,0.000000,0,0.225227,0.000000,0.000000,0.076577,NORMAL,NORMAL,NONE,H_t,allow_normal,phase=none;hMul=1.000;gMul=1.000;qMul=1.000;qAdd=0.000;rpiOff=0.000,30,0,none
2026-09-16T05:08:18.3307327+00:00,115406344,0.000000,0,0.225403,0.000000,0.000000,0.076637,NORMAL,NORMAL,NONE,H_t,allow_normal,phase=none;hMul=1.000;gMul=1.000;qMul=1.000;qAdd=0.000;rpiOff=0.000,30,0,none
2026-09-16T05:08:18.8299100+00:00,115406344,0.000000,0,0.225403,0.000000,0.000000,0.076637,NORMAL,NORMAL,NONE,H_t,allow_normal,phase=none;hMul=1.000;gMul=1.000;qMul=1.000;qAdd=0.000;rpiOff=0.000,30,0,none
2026-09-16T05:08:19.3300028+00:00,115488280,0.000000,0,0.225563,0.000000,0.000000,0.076691,NORMAL,NORMAL,NONE,H_t,allow_normal,phase=none;hMul=1.000;gMul=1.000;qMul=1.000;qAdd=0.000;rpiOff=0.000,30,0,none
2026-09-16T05:08:19.8301818+00:00,115488280,0.000000,0,0.225563,0.000000,0.000000,0.076691,NORMAL,NORMAL,NONE,H_t,allow_normal,phase=none;hMul=1.000;gMul=1.000;qMul=1.000;qAdd=0.000;rpiOff=0.000,30,0,none
2026-09-16T05:08:20.3307250+00:00,115542008,0.000000,0,0.225668,0.000000,0.000000,0.076727,NORMAL,NORMAL,NONE,H_t,allow_normal,phase=none;hMul=1.000;gMul=1.000;qMul=1.000;qAdd=0.000;rpiOff=0.000,30,0,none
2026-09-16T05:08:20.8299163+00:00,115542008,0.000000,0,0.225668,0.000000,0.000000,0.076727,NORMAL,NORMAL,NONE,H_t,allow_normal,phase=none;hMul=1.000;gMul=1.000;qMul=1.000;qAdd=0.000;rpiOff=0.000,30,0,none
2026-09-16T05:08:21.3302313+00:00,115677728,0.000000,3,0.225933,0.000000,0.000732,0.077059,NORMAL,NORMAL,NONE,H_t,allow_normal,phase=none;hMul=1.000;gMul=1.000;qMul=1.000;qAdd=0.000;rpiOff=0.000,33,0,none
2026-09-16T05:08:21.8306701+00:00,115726816,0.000000,8,0.226029,0.000000,0.001953,0.077494,NORMAL,NORMAL,NONE,H_t,allow_normal,phase=none;hMul=1.000;gMul=1.000;qMul=1.000;qAdd=0.000;rpiOff=0.000,38,0,none
2026-09-16T05:08:22.3306541+00:00,125560384,0.000000,3,0.245235,0.000000,0.000732,0.083622,NORMAL,NORMAL,NONE,H_t,allow_normal,phase=none;hMul=1.000;gMul=1.000;qMul=1.000;qAdd=0.000;rpiOff=0.000,43,0,none
2026-09-16T05:08:22.8302558+00:00,125617952,0.000000,8,0.245348,0.000000,0.001953,0.084063,NORMAL,NORMAL,NONE,H_t,allow_normal,phase=none;hMul=1.000;gMul=1.000;qMul=1.000;qAdd=0.000;rpiOff=0.000,48,0,none
2026-09-16T05:08:23.3307559+00:00,131491712,0.000000,3,0.256820,0.000000,0.000732,0.087560,NORMAL,NORMAL,NONE,H_t,allow_normal,phase=none;hMul=1.000;gMul=1.000;qMul=1.000;qAdd=0.000;rpiOff=0.000,53,0,none
2026-09-16T05:08:23.8299686+00:00,131557248,0.000000,8,0.256948,0.000000,0.001953,0.088007,NORMAL,NORMAL,NONE,H_t,allow_normal,phase=none;hMul=1.000;gMul=1.000;qMul=1.000;qAdd=0.000;rpiOff=0.000,58,0,none
2026-09-16T05:08:24.3300707+00:00,138566192,0.000000,3,0.270637,0.000000,0.000732,0.092258,NORMAL,NORMAL,NONE,H_t,allow_normal,phase=none;hMul=1.000;gMul=1.000;qMul=1.000;qAdd=0.000;rpiOff=0.000,63,0,none
2026-09-16T05:08:24.8303353+00:00,138631472,0.000000,8,0.270765,0.000000,0.001953,0.092704,NORMAL,NORMAL,NONE,H_t,allow_normal,phase=none;hMul=1.000;gMul=1.000;qMul=1.000;qAdd=0.000;rpiOff=0.000,68,0,none
2026-09-16T05:08:25.3301366+00:00,147769848,0.000000,3,0.288613,0.000000,0.000732,0.098370,NORMAL,NORMAL,NONE,H_t,allow_normal,phase=none;hMul=1.000;gMul=1.000;qMul=1.000;qAdd=0.000;rpiOff=0.000,73,0,none
2026-09-16T05:08:25.8303327+00:00,147827160,0.000000,8,0.288725,0.000000,0.001953,0.098811,NORMAL,NORMAL,NONE,H_t,allow_normal,phase=none;hMul=1.000;gMul=1.000;qMul=1.000;qAdd=0.000;rpiOff=0.000,78,0,none
2026-09-16T05:08:26.3303881+00:00,155307344,0.000000,3,0.303335,0.000000,0.000732,0.103375,NORMAL,NORMAL,NONE,H_t,allow_normal,phase=none;hMul=1.000;gMul=1.000;qMul=1.000;qAdd=0.000;rpiOff=0.000,83,0,none
2026-09-16T05:08:26.8305934+00:00,155364656,0.000000,8,0.303447,0.000000,0.001953,0.103816,NORMAL,NORMAL,NONE,H_t,allow_normal,phase=none;hMul=1.000;gMul=1.000;qMul=1.000;qAdd=0.000;rpiOff=0.000,88,0,none
2026-09-16T05:08:27.3302291+00:00,163586600,0.000000,3,0.319505,0.000000,0.000732,0.108873,NORMAL,NORMAL,NONE,H_t,allow_normal,phase=none;hMul=1.000;gMul=1.000;qMul=1.000;qAdd=0.000;rpiOff=0.000,93,0,none
2026-09-16T05:08:27.8305856+00:00,163652136,0.000000,8,0.319633,0.000000,0.001953,0.109320,NORMAL,NORMAL,NONE,H_t,allow_normal,phase=none;hMul=1.000;gMul=1.000;qMul=1.000;qAdd=0.000;rpiOff=0.000,98,0,none
2026-09-16T05:08:28.3302734+00:00,173215336,0.000000,3,0.338311,0.000000,0.000732,0.115268,NORMAL,NORMAL,NONE,H_t,allow_normal,phase=none;hMul=1.000;gMul=1.000;qMul=1.000;qAdd=0.000;rpiOff=0.000,103,0,none
2026-09-16T05:08:28.8304659+00:00,173264680,0.000000,8,0.338408,0.000000,0.001953,0.115703,NORMAL,NORMAL,NONE,H_t,allow_normal,phase=none;hMul=1.000;gMul=1.000;qMul=1.000;qAdd=0.000;rpiOff=0.000,108,0,none
2026-09-16T05:08:29.3300868+00:00,182064672,0.000000,3,0.355595,0.000000,0.000732,0.121144,NORMAL,NORMAL,NONE,H_t,allow_normal,phase=none;hMul=1.000;gMul=1.000;qMul=1.000;qAdd=0.000;rpiOff=0.000,113,0,none
2026-09-16T05:08:29.8302764+00:00,182138392,0.000000,8,0.355739,0.000000,0.001953,0.121596,NORMAL,NORMAL,NONE,H_t,allow_normal,phase=none;hMul=1.000;gMul=1.000;qMul=1.000;qAdd=0.000;rpiOff=0.000,118,0,none
2026-09-16T05:08:30.3298917+00:00,189551784,0.000000,3,0.370218,0.000000,0.000732,0.126116,NORMAL,NORMAL,NONE,H_t,allow_normal,phase=none;hMul=1.000;gMul=1.000;qMul=1.000;qAdd=0.000;rpiOff=0.000,123,0,none
2026-09-16T05:08:30.8300779+00:00,189609352,0.000000,8,0.370331,0.000000,0.001953,0.126557,NORMAL,NORMAL,NONE,H_t,allow_normal,phase=none;hMul=1.000;gMul=1.000;qMul=1.000;qAdd=0.000;rpiOff=0.000,128,0,none
2026-09-16T05:08:31.3305689+00:00,198173952,0.000000,3,0.387059,0.000000,0.000732,0.131842,NORMAL,NORMAL,NONE,H_t,allow_normal,phase=none;hMul=1.000;gMul=1.000;qMul=1.000;qAdd=0.000;rpiOff=0.000,133,0,none
2026-09-16T05:08:31.8302211+00:00,198239232,0.000000,8,0.387186,0.000000,0.001953,0.132288,NORMAL,NORMAL,NONE,H_t,allow_normal,phase=none;hMul=1.000;gMul=1.000;qMul=1.000;qAdd=0.000;rpiOff=0.000,138,0,none
2026-09-16T05:08:32.3304498+00:00,207593336,0.000000,3,0.405456,0.000000,0.000732,0.138097,NORMAL,NORMAL,NONE,H_t,allow_normal,phase=none;hMul=1.000;gMul=1.000;qMul=1.000;qAdd=0.000;rpiOff=0.000,143,0,none
2026-09-16T05:08:32.8300405+00:00,207642680,0.000000,8,0.405552,0.000000,0.001953,0.138532,NORMAL,NORMAL,NONE,H_t,allow_normal,phase=none;hMul=1.000;gMul=1.000;qMul=1.000;qAdd=0.000;rpiOff=0.000,148,0,none
2026-09-16T05:08:33.3305066+00:00,216081896,0.000000,3,0.422035,0.000000,0.000732,0.143734,NORMAL,NORMAL,NONE,H_t,allow_normal,phase=none;hMul=1.000;gMul=1.000;qMul=1.000;qAdd=0.000;rpiOff=0.000,153,0,none
2026-09-16T05:08:33.8307033+00:00,216143328,0.000000,8,0.422155,0.000000,0.001953,0.144177,NORMAL,NORMAL,NONE,H_t,allow_normal,phase=none;hMul=1.000;gMul=1.000;qMul=1.000;qAdd=0.000;rpiOff=0.000,158,0,none
2026-09-16T05:08:34.3305370+00:00,223451032,0.000000,3,0.436428,0.000000,0.000732,0.148627,NORMAL,NORMAL,NONE,H_t,allow_normal,phase=none;hMul=1.000;gMul=1.000;qMul=1.000;qAdd=0.000;rpiOff=0.000,163,0,none
2026-09-16T05:08:34.8307062+00:00,223500376,0.000000,8,0.436524,0.000000,0.001953,0.149063,NORMAL,NORMAL,NONE,H_t,allow_normal,phase=none;hMul=1.000;gMul=1.000;qMul=1.000;qAdd=0.000;rpiOff=0.000,168,0,none
2026-09-16T05:08:35.3303770+00:00,231732712,0.000000,3,0.452603,0.000000,0.000732,0.154127,NORMAL,NORMAL,NONE,H_t,allow_normal,phase=none;hMul=1.000;gMul=1.000;qMul=1.000;qAdd=0.000;rpiOff=0.000,173,0,none
2026-09-16T05:08:35.8305686+00:00,231797992,0.000000,8,0.452730,0.000000,0.001953,0.154573,NORMAL,NORMAL,NONE,H_t,allow_normal,phase=none;hMul=1.000;gMul=1.000;qMul=1.000;qAdd=0.000;rpiOff=0.000,178,0,none
2026-09-16T05:08:36.3303761+00:00,240524464,0.000000,3,0.469774,0.000000,0.000732,0.159965,NORMAL,NORMAL,NONE,H_t,allow_normal,phase=none;hMul=1.000;gMul=1.000;qMul=1.000;qAdd=0.000;rpiOff=0.000,183,0,none
2026-09-16T05:08:36.8305837+00:00,240590256,0.000000,8,0.469903,0.000000,0.001953,0.160411,NORMAL,NORMAL,NONE,H_t,allow_normal,phase=none;hMul=1.000;gMul=1.000;qMul=1.000;qAdd=0.000;rpiOff=0.000,188,0,none
2026-09-16T05:08:37.3304914+00:00,250648560,0.000000,3,0.489548,0.000000,0.000732,0.166688,NORMAL,NORMAL,NONE,H_t,allow_normal,phase=none;hMul=1.000;gMul=1.000;qMul=1.000;qAdd=0.000;rpiOff=0.000,193,0,none
2026-09-16T05:08:37.8307841+00:00,250705872,0.000000,8,0.489660,0.000000,0.001953,0.167129,NORMAL,NORMAL,NONE,H_t,allow_normal,phase=none;hMul=1.000;gMul=1.000;qMul=1.000;qAdd=0.000;rpiOff=0.000,198,0,none
2026-09-16T05:08:38.3302914+00:00,261068352,0.000000,3,0.509899,0.000000,0.000732,0.173607,NORMAL,NORMAL,NONE,H_t,allow_normal,phase=none;hMul=1.000;gMul=1.000;qMul=1.000;qAdd=0.000;rpiOff=0.000,203,0,none
2026-09-16T05:08:38.8304958+00:00,261134144,0.000000,8,0.510028,0.000000,0.001953,0.174054,NORMAL,NORMAL,NONE,H_t,allow_normal,phase=none;hMul=1.000;gMul=1.000;qMul=1.000;qAdd=0.000;rpiOff=0.000,208,0,none
2026-09-16T05:08:39.3305474+00:00,270682768,0.000000,3,0.528677,0.000000,0.000732,0.179992,NORMAL,NORMAL,NONE,H_t,allow_normal,phase=none;hMul=1.000;gMul=1.000;qMul=1.000;qAdd=0.000;rpiOff=0.000,213,0,none
2026-09-16T05:08:39.8307318+00:00,270732112,0.000000,8,0.528774,0.000000,0.001953,0.180428,NORMAL,NORMAL,NONE,H_t,allow_normal,phase=none;hMul=1.000;gMul=1.000;qMul=1.000;qAdd=0.000;rpiOff=0.000,218,0,none
2026-09-16T05:08:40.3302452+00:00,279954968,0.000000,3,0.546787,0.000000,0.000732,0.186149,NORMAL,NORMAL,NONE,H_t,allow_normal,phase=none;hMul=1.000;gMul=1.000;qMul=1.000;qAdd=0.000;rpiOff=0.000,223,0,none
2026-09-16T05:08:40.8304580+00:00,280020504,0.000000,8,0.546915,0.000000,0.001953,0.186596,NORMAL,NORMAL,NONE,H_t,allow_normal,phase=none;hMul=1.000;gMul=1.000;qMul=1.000;qAdd=0.000;rpiOff=0.000,228,0,none
2026-09-16T05:08:41.3304974+00:00,288238376,0.000000,3,0.562966,0.000000,0.000732,0.191650,NORMAL,NORMAL,NONE,H_t,allow_normal,phase=none;hMul=1.000;gMul=1.000;qMul=1.000;qAdd=0.000;rpiOff=0.000,233,0,none
2026-09-16T05:08:41.8302037+00:00,288303912,0.000000,8,0.563094,0.000000,0.001953,0.192096,NORMAL,NORMAL,NONE,H_t,allow_normal,phase=none;hMul=1.000;gMul=1.000;qMul=1.000;qAdd=0.000;rpiOff=0.000,238,0,none
2026-09-16T05:08:42.3299122+00:00,296027752,0.000000,3,0.578179,0.000000,0.000732,0.196823,NORMAL,NORMAL,NONE,H_t,allow_normal,phase=none;hMul=1.000;gMul=1.000;qMul=1.000;qAdd=0.000;rpiOff=0.000,243,0,none
2026-09-16T05:08:42.8304671+00:00,296084808,0.000000,8,0.578291,0.000000,0.001953,0.197263,NORMAL,NORMAL,NONE,H_t,allow_normal,phase=none;hMul=1.000;gMul=1.000;qMul=1.000;qAdd=0.000;rpiOff=0.000,248,0,none
2026-09-16T05:08:43.3305285+00:00,304049312,0.000000,3,0.593846,0.000000,0.000732,0.202149,PACING,NORMAL,NORMAL->PACING,H_t,allow_normal,phase=none;hMul=1.000;gMul=1.000;qMul=1.000;qAdd=0.000;rpiOff=0.000,253,0,none
2026-09-16T05:08:43.8301185+00:00,304131312,0.000000,5,0.594006,0.000000,0.001221,0.202365,PACING,PACING,NONE,H_t,allow_pacing,phase=none;hMul=1.000;gMul=1.000;qMul=1.000;qAdd=0.000;rpiOff=0.000,255,3,"RacePacingRejected, RACE action=reject_pacing:3"
2026-09-16T05:08:44.3303480+00:00,308747944,0.000000,0,0.603023,0.000000,0.000000,0.205028,PACING,PACING,NONE,H_t,reject_pacing,phase=none;hMul=1.000;gMul=1.000;qMul=1.000;qAdd=0.000;rpiOff=0.000,256,7,"RacePacingRejected, RACE action=reject_pacing:7"
2026-09-16T05:08:44.8303423+00:00,308821400,0.000000,2,0.603167,0.000000,0.000488,0.205238,PACING,PACING,NONE,H_t,reject_pacing,phase=none;hMul=1.000;gMul=1.000;qMul=1.000;qAdd=0.000;rpiOff=0.000,258,10,"RacePacingRejected, RACE action=reject_pacing:10"
2026-09-16T05:08:45.3306946+00:00,310797168,0.000000,0,0.607026,0.000000,0.000000,0.206389,PACING,PACING,NONE,H_t,reject_pacing,phase=none;hMul=1.000;gMul=1.000;qMul=1.000;qAdd=0.000;rpiOff=0.000,258,15,"RacePacingRejected, RACE action=reject_pacing:15"
2026-09-16T05:08:45.8303300+00:00,310854736,0.000000,2,0.607138,0.000000,0.000488,0.206588,PACING,PACING,NONE,H_t,reject_pacing,phase=none;hMul=1.000;gMul=1.000;qMul=1.000;qAdd=0.000;rpiOff=0.000,260,18,"RacePacingRejected, RACE action=reject_pacing:18"
2026-09-16T05:08:46.3300688+00:00,312507264,0.000000,0,0.610366,0.000000,0.000000,0.207524,PACING,PACING,NONE,H_t,reject_pacing,phase=none;hMul=1.000;gMul=1.000;qMul=1.000;qAdd=0.000;rpiOff=0.000,260,23,"RacePacingRejected, RACE action=reject_pacing:23"
2026-09-16T05:08:46.8304717+00:00,312564576,0.000000,4,0.610478,0.000000,0.000977,0.207885,PACING,PACING,NONE,H_t,allow_pacing,phase=none;hMul=1.000;gMul=1.000;qMul=1.000;qAdd=0.000;rpiOff=0.000,264,24,"RacePacingRejected, RACE action=reject_pacing:24"
2026-09-16T05:08:47.3298387+00:00,317038592,0.000000,0,0.619216,0.000000,0.000000,0.210533,PACING,PACING,NONE,H_t,reject_pacing,phase=none;hMul=1.000;gMul=1.000;qMul=1.000;qAdd=0.000;rpiOff=0.000,265,28,"RacePacingRejected, RACE action=reject_pacing:28"
2026-09-16T05:08:47.8302303+00:00,317109712,0.000000,2,0.619355,0.000000,0.000488,0.210742,PACING,PACING,NONE,H_t,allow_pacing,phase=none;hMul=1.000;gMul=1.000;qMul=1.000;qAdd=0.000;rpiOff=0.000,267,31,"RacePacingRejected, RACE action=reject_pacing:31"
2026-09-16T05:08:48.3302103+00:00,320590984,0.000000,0,0.626154,0.000000,0.000000,0.212892,PACING,PACING,NONE,H_t,reject_pacing,phase=none;hMul=1.000;gMul=1.000;qMul=1.000;qAdd=0.000;rpiOff=0.000,269,34,"RacePacingRejected, RACE action=reject_pacing:34"
2026-09-16T05:08:48.8298302+00:00,320665000,0.000000,2,0.626299,0.000000,0.000488,0.213103,PACING,PACING,NONE,H_t,reject_pacing,phase=none;hMul=1.000;gMul=1.000;qMul=1.000;qAdd=0.000;rpiOff=0.000,271,37,"RacePacingRejected, RACE action=reject_pacing:37"
2026-09-16T05:08:49.3307827+00:00,323395136,0.000000,1,0.631631,0.000000,0.000244,0.214835,PACING,PACING,NONE,H_t,allow_pacing,phase=none;hMul=1.000;gMul=1.000;qMul=1.000;qAdd=0.000;rpiOff=0.000,273,40,"RacePacingRejected, RACE action=reject_pacing:40"
2026-09-16T05:08:49.8299452+00:00,323469152,0.000000,3,0.631776,0.000000,0.000732,0.215045,PACING,PACING,NONE,H_t,reject_pacing,phase=none;hMul=1.000;gMul=1.000;qMul=1.000;qAdd=0.000;rpiOff=0.000,275,43,"RacePacingRejected, RACE action=reject_pacing:43"
2026-09-16T05:08:50.3303222+00:00,326056664,0.000000,0,0.636829,0.000000,0.000000,0.216522,PACING,PACING,NONE,H_t,reject_pacing,phase=none;hMul=1.000;gMul=1.000;qMul=1.000;qAdd=0.000;rpiOff=0.000,275,48,"RacePacingRejected, RACE action=reject_pacing:48"
2026-09-16T05:08:50.8300514+00:00,326130424,0.000000,2,0.636973,0.000000,0.000488,0.216732,PACING,PACING,NONE,H_t,allow_pacing,phase=none;hMul=1.000;gMul=1.000;qMul=1.000;qAdd=0.000;rpiOff=0.000,277,51,"RacePacingRejected, RACE action=reject_pacing:51"
2026-09-16T05:08:51.3302789+00:00,327556536,0.000000,0,0.639759,0.000000,0.000000,0.217518,PACING,PACING,NONE,H_t,reject_pacing,phase=none;hMul=1.000;gMul=1.000;qMul=1.000;qAdd=0.000;rpiOff=0.000,277,54,"RacePacingRejected, RACE action=reject_pacing:54"
2026-09-16T05:08:51.8298013+00:00,327572728,0.000000,0,0.639790,0.000000,0.000000,0.217529,PACING,PACING,NONE,H_t,reject_pacing,phase=none;hMul=1.000;gMul=1.000;qMul=1.000;qAdd=0.000;rpiOff=0.000,277,54,"RacePacingRejected, RACE action=reject_pacing:54"
2026-09-16T05:08:52.3298062+00:00,327646488,0.000000,0,0.639935,0.000000,0.000000,0.217578,PACING,PACING,NONE,H_t,reject_pacing,phase=none;hMul=1.000;gMul=1.000;qMul=1.000;qAdd=0.000;rpiOff=0.000,277,54,"RacePacingRejected, RACE action=reject_pacing:54"
2026-09-16T05:08:52.8304191+00:00,327654712,0.000000,0,0.639951,0.000000,0.000000,0.217583,PACING,PACING,NONE,H_t,reject_pacing,phase=none;hMul=1.000;gMul=1.000;qMul=1.000;qAdd=0.000;rpiOff=0.000,277,54,"RacePacingRejected, RACE action=reject_pacing:54"
2026-09-16T05:08:53.3299592+00:00,327687352,0.000000,0,0.640014,0.000000,0.000000,0.217605,PACING,PACING,NONE,H_t,reject_pacing,phase=none;hMul=1.000;gMul=1.000;qMul=1.000;qAdd=0.000;rpiOff=0.000,277,54,"RacePacingRejected, RACE action=reject_pacing:54"
2026-09-16T05:08:53.8301529+00:00,327695576,0.000000,0,0.640030,0.000000,0.000000,0.217610,PACING,PACING,NONE,H_t,reject_pacing,phase=none;hMul=1.000;gMul=1.000;qMul=1.000;qAdd=0.000;rpiOff=0.000,277,54,"RacePacingRejected, RACE action=reject_pacing:54"
2026-09-16T05:08:54.3302669+00:00,327777816,0.000000,0,0.640191,0.000000,0.000000,0.217665,PACING,PACING,NONE,H_t,reject_pacing,phase=none;hMul=1.000;gMul=1.000;qMul=1.000;qAdd=0.000;rpiOff=0.000,277,54,"RacePacingRejected, RACE action=reject_pacing:54"
2026-09-16T05:08:54.8304582+00:00,327777816,0.000000,0,0.640191,0.000000,0.000000,0.217665,PACING,PACING,NONE,H_t,reject_pacing,phase=none;hMul=1.000;gMul=1.000;qMul=1.000;qAdd=0.000;rpiOff=0.000,277,54,"RacePacingRejected, RACE action=reject_pacing:54"
2026-09-16T05:08:55.3299594+00:00,327826904,0.000000,0,0.640287,0.000000,0.000000,0.217698,PACING,PACING,NONE,H_t,reject_pacing,phase=none;hMul=1.000;gMul=1.000;qMul=1.000;qAdd=0.000;rpiOff=0.000,277,54,"RacePacingRejected, RACE action=reject_pacing:54"
2026-09-16T05:08:55.8301727+00:00,327826904,0.000000,0,0.640287,0.000000,0.000000,0.217698,PACING,PACING,NONE,H_t,reject_pacing,phase=none;hMul=1.000;gMul=1.000;qMul=1.000;qAdd=0.000;rpiOff=0.000,277,54,"RacePacingRejected, RACE action=reject_pacing:54"
2026-09-16T05:08:56.3303332+00:00,327892184,0.000000,0,0.640414,0.000000,0.000000,0.217741,PACING,PACING,NONE,H_t,reject_pacing,phase=none;hMul=1.000;gMul=1.000;qMul=1.000;qAdd=0.000;rpiOff=0.000,277,54,"RacePacingRejected, RACE action=reject_pacing:54"
2026-09-16T05:08:56.8305390+00:00,327908632,0.000000,0,0.640447,0.000000,0.000000,0.217752,PACING,PACING,NONE,H_t,reject_pacing,phase=none;hMul=1.000;gMul=1.000;qMul=1.000;qAdd=0.000;rpiOff=0.000,277,54,"RacePacingRejected, RACE action=reject_pacing:54"
2026-09-16T05:08:57.3301507+00:00,327990616,0.000000,0,0.640607,0.000000,0.000000,0.217806,PACING,PACING,NONE,H_t,reject_pacing,phase=none;hMul=1.000;gMul=1.000;qMul=1.000;qAdd=0.000;rpiOff=0.000,277,54,"RacePacingRejected, RACE action=reject_pacing:54"
2026-09-16T05:08:57.8304607+00:00,327990616,0.000000,0,0.640607,0.000000,0.000000,0.217806,PACING,PACING,NONE,H_t,reject_pacing,phase=none;hMul=1.000;gMul=1.000;qMul=1.000;qAdd=0.000;rpiOff=0.000,277,54,"RacePacingRejected, RACE action=reject_pacing:54"
2026-09-16T05:08:58.3300967+00:00,328031480,0.000000,0,0.640686,0.000000,0.000000,0.217833,PACING,PACING,NONE,H_t,reject_pacing,phase=none;hMul=1.000;gMul=1.000;qMul=1.000;qAdd=0.000;rpiOff=0.000,277,54,"RacePacingRejected, RACE action=reject_pacing:54"
2026-09-16T05:08:58.8302911+00:00,328031480,0.000000,0,0.640686,0.000000,0.000000,0.217833,PACING,PACING,NONE,H_t,reject_pacing,phase=none;hMul=1.000;gMul=1.000;qMul=1.000;qAdd=0.000;rpiOff=0.000,277,54,"RacePacingRejected, RACE action=reject_pacing:54"
2026-09-16T05:08:59.3307906+00:00,328179048,0.000000,0,0.640975,0.000000,0.000000,0.217931,PACING,PACING,NONE,H_t,reject_pacing,phase=none;hMul=1.000;gMul=1.000;qMul=1.000;qAdd=0.000;rpiOff=0.000,277,54,"RacePacingRejected, RACE action=reject_pacing:54"
2026-09-16T05:08:59.8299952+00:00,328179048,0.000000,0,0.640975,0.000000,0.000000,0.217931,PACING,PACING,NONE,H_t,reject_pacing,phase=none;hMul=1.000;gMul=1.000;qMul=1.000;qAdd=0.000;rpiOff=0.000,277,54,"RacePacingRejected, RACE action=reject_pacing:54"
2026-09-16T05:09:00.3304594+00:00,328219912,0.000000,0,0.641055,0.000000,0.000000,0.217959,PACING,PACING,NONE,H_t,reject_pacing,phase=none;hMul=1.000;gMul=1.000;qMul=1.000;qAdd=0.000;rpiOff=0.000,277,54,"RacePacingRejected, RACE action=reject_pacing:54"
2026-09-16T05:09:00.8306520+00:00,328219912,0.000000,0,0.641055,0.000000,0.000000,0.217959,PACING,PACING,NONE,H_t,reject_pacing,phase=none;hMul=1.000;gMul=1.000;qMul=1.000;qAdd=0.000;rpiOff=0.000,277,54,"RacePacingRejected, RACE action=reject_pacing:54"
2026-09-16T05:09:01.3304065+00:00,328310408,0.000000,0,0.641231,0.000000,0.000000,0.218019,PACING,PACING,NONE,H_t,reject_pacing,phase=none;hMul=1.000;gMul=1.000;qMul=1.000;qAdd=0.000;rpiOff=0.000,277,54,"RacePacingRejected, RACE action=reject_pacing:54"
2026-09-16T05:09:01.8298203+00:00,328310408,0.000000,0,0.641231,0.000000,0.000000,0.218019,PACING,PACING,NONE,H_t,reject_pacing,phase=none;hMul=1.000;gMul=1.000;qMul=1.000;qAdd=0.000;rpiOff=0.000,277,54,"RacePacingRejected, RACE action=reject_pacing:54"
2026-09-16T05:09:02.3306562+00:00,328359496,0.000000,0,0.641327,0.000000,0.000000,0.218051,PACING,PACING,NONE,H_t,reject_pacing,phase=none;hMul=1.000;gMul=1.000;qMul=1.000;qAdd=0.000;rpiOff=0.000,277,54,"RacePacingRejected, RACE action=reject_pacing:54"
2026-09-16T05:09:02.8303691+00:00,328367720,0.000000,0,0.641343,0.000000,0.000000,0.218057,PACING,PACING,NONE,H_t,reject_pacing,phase=none;hMul=1.000;gMul=1.000;qMul=1.000;qAdd=0.000;rpiOff=0.000,277,54,"RacePacingRejected, RACE action=reject_pacing:54"
2026-09-16T05:09:03.3306132+00:00,330971096,0.000000,17,0.646428,0.000000,0.004150,0.221155,PACING,PACING,NONE,H_t,allow_pacing,phase=none;hMul=1.000;gMul=1.000;qMul=1.000;qAdd=0.000;rpiOff=0.000,298,103,"RacePacingRejected, RACE action=reject_pacing:103"
2026-09-16T05:09:03.8302980+00:00,331880608,0.000000,48,0.648204,0.000000,0.011719,0.224257,PACING,PACING,NONE,H_t,reject_pacing,phase=none;hMul=1.000;gMul=1.000;qMul=1.000;qAdd=0.000;rpiOff=0.000,329,146,"RacePacingRejected, RACE action=reject_pacing:146"
2026-09-16T05:09:04.3304023+00:00,342603208,0.000000,50,0.669147,0.000000,0.012207,0.231538,PACING,PACING,NONE,H_t,reject_pacing,phase=none;hMul=1.000;gMul=1.000;qMul=1.000;qAdd=0.000;rpiOff=0.000,356,194,"RacePacingRejected, RACE action=reject_pacing:194"
2026-09-16T05:09:04.8302510+00:00,343643816,0.000000,79,0.671179,0.000000,0.019287,0.234566,PACING,PACING,NONE,H_t,reject_pacing,phase=none;hMul=1.000;gMul=1.000;qMul=1.000;qAdd=0.000;rpiOff=0.000,385,241,"RacePacingRejected, RACE action=reject_pacing:241"
2026-09-16T05:09:05.3300154+00:00,352861720,0.000000,81,0.689183,0.000000,0.019775,0.240848,PACING,PACING,NONE,H_t,allow_pacing,phase=none;hMul=1.000;gMul=1.000;qMul=1.000;qAdd=0.000;rpiOff=0.000,412,288,"RacePacingRejected, RACE action=reject_pacing:288"
2026-09-16T05:09:05.8305699+00:00,353955840,0.000000,113,0.691320,0.000000,0.027588,0.244153,PACING,PACING,NONE,H_t,allow_pacing,phase=none;hMul=1.000;gMul=1.000;qMul=1.000;qAdd=0.000;rpiOff=0.000,444,332,"RacePacingRejected, RACE action=reject_pacing:332"
2026-09-16T05:09:06.3299497+00:00,362938040,0.000000,121,0.708863,0.000000,0.029541,0.250762,PACING,PACING,NONE,H_t,reject_pacing,phase=none;hMul=1.000;gMul=1.000;qMul=1.000;qAdd=0.000;rpiOff=0.000,477,374,"RacePacingRejected, RACE action=reject_pacing:374"
2026-09-16T05:09:06.8307526+00:00,364059792,0.000000,150,0.711054,0.000000,0.036621,0.253843,PACING,PACING,NONE,H_t,reject_pacing,phase=none;hMul=1.000;gMul=1.000;qMul=1.000;qAdd=0.000;rpiOff=0.000,506,419,"RacePacingRejected, RACE action=reject_pacing:419"
2026-09-16T05:09:07.3299800+00:00,378661112,0.000000,152,0.739572,0.000000,0.037109,0.263701,SURVIVAL,PACING,PACING->SURVIVAL,H_t,reject_pacing,phase=none;hMul=1.000;gMul=1.000;qMul=1.000;qAdd=0.000;rpiOff=0.000,533,467,"RacePacingRejected, RACE action=reject_pacing:467"
2026-09-16T05:09:07.8305856+00:00,380059216,0.000000,164,0.742303,0.000000,0.040039,0.265596,SURVIVAL,SURVIVAL,NONE,H_t,allow_survival,phase=none;hMul=1.000;gMul=1.000;qMul=1.000;qAdd=0.000;rpiOff=0.000,545,531,"RacePacingRejected, RACE action=reject_pacing:467;RacePacingRejected, RACE action=reject_survival:64"
2026-09-16T05:09:08.3304815+00:00,401347912,0.000000,151,0.783883,0.000000,0.036865,0.278686,SURVIVAL,SURVIVAL,NONE,H_t,reject_survival,phase=none;hMul=1.000;gMul=1.000;qMul=1.000;qAdd=0.000;rpiOff=0.000,557,594,"RacePacingRejected, RACE action=reject_pacing:467;RacePacingRejected, RACE action=reject_survival:127"
2026-09-16T05:09:08.8299847+00:00,402655576,0.000000,162,0.786437,0.000000,0.039551,0.280440,SURVIVAL,SURVIVAL,NONE,H_t,reject_survival,phase=none;hMul=1.000;gMul=1.000;qMul=1.000;qAdd=0.000;rpiOff=0.000,568,657,"RacePacingRejected, RACE action=reject_pacing:467;RacePacingRejected, RACE action=reject_survival:190"
2026-09-16T05:09:09.3304743+00:00,426604488,0.000000,148,0.833212,0.000000,0.036133,0.295216,SURVIVAL,SURVIVAL,NONE,H_t,reject_survival,phase=none;hMul=1.000;gMul=1.000;qMul=1.000;qAdd=0.000;rpiOff=0.000,579,722,"RacePacingRejected, RACE action=reject_pacing:467;RacePacingRejected, RACE action=reject_survival:255"
2026-09-16T05:09:09.8303193+00:00,427969000,0.000000,158,0.835877,0.000000,0.038574,0.296928,SURVIVAL,SURVIVAL,NONE,H_t,reject_survival,phase=none;hMul=1.000;gMul=1.000;qMul=1.000;qAdd=0.000;rpiOff=0.000,589,786,"RacePacingRejected, RACE action=reject_pacing:467;RacePacingRejected, RACE action=reject_survival:319"
2026-09-16T05:09:10.3306241+00:00,450825232,0.000000,146,0.880518,0.000000,0.035645,0.311139,SURVIVAL,SURVIVAL,NONE,H_t,allow_survival,phase=none;hMul=1.000;gMul=1.000;qMul=1.000;qAdd=0.000;rpiOff=0.000,602,848,"RacePacingRejected, RACE action=reject_pacing:467;RacePacingRejected, RACE action=reject_survival:381"
2026-09-16T05:09:10.8305257+00:00,452108136,0.000000,163,0.883024,0.000000,0.039795,0.313360,SURVIVAL,SURVIVAL,NONE,H_t,reject_survival,phase=none;hMul=1.000;gMul=1.000;qMul=1.000;qAdd=0.000;rpiOff=0.000,619,906,"RacePacingRejected, RACE action=reject_pacing:467;RacePacingRejected, RACE action=reject_survival:439"
2026-09-16T05:09:11.3299428+00:00,478166080,0.000000,151,0.933918,0.000000,0.036865,0.329698,SURVIVAL,SURVIVAL,NONE,H_t,allow_survival,phase=none;hMul=1.000;gMul=1.000;qMul=1.000;qAdd=0.000;rpiOff=0.000,632,968,"RacePacingRejected, RACE action=reject_survival:501;RacePacingRejected, RACE action=reject_pacing:467"
2026-09-16T05:09:11.8299674+00:00,479460080,0.000000,166,0.936445,0.000000,0.040527,0.331765,SURVIVAL,SURVIVAL,NONE,H_t,reject_survival,phase=none;hMul=1.000;gMul=1.000;qMul=1.000;qAdd=0.000;rpiOff=0.000,647,1029,"RacePacingRejected, RACE action=reject_survival:562;RacePacingRejected, RACE action=reject_pacing:467"
2026-09-16T05:09:12.3297955+00:00,507401720,0.000000,146,0.991019,0.000000,0.035645,0.348709,SURVIVAL,SURVIVAL,NONE,H_t,reject_survival,phase=none;hMul=1.000;gMul=1.000;qMul=1.000;qAdd=0.000;rpiOff=0.000,652,1098,"RacePacingRejected, RACE action=reject_survival:631;RacePacingRejected, RACE action=reject_pacing:467"
2026-09-16T05:09:12.8306660+00:00,508810328,0.000000,154,0.993770,0.000000,0.037598,0.350289,SURVIVAL,SURVIVAL,NONE,H_t,reject_survival,phase=none;hMul=1.000;gMul=1.000;qMul=1.000;qAdd=0.000;rpiOff=0.000,660,1165,"RacePacingRejected, RACE action=reject_survival:698;RacePacingRejected, RACE action=reject_pacing:467"
2026-09-16T05:09:13.3298992+00:00,536859584,0.000000,141,1.000000,0.000000,0.034424,0.351360,SURVIVAL,SURVIVAL,NONE,H_t,reject_survival,phase=none;hMul=1.000;gMul=1.000;qMul=1.000;qAdd=0.000;rpiOff=0.000,672,1229,"RacePacingRejected, RACE action=reject_survival:762;RacePacingRejected, RACE action=reject_pacing:467"
2026-09-16T05:09:13.8300480+00:00,538149128,0.000000,153,1.000000,0.000000,0.037354,0.352327,SURVIVAL,SURVIVAL,NONE,H_t,reject_survival,phase=none;hMul=1.000;gMul=1.000;qMul=1.000;qAdd=0.000;rpiOff=0.000,684,1291,"RacePacingRejected, RACE action=reject_survival:824;RacePacingRejected, RACE action=reject_pacing:467"
2026-09-16T05:09:14.3303227+00:00,562587200,0.000000,139,1.000000,0.000000,0.033936,0.351199,SURVIVAL,SURVIVAL,NONE,H_t,reject_survival,phase=none;hMul=1.000;gMul=1.000;qMul=1.000;qAdd=0.000;rpiOff=0.000,695,1355,"RacePacingRejected, RACE action=reject_survival:888;RacePacingRejected, RACE action=reject_pacing:467"
2026-09-16T05:09:14.8299695+00:00,563975448,0.000000,144,1.000000,0.000000,0.035156,0.351602,SURVIVAL,SURVIVAL,NONE,H_t,reject_survival,phase=none;hMul=1.000;gMul=1.000;qMul=1.000;qAdd=0.000;rpiOff=0.000,700,1425,"RacePacingRejected, RACE action=reject_survival:958;RacePacingRejected, RACE action=reject_pacing:467"
2026-09-16T05:09:15.3301898+00:00,584886464,0.000000,130,1.000000,0.000000,0.031738,0.350474,SURVIVAL,SURVIVAL,NONE,H_t,reject_survival,phase=none;hMul=1.000;gMul=1.000;qMul=1.000;qAdd=0.000;rpiOff=0.000,711,1489,"RacePacingRejected, RACE action=reject_survival:1022;RacePacingRejected, RACE action=reject_pacing:467"
2026-09-16T05:09:15.8302866+00:00,586204536,0.000000,142,1.000000,0.000000,0.034668,0.351440,SURVIVAL,SURVIVAL,NONE,H_t,reject_survival,phase=none;hMul=1.000;gMul=1.000;qMul=1.000;qAdd=0.000;rpiOff=0.000,723,1552,"RacePacingRejected, RACE action=reject_survival:1085;RacePacingRejected, RACE action=reject_pacing:467"
2026-09-16T05:09:16.3300436+00:00,607075792,0.000000,133,1.000000,0.000000,0.032471,0.350715,SURVIVAL,SURVIVAL,NONE,H_t,reject_survival,phase=none;hMul=1.000;gMul=1.000;qMul=1.000;qAdd=0.000;rpiOff=0.000,739,1611,"RacePacingRejected, RACE action=reject_survival:1144;RacePacingRejected, RACE action=reject_pacing:467"
2026-09-16T05:09:16.8303740+00:00,608418984,0.000000,141,1.000000,0.000000,0.034424,0.351360,SURVIVAL,SURVIVAL,NONE,H_t,reject_survival,phase=none;hMul=1.000;gMul=1.000;qMul=1.000;qAdd=0.000;rpiOff=0.000,747,1678,"RacePacingRejected, RACE action=reject_survival:1211;RacePacingRejected, RACE action=reject_pacing:467"
2026-09-16T05:09:17.3300825+00:00,632166976,0.000000,137,1.000000,0.000000,0.033447,0.351038,SURVIVAL,SURVIVAL,NONE,H_t,reject_survival,phase=none;hMul=1.000;gMul=1.000;qMul=1.000;qAdd=0.000;rpiOff=0.000,768,1732,"RacePacingRejected, RACE action=reject_survival:1265;RacePacingRejected, RACE action=reject_pacing:467"
2026-09-16T05:09:17.8306275+00:00,633501120,0.000000,147,1.000000,0.000000,0.035889,0.351843,SURVIVAL,SURVIVAL,NONE,H_t,allow_survival,phase=none;hMul=1.000;gMul=1.000;qMul=1.000;qAdd=0.000;rpiOff=0.000,778,1797,"RacePacingRejected, RACE action=reject_survival:1330;RacePacingRejected, RACE action=reject_pacing:467"
2026-09-16T05:09:18.3301709+00:00,272014800,8.007312,140,0.531279,1.000000,0.034180,0.521914,SURVIVAL,SURVIVAL,NONE,G_t,reject_survival,phase=none;hMul=1.000;gMul=1.000;qMul=1.000;qAdd=0.000;rpiOff=0.000,796,1855,"RacePacingRejected, RACE action=reject_survival:1387;RacePacingRejected, RACE action=reject_pacing:467;ReplacementNotAllowed:1"
2026-09-16T05:09:18.8301437+00:00,273297944,0.000000,157,0.533785,0.000000,0.038330,0.194136,SURVIVAL,SURVIVAL,NONE,H_t,reject_survival,phase=none;hMul=1.000;gMul=1.000;qMul=1.000;qAdd=0.000;rpiOff=0.000,813,1912,"RacePacingRejected, RACE action=reject_survival:1444;RacePacingRejected, RACE action=reject_pacing:467;ReplacementNotAllowed:1"
2026-09-16T05:09:19.3304281+00:00,300009688,0.000000,150,0.585956,0.000000,0.036621,0.211310,SURVIVAL,SURVIVAL,NONE,H_t,reject_survival,phase=none;hMul=1.000;gMul=1.000;qMul=1.000;qAdd=0.000;rpiOff=0.000,831,1969,"RacePacingRejected, RACE action=reject_survival:1501;RacePacingRejected, RACE action=reject_pacing:467;ReplacementNotAllowed:1"
2026-09-16T05:09:19.8298691+00:00,301341880,0.000000,160,0.588558,0.000000,0.039062,0.213000,SURVIVAL,SURVIVAL,NONE,H_t,reject_survival,phase=none;hMul=1.000;gMul=1.000;qMul=1.000;qAdd=0.000;rpiOff=0.000,841,2035,"RacePacingRejected, RACE action=reject_survival:1567;RacePacingRejected, RACE action=reject_pacing:467;ReplacementNotAllowed:1"
2026-09-16T05:09:20.3301916+00:00,324934104,0.000000,142,0.634637,0.000000,0.034668,0.227217,SURVIVAL,SURVIVAL,NONE,H_t,reject_survival,phase=none;hMul=1.000;gMul=1.000;qMul=1.000;qAdd=0.000;rpiOff=0.000,848,2103,"RacePacingRejected, RACE action=reject_survival:1635;RacePacingRejected, RACE action=reject_pacing:467;ReplacementNotAllowed:1"
2026-09-16T05:09:20.8300797+00:00,326225072,0.000000,153,0.637158,0.000000,0.037354,0.228960,SURVIVAL,SURVIVAL,NONE,H_t,reject_survival,phase=none;hMul=1.000;gMul=1.000;qMul=1.000;qAdd=0.000;rpiOff=0.000,859,2167,"RacePacingRejected, RACE action=reject_survival:1699;RacePacingRejected, RACE action=reject_pacing:467;ReplacementNotAllowed:1"
2026-09-16T05:09:21.3304643+00:00,351028216,0.000000,137,0.685602,0.000000,0.033447,0.244142,SURVIVAL,SURVIVAL,NONE,H_t,reject_survival,phase=none;hMul=1.000;gMul=1.000;qMul=1.000;qAdd=0.000;rpiOff=0.000,868,2232,"RacePacingRejected, RACE action=reject_survival:1764;RacePacingRejected, RACE action=reject_pacing:467;ReplacementNotAllowed:1"
2026-09-16T05:09:21.8307471+00:00,352352240,0.000000,149,0.688188,0.000000,0.036377,0.245988,SURVIVAL,SURVIVAL,NONE,H_t,allow_survival,phase=none;hMul=1.000;gMul=1.000;qMul=1.000;qAdd=0.000;rpiOff=0.000,880,2296,"RacePacingRejected, RACE action=reject_survival:1828;RacePacingRejected, RACE action=reject_pacing:467;ReplacementNotAllowed:1"
2026-09-16T05:09:22.3303562+00:00,374765664,0.000000,137,0.731964,0.000000,0.033447,0.259905,SURVIVAL,SURVIVAL,NONE,H_t,reject_survival,phase=none;hMul=1.000;gMul=1.000;qMul=1.000;qAdd=0.000;rpiOff=0.000,893,2357,"RacePacingRejected, RACE action=reject_survival:1889;RacePacingRejected, RACE action=reject_pacing:467;ReplacementNotAllowed:1"
2026-09-16T05:09:22.8298441+00:00,376075176,0.000000,147,0.734522,0.000000,0.035889,0.261581,SURVIVAL,SURVIVAL,NONE,H_t,reject_survival,phase=none;hMul=1.000;gMul=1.000;qMul=1.000;qAdd=0.000;rpiOff=0.000,903,2423,"RacePacingRejected, RACE action=reject_survival:1955;RacePacingRejected, RACE action=reject_pacing:467;ReplacementNotAllowed:1"
2026-09-16T05:09:23.3302021+00:00,399883216,0.000000,129,0.781022,0.000000,0.031494,0.275941,SURVIVAL,SURVIVAL,NONE,H_t,reject_survival,phase=none;hMul=1.000;gMul=1.000;qMul=1.000;qAdd=0.000;rpiOff=0.000,910,2490,"RacePacingRejected, RACE action=reject_survival:2022;RacePacingRejected, RACE action=reject_pacing:467;ReplacementNotAllowed:1"
2026-09-16T05:09:23.8298451+00:00,401236072,0.000000,135,0.783664,0.000000,0.032959,0.277322,SURVIVAL,SURVIVAL,NONE,H_t,reject_survival,phase=none;hMul=1.000;gMul=1.000;qMul=1.000;qAdd=0.000;rpiOff=0.000,916,2560,"RacePacingRejected, RACE action=reject_survival:2092;RacePacingRejected, RACE action=reject_pacing:467;ReplacementNotAllowed:1"
2026-09-16T05:09:24.3302379+00:00,426647944,0.000000,126,0.833297,0.000000,0.030762,0.293472,SURVIVAL,SURVIVAL,NONE,H_t,reject_survival,phase=none;hMul=1.000;gMul=1.000;qMul=1.000;qAdd=0.000;rpiOff=0.000,932,2619,"RacePacingRejected, RACE action=reject_survival:2151;RacePacingRejected, RACE action=reject_pacing:467;ReplacementNotAllowed:1"
2026-09-16T05:09:24.8304255+00:00,427925488,0.000000,137,0.835792,0.000000,0.033447,0.295207,SURVIVAL,SURVIVAL,NONE,H_t,reject_survival,phase=none;hMul=1.000;gMul=1.000;qMul=1.000;qAdd=0.000;rpiOff=0.000,943,2682,"RacePacingRejected, RACE action=reject_survival:2214;RacePacingRejected, RACE action=reject_pacing:467;ReplacementNotAllowed:1"
2026-09-16T05:09:25.3302140+00:00,452459936,0.000000,118,0.883711,0.000000,0.028809,0.309969,SURVIVAL,SURVIVAL,NONE,H_t,reject_survival,phase=none;hMul=1.000;gMul=1.000;qMul=1.000;qAdd=0.000;rpiOff=0.000,949,2752,"RacePacingRejected, RACE action=reject_survival:2284;RacePacingRejected, RACE action=reject_pacing:467;ReplacementNotAllowed:1"
2026-09-16T05:09:25.8304527+00:00,453828392,0.000000,128,0.886384,0.000000,0.031250,0.311683,SURVIVAL,SURVIVAL,NONE,H_t,reject_survival,phase=none;hMul=1.000;gMul=1.000;qMul=1.000;qAdd=0.000;rpiOff=0.000,959,2816,"RacePacingRejected, RACE action=reject_survival:2348;RacePacingRejected, RACE action=reject_pacing:467;ReplacementNotAllowed:1"
2026-09-16T05:09:26.3302591+00:00,479895704,0.000000,115,0.937296,0.000000,0.028076,0.327946,SURVIVAL,SURVIVAL,NONE,H_t,reject_survival,phase=none;hMul=1.000;gMul=1.000;qMul=1.000;qAdd=0.000;rpiOff=0.000,971,2879,"RacePacingRejected, RACE action=reject_survival:2411;RacePacingRejected, RACE action=reject_pacing:467;ReplacementNotAllowed:1"
2026-09-16T05:09:26.8305777+00:00,481204712,0.000000,125,0.939853,0.000000,0.030518,0.329621,SURVIVAL,SURVIVAL,NONE,H_t,reject_survival,phase=none;hMul=1.000;gMul=1.000;qMul=1.000;qAdd=0.000;rpiOff=0.000,981,2944,"RacePacingRejected, RACE action=reject_survival:2476;RacePacingRejected, RACE action=reject_pacing:467;ReplacementNotAllowed:1"
2026-09-16T05:09:27.3298205+00:00,511533640,0.000000,109,0.999089,0.000000,0.026611,0.348472,SURVIVAL,SURVIVAL,NONE,H_t,reject_survival,phase=none;hMul=1.000;gMul=1.000;qMul=1.000;qAdd=0.000;rpiOff=0.000,990,3011,"RacePacingRejected, RACE action=reject_survival:2543;RacePacingRejected, RACE action=reject_pacing:467;ReplacementNotAllowed:1"
2026-09-16T05:09:27.8306644+00:00,512777584,0.000000,125,1.000000,0.000000,0.030518,0.350071,SURVIVAL,SURVIVAL,NONE,H_t,reject_survival,phase=none;hMul=1.000;gMul=1.000;qMul=1.000;qAdd=0.000;rpiOff=0.000,1006,3069,"RacePacingRejected, RACE action=reject_survival:2601;RacePacingRejected, RACE action=reject_pacing:467;ReplacementNotAllowed:1"
2026-09-16T05:09:28.3303536+00:00,545264032,0.000000,116,1.000000,0.000000,0.028320,0.349346,SURVIVAL,SURVIVAL,NONE,H_t,reject_survival,phase=none;hMul=1.000;gMul=1.000;qMul=1.000;qAdd=0.000;rpiOff=0.000,1022,3128,"RacePacingRejected, RACE action=reject_survival:2660;RacePacingRejected, RACE action=reject_pacing:467;ReplacementNotAllowed:1"
2026-09-16T05:09:28.8298952+00:00,546553920,0.000000,124,1.000000,0.000000,0.030273,0.349990,SURVIVAL,SURVIVAL,NONE,H_t,reject_survival,phase=none;hMul=1.000;gMul=1.000;qMul=1.000;qAdd=0.000;rpiOff=0.000,1030,3196,"RacePacingRejected, RACE action=reject_survival:2728;RacePacingRejected, RACE action=reject_pacing:467;ReplacementNotAllowed:1"
2026-09-16T05:09:29.3298324+00:00,580655184,0.000000,111,1.000000,0.000000,0.027100,0.348943,SURVIVAL,SURVIVAL,NONE,H_t,allow_survival,phase=none;hMul=1.000;gMul=1.000;qMul=1.000;qAdd=0.000;rpiOff=0.000,1042,3258,"RacePacingRejected, RACE action=reject_survival:2790;RacePacingRejected, RACE action=reject_pacing:467;ReplacementNotAllowed:1"
2026-09-16T05:09:29.8302731+00:00,581872096,0.000000,122,1.000000,0.000000,0.029785,0.349829,SURVIVAL,SURVIVAL,NONE,H_t,allow_survival,phase=none;hMul=1.000;gMul=1.000;qMul=1.000;qAdd=0.000;rpiOff=0.000,1053,3320,"RacePacingRejected, RACE action=reject_survival:2852;RacePacingRejected, RACE action=reject_pacing:467;ReplacementNotAllowed:1"
2026-09-16T05:09:30.3304434+00:00,617752296,0.000000,108,1.000000,0.000000,0.026367,0.348701,SURVIVAL,SURVIVAL,NONE,H_t,reject_survival,phase=none;hMul=1.000;gMul=1.000;qMul=1.000;qAdd=0.000;rpiOff=0.000,1064,3386,"RacePacingRejected, RACE action=reject_survival:2918;RacePacingRejected, RACE action=reject_pacing:467;ReplacementNotAllowed:1"
2026-09-16T05:09:30.8298630+00:00,618985832,0.000000,124,1.000000,0.000000,0.030273,0.349990,SURVIVAL,SURVIVAL,NONE,H_t,reject_survival,phase=none;hMul=1.000;gMul=1.000;qMul=1.000;qAdd=0.000;rpiOff=0.000,1080,3445,"RacePacingRejected, RACE action=reject_survival:2977;RacePacingRejected, RACE action=reject_pacing:467;ReplacementNotAllowed:1"
2026-09-16T05:09:31.3304486+00:00,652537912,0.000000,108,1.000000,0.000000,0.026367,0.348701,SURVIVAL,SURVIVAL,NONE,H_t,reject_survival,phase=none;hMul=1.000;gMul=1.000;qMul=1.000;qAdd=0.000;rpiOff=0.000,1089,3511,"RacePacingRejected, RACE action=reject_survival:3043;RacePacingRejected, RACE action=reject_pacing:467;ReplacementNotAllowed:1"
2026-09-16T05:09:31.8299653+00:00,653860952,0.000000,114,1.000000,0.000000,0.027832,0.349185,SURVIVAL,SURVIVAL,NONE,H_t,allow_survival,phase=none;hMul=1.000;gMul=1.000;qMul=1.000;qAdd=0.000;rpiOff=0.000,1095,3581,"RacePacingRejected, RACE action=reject_survival:3113;RacePacingRejected, RACE action=reject_pacing:467;ReplacementNotAllowed:1"
2026-09-16T05:09:32.3304153+00:00,680300712,0.000000,104,1.000000,0.000000,0.025391,0.348379,SURVIVAL,SURVIVAL,NONE,H_t,reject_survival,phase=none;hMul=1.000;gMul=1.000;qMul=1.000;qAdd=0.000;rpiOff=0.000,1110,3640,"RacePacingRejected, RACE action=reject_survival:3172;RacePacingRejected, RACE action=reject_pacing:467;ReplacementNotAllowed:1"
2026-09-16T05:09:32.8301530+00:00,681575432,0.000000,111,1.000000,0.000000,0.027100,0.348943,SURVIVAL,SURVIVAL,NONE,H_t,reject_survival,phase=none;hMul=1.000;gMul=1.000;qMul=1.000;qAdd=0.000;rpiOff=0.000,1117,3709,"RacePacingRejected, RACE action=reject_survival:3241;RacePacingRejected, RACE action=reject_pacing:467;ReplacementNotAllowed:1"
2026-09-16T05:09:33.3303199+00:00,704378320,0.000000,94,1.000000,0.000000,0.022949,0.347573,SURVIVAL,SURVIVAL,NONE,H_t,reject_survival,phase=none;hMul=1.000;gMul=1.000;qMul=1.000;qAdd=0.000;rpiOff=0.000,1125,3775,"RacePacingRejected, RACE action=reject_survival:3307;RacePacingRejected, RACE action=reject_pacing:467;ReplacementNotAllowed:1"
2026-09-16T05:09:33.8299395+00:00,705618112,0.000000,102,1.000000,0.000000,0.024902,0.348218,SURVIVAL,SURVIVAL,NONE,H_t,reject_survival,phase=none;hMul=1.000;gMul=1.000;qMul=1.000;qAdd=0.000;rpiOff=0.000,1133,3843,"RacePacingRejected, RACE action=reject_survival:3375;RacePacingRejected, RACE action=reject_pacing:467;ReplacementNotAllowed:1"
2026-09-16T05:09:34.3300677+00:00,729154976,0.000000,86,1.000000,0.000000,0.020996,0.346929,SURVIVAL,SURVIVAL,NONE,H_t,reject_survival,phase=none;hMul=1.000;gMul=1.000;qMul=1.000;qAdd=0.000;rpiOff=0.000,1142,3908,"RacePacingRejected, RACE action=reject_survival:3440;RacePacingRejected, RACE action=reject_pacing:467;ReplacementNotAllowed:1"
2026-09-16T05:09:34.8305854+00:00,730369568,0.000000,99,1.000000,0.000000,0.024170,0.347976,SURVIVAL,SURVIVAL,NONE,H_t,reject_survival,phase=none;hMul=1.000;gMul=1.000;qMul=1.000;qAdd=0.000;rpiOff=0.000,1155,3970,"RacePacingRejected, RACE action=reject_survival:3502;RacePacingRejected, RACE action=reject_pacing:467;ReplacementNotAllowed:1"
2026-09-16T05:09:35.3302132+00:00,755216912,0.000000,87,1.000000,0.000000,0.021240,0.347009,SURVIVAL,SURVIVAL,NONE,H_t,allow_survival,phase=none;hMul=1.000;gMul=1.000;qMul=1.000;qAdd=0.000;rpiOff=0.000,1168,4032,"RacePacingRejected, RACE action=reject_survival:3564;RacePacingRejected, RACE action=reject_pacing:467;ReplacementNotAllowed:1"
2026-09-16T05:09:35.8298500+00:00,756471744,0.000000,95,1.000000,0.000000,0.023193,0.347654,SURVIVAL,SURVIVAL,NONE,H_t,reject_survival,phase=none;hMul=1.000;gMul=1.000;qMul=1.000;qAdd=0.000;rpiOff=0.000,1176,4099,"RacePacingRejected, RACE action=reject_survival:3631;RacePacingRejected, RACE action=reject_pacing:467;ReplacementNotAllowed:1"
2026-09-16T05:09:36.3299046+00:00,780683400,0.000000,79,1.000000,0.000000,0.019287,0.346365,SURVIVAL,SURVIVAL,NONE,H_t,reject_survival,phase=none;hMul=1.000;gMul=1.000;qMul=1.000;qAdd=0.000;rpiOff=0.000,1185,4165,"RacePacingRejected, RACE action=reject_survival:3697;RacePacingRejected, RACE action=reject_pacing:467;ReplacementNotAllowed:1"
2026-09-16T05:09:36.8300141+00:00,781905176,0.000000,86,1.000000,0.000000,0.020996,0.346929,SURVIVAL,SURVIVAL,NONE,H_t,reject_survival,phase=none;hMul=1.000;gMul=1.000;qMul=1.000;qAdd=0.000;rpiOff=0.000,1192,4233,"RacePacingRejected, RACE action=reject_survival:3765;RacePacingRejected, RACE action=reject_pacing:467;ReplacementNotAllowed:1"
2026-09-16T05:09:37.3301023+00:00,806402184,0.000000,68,1.000000,0.000000,0.016602,0.345479,SURVIVAL,SURVIVAL,NONE,H_t,reject_survival,phase=none;hMul=1.000;gMul=1.000;qMul=1.000;qAdd=0.000;rpiOff=0.000,1199,4301,"RacePacingRejected, RACE action=reject_survival:3833;RacePacingRejected, RACE action=reject_pacing:467;ReplacementNotAllowed:1"
2026-09-16T05:09:37.8302462+00:00,807573704,0.000000,83,1.000000,0.000000,0.020264,0.346687,SURVIVAL,SURVIVAL,NONE,H_t,allow_survival,phase=none;hMul=1.000;gMul=1.000;qMul=1.000;qAdd=0.000;rpiOff=0.000,1214,4361,"RacePacingRejected, RACE action=reject_survival:3893;RacePacingRejected, RACE action=reject_pacing:467;ReplacementNotAllowed:1"
2026-09-16T05:09:38.3298599+00:00,831238424,0.000000,70,1.000000,0.000000,0.017090,0.345640,SURVIVAL,SURVIVAL,NONE,H_t,reject_survival,phase=none;hMul=1.000;gMul=1.000;qMul=1.000;qAdd=0.000;rpiOff=0.000,1226,4424,"RacePacingRejected, RACE action=reject_survival:3956;RacePacingRejected, RACE action=reject_pacing:467;ReplacementNotAllowed:1"
2026-09-16T05:09:38.8302212+00:00,832448224,0.000000,81,1.000000,0.000000,0.019775,0.346526,SURVIVAL,SURVIVAL,NONE,H_t,reject_survival,phase=none;hMul=1.000;gMul=1.000;qMul=1.000;qAdd=0.000;rpiOff=0.000,1237,4488,"RacePacingRejected, RACE action=reject_survival:4020;RacePacingRejected, RACE action=reject_pacing:467;ReplacementNotAllowed:1"
2026-09-16T05:09:39.3301747+00:00,855641696,0.000000,67,1.000000,0.000000,0.016357,0.345398,SURVIVAL,SURVIVAL,NONE,H_t,reject_survival,phase=none;hMul=1.000;gMul=1.000;qMul=1.000;qAdd=0.000;rpiOff=0.000,1248,4553,"RacePacingRejected, RACE action=reject_survival:4085;RacePacingRejected, RACE action=reject_pacing:467;ReplacementNotAllowed:1"
2026-09-16T05:09:39.8298244+00:00,856824672,0.000000,78,1.000000,0.000000,0.019043,0.346284,SURVIVAL,SURVIVAL,NONE,H_t,reject_survival,phase=none;hMul=1.000;gMul=1.000;qMul=1.000;qAdd=0.000;rpiOff=0.000,1259,4616,"RacePacingRejected, RACE action=reject_survival:4148;RacePacingRejected, RACE action=reject_pacing:467;ReplacementNotAllowed:1"
2026-09-16T05:09:40.3297839+00:00,880784456,0.000000,63,1.000000,0.000000,0.015381,0.345076,SURVIVAL,SURVIVAL,NONE,H_t,reject_survival,phase=none;hMul=1.000;gMul=1.000;qMul=1.000;qAdd=0.000;rpiOff=0.000,1269,4682,"RacePacingRejected, RACE action=reject_survival:4214;RacePacingRejected, RACE action=reject_pacing:467;ReplacementNotAllowed:1"
2026-09-16T05:09:40.8298269+00:00,881916008,0.000000,82,1.000000,0.000000,0.020020,0.346606,SURVIVAL,SURVIVAL,NONE,H_t,reject_survival,phase=none;hMul=1.000;gMul=1.000;qMul=1.000;qAdd=0.000;rpiOff=0.000,1288,4737,"RacePacingRejected, RACE action=reject_survival:4269;RacePacingRejected, RACE action=reject_pacing:467;ReplacementNotAllowed:1"
2026-09-16T05:09:41.3301773+00:00,906649928,0.000000,65,1.000000,0.000000,0.015869,0.345237,SURVIVAL,SURVIVAL,NONE,H_t,reject_survival,phase=none;hMul=1.000;gMul=1.000;qMul=1.000;qAdd=0.000;rpiOff=0.000,1296,4805,"RacePacingRejected, RACE action=reject_survival:4336;RacePacingRejected, RACE action=reject_pacing:467;ReplacementNotAllowed:2"
2026-09-16T05:09:41.8303312+00:00,907846024,0.000000,77,1.000000,0.000000,0.018799,0.346204,SURVIVAL,SURVIVAL,NONE,H_t,reject_survival,phase=none;hMul=1.000;gMul=1.000;qMul=1.000;qAdd=0.000;rpiOff=0.000,1308,4867,"RacePacingRejected, RACE action=reject_survival:4398;RacePacingRejected, RACE action=reject_pacing:467;ReplacementNotAllowed:2"
2026-09-16T05:09:42.3304648+00:00,932626304,0.000000,59,1.000000,0.000000,0.014404,0.344753,SURVIVAL,SURVIVAL,NONE,H_t,reject_survival,phase=none;hMul=1.000;gMul=1.000;qMul=1.000;qAdd=0.000;rpiOff=0.000,1315,4936,"RacePacingRejected, RACE action=reject_survival:4467;RacePacingRejected, RACE action=reject_pacing:467;ReplacementNotAllowed:2"
2026-09-16T05:09:42.8301324+00:00,933806464,0.000000,74,1.000000,0.000000,0.018066,0.345962,SURVIVAL,SURVIVAL,NONE,H_t,reject_survival,phase=none;hMul=1.000;gMul=1.000;qMul=1.000;qAdd=0.000;rpiOff=0.000,1330,4996,"RacePacingRejected, RACE action=reject_survival:4527;RacePacingRejected, RACE action=reject_pacing:467;ReplacementNotAllowed:2"
2026-09-16T05:09:43.3299541+00:00,957055312,0.000000,60,1.000000,0.000000,0.014648,0.344834,SURVIVAL,SURVIVAL,NONE,H_t,reject_survival,phase=none;hMul=1.000;gMul=1.000;qMul=1.000;qAdd=0.000;rpiOff=0.000,1341,5059,"RacePacingRejected, RACE action=reject_survival:4590;RacePacingRejected, RACE action=reject_pacing:467;ReplacementNotAllowed:2"
2026-09-16T05:09:43.8302338+00:00,958268624,0.000000,73,1.000000,0.000000,0.017822,0.345881,SURVIVAL,SURVIVAL,NONE,H_t,reject_survival,phase=none;hMul=1.000;gMul=1.000;qMul=1.000;qAdd=0.000;rpiOff=0.000,1354,5122,"RacePacingRejected, RACE action=reject_survival:4652;RacePacingRejected, RACE action=reject_pacing:467;ReplacementNotAllowed:2"
2026-09-16T05:09:44.3306470+00:00,984996144,0.000000,58,1.000000,0.000000,0.014160,0.344673,SURVIVAL,SURVIVAL,NONE,H_t,reject_survival,phase=none;hMul=1.000;gMul=1.000;qMul=1.000;qAdd=0.000;rpiOff=0.000,1364,5187,"RacePacingRejected, RACE action=reject_survival:4718;RacePacingRejected, RACE action=reject_pacing:467;ReplacementNotAllowed:2"
2026-09-16T05:09:44.8307112+00:00,986216536,0.000000,68,1.000000,0.000000,0.016602,0.345479,SURVIVAL,SURVIVAL,NONE,H_t,reject_survival,phase=none;hMul=1.000;gMul=1.000;qMul=1.000;qAdd=0.000;rpiOff=0.000,1374,5252,"RacePacingRejected, RACE action=reject_survival:4783;RacePacingRejected, RACE action=reject_pacing:467;ReplacementNotAllowed:2"
2026-09-16T05:09:45.3307370+00:00,1012419624,0.000000,51,1.000000,0.000000,0.012451,0.344109,SURVIVAL,SURVIVAL,NONE,H_t,reject_survival,phase=none;hMul=1.000;gMul=1.000;qMul=1.000;qAdd=0.000;rpiOff=0.000,1382,5319,"RacePacingRejected, RACE action=reject_survival:4848;RacePacingRejected, RACE action=reject_pacing:467;ReplacementNotAllowed:4"
2026-09-16T05:09:45.8301390+00:00,1013615168,0.000000,61,1.000000,0.000000,0.014893,0.344915,SURVIVAL,SURVIVAL,NONE,H_t,reject_survival,phase=none;hMul=1.000;gMul=1.000;qMul=1.000;qAdd=0.000;rpiOff=0.000,1392,5383,"RacePacingRejected, RACE action=reject_survival:4912;RacePacingRejected, RACE action=reject_pacing:467;ReplacementNotAllowed:4"
2026-09-16T05:09:46.3304481+00:00,1036847976,0.000000,46,1.000000,0.000000,0.011230,0.343706,SURVIVAL,SURVIVAL,NONE,H_t,reject_survival,phase=none;hMul=1.000;gMul=1.000;qMul=1.000;qAdd=0.000;rpiOff=0.000,1402,5448,"RacePacingRejected, RACE action=reject_survival:4977;RacePacingRejected, RACE action=reject_pacing:467;ReplacementNotAllowed:4"
2026-09-16T05:09:46.8301118+00:00,1037986720,0.000000,60,1.000000,0.000000,0.014648,0.344834,SURVIVAL,SURVIVAL,NONE,H_t,reject_survival,phase=none;hMul=1.000;gMul=1.000;qMul=1.000;qAdd=0.000;rpiOff=0.000,1416,5509,"RacePacingRejected, RACE action=reject_survival:5038;RacePacingRejected, RACE action=reject_pacing:467;ReplacementNotAllowed:4"
2026-09-16T05:09:47.3298936+00:00,1063300496,0.000000,42,1.000000,0.000000,0.010254,0.343384,SURVIVAL,SURVIVAL,NONE,H_t,reject_survival,phase=none;hMul=1.000;gMul=1.000;qMul=1.000;qAdd=0.000;rpiOff=0.000,1423,5577,"RacePacingRejected, RACE action=reject_survival:5106;RacePacingRejected, RACE action=reject_pacing:467;ReplacementNotAllowed:4"
2026-09-16T05:09:47.8299502+00:00,1064480304,0.000000,51,1.000000,0.000000,0.012451,0.344109,SURVIVAL,SURVIVAL,NONE,H_t,reject_survival,phase=none;hMul=1.000;gMul=1.000;qMul=1.000;qAdd=0.000;rpiOff=0.000,1432,5644,"RacePacingRejected, RACE action=reject_survival:5173;RacePacingRejected, RACE action=reject_pacing:467;ReplacementNotAllowed:4"
2026-09-16T05:09:48.3298872+00:00,1089142200,0.000000,36,1.000000,0.000000,0.008789,0.342900,SURVIVAL,SURVIVAL,NONE,H_t,reject_survival,phase=none;hMul=1.000;gMul=1.000;qMul=1.000;qAdd=0.000;rpiOff=0.000,1442,5709,"RacePacingRejected, RACE action=reject_survival:5238;RacePacingRejected, RACE action=reject_pacing:467;ReplacementNotAllowed:4"
2026-09-16T05:09:48.8304092+00:00,1090272160,0.000000,51,1.000000,0.000000,0.012451,0.344109,SURVIVAL,SURVIVAL,NONE,H_t,reject_survival,phase=none;hMul=1.000;gMul=1.000;qMul=1.000;qAdd=0.000;rpiOff=0.000,1457,5769,"RacePacingRejected, RACE action=reject_survival:5298;RacePacingRejected, RACE action=reject_pacing:467;ReplacementNotAllowed:4"
2026-09-16T05:09:49.3299101+00:00,1114638520,0.000000,35,1.000000,0.000000,0.008545,0.342820,SURVIVAL,SURVIVAL,NONE,H_t,reject_survival,phase=none;hMul=1.000;gMul=1.000;qMul=1.000;qAdd=0.000;rpiOff=0.000,1466,5834,"RacePacingRejected, RACE action=reject_survival:5363;RacePacingRejected, RACE action=reject_pacing:467;ReplacementNotAllowed:4"
2026-09-16T05:09:49.8303201+00:00,1115824328,0.000000,44,1.000000,0.000000,0.010742,0.343545,SURVIVAL,SURVIVAL,NONE,H_t,reject_survival,phase=none;hMul=1.000;gMul=1.000;qMul=1.000;qAdd=0.000;rpiOff=0.000,1475,5901,"RacePacingRejected, RACE action=reject_survival:5430;RacePacingRejected, RACE action=reject_pacing:467;ReplacementNotAllowed:4"
2026-09-16T05:09:50.3304742+00:00,1142963016,0.000000,30,1.000000,0.000000,0.007324,0.342417,SURVIVAL,SURVIVAL,NONE,H_t,allow_survival,phase=none;hMul=1.000;gMul=1.000;qMul=1.000;qAdd=0.000;rpiOff=0.000,1486,5965,"RacePacingRejected, RACE action=reject_survival:5494;RacePacingRejected, RACE action=reject_pacing:467;ReplacementNotAllowed:4"
2026-09-16T05:09:50.8302192+00:00,1144073560,0.000000,44,1.000000,0.000000,0.010742,0.343545,SURVIVAL,SURVIVAL,NONE,H_t,reject_survival,phase=none;hMul=1.000;gMul=1.000;qMul=1.000;qAdd=0.000;rpiOff=0.000,1500,6026,"RacePacingRejected, RACE action=reject_survival:5554;RacePacingRejected, RACE action=reject_pacing:467;ReplacementNotAllowed:4"
2026-09-16T05:09:51.3298247+00:00,1168933320,0.000000,30,1.000000,0.000000,0.007324,0.342417,SURVIVAL,SURVIVAL,NONE,H_t,reject_survival,phase=none;hMul=1.000;gMul=1.000;qMul=1.000;qAdd=0.000;rpiOff=0.000,1511,6089,"RacePacingRejected, RACE action=reject_survival:5618;RacePacingRejected, RACE action=reject_pacing:467;ReplacementNotAllowed:4"
2026-09-16T05:09:51.8299916+00:00,1170063880,0.000000,42,1.000000,0.000000,0.010254,0.343384,SURVIVAL,SURVIVAL,NONE,H_t,reject_survival,phase=none;hMul=1.000;gMul=1.000;qMul=1.000;qAdd=0.000;rpiOff=0.000,1523,6152,"RacePacingRejected, RACE action=reject_survival:5681;RacePacingRejected, RACE action=reject_pacing:467;ReplacementNotAllowed:4"
2026-09-16T05:09:52.3300583+00:00,1194256200,0.000000,24,1.000000,0.000000,0.005859,0.341934,SURVIVAL,SURVIVAL,NONE,H_t,reject_survival,phase=none;hMul=1.000;gMul=1.000;qMul=1.000;qAdd=0.000;rpiOff=0.000,1530,6221,"RacePacingRejected, RACE action=reject_survival:5750;RacePacingRejected, RACE action=reject_pacing:467;ReplacementNotAllowed:4"
2026-09-16T05:09:52.8298254+00:00,1195394728,0.000000,34,1.000000,0.000000,0.008301,0.342739,SURVIVAL,SURVIVAL,NONE,H_t,reject_survival,phase=none;hMul=1.000;gMul=1.000;qMul=1.000;qAdd=0.000;rpiOff=0.000,1540,6285,"RacePacingRejected, RACE action=reject_survival:5814;RacePacingRejected, RACE action=reject_pacing:467;ReplacementNotAllowed:4"
2026-09-16T05:09:53.3306391+00:00,1220186544,0.000000,20,1.000000,0.000000,0.004883,0.341611,SURVIVAL,SURVIVAL,NONE,H_t,allow_survival,phase=none;hMul=1.000;gMul=1.000;qMul=1.000;qAdd=0.000;rpiOff=0.000,1551,6349,"RacePacingRejected, RACE action=reject_survival:5878;RacePacingRejected, RACE action=reject_pacing:467;ReplacementNotAllowed:4"
2026-09-16T05:09:53.8299422+00:00,1221317288,0.000000,30,1.000000,0.000000,0.007324,0.342417,SURVIVAL,SURVIVAL,NONE,H_t,reject_survival,phase=none;hMul=1.000;gMul=1.000;qMul=1.000;qAdd=0.000;rpiOff=0.000,1561,6414,"RacePacingRejected, RACE action=reject_survival:5943;RacePacingRejected, RACE action=reject_pacing:467;ReplacementNotAllowed:4"
2026-09-16T05:09:54.3298365+00:00,1245664048,0.000000,20,1.000000,0.000000,0.004883,0.341611,SURVIVAL,SURVIVAL,NONE,H_t,reject_survival,phase=none;hMul=1.000;gMul=1.000;qMul=1.000;qAdd=0.000;rpiOff=0.000,1576,6474,"RacePacingRejected, RACE action=reject_survival:6003;RacePacingRejected, RACE action=reject_pacing:467;ReplacementNotAllowed:4"
2026-09-16T05:09:54.8299335+00:00,1246769104,0.000000,32,1.000000,0.000000,0.007812,0.342578,SURVIVAL,SURVIVAL,NONE,H_t,reject_survival,phase=none;hMul=1.000;gMul=1.000;qMul=1.000;qAdd=0.000;rpiOff=0.000,1588,6538,"RacePacingRejected, RACE action=reject_survival:6066;RacePacingRejected, RACE action=reject_pacing:467;ReplacementNotAllowed:4"
2026-09-16T05:09:55.3305483+00:00,1270868736,0.000000,22,1.000000,0.000000,0.005371,0.341772,SURVIVAL,SURVIVAL,NONE,H_t,allow_survival,phase=none;hMul=1.000;gMul=1.000;qMul=1.000;qAdd=0.000;rpiOff=0.000,1603,6598,"RacePacingRejected, RACE action=reject_survival:6127;RacePacingRejected, RACE action=reject_pacing:467;ReplacementNotAllowed:4"
2026-09-16T05:09:55.8298352+00:00,1271972184,0.000000,30,1.000000,0.000000,0.007324,0.342417,SURVIVAL,SURVIVAL,NONE,H_t,reject_survival,phase=none;hMul=1.000;gMul=1.000;qMul=1.000;qAdd=0.000;rpiOff=0.000,1611,6664,"RacePacingRejected, RACE action=reject_survival:6193;RacePacingRejected, RACE action=reject_pacing:467;ReplacementNotAllowed:4"
2026-09-16T05:09:56.3307633+00:00,1296459176,0.000000,16,1.000000,0.000000,0.003906,0.341289,SURVIVAL,SURVIVAL,NONE,H_t,reject_survival,phase=none;hMul=1.000;gMul=1.000;qMul=1.000;qAdd=0.000;rpiOff=0.000,1622,6729,"RacePacingRejected, RACE action=reject_survival:6258;RacePacingRejected, RACE action=reject_pacing:467;ReplacementNotAllowed:4"
2026-09-16T05:09:56.8303391+00:00,1297584048,0.000000,24,1.000000,0.000000,0.005859,0.341934,SURVIVAL,SURVIVAL,NONE,H_t,reject_survival,phase=none;hMul=1.000;gMul=1.000;qMul=1.000;qAdd=0.000;rpiOff=0.000,1630,6796,"RacePacingRejected, RACE action=reject_survival:6325;RacePacingRejected, RACE action=reject_pacing:467;ReplacementNotAllowed:4"
2026-09-16T05:09:57.3304362+00:00,1324596976,0.000000,11,1.000000,0.000000,0.002686,0.340886,SURVIVAL,SURVIVAL,NONE,H_t,reject_survival,phase=none;hMul=1.000;gMul=1.000;qMul=1.000;qAdd=0.000;rpiOff=0.000,1642,6858,"RacePacingRejected, RACE action=reject_survival:6387;RacePacingRejected, RACE action=reject_pacing:467;ReplacementNotAllowed:4"
2026-09-16T05:09:57.8303041+00:00,1325654032,0.000000,29,1.000000,0.000000,0.007080,0.342336,SURVIVAL,SURVIVAL,NONE,H_t,allow_survival,phase=none;hMul=1.000;gMul=1.000;qMul=1.000;qAdd=0.000;rpiOff=0.000,1660,6916,"RacePacingRejected, RACE action=reject_survival:6445;RacePacingRejected, RACE action=reject_pacing:467;ReplacementNotAllowed:4"
2026-09-16T05:09:58.3299594+00:00,1355856664,0.000000,13,1.000000,0.000000,0.003174,0.341047,SURVIVAL,SURVIVAL,NONE,H_t,reject_survival,phase=none;hMul=1.000;gMul=1.000;qMul=1.000;qAdd=0.000;rpiOff=0.000,1669,6981,"RacePacingRejected, RACE action=reject_survival:6510;RacePacingRejected, RACE action=reject_pacing:467;ReplacementNotAllowed:4"
2026-09-16T05:09:58.8302327+00:00,1356961960,0.000000,24,1.000000,0.000000,0.005859,0.341934,SURVIVAL,SURVIVAL,NONE,H_t,reject_survival,phase=none;hMul=1.000;gMul=1.000;qMul=1.000;qAdd=0.000;rpiOff=0.000,1680,7045,"RacePacingRejected, RACE action=reject_survival:6574;RacePacingRejected, RACE action=reject_pacing:467;ReplacementNotAllowed:4"
2026-09-16T05:09:59.3304978+00:00,1388267912,0.000000,11,1.000000,0.000000,0.002686,0.340886,SURVIVAL,SURVIVAL,NONE,H_t,reject_survival,phase=none;hMul=1.000;gMul=1.000;qMul=1.000;qAdd=0.000;rpiOff=0.000,1692,7108,"RacePacingRejected, RACE action=reject_survival:6637;RacePacingRejected, RACE action=reject_pacing:467;ReplacementNotAllowed:4"
2026-09-16T05:09:59.8298320+00:00,1389340744,0.000000,23,1.000000,0.000000,0.005615,0.341853,SURVIVAL,SURVIVAL,NONE,H_t,reject_survival,phase=none;hMul=1.000;gMul=1.000;qMul=1.000;qAdd=0.000;rpiOff=0.000,1704,7171,"RacePacingRejected, RACE action=reject_survival:6700;RacePacingRejected, RACE action=reject_pacing:467;ReplacementNotAllowed:4"
2026-09-16T05:10:00.3298938+00:00,1424242888,0.000000,7,1.000000,0.000000,0.001709,0.340564,SURVIVAL,SURVIVAL,NONE,H_t,reject_survival,phase=none;hMul=1.000;gMul=1.000;qMul=1.000;qAdd=0.000;rpiOff=0.000,1713,7237,"RacePacingRejected, RACE action=reject_survival:6766;RacePacingRejected, RACE action=reject_pacing:467;ReplacementNotAllowed:4"
2026-09-16T05:10:00.8303546+00:00,1425324360,0.000000,18,1.000000,0.000000,0.004395,0.341450,SURVIVAL,SURVIVAL,NONE,H_t,reject_survival,phase=none;hMul=1.000;gMul=1.000;qMul=1.000;qAdd=0.000;rpiOff=0.000,1724,7302,"RacePacingRejected, RACE action=reject_survival:6831;RacePacingRejected, RACE action=reject_pacing:467;ReplacementNotAllowed:4"
2026-09-16T05:10:01.3302190+00:00,1457046104,0.000000,12,1.000000,0.000000,0.002930,0.340967,SURVIVAL,SURVIVAL,NONE,H_t,reject_survival,phase=none;hMul=1.000;gMul=1.000;qMul=1.000;qAdd=0.000;rpiOff=0.000,1739,7361,"RacePacingRejected, RACE action=reject_survival:6890;RacePacingRejected, RACE action=reject_pacing:467;ReplacementNotAllowed:4"
2026-09-16T05:10:01.8297882+00:00,1458094488,0.000000,30,1.000000,0.000000,0.007324,0.342417,SURVIVAL,SURVIVAL,NONE,H_t,reject_survival,phase=none;hMul=1.000;gMul=1.000;qMul=1.000;qAdd=0.000;rpiOff=0.000,1757,7419,"RacePacingRejected, RACE action=reject_survival:6948;RacePacingRejected, RACE action=reject_pacing:467;ReplacementNotAllowed:4"
2026-09-16T05:10:02.3301996+00:00,1503506256,0.000000,22,1.000000,0.000000,0.005371,0.341772,SURVIVAL,SURVIVAL,NONE,H_t,allow_survival,phase=none;hMul=1.000;gMul=1.000;qMul=1.000;qAdd=0.000;rpiOff=0.000,1774,7477,"RacePacingRejected, RACE action=reject_survival:7006;RacePacingRejected, RACE action=reject_pacing:467;ReplacementNotAllowed:4"
2026-09-16T05:10:02.8302211+00:00,1504595376,0.000000,34,1.000000,0.000000,0.008301,0.342739,SURVIVAL,SURVIVAL,NONE,H_t,allow_survival,phase=none;hMul=1.000;gMul=1.000;qMul=1.000;qAdd=0.000;rpiOff=0.000,1786,7539,"RacePacingRejected, RACE action=reject_survival:7068;RacePacingRejected, RACE action=reject_pacing:467;ReplacementNotAllowed:4"
2026-09-16T05:10:03.3302096+00:00,1550191920,0.000000,12,1.000000,0.000000,0.002930,0.340967,SURVIVAL,SURVIVAL,NONE,H_t,reject_survival,phase=none;hMul=1.000;gMul=1.000;qMul=1.000;qAdd=0.000;rpiOff=0.000,1789,7543,"RacePacingRejected, RACE action=reject_survival:7072;RacePacingRejected, RACE action=reject_pacing:467;ReplacementNotAllowed:4"
2026-09-16T05:10:03.8303770+00:00,1550261320,0.000000,12,1.000000,0.000000,0.002930,0.340967,SURVIVAL,SURVIVAL,NONE,H_t,reject_survival,phase=none;hMul=1.000;gMul=1.000;qMul=1.000;qAdd=0.000;rpiOff=0.000,1789,7543,"RacePacingRejected, RACE action=reject_survival:7072;RacePacingRejected, RACE action=reject_pacing:467;ReplacementNotAllowed:4"
2026-09-16T05:10:04.3300516+00:00,1573770064,0.000000,0,1.000000,0.000000,0.000000,0.340000,SURVIVAL,SURVIVAL,NONE,H_t,reject_survival,phase=none;hMul=1.000;gMul=1.000;qMul=1.000;qAdd=0.000;rpiOff=0.000,1789,7543,"RacePacingRejected, RACE action=reject_survival:7072;RacePacingRejected, RACE action=reject_pacing:467;ReplacementNotAllowed:4"
2026-09-16T05:10:04.8301834+00:00,1573811184,0.000000,0,1.000000,0.000000,0.000000,0.340000,SURVIVAL,SURVIVAL,NONE,H_t,reject_survival,phase=none;hMul=1.000;gMul=1.000;qMul=1.000;qAdd=0.000;rpiOff=0.000,1789,7543,"RacePacingRejected, RACE action=reject_survival:7072;RacePacingRejected, RACE action=reject_pacing:467;ReplacementNotAllowed:4"
2026-09-16T05:10:05.3301784+00:00,1573868752,0.000000,0,1.000000,0.000000,0.000000,0.340000,SURVIVAL,SURVIVAL,NONE,H_t,reject_survival,phase=none;hMul=1.000;gMul=1.000;qMul=1.000;qAdd=0.000;rpiOff=0.000,1789,7543,"RacePacingRejected, RACE action=reject_survival:7072;RacePacingRejected, RACE action=reject_pacing:467;ReplacementNotAllowed:4"
2026-09-16T05:10:05.8303983+00:00,1573876976,0.000000,0,1.000000,0.000000,0.000000,0.340000,SURVIVAL,SURVIVAL,NONE,H_t,reject_survival,phase=none;hMul=1.000;gMul=1.000;qMul=1.000;qAdd=0.000;rpiOff=0.000,1789,7543,"RacePacingRejected, RACE action=reject_survival:7072;RacePacingRejected, RACE action=reject_pacing:467;ReplacementNotAllowed:4"
2026-09-16T05:10:06.3300347+00:00,1573950736,0.000000,0,1.000000,0.000000,0.000000,0.340000,SURVIVAL,SURVIVAL,NONE,H_t,reject_survival,phase=none;hMul=1.000;gMul=1.000;qMul=1.000;qAdd=0.000;rpiOff=0.000,1789,7543,"RacePacingRejected, RACE action=reject_survival:7072;RacePacingRejected, RACE action=reject_pacing:467;ReplacementNotAllowed:4"
2026-09-16T05:10:06.8302160+00:00,1573950736,0.000000,0,1.000000,0.000000,0.000000,0.340000,SURVIVAL,SURVIVAL,NONE,H_t,reject_survival,phase=none;hMul=1.000;gMul=1.000;qMul=1.000;qAdd=0.000;rpiOff=0.000,1789,7543,"RacePacingRejected, RACE action=reject_survival:7072;RacePacingRejected, RACE action=reject_pacing:467;ReplacementNotAllowed:4"
2026-09-16T05:10:07.3319377+00:00,1574090064,0.000000,0,1.000000,0.000000,0.000000,0.340000,SURVIVAL,SURVIVAL,NONE,H_t,reject_survival,phase=none;hMul=1.000;gMul=1.000;qMul=1.000;qAdd=0.000;rpiOff=0.000,1789,7543,"RacePacingRejected, RACE action=reject_survival:7072;RacePacingRejected, RACE action=reject_pacing:467;ReplacementNotAllowed:4"
2026-09-16T05:10:07.8302377+00:00,1574098288,0.000000,0,1.000000,0.000000,0.000000,0.340000,SURVIVAL,SURVIVAL,NONE,H_t,reject_survival,phase=none;hMul=1.000;gMul=1.000;qMul=1.000;qAdd=0.000;rpiOff=0.000,1789,7543,"RacePacingRejected, RACE action=reject_survival:7072;RacePacingRejected, RACE action=reject_pacing:467;ReplacementNotAllowed:4"
2026-09-16T05:10:08.3308050+00:00,1574187984,0.000000,0,1.000000,0.000000,0.000000,0.340000,SURVIVAL,SURVIVAL,NONE,H_t,reject_survival,phase=none;hMul=1.000;gMul=1.000;qMul=1.000;qAdd=0.000;rpiOff=0.000,1789,7543,"RacePacingRejected, RACE action=reject_survival:7072;RacePacingRejected, RACE action=reject_pacing:467;ReplacementNotAllowed:4"
2026-09-16T05:10:08.8302377+00:00,1574187984,0.000000,0,1.000000,0.000000,0.000000,0.340000,SURVIVAL,SURVIVAL,NONE,H_t,reject_survival,phase=none;hMul=1.000;gMul=1.000;qMul=1.000;qAdd=0.000;rpiOff=0.000,1789,7543,"RacePacingRejected, RACE action=reject_survival:7072;RacePacingRejected, RACE action=reject_pacing:467;ReplacementNotAllowed:4"
2026-09-16T05:10:09.3298298+00:00,1574597648,0.000000,0,1.000000,0.000000,0.000000,0.340000,SURVIVAL,SURVIVAL,NONE,H_t,reject_survival,phase=none;hMul=1.000;gMul=1.000;qMul=1.000;qAdd=0.000;rpiOff=0.000,1789,7543,"RacePacingRejected, RACE action=reject_survival:7072;RacePacingRejected, RACE action=reject_pacing:467;ReplacementNotAllowed:4"
2026-09-16T05:10:09.8300139+00:00,1574597648,0.000000,0,1.000000,0.000000,0.000000,0.340000,SURVIVAL,SURVIVAL,NONE,H_t,reject_survival,phase=none;hMul=1.000;gMul=1.000;qMul=1.000;qAdd=0.000;rpiOff=0.000,1789,7543,"RacePacingRejected, RACE action=reject_survival:7072;RacePacingRejected, RACE action=reject_pacing:467;ReplacementNotAllowed:4"
2026-09-16T05:10:10.3299715+00:00,1574687872,0.000000,0,1.000000,0.000000,0.000000,0.340000,SURVIVAL,SURVIVAL,NONE,H_t,reject_survival,phase=none;hMul=1.000;gMul=1.000;qMul=1.000;qAdd=0.000;rpiOff=0.000,1789,7543,"RacePacingRejected, RACE action=reject_survival:7072;RacePacingRejected, RACE action=reject_pacing:467;ReplacementNotAllowed:4"
2026-09-16T05:10:10.8301568+00:00,1574696096,0.000000,0,1.000000,0.000000,0.000000,0.340000,SURVIVAL,SURVIVAL,NONE,H_t,reject_survival,phase=none;hMul=1.000;gMul=1.000;qMul=1.000;qAdd=0.000;rpiOff=0.000,1789,7543,"RacePacingRejected, RACE action=reject_survival:7072;RacePacingRejected, RACE action=reject_pacing:467;ReplacementNotAllowed:4"
2026-09-16T05:10:11.3304199+00:00,1575138384,0.000000,0,1.000000,0.000000,0.000000,0.340000,SURVIVAL,SURVIVAL,NONE,H_t,reject_survival,phase=none;hMul=1.000;gMul=1.000;qMul=1.000;qAdd=0.000;rpiOff=0.000,1789,7543,"RacePacingRejected, RACE action=reject_survival:7072;RacePacingRejected, RACE action=reject_pacing:467;ReplacementNotAllowed:4"
2026-09-16T05:10:11.8307131+00:00,1575138384,0.000000,0,1.000000,0.000000,0.000000,0.340000,SURVIVAL,SURVIVAL,NONE,H_t,reject_survival,phase=none;hMul=1.000;gMul=1.000;qMul=1.000;qAdd=0.000;rpiOff=0.000,1789,7543,"RacePacingRejected, RACE action=reject_survival:7072;RacePacingRejected, RACE action=reject_pacing:467;ReplacementNotAllowed:4"
2026-09-16T05:10:12.3304094+00:00,1575179504,0.000000,0,1.000000,0.000000,0.000000,0.340000,SURVIVAL,SURVIVAL,NONE,H_t,reject_survival,phase=none;hMul=1.000;gMul=1.000;qMul=1.000;qAdd=0.000;rpiOff=0.000,1789,7543,"RacePacingRejected, RACE action=reject_survival:7072;RacePacingRejected, RACE action=reject_pacing:467;ReplacementNotAllowed:4"
2026-09-16T05:10:12.8299572+00:00,1575187728,0.000000,0,1.000000,0.000000,0.000000,0.340000,SURVIVAL,SURVIVAL,NONE,H_t,reject_survival,phase=none;hMul=1.000;gMul=1.000;qMul=1.000;qAdd=0.000;rpiOff=0.000,1789,7543,"RacePacingRejected, RACE action=reject_survival:7072;RacePacingRejected, RACE action=reject_pacing:467;ReplacementNotAllowed:4"
2026-09-16T05:10:13.3303921+00:00,1575269440,0.000000,0,1.000000,0.000000,0.000000,0.340000,SURVIVAL,SURVIVAL,NONE,H_t,reject_survival,phase=none;hMul=1.000;gMul=1.000;qMul=1.000;qAdd=0.000;rpiOff=0.000,1789,7543,"RacePacingRejected, RACE action=reject_survival:7072;RacePacingRejected, RACE action=reject_pacing:467;ReplacementNotAllowed:4"
2026-09-16T05:10:13.8305772+00:00,1575269440,0.000000,0,1.000000,0.000000,0.000000,0.340000,SURVIVAL,SURVIVAL,NONE,H_t,reject_survival,phase=none;hMul=1.000;gMul=1.000;qMul=1.000;qAdd=0.000;rpiOff=0.000,1789,7543,"RacePacingRejected, RACE action=reject_survival:7072;RacePacingRejected, RACE action=reject_pacing:467;ReplacementNotAllowed:4"
2026-09-16T05:10:14.3300742+00:00,1575318528,0.000000,0,1.000000,0.000000,0.000000,0.340000,SURVIVAL,SURVIVAL,NONE,H_t,reject_survival,phase=none;hMul=1.000;gMul=1.000;qMul=1.000;qAdd=0.000;rpiOff=0.000,1789,7543,"RacePacingRejected, RACE action=reject_survival:7072;RacePacingRejected, RACE action=reject_pacing:467;ReplacementNotAllowed:4"
2026-09-16T05:10:14.8303235+00:00,1575318528,0.000000,0,1.000000,0.000000,0.000000,0.340000,SURVIVAL,SURVIVAL,NONE,H_t,reject_survival,phase=none;hMul=1.000;gMul=1.000;qMul=1.000;qAdd=0.000;rpiOff=0.000,1789,7543,"RacePacingRejected, RACE action=reject_survival:7072;RacePacingRejected, RACE action=reject_pacing:467;ReplacementNotAllowed:4"
2026-09-16T05:10:15.3307417+00:00,1575384320,0.000000,0,1.000000,0.000000,0.000000,0.340000,SURVIVAL,SURVIVAL,NONE,H_t,reject_survival,phase=none;hMul=1.000;gMul=1.000;qMul=1.000;qAdd=0.000;rpiOff=0.000,1789,7543,"RacePacingRejected, RACE action=reject_survival:7072;RacePacingRejected, RACE action=reject_pacing:467;ReplacementNotAllowed:4"
2026-09-16T05:10:15.8299241+00:00,1575392544,0.000000,0,1.000000,0.000000,0.000000,0.340000,SURVIVAL,SURVIVAL,NONE,H_t,reject_survival,phase=none;hMul=1.000;gMul=1.000;qMul=1.000;qAdd=0.000;rpiOff=0.000,1789,7543,"RacePacingRejected, RACE action=reject_survival:7072;RacePacingRejected, RACE action=reject_pacing:467;ReplacementNotAllowed:4"
2026-09-16T05:10:16.3301683+00:00,1575494840,0.000000,0,1.000000,0.000000,0.000000,0.340000,SURVIVAL,SURVIVAL,NONE,H_t,reject_survival,phase=none;hMul=1.000;gMul=1.000;qMul=1.000;qAdd=0.000;rpiOff=0.000,1789,7546,"RacePacingRejected, RACE action=reject_survival:7075;RacePacingRejected, RACE action=reject_pacing:467;ReplacementNotAllowed:4"
2026-09-16T05:10:16.8299876+00:00,1575519256,0.000000,1,1.000000,0.000000,0.000244,0.340081,SURVIVAL,SURVIVAL,NONE,H_t,allow_survival,phase=none;hMul=1.000;gMul=1.000;qMul=1.000;qAdd=0.000;rpiOff=0.000,1790,7547,"RacePacingRejected, RACE action=reject_survival:7076;RacePacingRejected, RACE action=reject_pacing:467;ReplacementNotAllowed:4"
2026-09-16T05:10:17.3307492+00:00,1576052024,0.000000,0,1.000000,0.000000,0.000000,0.340000,SURVIVAL,SURVIVAL,NONE,H_t,reject_survival,phase=none;hMul=1.000;gMul=1.000;qMul=1.000;qAdd=0.000;rpiOff=0.000,1791,7549,"RacePacingRejected, RACE action=reject_survival:7078;RacePacingRejected, RACE action=reject_pacing:467;ReplacementNotAllowed:4"
2026-09-16T05:10:17.8305888+00:00,1576084920,0.000000,0,1.000000,0.000000,0.000000,0.340000,SURVIVAL,SURVIVAL,NONE,H_t,reject_survival,phase=none;hMul=1.000;gMul=1.000;qMul=1.000;qAdd=0.000;rpiOff=0.000,1791,7551,"RacePacingRejected, RACE action=reject_survival:7080;RacePacingRejected, RACE action=reject_pacing:467;ReplacementNotAllowed:4"
2026-09-16T05:10:18.3300049+00:00,1576535176,0.000000,0,1.000000,0.000000,0.000000,0.340000,SURVIVAL,SURVIVAL,NONE,H_t,reject_survival,phase=none;hMul=1.000;gMul=1.000;qMul=1.000;qAdd=0.000;rpiOff=0.000,1791,7554,"RacePacingRejected, RACE action=reject_survival:7083;RacePacingRejected, RACE action=reject_pacing:467;ReplacementNotAllowed:4"
2026-09-16T05:10:18.8302278+00:00,1576576296,0.000000,0,1.000000,0.000000,0.000000,0.340000,SURVIVAL,SURVIVAL,NONE,H_t,reject_survival,phase=none;hMul=1.000;gMul=1.000;qMul=1.000;qAdd=0.000;rpiOff=0.000,1791,7556,"RacePacingRejected, RACE action=reject_survival:7085;RacePacingRejected, RACE action=reject_pacing:467;ReplacementNotAllowed:4"
2026-09-16T05:10:19.3302644+00:00,1576691176,0.000000,0,1.000000,0.000000,0.000000,0.340000,SURVIVAL,SURVIVAL,NONE,H_t,reject_survival,phase=none;hMul=1.000;gMul=1.000;qMul=1.000;qAdd=0.000;rpiOff=0.000,1791,7559,"RacePacingRejected, RACE action=reject_survival:7088;RacePacingRejected, RACE action=reject_pacing:467;ReplacementNotAllowed:4"
2026-09-16T05:10:19.8306949+00:00,1576723816,0.000000,1,1.000000,0.000000,0.000244,0.340081,SURVIVAL,SURVIVAL,NONE,H_t,allow_survival,phase=none;hMul=1.000;gMul=1.000;qMul=1.000;qAdd=0.000;rpiOff=0.000,1792,7560,"RacePacingRejected, RACE action=reject_survival:7089;RacePacingRejected, RACE action=reject_pacing:467;ReplacementNotAllowed:4"
2026-09-16T05:10:20.3301997+00:00,1577034928,0.000000,0,1.000000,0.000000,0.000000,0.340000,SURVIVAL,SURVIVAL,NONE,H_t,reject_survival,phase=none;hMul=1.000;gMul=1.000;qMul=1.000;qAdd=0.000;rpiOff=0.000,1792,7563,"RacePacingRejected, RACE action=reject_survival:7092;RacePacingRejected, RACE action=reject_pacing:467;ReplacementNotAllowed:4"
2026-09-16T05:10:20.8305225+00:00,1577067824,0.000000,0,1.000000,0.000000,0.000000,0.340000,SURVIVAL,SURVIVAL,NONE,H_t,reject_survival,phase=none;hMul=1.000;gMul=1.000;qMul=1.000;qAdd=0.000;rpiOff=0.000,1792,7565,"RacePacingRejected, RACE action=reject_survival:7094;RacePacingRejected, RACE action=reject_pacing:467;ReplacementNotAllowed:4"
2026-09-16T05:10:21.3302792+00:00,1577157776,0.000000,0,1.000000,0.000000,0.000000,0.340000,SURVIVAL,SURVIVAL,NONE,H_t,reject_survival,phase=none;hMul=1.000;gMul=1.000;qMul=1.000;qAdd=0.000;rpiOff=0.000,1792,7568,"RacePacingRejected, RACE action=reject_survival:7097;RacePacingRejected, RACE action=reject_pacing:467;ReplacementNotAllowed:4"
2026-09-16T05:10:21.8305026+00:00,1577198896,0.000000,0,1.000000,0.000000,0.000000,0.340000,SURVIVAL,SURVIVAL,NONE,H_t,reject_survival,phase=none;hMul=1.000;gMul=1.000;qMul=1.000;qAdd=0.000;rpiOff=0.000,1792,7570,"RacePacingRejected, RACE action=reject_survival:7099;RacePacingRejected, RACE action=reject_pacing:467;ReplacementNotAllowed:4"
2026-09-16T05:10:22.3306976+00:00,1577305296,0.000000,1,1.000000,0.000000,0.000244,0.340081,SURVIVAL,SURVIVAL,NONE,H_t,reject_survival,phase=none;hMul=1.000;gMul=1.000;qMul=1.000;qAdd=0.000;rpiOff=0.000,1793,7572,"RacePacingRejected, RACE action=reject_survival:7101;RacePacingRejected, RACE action=reject_pacing:467;ReplacementNotAllowed:4"
2026-09-16T05:10:22.8307472+00:00,1577337680,0.000000,1,1.000000,0.000000,0.000244,0.340081,SURVIVAL,SURVIVAL,NONE,H_t,reject_survival,phase=none;hMul=1.000;gMul=1.000;qMul=1.000;qAdd=0.000;rpiOff=0.000,1793,7574,"RacePacingRejected, RACE action=reject_survival:7103;RacePacingRejected, RACE action=reject_pacing:467;ReplacementNotAllowed:4"
2026-09-16T05:10:23.3303863+00:00,1577714448,0.000000,0,1.000000,0.000000,0.000000,0.340000,SURVIVAL,SURVIVAL,NONE,H_t,reject_survival,phase=none;hMul=1.000;gMul=1.000;qMul=1.000;qAdd=0.000;rpiOff=0.000,1793,7577,"RacePacingRejected, RACE action=reject_survival:7106;RacePacingRejected, RACE action=reject_pacing:467;ReplacementNotAllowed:4"
2026-09-16T05:10:23.8302538+00:00,1577747344,0.000000,0,1.000000,0.000000,0.000000,0.340000,SURVIVAL,SURVIVAL,NONE,H_t,reject_survival,phase=none;hMul=1.000;gMul=1.000;qMul=1.000;qAdd=0.000;rpiOff=0.000,1793,7579,"RacePacingRejected, RACE action=reject_survival:7108;RacePacingRejected, RACE action=reject_pacing:467;ReplacementNotAllowed:4"
2026-09-16T05:10:24.3303137+00:00,1577858088,0.000000,1,1.000000,0.000000,0.000244,0.340081,SURVIVAL,SURVIVAL,NONE,H_t,allow_survival,phase=none;hMul=1.000;gMul=1.000;qMul=1.000;qAdd=0.000;rpiOff=0.000,1794,7581,"RacePacingRejected, RACE action=reject_survival:7110;RacePacingRejected, RACE action=reject_pacing:467;ReplacementNotAllowed:4"
2026-09-16T05:10:24.8302767+00:00,1577874280,0.000000,2,1.000000,0.000000,0.000488,0.340161,SURVIVAL,SURVIVAL,NONE,H_t,allow_survival,phase=none;hMul=1.000;gMul=1.000;qMul=1.000;qAdd=0.000;rpiOff=0.000,1795,7582,"RacePacingRejected, RACE action=reject_survival:7111;RacePacingRejected, RACE action=reject_pacing:467;ReplacementNotAllowed:4"
2026-09-16T05:10:25.3303243+00:00,1578603400,0.000000,0,1.000000,0.000000,0.000000,0.340000,SURVIVAL,SURVIVAL,NONE,H_t,reject_survival,phase=none;hMul=1.000;gMul=1.000;qMul=1.000;qAdd=0.000;rpiOff=0.000,1795,7585,"RacePacingRejected, RACE action=reject_survival:7114;RacePacingRejected, RACE action=reject_pacing:467;ReplacementNotAllowed:4"
2026-09-16T05:10:25.8298312+00:00,1578628072,0.000000,1,1.000000,0.000000,0.000244,0.340081,SURVIVAL,SURVIVAL,NONE,H_t,reject_survival,phase=none;hMul=1.000;gMul=1.000;qMul=1.000;qAdd=0.000;rpiOff=0.000,1796,7586,"RacePacingRejected, RACE action=reject_survival:7115;RacePacingRejected, RACE action=reject_pacing:467;ReplacementNotAllowed:4"
2026-09-16T05:10:26.3299139+00:00,1579023928,0.000000,0,1.000000,0.000000,0.000000,0.340000,SURVIVAL,SURVIVAL,NONE,H_t,reject_survival,phase=none;hMul=1.000;gMul=1.000;qMul=1.000;qAdd=0.000;rpiOff=0.000,1796,7589,"RacePacingRejected, RACE action=reject_survival:7118;RacePacingRejected, RACE action=reject_pacing:467;ReplacementNotAllowed:4"
2026-09-16T05:10:26.8304487+00:00,1579065112,0.000000,0,1.000000,0.000000,0.000000,0.340000,SURVIVAL,SURVIVAL,NONE,H_t,reject_survival,phase=none;hMul=1.000;gMul=1.000;qMul=1.000;qAdd=0.000;rpiOff=0.000,1796,7591,"RacePacingRejected, RACE action=reject_survival:7120;RacePacingRejected, RACE action=reject_pacing:467;ReplacementNotAllowed:4"
2026-09-16T05:10:27.3305166+00:00,1579168552,0.000000,1,1.000000,0.000000,0.000244,0.340081,SURVIVAL,SURVIVAL,NONE,H_t,reject_survival,phase=none;hMul=1.000;gMul=1.000;qMul=1.000;qAdd=0.000;rpiOff=0.000,1797,7593,"RacePacingRejected, RACE action=reject_survival:7122;RacePacingRejected, RACE action=reject_pacing:467;ReplacementNotAllowed:4"
2026-09-16T05:10:27.8303393+00:00,1579209352,0.000000,1,1.000000,0.000000,0.000244,0.340081,SURVIVAL,SURVIVAL,NONE,H_t,reject_survival,phase=none;hMul=1.000;gMul=1.000;qMul=1.000;qAdd=0.000;rpiOff=0.000,1797,7595,"RacePacingRejected, RACE action=reject_survival:7124;RacePacingRejected, RACE action=reject_pacing:467;ReplacementNotAllowed:4"
2026-09-16T05:10:28.3303953+00:00,1579634888,0.000000,0,1.000000,0.000000,0.000000,0.340000,SURVIVAL,SURVIVAL,NONE,H_t,reject_survival,phase=none;hMul=1.000;gMul=1.000;qMul=1.000;qAdd=0.000;rpiOff=0.000,1797,7598,"RacePacingRejected, RACE action=reject_survival:7127;RacePacingRejected, RACE action=reject_pacing:467;ReplacementNotAllowed:4"
2026-09-16T05:10:28.8305050+00:00,1579659624,0.000000,0,1.000000,0.000000,0.000000,0.340000,SURVIVAL,SURVIVAL,NONE,H_t,reject_survival,phase=none;hMul=1.000;gMul=1.000;qMul=1.000;qAdd=0.000;rpiOff=0.000,1797,7600,"RacePacingRejected, RACE action=reject_survival:7129;RacePacingRejected, RACE action=reject_pacing:467;ReplacementNotAllowed:4"
2026-09-16T05:10:29.3305920+00:00,1579741864,0.000000,1,1.000000,0.000000,0.000244,0.340081,SURVIVAL,SURVIVAL,NONE,H_t,allow_survival,phase=none;hMul=1.000;gMul=1.000;qMul=1.000;qAdd=0.000;rpiOff=0.000,1798,7602,"RacePacingRejected, RACE action=reject_survival:7131;RacePacingRejected, RACE action=reject_pacing:467;ReplacementNotAllowed:4"
2026-09-16T05:10:29.8301931+00:00,1579782984,0.000000,1,1.000000,0.000000,0.000244,0.340081,SURVIVAL,SURVIVAL,NONE,H_t,reject_survival,phase=none;hMul=1.000;gMul=1.000;qMul=1.000;qAdd=0.000;rpiOff=0.000,1798,7604,"RacePacingRejected, RACE action=reject_survival:7133;RacePacingRejected, RACE action=reject_pacing:467;ReplacementNotAllowed:4"
2026-09-16T05:10:30.3306686+00:00,1580216840,0.000000,0,1.000000,0.000000,0.000000,0.340000,SURVIVAL,SURVIVAL,NONE,H_t,reject_survival,phase=none;hMul=1.000;gMul=1.000;qMul=1.000;qAdd=0.000;rpiOff=0.000,1798,7607,"RacePacingRejected, RACE action=reject_survival:7136;RacePacingRejected, RACE action=reject_pacing:467;ReplacementNotAllowed:4"
2026-09-16T05:10:30.8298503+00:00,1580233288,0.000000,1,1.000000,0.000000,0.000244,0.340081,SURVIVAL,SURVIVAL,NONE,H_t,reject_survival,phase=none;hMul=1.000;gMul=1.000;qMul=1.000;qAdd=0.000;rpiOff=0.000,1799,7608,"RacePacingRejected, RACE action=reject_survival:7137;RacePacingRejected, RACE action=reject_pacing:467;ReplacementNotAllowed:4"
2026-09-16T05:10:31.3306897+00:00,1580621880,0.000000,1,1.000000,0.000000,0.000244,0.340081,SURVIVAL,SURVIVAL,NONE,H_t,reject_survival,phase=none;hMul=1.000;gMul=1.000;qMul=1.000;qAdd=0.000;rpiOff=0.000,1800,7610,"RacePacingRejected, RACE action=reject_survival:7139;RacePacingRejected, RACE action=reject_pacing:467;ReplacementNotAllowed:4"
2026-09-16T05:10:31.8299734+00:00,1580654520,0.000000,2,1.000000,0.000000,0.000488,0.340161,SURVIVAL,SURVIVAL,NONE,H_t,reject_survival,phase=none;hMul=1.000;gMul=1.000;qMul=1.000;qAdd=0.000;rpiOff=0.000,1801,7611,"RacePacingRejected, RACE action=reject_survival:7140;RacePacingRejected, RACE action=reject_pacing:467;ReplacementNotAllowed:4"
2026-09-16T05:10:32.3304034+00:00,1582132424,0.000000,0,1.000000,0.000000,0.000000,0.340000,SURVIVAL,SURVIVAL,NONE,H_t,reject_survival,phase=none;hMul=1.000;gMul=1.000;qMul=1.000;qAdd=0.000;rpiOff=0.000,1802,7613,"RacePacingRejected, RACE action=reject_survival:7142;RacePacingRejected, RACE action=reject_pacing:467;ReplacementNotAllowed:4"
2026-09-16T05:10:32.8300789+00:00,1582165320,0.000000,2,1.000000,0.000000,0.000488,0.340161,SURVIVAL,SURVIVAL,NONE,H_t,allow_survival,phase=none;hMul=1.000;gMul=1.000;qMul=1.000;qAdd=0.000;rpiOff=0.000,1804,7613,"RacePacingRejected, RACE action=reject_survival:7142;RacePacingRejected, RACE action=reject_pacing:467;ReplacementNotAllowed:4"
2026-09-16T05:10:33.3300388+00:00,1582796008,0.000000,0,1.000000,0.000000,0.000000,0.340000,SURVIVAL,SURVIVAL,NONE,H_t,reject_survival,phase=none;hMul=1.000;gMul=1.000;qMul=1.000;qAdd=0.000;rpiOff=0.000,1804,7616,"RacePacingRejected, RACE action=reject_survival:7145;RacePacingRejected, RACE action=reject_pacing:467;ReplacementNotAllowed:4"
2026-09-16T05:10:33.8306609+00:00,1582841248,0.000000,0,1.000000,0.000000,0.000000,0.340000,SURVIVAL,SURVIVAL,NONE,H_t,reject_survival,phase=none;hMul=1.000;gMul=1.000;qMul=1.000;qAdd=0.000;rpiOff=0.000,1804,7618,"RacePacingRejected, RACE action=reject_survival:7147;RacePacingRejected, RACE action=reject_pacing:467;ReplacementNotAllowed:4"
2026-09-16T05:10:34.3300802+00:00,1582947904,0.000000,0,1.000000,0.000000,0.000000,0.340000,SURVIVAL,SURVIVAL,NONE,H_t,reject_survival,phase=none;hMul=1.000;gMul=1.000;qMul=1.000;qAdd=0.000;rpiOff=0.000,1804,7621,"RacePacingRejected, RACE action=reject_survival:7150;RacePacingRejected, RACE action=reject_pacing:467;ReplacementNotAllowed:4"
2026-09-16T05:10:34.8306370+00:00,1582980544,0.000000,0,1.000000,0.000000,0.000000,0.340000,SURVIVAL,SURVIVAL,NONE,H_t,reject_survival,phase=none;hMul=1.000;gMul=1.000;qMul=1.000;qAdd=0.000;rpiOff=0.000,1804,7623,"RacePacingRejected, RACE action=reject_survival:7152;RacePacingRejected, RACE action=reject_pacing:467;ReplacementNotAllowed:4"
2026-09-16T05:10:35.3299099+00:00,1583078976,0.000000,0,1.000000,0.000000,0.000000,0.340000,SURVIVAL,SURVIVAL,NONE,H_t,reject_survival,phase=none;hMul=1.000;gMul=1.000;qMul=1.000;qAdd=0.000;rpiOff=0.000,1804,7626,"RacePacingRejected, RACE action=reject_survival:7155;RacePacingRejected, RACE action=reject_pacing:467;ReplacementNotAllowed:4"
2026-09-16T05:10:35.8302597+00:00,1583095424,0.000000,1,1.000000,0.000000,0.000244,0.340081,SURVIVAL,SURVIVAL,NONE,H_t,reject_survival,phase=none;hMul=1.000;gMul=1.000;qMul=1.000;qAdd=0.000;rpiOff=0.000,1805,7627,"RacePacingRejected, RACE action=reject_survival:7156;RacePacingRejected, RACE action=reject_pacing:467;ReplacementNotAllowed:4"
2026-09-16T05:10:36.3299029+00:00,1583521600,0.000000,0,1.000000,0.000000,0.000000,0.340000,SURVIVAL,SURVIVAL,NONE,H_t,reject_survival,phase=none;hMul=1.000;gMul=1.000;qMul=1.000;qAdd=0.000;rpiOff=0.000,1805,7630,"RacePacingRejected, RACE action=reject_survival:7159;RacePacingRejected, RACE action=reject_pacing:467;ReplacementNotAllowed:4"
2026-09-16T05:10:36.8301614+00:00,1583562720,0.000000,0,1.000000,0.000000,0.000000,0.340000,SURVIVAL,SURVIVAL,NONE,H_t,reject_survival,phase=none;hMul=1.000;gMul=1.000;qMul=1.000;qAdd=0.000;rpiOff=0.000,1805,7632,"RacePacingRejected, RACE action=reject_survival:7161;RacePacingRejected, RACE action=reject_pacing:467;ReplacementNotAllowed:4"
2026-09-16T05:10:37.3298649+00:00,1583644448,0.000000,1,1.000000,0.000000,0.000244,0.340081,SURVIVAL,SURVIVAL,NONE,H_t,reject_survival,phase=none;hMul=1.000;gMul=1.000;qMul=1.000;qAdd=0.000;rpiOff=0.000,1806,7634,"RacePacingRejected, RACE action=reject_survival:7163;RacePacingRejected, RACE action=reject_pacing:467;ReplacementNotAllowed:4"
2026-09-16T05:10:37.8299275+00:00,1583677088,0.000000,1,1.000000,0.000000,0.000244,0.340081,SURVIVAL,SURVIVAL,NONE,H_t,reject_survival,phase=none;hMul=1.000;gMul=1.000;qMul=1.000;qAdd=0.000;rpiOff=0.000,1806,7636,"RacePacingRejected, RACE action=reject_survival:7165;RacePacingRejected, RACE action=reject_pacing:467;ReplacementNotAllowed:4"
2026-09-16T05:10:38.3299269+00:00,1584089392,0.000000,1,1.000000,0.000000,0.000244,0.340081,SURVIVAL,SURVIVAL,NONE,H_t,allow_survival,phase=none;hMul=1.000;gMul=1.000;qMul=1.000;qAdd=0.000;rpiOff=0.000,1807,7638,"RacePacingRejected, RACE action=reject_survival:7167;RacePacingRejected, RACE action=reject_pacing:467;ReplacementNotAllowed:4"
2026-09-16T05:10:38.8304181+00:00,1584122288,0.000000,1,1.000000,0.000000,0.000244,0.340081,SURVIVAL,SURVIVAL,NONE,H_t,reject_survival,phase=none;hMul=1.000;gMul=1.000;qMul=1.000;qAdd=0.000;rpiOff=0.000,1807,7640,"RacePacingRejected, RACE action=reject_survival:7169;RacePacingRejected, RACE action=reject_pacing:467;ReplacementNotAllowed:4"
2026-09-16T05:10:39.3300976+00:00,1584522264,0.000000,1,1.000000,0.000000,0.000244,0.340081,SURVIVAL,SURVIVAL,NONE,H_t,allow_survival,phase=none;hMul=1.000;gMul=1.000;qMul=1.000;qAdd=0.000;rpiOff=0.000,1808,7642,"RacePacingRejected, RACE action=reject_survival:7171;RacePacingRejected, RACE action=reject_pacing:467;ReplacementNotAllowed:4"
2026-09-16T05:10:39.8307925+00:00,1584555160,0.000000,1,1.000000,0.000000,0.000244,0.340081,SURVIVAL,SURVIVAL,NONE,H_t,reject_survival,phase=none;hMul=1.000;gMul=1.000;qMul=1.000;qAdd=0.000;rpiOff=0.000,1808,7644,"RacePacingRejected, RACE action=reject_survival:7173;RacePacingRejected, RACE action=reject_pacing:467;ReplacementNotAllowed:4"
2026-09-16T05:10:40.3301101+00:00,1585261656,0.000000,1,1.000000,0.000000,0.000244,0.340081,SURVIVAL,SURVIVAL,NONE,H_t,allow_survival,phase=none;hMul=1.000;gMul=1.000;qMul=1.000;qAdd=0.000;rpiOff=0.000,1810,7645,"RacePacingRejected, RACE action=reject_survival:7174;RacePacingRejected, RACE action=reject_pacing:467;ReplacementNotAllowed:4"
2026-09-16T05:10:40.8301332+00:00,1585286328,0.000000,2,1.000000,0.000000,0.000488,0.340161,SURVIVAL,SURVIVAL,NONE,H_t,reject_survival,phase=none;hMul=1.000;gMul=1.000;qMul=1.000;qAdd=0.000;rpiOff=0.000,1811,7646,"RacePacingRejected, RACE action=reject_survival:7175;RacePacingRejected, RACE action=reject_pacing:467;ReplacementNotAllowed:4"
2026-09-16T05:10:41.3303190+00:00,1585974328,0.000000,1,1.000000,0.000000,0.000244,0.340081,SURVIVAL,SURVIVAL,NONE,H_t,reject_survival,phase=none;hMul=1.000;gMul=1.000;qMul=1.000;qAdd=0.000;rpiOff=0.000,1812,7648,"RacePacingRejected, RACE action=reject_survival:7177;RacePacingRejected, RACE action=reject_pacing:467;ReplacementNotAllowed:4"
2026-09-16T05:10:41.8308023+00:00,1585998744,0.000000,1,1.000000,0.000000,0.000244,0.340081,SURVIVAL,SURVIVAL,NONE,H_t,reject_survival,phase=none;hMul=1.000;gMul=1.000;qMul=1.000;qAdd=0.000;rpiOff=0.000,1812,7650,"RacePacingRejected, RACE action=reject_survival:7179;RacePacingRejected, RACE action=reject_pacing:467;ReplacementNotAllowed:4"
2026-09-16T05:10:42.3301816+00:00,1586432568,0.000000,0,1.000000,0.000000,0.000000,0.340000,SURVIVAL,SURVIVAL,NONE,H_t,reject_survival,phase=none;hMul=1.000;gMul=1.000;qMul=1.000;qAdd=0.000;rpiOff=0.000,1812,7653,"RacePacingRejected, RACE action=reject_survival:7182;RacePacingRejected, RACE action=reject_pacing:467;ReplacementNotAllowed:4"
2026-09-16T05:10:42.8302323+00:00,1586457240,0.000000,0,1.000000,0.000000,0.000000,0.340000,SURVIVAL,SURVIVAL,NONE,H_t,reject_survival,phase=none;hMul=1.000;gMul=1.000;qMul=1.000;qAdd=0.000;rpiOff=0.000,1812,7655,"RacePacingRejected, RACE action=reject_survival:7184;RacePacingRejected, RACE action=reject_pacing:467;ReplacementNotAllowed:4"
2026-09-16T05:10:43.3301346+00:00,1586555672,0.000000,0,1.000000,0.000000,0.000000,0.340000,SURVIVAL,SURVIVAL,NONE,H_t,reject_survival,phase=none;hMul=1.000;gMul=1.000;qMul=1.000;qAdd=0.000;rpiOff=0.000,1812,7658,"RacePacingRejected, RACE action=reject_survival:7187;RacePacingRejected, RACE action=reject_pacing:467;ReplacementNotAllowed:4"
2026-09-16T05:10:43.8305019+00:00,1586588888,0.000000,0,1.000000,0.000000,0.000000,0.340000,SURVIVAL,SURVIVAL,NONE,H_t,reject_survival,phase=none;hMul=1.000;gMul=1.000;qMul=1.000;qAdd=0.000;rpiOff=0.000,1812,7660,"RacePacingRejected, RACE action=reject_survival:7189;RacePacingRejected, RACE action=reject_pacing:467;ReplacementNotAllowed:4"
2026-09-16T05:10:44.3303212+00:00,1586998168,0.000000,0,1.000000,0.000000,0.000000,0.340000,SURVIVAL,SURVIVAL,NONE,H_t,reject_survival,phase=none;hMul=1.000;gMul=1.000;qMul=1.000;qAdd=0.000;rpiOff=0.000,1813,7662,"RacePacingRejected, RACE action=reject_survival:7191;RacePacingRejected, RACE action=reject_pacing:467;ReplacementNotAllowed:4"
2026-09-16T05:10:44.8302593+00:00,1587031064,0.000000,1,1.000000,0.000000,0.000244,0.340081,SURVIVAL,SURVIVAL,NONE,H_t,reject_survival,phase=none;hMul=1.000;gMul=1.000;qMul=1.000;qAdd=0.000;rpiOff=0.000,1814,7663,"RacePacingRejected, RACE action=reject_survival:7192;RacePacingRejected, RACE action=reject_pacing:467;ReplacementNotAllowed:4"
2026-09-16T05:10:45.3308018+00:00,1587412520,0.000000,1,1.000000,0.000000,0.000244,0.340081,SURVIVAL,SURVIVAL,NONE,H_t,reject_survival,phase=none;hMul=1.000;gMul=1.000;qMul=1.000;qAdd=0.000;rpiOff=0.000,1815,7665,"RacePacingRejected, RACE action=reject_survival:7194;RacePacingRejected, RACE action=reject_pacing:467;ReplacementNotAllowed:4"
2026-09-16T05:10:45.8302924+00:00,1587453384,0.000000,1,1.000000,0.000000,0.000244,0.340081,SURVIVAL,SURVIVAL,NONE,H_t,reject_survival,phase=none;hMul=1.000;gMul=1.000;qMul=1.000;qAdd=0.000;rpiOff=0.000,1815,7667,"RacePacingRejected, RACE action=reject_survival:7196;RacePacingRejected, RACE action=reject_pacing:467;ReplacementNotAllowed:4"
2026-09-16T05:10:46.3304217+00:00,1587882712,0.000000,0,1.000000,0.000000,0.000000,0.340000,SURVIVAL,SURVIVAL,NONE,H_t,reject_survival,phase=none;hMul=1.000;gMul=1.000;qMul=1.000;qAdd=0.000;rpiOff=0.000,1815,7670,"RacePacingRejected, RACE action=reject_survival:7199;RacePacingRejected, RACE action=reject_pacing:467;ReplacementNotAllowed:4"
2026-09-16T05:10:46.8300395+00:00,1587915608,0.000000,0,1.000000,0.000000,0.000000,0.340000,SURVIVAL,SURVIVAL,NONE,H_t,reject_survival,phase=none;hMul=1.000;gMul=1.000;qMul=1.000;qAdd=0.000;rpiOff=0.000,1815,7672,"RacePacingRejected, RACE action=reject_survival:7201;RacePacingRejected, RACE action=reject_pacing:467;ReplacementNotAllowed:4"
2026-09-16T05:10:47.3301224+00:00,1588002920,0.000000,1,1.000000,0.000000,0.000244,0.340081,SURVIVAL,SURVIVAL,NONE,H_t,allow_survival,phase=none;hMul=1.000;gMul=1.000;qMul=1.000;qAdd=0.000;rpiOff=0.000,1816,7674,"RacePacingRejected, RACE action=reject_survival:7203;RacePacingRejected, RACE action=reject_pacing:467;ReplacementNotAllowed:4"
2026-09-16T05:10:47.8307415+00:00,1588035816,0.000000,1,1.000000,0.000000,0.000244,0.340081,SURVIVAL,SURVIVAL,NONE,H_t,reject_survival,phase=none;hMul=1.000;gMul=1.000;qMul=1.000;qAdd=0.000;rpiOff=0.000,1816,7676,"RacePacingRejected, RACE action=reject_survival:7205;RacePacingRejected, RACE action=reject_pacing:467;ReplacementNotAllowed:4"
2026-09-16T05:10:48.3307638+00:00,1588461416,0.000000,0,1.000000,0.000000,0.000000,0.340000,SURVIVAL,SURVIVAL,NONE,H_t,reject_survival,phase=none;hMul=1.000;gMul=1.000;qMul=1.000;qAdd=0.000;rpiOff=0.000,1816,7679,"RacePacingRejected, RACE action=reject_survival:7208;RacePacingRejected, RACE action=reject_pacing:467;ReplacementNotAllowed:4"
2026-09-16T05:10:48.8304994+00:00,1588494312,0.000000,0,1.000000,0.000000,0.000000,0.340000,SURVIVAL,SURVIVAL,NONE,H_t,reject_survival,phase=none;hMul=1.000;gMul=1.000;qMul=1.000;qAdd=0.000;rpiOff=0.000,1816,7681,"RacePacingRejected, RACE action=reject_survival:7210;RacePacingRejected, RACE action=reject_pacing:467;ReplacementNotAllowed:4"
2026-09-16T05:10:49.3304629+00:00,1588584520,0.000000,0,1.000000,0.000000,0.000000,0.340000,SURVIVAL,SURVIVAL,NONE,H_t,reject_survival,phase=none;hMul=1.000;gMul=1.000;qMul=1.000;qAdd=0.000;rpiOff=0.000,1816,7684,"RacePacingRejected, RACE action=reject_survival:7213;RacePacingRejected, RACE action=reject_pacing:467;ReplacementNotAllowed:4"
2026-09-16T05:10:49.8300352+00:00,1588617160,0.000000,0,1.000000,0.000000,0.000000,0.340000,SURVIVAL,SURVIVAL,NONE,H_t,reject_survival,phase=none;hMul=1.000;gMul=1.000;qMul=1.000;qAdd=0.000;rpiOff=0.000,1816,7686,"RacePacingRejected, RACE action=reject_survival:7215;RacePacingRejected, RACE action=reject_pacing:467;ReplacementNotAllowed:4"
2026-09-16T05:10:50.3306919+00:00,1588732040,0.000000,0,1.000000,0.000000,0.000000,0.340000,SURVIVAL,SURVIVAL,NONE,H_t,reject_survival,phase=none;hMul=1.000;gMul=1.000;qMul=1.000;qAdd=0.000;rpiOff=0.000,1816,7689,"RacePacingRejected, RACE action=reject_survival:7218;RacePacingRejected, RACE action=reject_pacing:467;ReplacementNotAllowed:4"
2026-09-16T05:10:50.8302536+00:00,1588772648,0.000000,0,1.000000,0.000000,0.000000,0.340000,SURVIVAL,SURVIVAL,NONE,H_t,reject_survival,phase=none;hMul=1.000;gMul=1.000;qMul=1.000;qAdd=0.000;rpiOff=0.000,1816,7691,"RacePacingRejected, RACE action=reject_survival:7220;RacePacingRejected, RACE action=reject_pacing:467;ReplacementNotAllowed:4"
2026-09-16T05:10:51.3298731+00:00,1588888104,0.000000,0,1.000000,0.000000,0.000000,0.340000,SURVIVAL,SURVIVAL,NONE,H_t,reject_survival,phase=none;hMul=1.000;gMul=1.000;qMul=1.000;qAdd=0.000;rpiOff=0.000,1816,7694,"RacePacingRejected, RACE action=reject_survival:7223;RacePacingRejected, RACE action=reject_pacing:467;ReplacementNotAllowed:4"
2026-09-16T05:10:51.8306832+00:00,1588912520,0.000000,1,1.000000,0.000000,0.000244,0.340081,SURVIVAL,SURVIVAL,NONE,H_t,allow_survival,phase=none;hMul=1.000;gMul=1.000;qMul=1.000;qAdd=0.000;rpiOff=0.000,1817,7695,"RacePacingRejected, RACE action=reject_survival:7224;RacePacingRejected, RACE action=reject_pacing:467;ReplacementNotAllowed:4"
2026-09-16T05:10:52.3298664+00:00,1589615816,0.000000,0,1.000000,0.000000,0.000000,0.340000,SURVIVAL,SURVIVAL,NONE,H_t,reject_survival,phase=none;hMul=1.000;gMul=1.000;qMul=1.000;qAdd=0.000;rpiOff=0.000,1818,7697,"RacePacingRejected, RACE action=reject_survival:7226;RacePacingRejected, RACE action=reject_pacing:467;ReplacementNotAllowed:4"
2026-09-16T05:10:52.8305239+00:00,1589632264,0.000000,2,1.000000,0.000000,0.000488,0.340161,SURVIVAL,SURVIVAL,NONE,H_t,allow_survival,phase=none;hMul=1.000;gMul=1.000;qMul=1.000;qAdd=0.000;rpiOff=0.000,1820,7697,"RacePacingRejected, RACE action=reject_survival:7226;RacePacingRejected, RACE action=reject_pacing:467;ReplacementNotAllowed:4"
2026-09-16T05:10:53.3307413+00:00,1590322264,0.000000,1,1.000000,0.000000,0.000244,0.340081,SURVIVAL,SURVIVAL,NONE,H_t,reject_survival,phase=none;hMul=1.000;gMul=1.000;qMul=1.000;qAdd=0.000;rpiOff=0.000,1821,7699,"RacePacingRejected, RACE action=reject_survival:7228;RacePacingRejected, RACE action=reject_pacing:467;ReplacementNotAllowed:4"
2026-09-16T05:10:53.8303123+00:00,1590367504,0.000000,1,1.000000,0.000000,0.000244,0.340081,SURVIVAL,SURVIVAL,NONE,H_t,reject_survival,phase=none;hMul=1.000;gMul=1.000;qMul=1.000;qAdd=0.000;rpiOff=0.000,1821,7701,"RacePacingRejected, RACE action=reject_survival:7230;RacePacingRejected, RACE action=reject_pacing:467;ReplacementNotAllowed:4"
2026-09-16T05:10:54.3307339+00:00,1590785712,0.000000,0,1.000000,0.000000,0.000000,0.340000,SURVIVAL,SURVIVAL,NONE,H_t,reject_survival,phase=none;hMul=1.000;gMul=1.000;qMul=1.000;qAdd=0.000;rpiOff=0.000,1821,7704,"RacePacingRejected, RACE action=reject_survival:7233;RacePacingRejected, RACE action=reject_pacing:467;ReplacementNotAllowed:4"
2026-09-16T05:10:54.8299268+00:00,1590826832,0.000000,0,1.000000,0.000000,0.000000,0.340000,SURVIVAL,SURVIVAL,NONE,H_t,reject_survival,phase=none;hMul=1.000;gMul=1.000;qMul=1.000;qAdd=0.000;rpiOff=0.000,1821,7706,"RacePacingRejected, RACE action=reject_survival:7235;RacePacingRejected, RACE action=reject_pacing:467;ReplacementNotAllowed:4"
2026-09-16T05:10:55.3306636+00:00,1590909712,0.000000,0,1.000000,0.000000,0.000000,0.340000,SURVIVAL,SURVIVAL,NONE,H_t,reject_survival,phase=none;hMul=1.000;gMul=1.000;qMul=1.000;qAdd=0.000;rpiOff=0.000,1821,7709,"RacePacingRejected, RACE action=reject_survival:7238;RacePacingRejected, RACE action=reject_pacing:467;ReplacementNotAllowed:4"
2026-09-16T05:10:55.8302117+00:00,1590942608,0.000000,0,1.000000,0.000000,0.000000,0.340000,SURVIVAL,SURVIVAL,NONE,H_t,reject_survival,phase=none;hMul=1.000;gMul=1.000;qMul=1.000;qAdd=0.000;rpiOff=0.000,1821,7711,"RacePacingRejected, RACE action=reject_survival:7240;RacePacingRejected, RACE action=reject_pacing:467;ReplacementNotAllowed:4"
2026-09-16T05:10:56.3302306+00:00,1591364040,0.000000,0,1.000000,0.000000,0.000000,0.340000,SURVIVAL,SURVIVAL,NONE,H_t,reject_survival,phase=none;hMul=1.000;gMul=1.000;qMul=1.000;qAdd=0.000;rpiOff=0.000,1822,7713,"RacePacingRejected, RACE action=reject_survival:7242;RacePacingRejected, RACE action=reject_pacing:467;ReplacementNotAllowed:4"
2026-09-16T05:10:56.8298700+00:00,1591396936,0.000000,0,1.000000,0.000000,0.000000,0.340000,SURVIVAL,SURVIVAL,NONE,H_t,reject_survival,phase=none;hMul=1.000;gMul=1.000;qMul=1.000;qAdd=0.000;rpiOff=0.000,1822,7715,"RacePacingRejected, RACE action=reject_survival:7244;RacePacingRejected, RACE action=reject_pacing:467;ReplacementNotAllowed:4"
2026-09-16T05:10:57.3301529+00:00,1591487144,0.000000,1,1.000000,0.000000,0.000244,0.340081,SURVIVAL,SURVIVAL,NONE,H_t,allow_survival,phase=none;hMul=1.000;gMul=1.000;qMul=1.000;qAdd=0.000;rpiOff=0.000,1823,7717,"RacePacingRejected, RACE action=reject_survival:7246;RacePacingRejected, RACE action=reject_pacing:467;ReplacementNotAllowed:4"
2026-09-16T05:10:57.8307791+00:00,1591520424,0.000000,1,1.000000,0.000000,0.000244,0.340081,SURVIVAL,SURVIVAL,NONE,H_t,reject_survival,phase=none;hMul=1.000;gMul=1.000;qMul=1.000;qAdd=0.000;rpiOff=0.000,1823,7719,"RacePacingRejected, RACE action=reject_survival:7248;RacePacingRejected, RACE action=reject_pacing:467;ReplacementNotAllowed:4"
2026-09-16T05:10:58.3306682+00:00,1591950336,0.000000,1,1.000000,0.000000,0.000244,0.340081,SURVIVAL,SURVIVAL,NONE,H_t,allow_survival,phase=none;hMul=1.000;gMul=1.000;qMul=1.000;qAdd=0.000;rpiOff=0.000,1824,7721,"RacePacingRejected, RACE action=reject_survival:7250;RacePacingRejected, RACE action=reject_pacing:467;ReplacementNotAllowed:4"
2026-09-16T05:10:58.8306258+00:00,1591983552,0.000000,1,1.000000,0.000000,0.000244,0.340081,SURVIVAL,SURVIVAL,NONE,H_t,reject_survival,phase=none;hMul=1.000;gMul=1.000;qMul=1.000;qAdd=0.000;rpiOff=0.000,1824,7723,"RacePacingRejected, RACE action=reject_survival:7252;RacePacingRejected, RACE action=reject_pacing:467;ReplacementNotAllowed:4"
2026-09-16T05:10:59.3303974+00:00,1592412048,0.000000,0,1.000000,0.000000,0.000000,0.340000,SURVIVAL,SURVIVAL,NONE,H_t,reject_survival,phase=none;hMul=1.000;gMul=1.000;qMul=1.000;qAdd=0.000;rpiOff=0.000,1824,7726,"RacePacingRejected, RACE action=reject_survival:7255;RacePacingRejected, RACE action=reject_pacing:467;ReplacementNotAllowed:4"
2026-09-16T05:10:59.8307055+00:00,1592436720,0.000000,1,1.000000,0.000000,0.000244,0.340081,SURVIVAL,SURVIVAL,NONE,H_t,reject_survival,phase=none;hMul=1.000;gMul=1.000;qMul=1.000;qAdd=0.000;rpiOff=0.000,1825,7727,"RacePacingRejected, RACE action=reject_survival:7256;RacePacingRejected, RACE action=reject_pacing:467;ReplacementNotAllowed:4"
2026-09-16T05:11:00.3304385+00:00,1592846128,0.000000,1,1.000000,0.000000,0.000244,0.340081,SURVIVAL,SURVIVAL,NONE,H_t,reject_survival,phase=none;hMul=1.000;gMul=1.000;qMul=1.000;qAdd=0.000;rpiOff=0.000,1826,7729,"RacePacingRejected, RACE action=reject_survival:7258;RacePacingRejected, RACE action=reject_pacing:467;ReplacementNotAllowed:4"
2026-09-16T05:11:00.8301349+00:00,1592895792,0.000000,1,1.000000,0.000000,0.000244,0.340081,SURVIVAL,SURVIVAL,NONE,H_t,reject_survival,phase=none;hMul=1.000;gMul=1.000;qMul=1.000;qAdd=0.000;rpiOff=0.000,1826,7731,"RacePacingRejected, RACE action=reject_survival:7260;RacePacingRejected, RACE action=reject_pacing:467;ReplacementNotAllowed:4"
2026-09-16T05:11:01.3299277+00:00,1593291904,0.000000,1,1.000000,0.000000,0.000244,0.340081,SURVIVAL,SURVIVAL,NONE,H_t,allow_survival,phase=none;hMul=1.000;gMul=1.000;qMul=1.000;qAdd=0.000;rpiOff=0.000,1827,7733,"RacePacingRejected, RACE action=reject_survival:7262;RacePacingRejected, RACE action=reject_pacing:467;ReplacementNotAllowed:4"
2026-09-16T05:11:01.8306607+00:00,1593324800,0.000000,1,1.000000,0.000000,0.000244,0.340081,SURVIVAL,SURVIVAL,NONE,H_t,reject_survival,phase=none;hMul=1.000;gMul=1.000;qMul=1.000;qAdd=0.000;rpiOff=0.000,1827,7735,"RacePacingRejected, RACE action=reject_survival:7264;RacePacingRejected, RACE action=reject_pacing:467;ReplacementNotAllowed:4"
2026-09-16T05:11:02.3301487+00:00,1593747184,0.000000,1,1.000000,0.000000,0.000244,0.340081,SURVIVAL,SURVIVAL,NONE,H_t,reject_survival,phase=none;hMul=1.000;gMul=1.000;qMul=1.000;qAdd=0.000;rpiOff=0.000,1828,7737,"RacePacingRejected, RACE action=reject_survival:7266;RacePacingRejected, RACE action=reject_pacing:467;ReplacementNotAllowed:4"
2026-09-16T05:11:02.8306768+00:00,1593763632,0.000000,2,1.000000,0.000000,0.000488,0.340161,SURVIVAL,SURVIVAL,NONE,H_t,reject_survival,phase=none;hMul=1.000;gMul=1.000;qMul=1.000;qAdd=0.000;rpiOff=0.000,1829,7738,"RacePacingRejected, RACE action=reject_survival:7267;RacePacingRejected, RACE action=reject_pacing:467;ReplacementNotAllowed:4"
2026-09-16T05:11:03.3305581+00:00,1595735016,0.000000,0,1.000000,0.000000,0.000000,0.340000,SURVIVAL,SURVIVAL,NONE,H_t,reject_survival,phase=none;hMul=1.000;gMul=1.000;qMul=1.000;qAdd=0.000;rpiOff=0.000,1829,7741,"RacePacingRejected, RACE action=reject_survival:7270;RacePacingRejected, RACE action=reject_pacing:467;ReplacementNotAllowed:4"
2026-09-16T05:11:03.8301322+00:00,1595783752,0.000000,0,1.000000,0.000000,0.000000,0.340000,SURVIVAL,SURVIVAL,NONE,H_t,reject_survival,phase=none;hMul=1.000;gMul=1.000;qMul=1.000;qAdd=0.000;rpiOff=0.000,1829,7743,"RacePacingRejected, RACE action=reject_survival:7272;RacePacingRejected, RACE action=reject_pacing:467;ReplacementNotAllowed:4"
2026-09-16T05:11:04.3298883+00:00,1596291768,0.000000,0,1.000000,0.000000,0.000000,0.340000,SURVIVAL,SURVIVAL,NONE,H_t,reject_survival,phase=none;hMul=1.000;gMul=1.000;qMul=1.000;qAdd=0.000;rpiOff=0.000,1829,7746,"RacePacingRejected, RACE action=reject_survival:7275;RacePacingRejected, RACE action=reject_pacing:467;ReplacementNotAllowed:4"
2026-09-16T05:11:04.8306726+00:00,1596316440,0.000000,1,1.000000,0.000000,0.000244,0.340081,SURVIVAL,SURVIVAL,NONE,H_t,allow_survival,phase=none;hMul=1.000;gMul=1.000;qMul=1.000;qAdd=0.000;rpiOff=0.000,1830,7747,"RacePacingRejected, RACE action=reject_survival:7276;RacePacingRejected, RACE action=reject_pacing:467;ReplacementNotAllowed:4"
2026-09-16T05:11:05.3300969+00:00,1598987736,0.000000,0,1.000000,0.000000,0.000000,0.340000,SURVIVAL,SURVIVAL,NONE,H_t,reject_survival,phase=none;hMul=1.000;gMul=1.000;qMul=1.000;qAdd=0.000;rpiOff=0.000,1830,7750,"RacePacingRejected, RACE action=reject_survival:7279;RacePacingRejected, RACE action=reject_pacing:467;ReplacementNotAllowed:4"
2026-09-16T05:11:05.8298720+00:00,1599020632,0.000000,1,1.000000,0.000000,0.000244,0.340081,SURVIVAL,SURVIVAL,NONE,H_t,allow_survival,phase=none;hMul=1.000;gMul=1.000;qMul=1.000;qAdd=0.000;rpiOff=0.000,1831,7751,"RacePacingRejected, RACE action=reject_survival:7280;RacePacingRejected, RACE action=reject_pacing:467;ReplacementNotAllowed:4"
2026-09-16T05:11:06.3298579+00:00,1599907928,0.000000,1,1.000000,0.000000,0.000244,0.340081,SURVIVAL,SURVIVAL,NONE,H_t,reject_survival,phase=none;hMul=1.000;gMul=1.000;qMul=1.000;qAdd=0.000;rpiOff=0.000,1832,7753,"RacePacingRejected, RACE action=reject_survival:7282;RacePacingRejected, RACE action=reject_pacing:467;ReplacementNotAllowed:4"
2026-09-16T05:11:06.8302030+00:00,1599945832,0.000000,2,1.000000,0.000000,0.000488,0.340161,SURVIVAL,SURVIVAL,NONE,H_t,reject_survival,phase=none;hMul=1.000;gMul=1.000;qMul=1.000;qAdd=0.000;rpiOff=0.000,1833,7754,"RacePacingRejected, RACE action=reject_survival:7283;RacePacingRejected, RACE action=reject_pacing:467;ReplacementNotAllowed:4"
2026-09-16T05:11:07.3307401+00:00,1603041888,0.000000,1,1.000000,0.000000,0.000244,0.340081,SURVIVAL,SURVIVAL,NONE,H_t,allow_survival,phase=none;hMul=1.000;gMul=1.000;qMul=1.000;qAdd=0.000;rpiOff=0.000,1834,7756,"RacePacingRejected, RACE action=reject_survival:7285;RacePacingRejected, RACE action=reject_pacing:467;ReplacementNotAllowed:4"
2026-09-16T05:11:07.8304448+00:00,1603066560,0.000000,2,1.000000,0.000000,0.000488,0.340161,SURVIVAL,SURVIVAL,NONE,H_t,reject_survival,phase=none;hMul=1.000;gMul=1.000;qMul=1.000;qAdd=0.000;rpiOff=0.000,1835,7757,"RacePacingRejected, RACE action=reject_survival:7286;RacePacingRejected, RACE action=reject_pacing:467;ReplacementNotAllowed:4"
2026-09-16T05:11:08.3298549+00:00,1605615120,0.000000,1,1.000000,0.000000,0.000244,0.340081,SURVIVAL,SURVIVAL,NONE,H_t,allow_survival,phase=none;hMul=1.000;gMul=1.000;qMul=1.000;qAdd=0.000;rpiOff=0.000,1836,7759,"RacePacingRejected, RACE action=reject_survival:7288;RacePacingRejected, RACE action=reject_pacing:467;ReplacementNotAllowed:4"
2026-09-16T05:11:08.8306081+00:00,1605648016,0.000000,1,1.000000,0.000000,0.000244,0.340081,SURVIVAL,SURVIVAL,NONE,H_t,reject_survival,phase=none;hMul=1.000;gMul=1.000;qMul=1.000;qAdd=0.000;rpiOff=0.000,1836,7761,"RacePacingRejected, RACE action=reject_survival:7290;RacePacingRejected, RACE action=reject_pacing:467;ReplacementNotAllowed:4"
2026-09-16T05:11:09.3301106+00:00,1608321336,0.000000,1,1.000000,0.000000,0.000244,0.340081,SURVIVAL,SURVIVAL,NONE,H_t,reject_survival,phase=none;hMul=1.000;gMul=1.000;qMul=1.000;qAdd=0.000;rpiOff=0.000,1837,7763,"RacePacingRejected, RACE action=reject_survival:7292;RacePacingRejected, RACE action=reject_pacing:467;ReplacementNotAllowed:4"
2026-09-16T05:11:09.8302545+00:00,1608354232,0.000000,1,1.000000,0.000000,0.000244,0.340081,SURVIVAL,SURVIVAL,NONE,H_t,reject_survival,phase=none;hMul=1.000;gMul=1.000;qMul=1.000;qAdd=0.000;rpiOff=0.000,1837,7765,"RacePacingRejected, RACE action=reject_survival:7294;RacePacingRejected, RACE action=reject_pacing:467;ReplacementNotAllowed:4"
2026-09-16T05:11:10.3307424+00:00,1611519472,0.000000,0,1.000000,0.000000,0.000000,0.340000,SURVIVAL,SURVIVAL,NONE,H_t,reject_survival,phase=none;hMul=1.000;gMul=1.000;qMul=1.000;qAdd=0.000;rpiOff=0.000,1838,7767,"RacePacingRejected, RACE action=reject_survival:7296;RacePacingRejected, RACE action=reject_pacing:467;ReplacementNotAllowed:4"
2026-09-16T05:11:10.8300297+00:00,1611552112,0.000000,0,1.000000,0.000000,0.000000,0.340000,SURVIVAL,SURVIVAL,NONE,H_t,reject_survival,phase=none;hMul=1.000;gMul=1.000;qMul=1.000;qAdd=0.000;rpiOff=0.000,1838,7769,"RacePacingRejected, RACE action=reject_survival:7298;RacePacingRejected, RACE action=reject_pacing:467;ReplacementNotAllowed:4"
2026-09-16T05:11:11.3298862+00:00,1612070880,0.000000,1,1.000000,0.000000,0.000244,0.340081,SURVIVAL,SURVIVAL,NONE,H_t,reject_survival,phase=none;hMul=1.000;gMul=1.000;qMul=1.000;qAdd=0.000;rpiOff=0.000,1839,7771,"RacePacingRejected, RACE action=reject_survival:7300;RacePacingRejected, RACE action=reject_pacing:467;ReplacementNotAllowed:4"
2026-09-16T05:11:11.8305490+00:00,1612103776,0.000000,1,1.000000,0.000000,0.000244,0.340081,SURVIVAL,SURVIVAL,NONE,H_t,reject_survival,phase=none;hMul=1.000;gMul=1.000;qMul=1.000;qAdd=0.000;rpiOff=0.000,1839,7773,"RacePacingRejected, RACE action=reject_survival:7302;RacePacingRejected, RACE action=reject_pacing:467;ReplacementNotAllowed:4"
2026-09-16T05:11:12.3307110+00:00,1612966592,0.000000,0,1.000000,0.000000,0.000000,0.340000,SURVIVAL,SURVIVAL,NONE,H_t,reject_survival,phase=none;hMul=1.000;gMul=1.000;qMul=1.000;qAdd=0.000;rpiOff=0.000,1839,7776,"RacePacingRejected, RACE action=reject_survival:7305;RacePacingRejected, RACE action=reject_pacing:467;ReplacementNotAllowed:4"
2026-09-16T05:11:12.8301633+00:00,1612999488,0.000000,0,1.000000,0.000000,0.000000,0.340000,SURVIVAL,SURVIVAL,NONE,H_t,reject_survival,phase=none;hMul=1.000;gMul=1.000;qMul=1.000;qAdd=0.000;rpiOff=0.000,1839,7778,"RacePacingRejected, RACE action=reject_survival:7307;RacePacingRejected, RACE action=reject_pacing:467;ReplacementNotAllowed:4"
2026-09-16T05:11:13.3301611+00:00,1613102928,0.000000,0,1.000000,0.000000,0.000000,0.340000,SURVIVAL,SURVIVAL,NONE,H_t,reject_survival,phase=none;hMul=1.000;gMul=1.000;qMul=1.000;qAdd=0.000;rpiOff=0.000,1839,7781,"RacePacingRejected, RACE action=reject_survival:7310;RacePacingRejected, RACE action=reject_pacing:467;ReplacementNotAllowed:4"
2026-09-16T05:11:13.8304014+00:00,1613127616,0.000000,0,1.000000,0.000000,0.000000,0.340000,SURVIVAL,SURVIVAL,NONE,H_t,reject_survival,phase=none;hMul=1.000;gMul=1.000;qMul=1.000;qAdd=0.000;rpiOff=0.000,1839,7783,"RacePacingRejected, RACE action=reject_survival:7312;RacePacingRejected, RACE action=reject_pacing:467;ReplacementNotAllowed:4"
2026-09-16T05:11:14.3298180+00:00,1613258880,0.000000,0,1.000000,0.000000,0.000000,0.340000,SURVIVAL,SURVIVAL,NONE,H_t,reject_survival,phase=none;hMul=1.000;gMul=1.000;qMul=1.000;qAdd=0.000;rpiOff=0.000,1839,7786,"RacePacingRejected, RACE action=reject_survival:7315;RacePacingRejected, RACE action=reject_pacing:467;ReplacementNotAllowed:4"
2026-09-16T05:11:14.8299716+00:00,1613291776,0.000000,0,1.000000,0.000000,0.000000,0.340000,SURVIVAL,SURVIVAL,NONE,H_t,reject_survival,phase=none;hMul=1.000;gMul=1.000;qMul=1.000;qAdd=0.000;rpiOff=0.000,1839,7788,"RacePacingRejected, RACE action=reject_survival:7317;RacePacingRejected, RACE action=reject_pacing:467;ReplacementNotAllowed:4"
2026-09-16T05:11:15.3301963+00:00,1613845760,0.000000,0,1.000000,0.000000,0.000000,0.340000,SURVIVAL,SURVIVAL,NONE,H_t,reject_survival,phase=none;hMul=1.000;gMul=1.000;qMul=1.000;qAdd=0.000;rpiOff=0.000,1839,7791,"RacePacingRejected, RACE action=reject_survival:7320;RacePacingRejected, RACE action=reject_pacing:467;ReplacementNotAllowed:4"
2026-09-16T05:11:15.8299992+00:00,1613862208,0.000000,1,1.000000,0.000000,0.000244,0.340081,SURVIVAL,SURVIVAL,NONE,H_t,reject_survival,phase=none;hMul=1.000;gMul=1.000;qMul=1.000;qAdd=0.000;rpiOff=0.000,1840,7792,"RacePacingRejected, RACE action=reject_survival:7321;RacePacingRejected, RACE action=reject_pacing:467;ReplacementNotAllowed:4"
2026-09-16T05:11:16.3300347+00:00,1615492104,0.000000,1,1.000000,0.000000,0.000244,0.340081,SURVIVAL,SURVIVAL,NONE,H_t,allow_survival,phase=none;hMul=1.000;gMul=1.000;qMul=1.000;qAdd=0.000;rpiOff=0.000,1841,7794,"RacePacingRejected, RACE action=reject_survival:7323;RacePacingRejected, RACE action=reject_pacing:467;ReplacementNotAllowed:4"
2026-09-16T05:11:16.8300687+00:00,1615524744,0.000000,1,1.000000,0.000000,0.000244,0.340081,SURVIVAL,SURVIVAL,NONE,H_t,reject_survival,phase=none;hMul=1.000;gMul=1.000;qMul=1.000;qAdd=0.000;rpiOff=0.000,1841,7796,"RacePacingRejected, RACE action=reject_survival:7325;RacePacingRejected, RACE action=reject_pacing:467;ReplacementNotAllowed:4"
2026-09-16T05:11:17.3302554+00:00,1615920600,0.000000,0,1.000000,0.000000,0.000000,0.340000,SURVIVAL,SURVIVAL,NONE,H_t,reject_survival,phase=none;hMul=1.000;gMul=1.000;qMul=1.000;qAdd=0.000;rpiOff=0.000,1841,7799,"RacePacingRejected, RACE action=reject_survival:7328;RacePacingRejected, RACE action=reject_pacing:467;ReplacementNotAllowed:4"
2026-09-16T05:11:17.8306623+00:00,1615953496,0.000000,1,1.000000,0.000000,0.000244,0.340081,SURVIVAL,SURVIVAL,NONE,H_t,reject_survival,phase=none;hMul=1.000;gMul=1.000;qMul=1.000;qAdd=0.000;rpiOff=0.000,1842,7800,"RacePacingRejected, RACE action=reject_survival:7329;RacePacingRejected, RACE action=reject_pacing:467;ReplacementNotAllowed:4"
2026-09-16T05:11:18.3305928+00:00,1617627424,0.000000,0,1.000000,0.000000,0.000000,0.340000,SURVIVAL,SURVIVAL,NONE,H_t,reject_survival,phase=none;hMul=1.000;gMul=1.000;qMul=1.000;qAdd=0.000;rpiOff=0.000,1842,7803,"RacePacingRejected, RACE action=reject_survival:7332;RacePacingRejected, RACE action=reject_pacing:467;ReplacementNotAllowed:4"
2026-09-16T05:11:18.8306672+00:00,1617660064,0.000000,0,1.000000,0.000000,0.000000,0.340000,SURVIVAL,SURVIVAL,NONE,H_t,reject_survival,phase=none;hMul=1.000;gMul=1.000;qMul=1.000;qAdd=0.000;rpiOff=0.000,1842,7805,"RacePacingRejected, RACE action=reject_survival:7334;RacePacingRejected, RACE action=reject_pacing:467;ReplacementNotAllowed:4"
2026-09-16T05:11:19.3302717+00:00,1617750272,0.000000,0,1.000000,0.000000,0.000000,0.340000,SURVIVAL,SURVIVAL,NONE,H_t,reject_survival,phase=none;hMul=1.000;gMul=1.000;qMul=1.000;qAdd=0.000;rpiOff=0.000,1842,7808,"RacePacingRejected, RACE action=reject_survival:7337;RacePacingRejected, RACE action=reject_pacing:467;ReplacementNotAllowed:4"
2026-09-16T05:11:19.8300682+00:00,1617783168,0.000000,0,1.000000,0.000000,0.000000,0.340000,SURVIVAL,SURVIVAL,NONE,H_t,reject_survival,phase=none;hMul=1.000;gMul=1.000;qMul=1.000;qAdd=0.000;rpiOff=0.000,1842,7810,"RacePacingRejected, RACE action=reject_survival:7339;RacePacingRejected, RACE action=reject_pacing:467;ReplacementNotAllowed:4"
2026-09-16T05:11:20.3307699+00:00,1619383936,0.000000,1,1.000000,0.000000,0.000244,0.340081,SURVIVAL,SURVIVAL,NONE,H_t,allow_survival,phase=none;hMul=1.000;gMul=1.000;qMul=1.000;qAdd=0.000;rpiOff=0.000,1844,7811,"RacePacingRejected, RACE action=reject_survival:7340;RacePacingRejected, RACE action=reject_pacing:467;ReplacementNotAllowed:4"
2026-09-16T05:11:20.8301584+00:00,1619417152,0.000000,1,1.000000,0.000000,0.000244,0.340081,SURVIVAL,SURVIVAL,NONE,H_t,reject_survival,phase=none;hMul=1.000;gMul=1.000;qMul=1.000;qAdd=0.000;rpiOff=0.000,1844,7813,"RacePacingRejected, RACE action=reject_survival:7342;RacePacingRejected, RACE action=reject_pacing:467;ReplacementNotAllowed:4"
2026-09-16T05:11:21.3305173+00:00,1622336736,0.000000,0,1.000000,0.000000,0.000000,0.340000,SURVIVAL,SURVIVAL,NONE,H_t,reject_survival,phase=none;hMul=1.000;gMul=1.000;qMul=1.000;qAdd=0.000;rpiOff=0.000,1844,7816,"RacePacingRejected, RACE action=reject_survival:7345;RacePacingRejected, RACE action=reject_pacing:467;ReplacementNotAllowed:4"
2026-09-16T05:11:21.8302290+00:00,1622361152,0.000000,0,1.000000,0.000000,0.000000,0.340000,SURVIVAL,SURVIVAL,NONE,H_t,reject_survival,phase=none;hMul=1.000;gMul=1.000;qMul=1.000;qAdd=0.000;rpiOff=0.000,1844,7818,"RacePacingRejected, RACE action=reject_survival:7347;RacePacingRejected, RACE action=reject_pacing:467;ReplacementNotAllowed:4"
2026-09-16T05:11:22.3302440+00:00,1622467552,0.000000,0,1.000000,0.000000,0.000000,0.340000,SURVIVAL,SURVIVAL,NONE,H_t,reject_survival,phase=none;hMul=1.000;gMul=1.000;qMul=1.000;qAdd=0.000;rpiOff=0.000,1844,7821,"RacePacingRejected, RACE action=reject_survival:7350;RacePacingRejected, RACE action=reject_pacing:467;ReplacementNotAllowed:4"
2026-09-16T05:11:22.8301223+00:00,1622499904,0.000000,0,1.000000,0.000000,0.000000,0.340000,SURVIVAL,SURVIVAL,NONE,H_t,reject_survival,phase=none;hMul=1.000;gMul=1.000;qMul=1.000;qAdd=0.000;rpiOff=0.000,1844,7823,"RacePacingRejected, RACE action=reject_survival:7352;RacePacingRejected, RACE action=reject_pacing:467;ReplacementNotAllowed:4"
2026-09-16T05:11:23.3303360+00:00,1624035240,0.000000,0,1.000000,0.000000,0.000000,0.340000,SURVIVAL,SURVIVAL,NONE,H_t,reject_survival,phase=none;hMul=1.000;gMul=1.000;qMul=1.000;qAdd=0.000;rpiOff=0.000,1845,7825,"RacePacingRejected, RACE action=reject_survival:7354;RacePacingRejected, RACE action=reject_pacing:467;ReplacementNotAllowed:4"
2026-09-16T05:11:23.8301355+00:00,1624075792,0.000000,1,1.000000,0.000000,0.000244,0.340081,SURVIVAL,SURVIVAL,NONE,H_t,allow_survival,phase=none;hMul=1.000;gMul=1.000;qMul=1.000;qAdd=0.000;rpiOff=0.000,1846,7826,"RacePacingRejected, RACE action=reject_survival:7355;RacePacingRejected, RACE action=reject_pacing:467;ReplacementNotAllowed:4"
2026-09-16T05:11:24.3307893+00:00,1626156104,0.000000,0,1.000000,0.000000,0.000000,0.340000,SURVIVAL,SURVIVAL,NONE,H_t,reject_survival,phase=none;hMul=1.000;gMul=1.000;qMul=1.000;qAdd=0.000;rpiOff=0.000,1846,7829,"RacePacingRejected, RACE action=reject_survival:7358;RacePacingRejected, RACE action=reject_pacing:467;ReplacementNotAllowed:4"
2026-09-16T05:11:24.8305367+00:00,1626189000,0.000000,0,1.000000,0.000000,0.000000,0.340000,SURVIVAL,SURVIVAL,NONE,H_t,reject_survival,phase=none;hMul=1.000;gMul=1.000;qMul=1.000;qAdd=0.000;rpiOff=0.000,1846,7831,"RacePacingRejected, RACE action=reject_survival:7360;RacePacingRejected, RACE action=reject_pacing:467;ReplacementNotAllowed:4"
2026-09-16T05:11:25.3307428+00:00,1626278952,0.000000,0,1.000000,0.000000,0.000000,0.340000,SURVIVAL,SURVIVAL,NONE,H_t,reject_survival,phase=none;hMul=1.000;gMul=1.000;qMul=1.000;qAdd=0.000;rpiOff=0.000,1846,7834,"RacePacingRejected, RACE action=reject_survival:7363;RacePacingRejected, RACE action=reject_pacing:467;ReplacementNotAllowed:4"
2026-09-16T05:11:25.8304718+00:00,1626311848,0.000000,0,1.000000,0.000000,0.000000,0.340000,SURVIVAL,SURVIVAL,NONE,H_t,reject_survival,phase=none;hMul=1.000;gMul=1.000;qMul=1.000;qAdd=0.000;rpiOff=0.000,1846,7836,"RacePacingRejected, RACE action=reject_survival:7365;RacePacingRejected, RACE action=reject_pacing:467;ReplacementNotAllowed:4"
2026-09-16T05:11:26.3305237+00:00,1626442864,0.000000,0,1.000000,0.000000,0.000000,0.340000,SURVIVAL,SURVIVAL,NONE,H_t,reject_survival,phase=none;hMul=1.000;gMul=1.000;qMul=1.000;qAdd=0.000;rpiOff=0.000,1846,7839,"RacePacingRejected, RACE action=reject_survival:7368;RacePacingRejected, RACE action=reject_pacing:467;ReplacementNotAllowed:4"
2026-09-16T05:11:26.8304955+00:00,1626467536,0.000000,0,1.000000,0.000000,0.000000,0.340000,SURVIVAL,SURVIVAL,NONE,H_t,reject_survival,phase=none;hMul=1.000;gMul=1.000;qMul=1.000;qAdd=0.000;rpiOff=0.000,1846,7841,"RacePacingRejected, RACE action=reject_survival:7370;RacePacingRejected, RACE action=reject_pacing:467;ReplacementNotAllowed:4"
2026-09-16T05:11:27.3305424+00:00,1627634464,0.000000,0,1.000000,0.000000,0.000000,0.340000,SURVIVAL,SURVIVAL,NONE,H_t,reject_survival,phase=none;hMul=1.000;gMul=1.000;qMul=1.000;qAdd=0.000;rpiOff=0.000,1847,7843,"RacePacingRejected, RACE action=reject_survival:7372;RacePacingRejected, RACE action=reject_pacing:467;ReplacementNotAllowed:4"
2026-09-16T05:11:27.8303879+00:00,1627675328,0.000000,0,1.000000,0.000000,0.000000,0.340000,SURVIVAL,SURVIVAL,NONE,H_t,reject_survival,phase=none;hMul=1.000;gMul=1.000;qMul=1.000;qAdd=0.000;rpiOff=0.000,1847,7845,"RacePacingRejected, RACE action=reject_survival:7374;RacePacingRejected, RACE action=reject_pacing:467;ReplacementNotAllowed:4"
2026-09-16T05:11:28.3298940+00:00,1628063280,0.000000,0,1.000000,0.000000,0.000000,0.340000,SURVIVAL,SURVIVAL,NONE,H_t,reject_survival,phase=none;hMul=1.000;gMul=1.000;qMul=1.000;qAdd=0.000;rpiOff=0.000,1848,7847,"RacePacingRejected, RACE action=reject_survival:7376;RacePacingRejected, RACE action=reject_pacing:467;ReplacementNotAllowed:4"
2026-09-16T05:11:28.8304634+00:00,1628095584,0.000000,0,1.000000,0.000000,0.000000,0.340000,SURVIVAL,SURVIVAL,NONE,H_t,reject_survival,phase=none;hMul=1.000;gMul=1.000;qMul=1.000;qAdd=0.000;rpiOff=0.000,1848,7849,"RacePacingRejected, RACE action=reject_survival:7378;RacePacingRejected, RACE action=reject_pacing:467;ReplacementNotAllowed:4"
2026-09-16T05:11:29.3307069+00:00,1628666376,0.000000,0,1.000000,0.000000,0.000000,0.340000,SURVIVAL,SURVIVAL,NONE,H_t,reject_survival,phase=none;hMul=1.000;gMul=1.000;qMul=1.000;qAdd=0.000;rpiOff=0.000,1848,7852,"RacePacingRejected, RACE action=reject_survival:7381;RacePacingRejected, RACE action=reject_pacing:467;ReplacementNotAllowed:4"
2026-09-16T05:11:29.8298087+00:00,1628698760,0.000000,0,1.000000,0.000000,0.000000,0.340000,SURVIVAL,SURVIVAL,NONE,H_t,reject_survival,phase=none;hMul=1.000;gMul=1.000;qMul=1.000;qAdd=0.000;rpiOff=0.000,1848,7854,"RacePacingRejected, RACE action=reject_survival:7383;RacePacingRejected, RACE action=reject_pacing:467;ReplacementNotAllowed:4"
2026-09-16T05:11:30.3299114+00:00,1629124296,0.000000,1,1.000000,0.000000,0.000244,0.340081,SURVIVAL,SURVIVAL,NONE,H_t,reject_survival,phase=none;hMul=1.000;gMul=1.000;qMul=1.000;qAdd=0.000;rpiOff=0.000,1850,7855,"RacePacingRejected, RACE action=reject_survival:7384;RacePacingRejected, RACE action=reject_pacing:467;ReplacementNotAllowed:4"
2026-09-16T05:11:30.8306398+00:00,1629148968,0.000000,2,1.000000,0.000000,0.000488,0.340161,SURVIVAL,SURVIVAL,NONE,H_t,allow_survival,phase=none;hMul=1.000;gMul=1.000;qMul=1.000;qAdd=0.000;rpiOff=0.000,1851,7856,"RacePacingRejected, RACE action=reject_survival:7385;RacePacingRejected, RACE action=reject_pacing:467;ReplacementNotAllowed:4"
2026-09-16T05:11:31.3301046+00:00,1632784488,0.000000,1,1.000000,0.000000,0.000244,0.340081,SURVIVAL,SURVIVAL,NONE,H_t,reject_survival,phase=none;hMul=1.000;gMul=1.000;qMul=1.000;qAdd=0.000;rpiOff=0.000,1852,7858,"RacePacingRejected, RACE action=reject_survival:7387;RacePacingRejected, RACE action=reject_pacing:467;ReplacementNotAllowed:4"
2026-09-16T05:11:31.8301434+00:00,1632808648,0.000000,2,1.000000,0.000000,0.000488,0.340161,SURVIVAL,SURVIVAL,NONE,H_t,reject_survival,phase=none;hMul=1.000;gMul=1.000;qMul=1.000;qAdd=0.000;rpiOff=0.000,1853,7859,"RacePacingRejected, RACE action=reject_survival:7388;RacePacingRejected, RACE action=reject_pacing:467;ReplacementNotAllowed:4"
2026-09-16T05:11:32.3300756+00:00,1633578216,0.000000,0,1.000000,0.000000,0.000000,0.340000,SURVIVAL,SURVIVAL,NONE,H_t,reject_survival,phase=none;hMul=1.000;gMul=1.000;qMul=1.000;qAdd=0.000;rpiOff=0.000,1853,7862,"RacePacingRejected, RACE action=reject_survival:7391;RacePacingRejected, RACE action=reject_pacing:467;ReplacementNotAllowed:4"
2026-09-16T05:11:32.8305565+00:00,1633607896,0.000000,0,1.000000,0.000000,0.000000,0.340000,SURVIVAL,SURVIVAL,NONE,H_t,reject_survival,phase=none;hMul=1.000;gMul=1.000;qMul=1.000;qAdd=0.000;rpiOff=0.000,1853,7864,"RacePacingRejected, RACE action=reject_survival:7393;RacePacingRejected, RACE action=reject_pacing:467;ReplacementNotAllowed:4"
2026-09-16T05:11:33.3304913+00:00,1634164768,0.000000,1,1.000000,0.000000,0.000244,0.340081,SURVIVAL,SURVIVAL,NONE,H_t,allow_survival,phase=none;hMul=1.000;gMul=1.000;qMul=1.000;qAdd=0.000;rpiOff=0.000,1854,7866,"RacePacingRejected, RACE action=reject_survival:7395;RacePacingRejected, RACE action=reject_pacing:467;ReplacementNotAllowed:4"
2026-09-16T05:11:33.8305288+00:00,1634193048,0.000000,1,1.000000,0.000000,0.000244,0.340081,SURVIVAL,SURVIVAL,NONE,H_t,reject_survival,phase=none;hMul=1.000;gMul=1.000;qMul=1.000;qAdd=0.000;rpiOff=0.000,1854,7868,"RacePacingRejected, RACE action=reject_survival:7397;RacePacingRejected, RACE action=reject_pacing:467;ReplacementNotAllowed:4"
2026-09-16T05:11:34.3306698+00:00,1634647376,0.000000,1,1.000000,0.000000,0.000244,0.340081,SURVIVAL,SURVIVAL,NONE,H_t,allow_survival,phase=none;hMul=1.000;gMul=1.000;qMul=1.000;qAdd=0.000;rpiOff=0.000,1855,7870,"RacePacingRejected, RACE action=reject_survival:7399;RacePacingRejected, RACE action=reject_pacing:467;ReplacementNotAllowed:4"
2026-09-16T05:11:34.8301385+00:00,1634680184,0.000000,2,1.000000,0.000000,0.000488,0.340161,SURVIVAL,SURVIVAL,NONE,H_t,reject_survival,phase=none;hMul=1.000;gMul=1.000;qMul=1.000;qAdd=0.000;rpiOff=0.000,1856,7871,"RacePacingRejected, RACE action=reject_survival:7400;RacePacingRejected, RACE action=reject_pacing:467;ReplacementNotAllowed:4"
2026-09-16T05:11:35.3302976+00:00,1637080016,0.000000,0,1.000000,0.000000,0.000000,0.340000,SURVIVAL,SURVIVAL,NONE,H_t,reject_survival,phase=none;hMul=1.000;gMul=1.000;qMul=1.000;qAdd=0.000;rpiOff=0.000,1856,7874,"RacePacingRejected, RACE action=reject_survival:7403;RacePacingRejected, RACE action=reject_pacing:467;ReplacementNotAllowed:4"
2026-09-16T05:11:35.8305938+00:00,1637104432,0.000000,2,1.000000,0.000000,0.000488,0.340161,SURVIVAL,SURVIVAL,NONE,H_t,allow_survival,phase=none;hMul=1.000;gMul=1.000;qMul=1.000;qAdd=0.000;rpiOff=0.000,1858,7874,"RacePacingRejected, RACE action=reject_survival:7403;RacePacingRejected, RACE action=reject_pacing:467;ReplacementNotAllowed:4"
2026-09-16T05:11:36.3298336+00:00,1640330440,0.000000,0,1.000000,0.000000,0.000000,0.340000,SURVIVAL,SURVIVAL,NONE,H_t,reject_survival,phase=none;hMul=1.000;gMul=1.000;qMul=1.000;qAdd=0.000;rpiOff=0.000,1859,7876,"RacePacingRejected, RACE action=reject_survival:7405;RacePacingRejected, RACE action=reject_pacing:467;ReplacementNotAllowed:4"
2026-09-16T05:11:36.8307679+00:00,1640355112,0.000000,1,1.000000,0.000000,0.000244,0.340081,SURVIVAL,SURVIVAL,NONE,H_t,allow_survival,phase=none;hMul=1.000;gMul=1.000;qMul=1.000;qAdd=0.000;rpiOff=0.000,1860,7877,"RacePacingRejected, RACE action=reject_survival:7406;RacePacingRejected, RACE action=reject_pacing:467;ReplacementNotAllowed:4"
2026-09-16T05:11:37.3327841+00:00,1641361936,0.000000,0,1.000000,0.000000,0.000000,0.340000,SURVIVAL,SURVIVAL,NONE,H_t,reject_survival,phase=none;hMul=1.000;gMul=1.000;qMul=1.000;qAdd=0.000;rpiOff=0.000,1860,7880,"RacePacingRejected, RACE action=reject_survival:7409;RacePacingRejected, RACE action=reject_pacing:467;ReplacementNotAllowed:4"
2026-09-16T05:11:37.8302199+00:00,1641394832,0.000000,2,1.000000,0.000000,0.000488,0.340161,SURVIVAL,SURVIVAL,NONE,H_t,allow_survival,phase=none;hMul=1.000;gMul=1.000;qMul=1.000;qAdd=0.000;rpiOff=0.000,1862,7880,"RacePacingRejected, RACE action=reject_survival:7409;RacePacingRejected, RACE action=reject_pacing:467;ReplacementNotAllowed:4"
2026-09-16T05:11:38.3307190+00:00,1643696512,0.000000,1,1.000000,0.000000,0.000244,0.340081,SURVIVAL,SURVIVAL,NONE,H_t,reject_survival,phase=none;hMul=1.000;gMul=1.000;qMul=1.000;qAdd=0.000;rpiOff=0.000,1863,7882,"RacePacingRejected, RACE action=reject_survival:7411;RacePacingRejected, RACE action=reject_pacing:467;ReplacementNotAllowed:4"
2026-09-16T05:11:38.8300847+00:00,1643721184,0.000000,2,1.000000,0.000000,0.000488,0.340161,SURVIVAL,SURVIVAL,NONE,H_t,reject_survival,phase=none;hMul=1.000;gMul=1.000;qMul=1.000;qAdd=0.000;rpiOff=0.000,1864,7883,"RacePacingRejected, RACE action=reject_survival:7412;RacePacingRejected, RACE action=reject_pacing:467;ReplacementNotAllowed:4"
2026-09-16T05:11:39.3312573+00:00,1646276832,0.000000,1,1.000000,0.000000,0.000244,0.340081,SURVIVAL,SURVIVAL,NONE,H_t,reject_survival,phase=none;hMul=1.000;gMul=1.000;qMul=1.000;qAdd=0.000;rpiOff=0.000,1865,7885,"RacePacingRejected, RACE action=reject_survival:7414;RacePacingRejected, RACE action=reject_pacing:467;ReplacementNotAllowed:4"
2026-09-16T05:11:39.8307401+00:00,1646309728,0.000000,2,1.000000,0.000000,0.000488,0.340161,SURVIVAL,SURVIVAL,NONE,H_t,allow_survival,phase=none;hMul=1.000;gMul=1.000;qMul=1.000;qAdd=0.000;rpiOff=0.000,1866,7886,"RacePacingRejected, RACE action=reject_survival:7415;RacePacingRejected, RACE action=reject_pacing:467;ReplacementNotAllowed:4"
2026-09-16T05:11:40.3314656+00:00,1649385816,0.000000,0,1.000000,0.000000,0.000000,0.340000,SURVIVAL,SURVIVAL,NONE,H_t,reject_survival,phase=none;hMul=1.000;gMul=1.000;qMul=1.000;qAdd=0.000;rpiOff=0.000,1866,7889,"RacePacingRejected, RACE action=reject_survival:7418;RacePacingRejected, RACE action=reject_pacing:467;ReplacementNotAllowed:4"
2026-09-16T05:11:40.8302214+00:00,1649418712,0.000000,0,1.000000,0.000000,0.000000,0.340000,SURVIVAL,SURVIVAL,NONE,H_t,reject_survival,phase=none;hMul=1.000;gMul=1.000;qMul=1.000;qAdd=0.000;rpiOff=0.000,1866,7891,"RacePacingRejected, RACE action=reject_survival:7420;RacePacingRejected, RACE action=reject_pacing:467;ReplacementNotAllowed:4"
2026-09-16T05:11:41.3301324+00:00,1649508408,0.000000,0,1.000000,0.000000,0.000000,0.340000,SURVIVAL,SURVIVAL,NONE,H_t,reject_survival,phase=none;hMul=1.000;gMul=1.000;qMul=1.000;qAdd=0.000;rpiOff=0.000,1866,7894,"RacePacingRejected, RACE action=reject_survival:7423;RacePacingRejected, RACE action=reject_pacing:467;ReplacementNotAllowed:4"
2026-09-16T05:11:41.8299405+00:00,1649533080,0.000000,1,1.000000,0.000000,0.000244,0.340081,SURVIVAL,SURVIVAL,NONE,H_t,reject_survival,phase=none;hMul=1.000;gMul=1.000;qMul=1.000;qAdd=0.000;rpiOff=0.000,1867,7895,"RacePacingRejected, RACE action=reject_survival:7424;RacePacingRejected, RACE action=reject_pacing:467;ReplacementNotAllowed:4"
2026-09-16T05:11:42.3299300+00:00,1650327328,0.000000,0,1.000000,0.000000,0.000000,0.340000,SURVIVAL,SURVIVAL,NONE,H_t,reject_survival,phase=none;hMul=1.000;gMul=1.000;qMul=1.000;qAdd=0.000;rpiOff=0.000,1867,7898,"RacePacingRejected, RACE action=reject_survival:7427;RacePacingRejected, RACE action=reject_pacing:467;ReplacementNotAllowed:4"
2026-09-16T05:11:42.8302135+00:00,1650363744,0.000000,0,1.000000,0.000000,0.000000,0.340000,SURVIVAL,SURVIVAL,NONE,H_t,reject_survival,phase=none;hMul=1.000;gMul=1.000;qMul=1.000;qAdd=0.000;rpiOff=0.000,1867,7900,"RacePacingRejected, RACE action=reject_survival:7429;RacePacingRejected, RACE action=reject_pacing:467;ReplacementNotAllowed:4"
2026-09-16T05:11:43.3304722+00:00,1650446176,0.000000,0,1.000000,0.000000,0.000000,0.340000,SURVIVAL,SURVIVAL,NONE,H_t,reject_survival,phase=none;hMul=1.000;gMul=1.000;qMul=1.000;qAdd=0.000;rpiOff=0.000,1867,7903,"RacePacingRejected, RACE action=reject_survival:7432;RacePacingRejected, RACE action=reject_pacing:467;ReplacementNotAllowed:4"
2026-09-16T05:11:43.8299289+00:00,1650479072,0.000000,1,1.000000,0.000000,0.000244,0.340081,SURVIVAL,SURVIVAL,NONE,H_t,reject_survival,phase=none;hMul=1.000;gMul=1.000;qMul=1.000;qAdd=0.000;rpiOff=0.000,1868,7904,"RacePacingRejected, RACE action=reject_survival:7433;RacePacingRejected, RACE action=reject_pacing:467;ReplacementNotAllowed:4"
2026-09-16T05:11:44.3302490+00:00,1654598136,0.000000,0,1.000000,0.000000,0.000000,0.340000,SURVIVAL,SURVIVAL,NONE,H_t,reject_survival,phase=none;hMul=1.000;gMul=1.000;qMul=1.000;qAdd=0.000;rpiOff=0.000,1869,7906,"RacePacingRejected, RACE action=reject_survival:7435;RacePacingRejected, RACE action=reject_pacing:467;ReplacementNotAllowed:4"
2026-09-16T05:11:44.8301692+00:00,1654639000,0.000000,0,1.000000,0.000000,0.000000,0.340000,SURVIVAL,SURVIVAL,NONE,H_t,reject_survival,phase=none;hMul=1.000;gMul=1.000;qMul=1.000;qAdd=0.000;rpiOff=0.000,1869,7908,"RacePacingRejected, RACE action=reject_survival:7437;RacePacingRejected, RACE action=reject_pacing:467;ReplacementNotAllowed:4"
2026-09-16T05:11:45.3300880+00:00,1656296048,0.000000,0,1.000000,0.000000,0.000000,0.340000,SURVIVAL,SURVIVAL,NONE,H_t,reject_survival,phase=none;hMul=1.000;gMul=1.000;qMul=1.000;qAdd=0.000;rpiOff=0.000,1870,7910,"RacePacingRejected, RACE action=reject_survival:7439;RacePacingRejected, RACE action=reject_pacing:467;ReplacementNotAllowed:4"
2026-09-16T05:11:45.8306852+00:00,1656328944,0.000000,0,1.000000,0.000000,0.000000,0.340000,SURVIVAL,SURVIVAL,NONE,H_t,reject_survival,phase=none;hMul=1.000;gMul=1.000;qMul=1.000;qAdd=0.000;rpiOff=0.000,1870,7912,"RacePacingRejected, RACE action=reject_survival:7441;RacePacingRejected, RACE action=reject_pacing:467;ReplacementNotAllowed:4"
2026-09-16T05:11:46.3302937+00:00,1659078896,0.000000,0,1.000000,0.000000,0.000000,0.340000,SURVIVAL,SURVIVAL,NONE,H_t,allow_survival,phase=none;hMul=1.000;gMul=1.000;qMul=1.000;qAdd=0.000;rpiOff=0.000,1871,7912,"RacePacingRejected, RACE action=reject_survival:7441;RacePacingRejected, RACE action=reject_pacing:467;ReplacementNotAllowed:4"
2026-09-16T05:11:46.8304800+00:00,1659078896,0.000000,0,1.000000,0.000000,0.000000,0.340000,SURVIVAL,SURVIVAL,NONE,H_t,allow_survival,phase=none;hMul=1.000;gMul=1.000;qMul=1.000;qAdd=0.000;rpiOff=0.000,1871,7912,"RacePacingRejected, RACE action=reject_survival:7441;RacePacingRejected, RACE action=reject_pacing:467;ReplacementNotAllowed:4"
2026-09-16T05:11:47.3300260+00:00,1659128240,0.000000,0,1.000000,0.000000,0.000000,0.340000,SURVIVAL,SURVIVAL,NONE,H_t,allow_survival,phase=none;hMul=1.000;gMul=1.000;qMul=1.000;qAdd=0.000;rpiOff=0.000,1871,7912,"RacePacingRejected, RACE action=reject_survival:7441;RacePacingRejected, RACE action=reject_pacing:467;ReplacementNotAllowed:4"
2026-09-16T05:11:47.8304119+00:00,1659128240,0.000000,0,1.000000,0.000000,0.000000,0.340000,SURVIVAL,SURVIVAL,NONE,H_t,allow_survival,phase=none;hMul=1.000;gMul=1.000;qMul=1.000;qAdd=0.000;rpiOff=0.000,1871,7912,"RacePacingRejected, RACE action=reject_survival:7441;RacePacingRejected, RACE action=reject_pacing:467;ReplacementNotAllowed:4"
2026-09-16T05:11:48.3304062+00:00,1659636128,0.000000,0,1.000000,0.000000,0.000000,0.340000,SURVIVAL,SURVIVAL,NONE,H_t,allow_survival,phase=none;hMul=1.000;gMul=1.000;qMul=1.000;qAdd=0.000;rpiOff=0.000,1871,7912,"RacePacingRejected, RACE action=reject_survival:7441;RacePacingRejected, RACE action=reject_pacing:467;ReplacementNotAllowed:4"
2026-09-16T05:11:48.8307923+00:00,1659644352,0.000000,0,1.000000,0.000000,0.000000,0.340000,SURVIVAL,SURVIVAL,NONE,H_t,allow_survival,phase=none;hMul=1.000;gMul=1.000;qMul=1.000;qAdd=0.000;rpiOff=0.000,1871,7912,"RacePacingRejected, RACE action=reject_survival:7441;RacePacingRejected, RACE action=reject_pacing:467;ReplacementNotAllowed:4"
2026-09-16T05:11:49.3304365+00:00,1659693440,0.000000,0,1.000000,0.000000,0.000000,0.340000,SURVIVAL,SURVIVAL,NONE,H_t,allow_survival,phase=none;hMul=1.000;gMul=1.000;qMul=1.000;qAdd=0.000;rpiOff=0.000,1871,7912,"RacePacingRejected, RACE action=reject_survival:7441;RacePacingRejected, RACE action=reject_pacing:467;ReplacementNotAllowed:4"
2026-09-16T05:11:49.8306981+00:00,1659693440,0.000000,0,1.000000,0.000000,0.000000,0.340000,SURVIVAL,SURVIVAL,NONE,H_t,allow_survival,phase=none;hMul=1.000;gMul=1.000;qMul=1.000;qAdd=0.000;rpiOff=0.000,1871,7912,"RacePacingRejected, RACE action=reject_survival:7441;RacePacingRejected, RACE action=reject_pacing:467;ReplacementNotAllowed:4"
2026-09-16T05:11:50.3304890+00:00,1659783600,0.000000,0,1.000000,0.000000,0.000000,0.340000,SURVIVAL,SURVIVAL,NONE,H_t,allow_survival,phase=none;hMul=1.000;gMul=1.000;qMul=1.000;qAdd=0.000;rpiOff=0.000,1871,7912,"RacePacingRejected, RACE action=reject_survival:7441;RacePacingRejected, RACE action=reject_pacing:467;ReplacementNotAllowed:4"
2026-09-16T05:11:50.8306771+00:00,1659783600,0.000000,0,1.000000,0.000000,0.000000,0.340000,SURVIVAL,SURVIVAL,NONE,H_t,allow_survival,phase=none;hMul=1.000;gMul=1.000;qMul=1.000;qAdd=0.000;rpiOff=0.000,1871,7912,"RacePacingRejected, RACE action=reject_survival:7441;RacePacingRejected, RACE action=reject_pacing:467;ReplacementNotAllowed:4"
2026-09-16T05:11:51.3307502+00:00,1659824720,0.000000,0,1.000000,0.000000,0.000000,0.340000,SURVIVAL,SURVIVAL,NONE,H_t,allow_survival,phase=none;hMul=1.000;gMul=1.000;qMul=1.000;qAdd=0.000;rpiOff=0.000,1871,7912,"RacePacingRejected, RACE action=reject_survival:7441;RacePacingRejected, RACE action=reject_pacing:467;ReplacementNotAllowed:4"
2026-09-16T05:11:51.8302865+00:00,1659832944,0.000000,0,1.000000,0.000000,0.000000,0.340000,SURVIVAL,SURVIVAL,NONE,H_t,allow_survival,phase=none;hMul=1.000;gMul=1.000;qMul=1.000;qAdd=0.000;rpiOff=0.000,1871,7912,"RacePacingRejected, RACE action=reject_survival:7441;RacePacingRejected, RACE action=reject_pacing:467;ReplacementNotAllowed:4"
2026-09-16T05:11:52.3299790+00:00,1659914672,0.000000,0,1.000000,0.000000,0.000000,0.340000,SURVIVAL,SURVIVAL,NONE,H_t,allow_survival,phase=none;hMul=1.000;gMul=1.000;qMul=1.000;qAdd=0.000;rpiOff=0.000,1871,7912,"RacePacingRejected, RACE action=reject_survival:7441;RacePacingRejected, RACE action=reject_pacing:467;ReplacementNotAllowed:4"
2026-09-16T05:11:52.8305603+00:00,1659914672,0.000000,0,1.000000,0.000000,0.000000,0.340000,SURVIVAL,SURVIVAL,NONE,H_t,allow_survival,phase=none;hMul=1.000;gMul=1.000;qMul=1.000;qAdd=0.000;rpiOff=0.000,1871,7912,"RacePacingRejected, RACE action=reject_survival:7441;RacePacingRejected, RACE action=reject_pacing:467;ReplacementNotAllowed:4"
2026-09-16T05:11:53.3302876+00:00,1659996912,0.000000,0,1.000000,0.000000,0.000000,0.340000,SURVIVAL,SURVIVAL,NONE,H_t,allow_survival,phase=none;hMul=1.000;gMul=1.000;qMul=1.000;qAdd=0.000;rpiOff=0.000,1871,7912,"RacePacingRejected, RACE action=reject_survival:7441;RacePacingRejected, RACE action=reject_pacing:467;ReplacementNotAllowed:4"
2026-09-16T05:11:53.8304902+00:00,1659996912,0.000000,0,1.000000,0.000000,0.000000,0.340000,SURVIVAL,SURVIVAL,NONE,H_t,allow_survival,phase=none;hMul=1.000;gMul=1.000;qMul=1.000;qAdd=0.000;rpiOff=0.000,1871,7912,"RacePacingRejected, RACE action=reject_survival:7441;RacePacingRejected, RACE action=reject_pacing:467;ReplacementNotAllowed:4"
2026-09-16T05:11:54.3300206+00:00,1660046000,0.000000,0,1.000000,0.000000,0.000000,0.340000,SURVIVAL,SURVIVAL,NONE,H_t,allow_survival,phase=none;hMul=1.000;gMul=1.000;qMul=1.000;qAdd=0.000;rpiOff=0.000,1871,7912,"RacePacingRejected, RACE action=reject_survival:7441;RacePacingRejected, RACE action=reject_pacing:467;ReplacementNotAllowed:4"
2026-09-16T05:11:54.8302127+00:00,1660046000,0.000000,0,1.000000,0.000000,0.000000,0.340000,SURVIVAL,SURVIVAL,NONE,H_t,allow_survival,phase=none;hMul=1.000;gMul=1.000;qMul=1.000;qAdd=0.000;rpiOff=0.000,1871,7912,"RacePacingRejected, RACE action=reject_survival:7441;RacePacingRejected, RACE action=reject_pacing:467;ReplacementNotAllowed:4"
2026-09-16T05:11:55.3300562+00:00,1660119760,0.000000,0,1.000000,0.000000,0.000000,0.340000,SURVIVAL,SURVIVAL,NONE,H_t,allow_survival,phase=none;hMul=1.000;gMul=1.000;qMul=1.000;qAdd=0.000;rpiOff=0.000,1871,7912,"RacePacingRejected, RACE action=reject_survival:7441;RacePacingRejected, RACE action=reject_pacing:467;ReplacementNotAllowed:4"
2026-09-16T05:11:55.8302453+00:00,1660119760,0.000000,0,1.000000,0.000000,0.000000,0.340000,SURVIVAL,SURVIVAL,NONE,H_t,allow_survival,phase=none;hMul=1.000;gMul=1.000;qMul=1.000;qAdd=0.000;rpiOff=0.000,1871,7912,"RacePacingRejected, RACE action=reject_survival:7441;RacePacingRejected, RACE action=reject_pacing:467;ReplacementNotAllowed:4"
2026-09-16T05:11:56.3307936+00:00,1660193264,0.000000,0,1.000000,0.000000,0.000000,0.340000,SURVIVAL,SURVIVAL,NONE,H_t,allow_survival,phase=none;hMul=1.000;gMul=1.000;qMul=1.000;qAdd=0.000;rpiOff=0.000,1871,7912,"RacePacingRejected, RACE action=reject_survival:7441;RacePacingRejected, RACE action=reject_pacing:467;ReplacementNotAllowed:4"
2026-09-16T05:11:56.8299766+00:00,1660201488,0.000000,0,1.000000,0.000000,0.000000,0.340000,SURVIVAL,SURVIVAL,NONE,H_t,allow_survival,phase=none;hMul=1.000;gMul=1.000;qMul=1.000;qAdd=0.000;rpiOff=0.000,1871,7912,"RacePacingRejected, RACE action=reject_survival:7441;RacePacingRejected, RACE action=reject_pacing:467;ReplacementNotAllowed:4"
2026-09-16T05:11:57.3300490+00:00,1660246256,0.000000,0,1.000000,0.000000,0.000000,0.340000,SURVIVAL,SURVIVAL,NONE,H_t,allow_survival,phase=none;hMul=1.000;gMul=1.000;qMul=1.000;qAdd=0.000;rpiOff=0.000,1871,7912,"RacePacingRejected, RACE action=reject_survival:7441;RacePacingRejected, RACE action=reject_pacing:467;ReplacementNotAllowed:4"
2026-09-16T05:11:57.8303656+00:00,1660250144,0.000000,0,1.000000,0.000000,0.000000,0.340000,SURVIVAL,SURVIVAL,NONE,H_t,allow_survival,phase=none;hMul=1.000;gMul=1.000;qMul=1.000;qAdd=0.000;rpiOff=0.000,1871,7912,"RacePacingRejected, RACE action=reject_survival:7441;RacePacingRejected, RACE action=reject_pacing:467;ReplacementNotAllowed:4"
2026-09-16T05:11:58.3306132+00:00,1661315440,0.000000,8,1.000000,0.000000,0.001953,0.340645,SURVIVAL,SURVIVAL,NONE,H_t,reject_survival,phase=none;hMul=1.000;gMul=1.000;qMul=1.000;qAdd=0.000;rpiOff=0.000,1879,7949,"RacePacingRejected, RACE action=reject_survival:7478;RacePacingRejected, RACE action=reject_pacing:467;ReplacementNotAllowed:4"
2026-09-16T05:11:58.8307661+00:00,1662371944,0.000000,16,1.000000,0.000000,0.003906,0.341289,SURVIVAL,SURVIVAL,NONE,H_t,allow_survival,phase=none;hMul=1.000;gMul=1.000;qMul=1.000;qAdd=0.000;rpiOff=0.000,1887,8016,"RacePacingRejected, RACE action=reject_survival:7545;RacePacingRejected, RACE action=reject_pacing:467;ReplacementNotAllowed:4"
2026-09-16T05:11:59.3306610+00:00,1671251392,0.000000,7,1.000000,0.000000,0.001709,0.340564,SURVIVAL,SURVIVAL,NONE,H_t,reject_survival,phase=none;hMul=1.000;gMul=1.000;qMul=1.000;qAdd=0.000;rpiOff=0.000,1898,8080,"RacePacingRejected, RACE action=reject_survival:7609;RacePacingRejected, RACE action=reject_pacing:467;ReplacementNotAllowed:4"
2026-09-16T05:11:59.8307503+00:00,1672316144,0.000000,18,1.000000,0.000000,0.004395,0.341450,SURVIVAL,SURVIVAL,NONE,H_t,reject_survival,phase=none;hMul=1.000;gMul=1.000;qMul=1.000;qAdd=0.000;rpiOff=0.000,1909,8144,"RacePacingRejected, RACE action=reject_survival:7673;RacePacingRejected, RACE action=reject_pacing:467;ReplacementNotAllowed:4"
2026-09-16T05:12:00.3304075+00:00,1685082464,0.000000,8,1.000000,0.000000,0.001953,0.340645,SURVIVAL,SURVIVAL,NONE,H_t,reject_survival,phase=none;hMul=1.000;gMul=1.000;qMul=1.000;qAdd=0.000;rpiOff=0.000,1919,8209,"RacePacingRejected, RACE action=reject_survival:7738;RacePacingRejected, RACE action=reject_pacing:467;ReplacementNotAllowed:4"
2026-09-16T05:12:00.8304082+00:00,1686203096,0.000000,17,1.000000,0.000000,0.004150,0.341370,SURVIVAL,SURVIVAL,NONE,H_t,reject_survival,phase=none;hMul=1.000;gMul=1.000;qMul=1.000;qAdd=0.000;rpiOff=0.000,1928,8275,"RacePacingRejected, RACE action=reject_survival:7804;RacePacingRejected, RACE action=reject_pacing:467;ReplacementNotAllowed:4"
2026-09-16T05:12:01.3302556+00:00,1709396376,0.000000,9,1.000000,0.000000,0.002197,0.340725,SURVIVAL,SURVIVAL,NONE,H_t,reject_survival,phase=none;hMul=1.000;gMul=1.000;qMul=1.000;qAdd=0.000;rpiOff=0.000,1939,8339,"RacePacingRejected, RACE action=reject_survival:7868;RacePacingRejected, RACE action=reject_pacing:467;ReplacementNotAllowed:4"
2026-09-16T05:12:01.8303477+00:00,1710477752,0.000000,18,1.000000,0.000000,0.004395,0.341450,SURVIVAL,SURVIVAL,NONE,H_t,reject_survival,phase=none;hMul=1.000;gMul=1.000;qMul=1.000;qAdd=0.000;rpiOff=0.000,1948,8405,"RacePacingRejected, RACE action=reject_survival:7934;RacePacingRejected, RACE action=reject_pacing:467;ReplacementNotAllowed:4"
2026-09-16T05:12:02.3305575+00:00,1732028088,0.000000,9,1.000000,0.000000,0.002197,0.340725,SURVIVAL,SURVIVAL,NONE,H_t,reject_survival,phase=none;hMul=1.000;gMul=1.000;qMul=1.000;qAdd=0.000;rpiOff=0.000,1960,8468,"RacePacingRejected, RACE action=reject_survival:7997;RacePacingRejected, RACE action=reject_pacing:467;ReplacementNotAllowed:4"
2026-09-16T05:12:02.8302339+00:00,1733295280,0.000000,20,1.000000,0.000000,0.004883,0.341611,SURVIVAL,SURVIVAL,NONE,H_t,allow_survival,phase=none;hMul=1.000;gMul=1.000;qMul=1.000;qAdd=0.000;rpiOff=0.000,1971,8532,"RacePacingRejected, RACE action=reject_survival:8061;RacePacingRejected, RACE action=reject_pacing:467;ReplacementNotAllowed:4"
2026-09-16T05:12:03.3306388+00:00,1761502712,0.000000,10,1.000000,0.000000,0.002441,0.340806,SURVIVAL,SURVIVAL,NONE,H_t,allow_survival,phase=none;hMul=1.000;gMul=1.000;qMul=1.000;qAdd=0.000;rpiOff=0.000,1986,8592,"RacePacingRejected, RACE action=reject_survival:8121;RacePacingRejected, RACE action=reject_pacing:467;ReplacementNotAllowed:4"
2026-09-16T05:12:03.8307062+00:00,1762580080,0.000000,20,1.000000,0.000000,0.004883,0.341611,SURVIVAL,SURVIVAL,NONE,H_t,reject_survival,phase=none;hMul=1.000;gMul=1.000;qMul=1.000;qAdd=0.000;rpiOff=0.000,1996,8657,"RacePacingRejected, RACE action=reject_survival:8186;RacePacingRejected, RACE action=reject_pacing:467;ReplacementNotAllowed:4"
2026-09-16T05:12:04.3302679+00:00,1787632728,0.000000,9,1.000000,0.000000,0.002197,0.340725,SURVIVAL,SURVIVAL,NONE,H_t,reject_survival,phase=none;hMul=1.000;gMul=1.000;qMul=1.000;qAdd=0.000;rpiOff=0.000,2008,8720,"RacePacingRejected, RACE action=reject_survival:8249;RacePacingRejected, RACE action=reject_pacing:467;ReplacementNotAllowed:4"
2026-09-16T05:12:04.8306594+00:00,1788731136,0.000000,20,1.000000,0.000000,0.004883,0.341611,SURVIVAL,SURVIVAL,NONE,H_t,reject_survival,phase=none;hMul=1.000;gMul=1.000;qMul=1.000;qAdd=0.000;rpiOff=0.000,2019,8784,"RacePacingRejected, RACE action=reject_survival:8313;RacePacingRejected, RACE action=reject_pacing:467;ReplacementNotAllowed:4"
2026-09-16T05:12:05.3305474+00:00,1812433632,0.000000,8,1.000000,0.000000,0.001953,0.340645,SURVIVAL,SURVIVAL,NONE,H_t,allow_survival,phase=none;hMul=1.000;gMul=1.000;qMul=1.000;qAdd=0.000;rpiOff=0.000,2032,8846,"RacePacingRejected, RACE action=reject_survival:8375;RacePacingRejected, RACE action=reject_pacing:467;ReplacementNotAllowed:4"
2026-09-16T05:12:05.8297619+00:00,1813510920,0.000000,21,1.000000,0.000000,0.005127,0.341692,SURVIVAL,SURVIVAL,NONE,H_t,reject_survival,phase=none;hMul=1.000;gMul=1.000;qMul=1.000;qAdd=0.000;rpiOff=0.000,2045,8908,"RacePacingRejected, RACE action=reject_survival:8437;RacePacingRejected, RACE action=reject_pacing:467;ReplacementNotAllowed:4"
2026-09-16T05:12:06.3306492+00:00,1837134776,0.000000,12,1.000000,0.000000,0.002930,0.340967,SURVIVAL,SURVIVAL,NONE,H_t,reject_survival,phase=none;hMul=1.000;gMul=1.000;qMul=1.000;qAdd=0.000;rpiOff=0.000,2061,8967,"RacePacingRejected, RACE action=reject_survival:8496;RacePacingRejected, RACE action=reject_pacing:467;ReplacementNotAllowed:4"
2026-09-16T05:12:06.8300343+00:00,1838232696,0.000000,22,1.000000,0.000000,0.005371,0.341772,SURVIVAL,SURVIVAL,NONE,H_t,reject_survival,phase=none;hMul=1.000;gMul=1.000;qMul=1.000;qAdd=0.000;rpiOff=0.000,2071,9032,"RacePacingRejected, RACE action=reject_survival:8561;RacePacingRejected, RACE action=reject_pacing:467;ReplacementNotAllowed:4"
2026-09-16T05:12:07.3303613+00:00,1861222208,0.000000,9,1.000000,0.000000,0.002197,0.340725,SURVIVAL,SURVIVAL,NONE,H_t,reject_survival,phase=none;hMul=1.000;gMul=1.000;qMul=1.000;qAdd=0.000;rpiOff=0.000,2083,9095,"RacePacingRejected, RACE action=reject_survival:8624;RacePacingRejected, RACE action=reject_pacing:467;ReplacementNotAllowed:4"
2026-09-16T05:12:07.8306895+00:00,1862324264,0.000000,16,1.000000,0.000000,0.003906,0.341289,SURVIVAL,SURVIVAL,NONE,H_t,reject_survival,phase=none;hMul=1.000;gMul=1.000;qMul=1.000;qAdd=0.000;rpiOff=0.000,2090,9163,"RacePacingRejected, RACE action=reject_survival:8692;RacePacingRejected, RACE action=reject_pacing:467;ReplacementNotAllowed:4"
2026-09-16T05:12:08.3301795+00:00,1883630672,0.000000,12,1.000000,0.000000,0.002930,0.340967,SURVIVAL,SURVIVAL,NONE,H_t,reject_survival,phase=none;hMul=1.000;gMul=1.000;qMul=1.000;qAdd=0.000;rpiOff=0.000,2107,9221,"RacePacingRejected, RACE action=reject_survival:8750;RacePacingRejected, RACE action=reject_pacing:467;ReplacementNotAllowed:4"
2026-09-16T05:12:08.8304506+00:00,1884703560,0.000000,24,1.000000,0.000000,0.005859,0.341934,SURVIVAL,SURVIVAL,NONE,H_t,reject_survival,phase=none;hMul=1.000;gMul=1.000;qMul=1.000;qAdd=0.000;rpiOff=0.000,2119,9284,"RacePacingRejected, RACE action=reject_survival:8813;RacePacingRejected, RACE action=reject_pacing:467;ReplacementNotAllowed:4"
2026-09-16T05:12:09.3300998+00:00,1908430592,0.000000,14,1.000000,0.000000,0.003418,0.341128,SURVIVAL,SURVIVAL,NONE,H_t,reject_survival,phase=none;hMul=1.000;gMul=1.000;qMul=1.000;qAdd=0.000;rpiOff=0.000,2134,9344,"RacePacingRejected, RACE action=reject_survival:8873;RacePacingRejected, RACE action=reject_pacing:467;ReplacementNotAllowed:4"
2026-09-16T05:12:09.8305881+00:00,1909577600,0.000000,20,1.000000,0.000000,0.004883,0.341611,SURVIVAL,SURVIVAL,NONE,H_t,reject_survival,phase=none;hMul=1.000;gMul=1.000;qMul=1.000;qAdd=0.000;rpiOff=0.000,2140,9413,"RacePacingRejected, RACE action=reject_survival:8942;RacePacingRejected, RACE action=reject_pacing:467;ReplacementNotAllowed:4"
2026-09-16T05:12:10.3299215+00:00,1934011320,0.000000,7,1.000000,0.000000,0.001709,0.340564,SURVIVAL,SURVIVAL,NONE,H_t,reject_survival,phase=none;hMul=1.000;gMul=1.000;qMul=1.000;qAdd=0.000;rpiOff=0.000,2152,9476,"RacePacingRejected, RACE action=reject_survival:9005;RacePacingRejected, RACE action=reject_pacing:467;ReplacementNotAllowed:4"
2026-09-16T05:12:10.8304804+00:00,1935084728,0.000000,18,1.000000,0.000000,0.004395,0.341450,SURVIVAL,SURVIVAL,NONE,H_t,reject_survival,phase=none;hMul=1.000;gMul=1.000;qMul=1.000;qAdd=0.000;rpiOff=0.000,2163,9540,"RacePacingRejected, RACE action=reject_survival:9069;RacePacingRejected, RACE action=reject_pacing:467;ReplacementNotAllowed:4"
2026-09-16T05:12:11.3304283+00:00,1957336344,0.000000,4,1.000000,0.000000,0.000977,0.340322,SURVIVAL,SURVIVAL,NONE,H_t,reject_survival,phase=none;hMul=1.000;gMul=1.000;qMul=1.000;qAdd=0.000;rpiOff=0.000,2172,9606,"RacePacingRejected, RACE action=reject_survival:9135;RacePacingRejected, RACE action=reject_pacing:467;ReplacementNotAllowed:4"
2026-09-16T05:12:11.8302380+00:00,1958425904,0.000000,12,1.000000,0.000000,0.002930,0.340967,SURVIVAL,SURVIVAL,NONE,H_t,reject_survival,phase=none;hMul=1.000;gMul=1.000;qMul=1.000;qAdd=0.000;rpiOff=0.000,2180,9673,"RacePacingRejected, RACE action=reject_survival:9202;RacePacingRejected, RACE action=reject_pacing:467;ReplacementNotAllowed:4"
2026-09-16T05:12:12.3306812+00:00,1972273776,0.000000,6,1.000000,0.000000,0.001465,0.340483,SURVIVAL,SURVIVAL,NONE,H_t,reject_survival,phase=none;hMul=1.000;gMul=1.000;qMul=1.000;qAdd=0.000;rpiOff=0.000,2188,9740,"RacePacingRejected, RACE action=reject_survival:9269;RacePacingRejected, RACE action=reject_pacing:467;ReplacementNotAllowed:4"
2026-09-16T05:12:12.8305840+00:00,1973297848,0.000000,24,1.000000,0.000000,0.005859,0.341934,SURVIVAL,SURVIVAL,NONE,H_t,allow_survival,phase=none;hMul=1.000;gMul=1.000;qMul=1.000;qAdd=0.000;rpiOff=0.000,2206,9797,"RacePacingRejected, RACE action=reject_survival:9326;RacePacingRejected, RACE action=reject_pacing:467;ReplacementNotAllowed:4"
2026-09-16T05:12:13.3304998+00:00,1995852608,0.000000,12,1.000000,0.000000,0.002930,0.340967,SURVIVAL,SURVIVAL,NONE,H_t,reject_survival,phase=none;hMul=1.000;gMul=1.000;qMul=1.000;qAdd=0.000;rpiOff=0.000,2219,9859,"RacePacingRejected, RACE action=reject_survival:9388;RacePacingRejected, RACE action=reject_pacing:467;ReplacementNotAllowed:4"
2026-09-16T05:12:13.8299076+00:00,1996999376,0.000000,18,1.000000,0.000000,0.004395,0.341450,SURVIVAL,SURVIVAL,NONE,H_t,reject_survival,phase=none;hMul=1.000;gMul=1.000;qMul=1.000;qAdd=0.000;rpiOff=0.000,2225,9928,"RacePacingRejected, RACE action=reject_survival:9457;RacePacingRejected, RACE action=reject_pacing:467;ReplacementNotAllowed:4"
2026-09-16T05:12:14.3302784+00:00,2016194336,0.000000,7,1.000000,0.000000,0.001709,0.340564,SURVIVAL,SURVIVAL,NONE,H_t,reject_survival,phase=none;hMul=1.000;gMul=1.000;qMul=1.000;qAdd=0.000;rpiOff=0.000,2234,9994,"RacePacingRejected, RACE action=reject_survival:9523;RacePacingRejected, RACE action=reject_pacing:467;ReplacementNotAllowed:4"
2026-09-16T05:12:14.8305227+00:00,2017275256,0.000000,16,1.000000,0.000000,0.003906,0.341289,SURVIVAL,SURVIVAL,NONE,H_t,reject_survival,phase=none;hMul=1.000;gMul=1.000;qMul=1.000;qAdd=0.000;rpiOff=0.000,2243,10060,"RacePacingRejected, RACE action=reject_survival:9589;RacePacingRejected, RACE action=reject_pacing:467;ReplacementNotAllowed:4"
2026-09-16T05:12:15.3298132+00:00,2034034392,0.000000,7,1.000000,0.000000,0.001709,0.340564,SURVIVAL,SURVIVAL,NONE,H_t,reject_survival,phase=none;hMul=1.000;gMul=1.000;qMul=1.000;qAdd=0.000;rpiOff=0.000,2251,10127,"RacePacingRejected, RACE action=reject_survival:9656;RacePacingRejected, RACE action=reject_pacing:467;ReplacementNotAllowed:4"
2026-09-16T05:12:15.8298222+00:00,2035132056,0.000000,17,1.000000,0.000000,0.004150,0.341370,SURVIVAL,SURVIVAL,NONE,H_t,reject_survival,phase=none;hMul=1.000;gMul=1.000;qMul=1.000;qAdd=0.000;rpiOff=0.000,2261,10192,"RacePacingRejected, RACE action=reject_survival:9721;RacePacingRejected, RACE action=reject_pacing:467;ReplacementNotAllowed:4"
2026-09-16T05:12:16.3299116+00:00,2058018976,0.000000,6,1.000000,0.000000,0.001465,0.340483,SURVIVAL,SURVIVAL,NONE,H_t,reject_survival,phase=none;hMul=1.000;gMul=1.000;qMul=1.000;qAdd=0.000;rpiOff=0.000,2272,10256,"RacePacingRejected, RACE action=reject_survival:9785;RacePacingRejected, RACE action=reject_pacing:467;ReplacementNotAllowed:4"
2026-09-16T05:12:16.8306541+00:00,2059139144,0.000000,14,1.000000,0.000000,0.003418,0.341128,SURVIVAL,SURVIVAL,NONE,H_t,reject_survival,phase=none;hMul=1.000;gMul=1.000;qMul=1.000;qAdd=0.000;rpiOff=0.000,2280,10323,"RacePacingRejected, RACE action=reject_survival:9852;RacePacingRejected, RACE action=reject_pacing:467;ReplacementNotAllowed:4"
2026-09-16T05:12:17.3305241+00:00,2077651632,0.000000,8,1.000000,0.000000,0.001953,0.340645,SURVIVAL,SURVIVAL,NONE,H_t,reject_survival,phase=none;hMul=1.000;gMul=1.000;qMul=1.000;qAdd=0.000;rpiOff=0.000,2293,10385,"RacePacingRejected, RACE action=reject_survival:9914;RacePacingRejected, RACE action=reject_pacing:467;ReplacementNotAllowed:4"
2026-09-16T05:12:17.8299922+00:00,2078740840,0.000000,17,1.000000,0.000000,0.004150,0.341370,SURVIVAL,SURVIVAL,NONE,H_t,reject_survival,phase=none;hMul=1.000;gMul=1.000;qMul=1.000;qAdd=0.000;rpiOff=0.000,2302,10451,"RacePacingRejected, RACE action=reject_survival:9980;RacePacingRejected, RACE action=reject_pacing:467;ReplacementNotAllowed:4"
2026-09-16T05:12:18.3305163+00:00,2097237688,0.000000,7,1.000000,0.000000,0.001709,0.340564,SURVIVAL,SURVIVAL,NONE,H_t,reject_survival,phase=none;hMul=1.000;gMul=1.000;qMul=1.000;qAdd=0.000;rpiOff=0.000,2312,10516,"RacePacingRejected, RACE action=reject_survival:10045;RacePacingRejected, RACE action=reject_pacing:467;ReplacementNotAllowed:4"
2026-09-16T05:12:18.8307470+00:00,2098380344,0.000000,23,1.000000,0.000000,0.005615,0.341853,SURVIVAL,SURVIVAL,NONE,H_t,reject_survival,phase=none;hMul=1.000;gMul=1.000;qMul=1.000;qAdd=0.000;rpiOff=0.000,2328,10575,"RacePacingRejected, RACE action=reject_survival:10104;RacePacingRejected, RACE action=reject_pacing:467;ReplacementNotAllowed:4"
2026-09-16T05:12:19.3299673+00:00,2123646880,0.000000,8,1.000000,0.000000,0.001953,0.340645,SURVIVAL,SURVIVAL,NONE,H_t,allow_survival,phase=none;hMul=1.000;gMul=1.000;qMul=1.000;qAdd=0.000;rpiOff=0.000,2338,10640,"RacePacingRejected, RACE action=reject_survival:10169;RacePacingRejected, RACE action=reject_pacing:467;ReplacementNotAllowed:4"
2026-09-16T05:12:19.8305446+00:00,2124736576,0.000000,19,1.000000,0.000000,0.004639,0.341531,SURVIVAL,SURVIVAL,NONE,H_t,reject_survival,phase=none;hMul=1.000;gMul=1.000;qMul=1.000;qAdd=0.000;rpiOff=0.000,2349,10704,"RacePacingRejected, RACE action=reject_survival:10233;RacePacingRejected, RACE action=reject_pacing:467;ReplacementNotAllowed:4"
2026-09-16T05:12:20.3307324+00:00,2146669848,0.000000,10,1.000000,0.000000,0.002441,0.340806,SURVIVAL,SURVIVAL,NONE,H_t,reject_survival,phase=none;hMul=1.000;gMul=1.000;qMul=1.000;qAdd=0.000;rpiOff=0.000,2363,10765,"RacePacingRejected, RACE action=reject_survival:10294;RacePacingRejected, RACE action=reject_pacing:467;ReplacementNotAllowed:4"
2026-09-16T05:12:20.8299070+00:00,2147742840,0.000000,24,1.000000,0.000000,0.005859,0.341934,SURVIVAL,SURVIVAL,NONE,H_t,reject_survival,phase=none;hMul=1.000;gMul=1.000;qMul=1.000;qAdd=0.000;rpiOff=0.000,2377,10826,"RacePacingRejected, RACE action=reject_survival:10355;RacePacingRejected, RACE action=reject_pacing:467;ReplacementNotAllowed:4"
2026-09-16T05:12:21.3299926+00:00,2171724392,0.000000,6,1.000000,0.000000,0.001465,0.340483,SURVIVAL,SURVIVAL,NONE,H_t,reject_survival,phase=none;hMul=1.000;gMul=1.000;qMul=1.000;qAdd=0.000;rpiOff=0.000,2384,10894,"RacePacingRejected, RACE action=reject_survival:10423;RacePacingRejected, RACE action=reject_pacing:467;ReplacementNotAllowed:4"
2026-09-16T05:12:21.8304403+00:00,2172814088,0.000000,17,1.000000,0.000000,0.004150,0.341370,SURVIVAL,SURVIVAL,NONE,H_t,reject_survival,phase=none;hMul=1.000;gMul=1.000;qMul=1.000;qAdd=0.000;rpiOff=0.000,2395,10958,"RacePacingRejected, RACE action=reject_survival:10487;RacePacingRejected, RACE action=reject_pacing:467;ReplacementNotAllowed:4"
2026-09-16T05:12:22.3300760+00:00,2189431664,0.000000,6,1.000000,0.000000,0.001465,0.340483,SURVIVAL,SURVIVAL,NONE,H_t,reject_survival,phase=none;hMul=1.000;gMul=1.000;qMul=1.000;qAdd=0.000;rpiOff=0.000,2403,11025,"RacePacingRejected, RACE action=reject_survival:10554;RacePacingRejected, RACE action=reject_pacing:467;ReplacementNotAllowed:4"
2026-09-16T05:12:22.8306050+00:00,2190505168,0.000000,21,1.000000,0.000000,0.005127,0.341692,SURVIVAL,SURVIVAL,NONE,H_t,allow_survival,phase=none;hMul=1.000;gMul=1.000;qMul=1.000;qAdd=0.000;rpiOff=0.000,2418,11085,"RacePacingRejected, RACE action=reject_survival:10614;RacePacingRejected, RACE action=reject_pacing:467;ReplacementNotAllowed:4"
2026-09-16T05:12:23.3303196+00:00,2213949920,0.000000,8,1.000000,0.000000,0.001953,0.340645,SURVIVAL,SURVIVAL,NONE,H_t,reject_survival,phase=none;hMul=1.000;gMul=1.000;qMul=1.000;qAdd=0.000;rpiOff=0.000,2429,11149,"RacePacingRejected, RACE action=reject_survival:10678;RacePacingRejected, RACE action=reject_pacing:467;ReplacementNotAllowed:4"
2026-09-16T05:12:23.8305488+00:00,2215063776,0.000000,19,1.000000,0.000000,0.004639,0.341531,SURVIVAL,SURVIVAL,NONE,H_t,reject_survival,phase=none;hMul=1.000;gMul=1.000;qMul=1.000;qAdd=0.000;rpiOff=0.000,2440,11213,"RacePacingRejected, RACE action=reject_survival:10742;RacePacingRejected, RACE action=reject_pacing:467;ReplacementNotAllowed:4"
2026-09-16T05:12:24.3307547+00:00,2235791736,0.000000,7,1.000000,0.000000,0.001709,0.340564,SURVIVAL,SURVIVAL,NONE,H_t,reject_survival,phase=none;hMul=1.000;gMul=1.000;qMul=1.000;qAdd=0.000;rpiOff=0.000,2451,11277,"RacePacingRejected, RACE action=reject_survival:10806;RacePacingRejected, RACE action=reject_pacing:467;ReplacementNotAllowed:4"
2026-09-16T05:12:24.8305236+00:00,2236864624,0.000000,18,1.000000,0.000000,0.004395,0.341450,SURVIVAL,SURVIVAL,NONE,H_t,reject_survival,phase=none;hMul=1.000;gMul=1.000;qMul=1.000;qAdd=0.000;rpiOff=0.000,2462,11341,"RacePacingRejected, RACE action=reject_survival:10870;RacePacingRejected, RACE action=reject_pacing:467;ReplacementNotAllowed:4"
2026-09-16T05:12:25.3305388+00:00,2257783656,0.000000,8,1.000000,0.000000,0.001953,0.340645,SURVIVAL,SURVIVAL,NONE,H_t,reject_survival,phase=none;hMul=1.000;gMul=1.000;qMul=1.000;qAdd=0.000;rpiOff=0.000,2474,11404,"RacePacingRejected, RACE action=reject_survival:10933;RacePacingRejected, RACE action=reject_pacing:467;ReplacementNotAllowed:4"
2026-09-16T05:12:25.8298856+00:00,2258865088,0.000000,21,1.000000,0.000000,0.005127,0.341692,SURVIVAL,SURVIVAL,NONE,H_t,allow_survival,phase=none;hMul=1.000;gMul=1.000;qMul=1.000;qAdd=0.000;rpiOff=0.000,2487,11466,"RacePacingRejected, RACE action=reject_survival:10995;RacePacingRejected, RACE action=reject_pacing:467;ReplacementNotAllowed:4"
2026-09-16T05:12:26.3307502+00:00,2281876936,0.000000,11,1.000000,0.000000,0.002686,0.340886,SURVIVAL,SURVIVAL,NONE,H_t,reject_survival,phase=none;hMul=1.000;gMul=1.000;qMul=1.000;qAdd=0.000;rpiOff=0.000,2502,11526,"RacePacingRejected, RACE action=reject_survival:11055;RacePacingRejected, RACE action=reject_pacing:467;ReplacementNotAllowed:4"
2026-09-16T05:12:26.8304624+00:00,2282966488,0.000000,21,1.000000,0.000000,0.005127,0.341692,SURVIVAL,SURVIVAL,NONE,H_t,reject_survival,phase=none;hMul=1.000;gMul=1.000;qMul=1.000;qAdd=0.000;rpiOff=0.000,2512,11591,"RacePacingRejected, RACE action=reject_survival:11120;RacePacingRejected, RACE action=reject_pacing:467;ReplacementNotAllowed:4"
2026-09-16T05:12:27.3306490+00:00,2309057128,0.000000,6,1.000000,0.000000,0.001465,0.340483,SURVIVAL,SURVIVAL,NONE,H_t,reject_survival,phase=none;hMul=1.000;gMul=1.000;qMul=1.000;qAdd=0.000;rpiOff=0.000,2522,11656,"RacePacingRejected, RACE action=reject_survival:11185;RacePacingRejected, RACE action=reject_pacing:467;ReplacementNotAllowed:4"
2026-09-16T05:12:27.8303477+00:00,2310130376,0.000000,17,1.000000,0.000000,0.004150,0.341370,SURVIVAL,SURVIVAL,NONE,H_t,reject_survival,phase=none;hMul=1.000;gMul=1.000;qMul=1.000;qAdd=0.000;rpiOff=0.000,2533,11720,"RacePacingRejected, RACE action=reject_survival:11249;RacePacingRejected, RACE action=reject_pacing:467;ReplacementNotAllowed:4"
2026-09-16T05:12:28.3303985+00:00,2331090408,0.000000,7,1.000000,0.000000,0.001709,0.340564,SURVIVAL,SURVIVAL,NONE,H_t,allow_survival,phase=none;hMul=1.000;gMul=1.000;qMul=1.000;qAdd=0.000;rpiOff=0.000,2545,11783,"RacePacingRejected, RACE action=reject_survival:11312;RacePacingRejected, RACE action=reject_pacing:467;ReplacementNotAllowed:4"
2026-09-16T05:12:28.8305598+00:00,2332130568,0.000000,22,1.000000,0.000000,0.005371,0.341772,SURVIVAL,SURVIVAL,NONE,H_t,reject_survival,phase=none;hMul=1.000;gMul=1.000;qMul=1.000;qAdd=0.000;rpiOff=0.000,2560,11843,"RacePacingRejected, RACE action=reject_survival:11370;RacePacingRejected, RACE action=reject_pacing:467;ReplacementNotAllowed:6"
2026-09-16T05:12:29.3306641+00:00,2356901248,0.000000,13,1.000000,0.000000,0.003174,0.341047,SURVIVAL,SURVIVAL,NONE,H_t,reject_survival,phase=none;hMul=1.000;gMul=1.000;qMul=1.000;qAdd=0.000;rpiOff=0.000,2576,11902,"RacePacingRejected, RACE action=reject_survival:11429;RacePacingRejected, RACE action=reject_pacing:467;ReplacementNotAllowed:6"
2026-09-16T05:12:29.8301047+00:00,2357982464,0.000000,25,1.000000,0.000000,0.006104,0.342014,SURVIVAL,SURVIVAL,NONE,H_t,reject_survival,phase=none;hMul=1.000;gMul=1.000;qMul=1.000;qAdd=0.000;rpiOff=0.000,2588,11965,"RacePacingRejected, RACE action=reject_survival:11492;RacePacingRejected, RACE action=reject_pacing:467;ReplacementNotAllowed:6"
2026-09-16T05:12:30.3305476+00:00,2381884056,0.000000,6,1.000000,0.000000,0.001465,0.340483,SURVIVAL,SURVIVAL,NONE,H_t,reject_survival,phase=none;hMul=1.000;gMul=1.000;qMul=1.000;qAdd=0.000;rpiOff=0.000,2594,12034,"RacePacingRejected, RACE action=reject_survival:11561;RacePacingRejected, RACE action=reject_pacing:467;ReplacementNotAllowed:6"
2026-09-16T05:12:30.8305178+00:00,2382965464,0.000000,19,1.000000,0.000000,0.004639,0.341531,SURVIVAL,SURVIVAL,NONE,H_t,reject_survival,phase=none;hMul=1.000;gMul=1.000;qMul=1.000;qAdd=0.000;rpiOff=0.000,2607,12096,"RacePacingRejected, RACE action=reject_survival:11623;RacePacingRejected, RACE action=reject_pacing:467;ReplacementNotAllowed:6"
2026-09-16T05:12:31.3301457+00:00,2406995536,0.000000,10,1.000000,0.000000,0.002441,0.340806,SURVIVAL,SURVIVAL,NONE,H_t,reject_survival,phase=none;hMul=1.000;gMul=1.000;qMul=1.000;qAdd=0.000;rpiOff=0.000,2623,12155,"RacePacingRejected, RACE action=reject_survival:11682;RacePacingRejected, RACE action=reject_pacing:467;ReplacementNotAllowed:6"
2026-09-16T05:12:31.8303301+00:00,2408093104,0.000000,20,1.000000,0.000000,0.004883,0.341611,SURVIVAL,SURVIVAL,NONE,H_t,reject_survival,phase=none;hMul=1.000;gMul=1.000;qMul=1.000;qAdd=0.000;rpiOff=0.000,2633,12220,"RacePacingRejected, RACE action=reject_survival:11747;RacePacingRejected, RACE action=reject_pacing:467;ReplacementNotAllowed:6"
2026-09-16T05:12:32.3302891+00:00,2432299240,0.000000,4,1.000000,0.000000,0.000977,0.340322,SURVIVAL,SURVIVAL,NONE,H_t,reject_survival,phase=none;hMul=1.000;gMul=1.000;qMul=1.000;qAdd=0.000;rpiOff=0.000,2641,12287,"RacePacingRejected, RACE action=reject_survival:11814;RacePacingRejected, RACE action=reject_pacing:467;ReplacementNotAllowed:6"
2026-09-16T05:12:32.8297467+00:00,2433347176,0.000000,19,1.000000,0.000000,0.004639,0.341531,SURVIVAL,SURVIVAL,NONE,H_t,reject_survival,phase=none;hMul=1.000;gMul=1.000;qMul=1.000;qAdd=0.000;rpiOff=0.000,2656,12347,"RacePacingRejected, RACE action=reject_survival:11874;RacePacingRejected, RACE action=reject_pacing:467;ReplacementNotAllowed:6"
2026-09-16T05:12:33.3303808+00:00,2454990080,0.000000,13,1.000000,0.000000,0.003174,0.341047,SURVIVAL,SURVIVAL,NONE,H_t,reject_survival,phase=none;hMul=1.000;gMul=1.000;qMul=1.000;qAdd=0.000;rpiOff=0.000,2674,12404,"RacePacingRejected, RACE action=reject_survival:11931;RacePacingRejected, RACE action=reject_pacing:467;ReplacementNotAllowed:6"
2026-09-16T05:12:33.8304513+00:00,2456105936,0.000000,23,1.000000,0.000000,0.005615,0.341853,SURVIVAL,SURVIVAL,NONE,H_t,reject_survival,phase=none;hMul=1.000;gMul=1.000;qMul=1.000;qAdd=0.000;rpiOff=0.000,2684,12469,"RacePacingRejected, RACE action=reject_survival:11996;RacePacingRejected, RACE action=reject_pacing:467;ReplacementNotAllowed:6"
2026-09-16T05:12:34.3304809+00:00,2480828496,0.000000,8,1.000000,0.000000,0.001953,0.340645,SURVIVAL,SURVIVAL,NONE,H_t,reject_survival,phase=none;hMul=1.000;gMul=1.000;qMul=1.000;qAdd=0.000;rpiOff=0.000,2694,12534,"RacePacingRejected, RACE action=reject_survival:12061;RacePacingRejected, RACE action=reject_pacing:467;ReplacementNotAllowed:6"
2026-09-16T05:12:34.8304793+00:00,2481918120,0.000000,17,1.000000,0.000000,0.004150,0.341370,SURVIVAL,SURVIVAL,NONE,H_t,reject_survival,phase=none;hMul=1.000;gMul=1.000;qMul=1.000;qAdd=0.000;rpiOff=0.000,2703,12600,"RacePacingRejected, RACE action=reject_survival:12127;RacePacingRejected, RACE action=reject_pacing:467;ReplacementNotAllowed:6"
2026-09-16T05:12:35.3297538+00:00,2503368704,0.000000,9,1.000000,0.000000,0.002197,0.340725,SURVIVAL,SURVIVAL,NONE,H_t,reject_survival,phase=none;hMul=1.000;gMul=1.000;qMul=1.000;qAdd=0.000;rpiOff=0.000,2716,12662,"RacePacingRejected, RACE action=reject_survival:12189;RacePacingRejected, RACE action=reject_pacing:467;ReplacementNotAllowed:6"
2026-09-16T05:12:35.8302709+00:00,2504458144,0.000000,16,1.000000,0.000000,0.003906,0.341289,SURVIVAL,SURVIVAL,NONE,H_t,reject_survival,phase=none;hMul=1.000;gMul=1.000;qMul=1.000;qAdd=0.000;rpiOff=0.000,2723,12730,"RacePacingRejected, RACE action=reject_survival:12257;RacePacingRejected, RACE action=reject_pacing:467;ReplacementNotAllowed:6"
2026-09-16T05:12:36.3307249+00:00,2522623448,0.000000,8,1.000000,0.000000,0.001953,0.340645,SURVIVAL,SURVIVAL,NONE,H_t,reject_survival,phase=none;hMul=1.000;gMul=1.000;qMul=1.000;qAdd=0.000;rpiOff=0.000,2736,12792,"RacePacingRejected, RACE action=reject_survival:12319;RacePacingRejected, RACE action=reject_pacing:467;ReplacementNotAllowed:6"
2026-09-16T05:12:36.8304677+00:00,2523680144,0.000000,20,1.000000,0.000000,0.004883,0.341611,SURVIVAL,SURVIVAL,NONE,H_t,reject_survival,phase=none;hMul=1.000;gMul=1.000;qMul=1.000;qAdd=0.000;rpiOff=0.000,2748,12855,"RacePacingRejected, RACE action=reject_survival:12382;RacePacingRejected, RACE action=reject_pacing:467;ReplacementNotAllowed:6"
2026-09-16T05:12:37.3302462+00:00,2548350296,0.000000,7,1.000000,0.000000,0.001709,0.340564,SURVIVAL,SURVIVAL,NONE,H_t,reject_survival,phase=none;hMul=1.000;gMul=1.000;qMul=1.000;qAdd=0.000;rpiOff=0.000,2758,12920,"RacePacingRejected, RACE action=reject_survival:12447;RacePacingRejected, RACE action=reject_pacing:467;ReplacementNotAllowed:6"
2026-09-16T05:12:37.8306652+00:00,2549431512,0.000000,18,1.000000,0.000000,0.004395,0.341450,SURVIVAL,SURVIVAL,NONE,H_t,reject_survival,phase=none;hMul=1.000;gMul=1.000;qMul=1.000;qAdd=0.000;rpiOff=0.000,2769,12984,"RacePacingRejected, RACE action=reject_survival:12511;RacePacingRejected, RACE action=reject_pacing:467;ReplacementNotAllowed:6"
2026-09-16T05:12:38.3307169+00:00,2567706280,0.000000,14,1.000000,0.000000,0.003418,0.341128,SURVIVAL,SURVIVAL,NONE,H_t,reject_survival,phase=none;hMul=1.000;gMul=1.000;qMul=1.000;qAdd=0.000;rpiOff=0.000,2785,13043,"RacePacingRejected, RACE action=reject_survival:12570;RacePacingRejected, RACE action=reject_pacing:467;ReplacementNotAllowed:6"
2026-09-16T05:12:38.8298725+00:00,2568771304,0.000000,28,1.000000,0.000000,0.006836,0.342256,SURVIVAL,SURVIVAL,NONE,H_t,reject_survival,phase=none;hMul=1.000;gMul=1.000;qMul=1.000;qAdd=0.000;rpiOff=0.000,2799,13104,"RacePacingRejected, RACE action=reject_survival:12631;RacePacingRejected, RACE action=reject_pacing:467;ReplacementNotAllowed:6"
2026-09-16T05:12:39.3298472+00:00,2592656720,0.000000,11,1.000000,0.000000,0.002686,0.340886,SURVIVAL,SURVIVAL,NONE,H_t,reject_survival,phase=none;hMul=1.000;gMul=1.000;qMul=1.000;qAdd=0.000;rpiOff=0.000,2807,13171,"RacePacingRejected, RACE action=reject_survival:12698;RacePacingRejected, RACE action=reject_pacing:467;ReplacementNotAllowed:6"
2026-09-16T05:12:39.8300143+00:00,2593795248,0.000000,18,1.000000,0.000000,0.004395,0.341450,SURVIVAL,SURVIVAL,NONE,H_t,reject_survival,phase=none;hMul=1.000;gMul=1.000;qMul=1.000;qAdd=0.000;rpiOff=0.000,2814,13239,"RacePacingRejected, RACE action=reject_survival:12766;RacePacingRejected, RACE action=reject_pacing:467;ReplacementNotAllowed:6"
2026-09-16T05:12:40.3305925+00:00,2614617184,0.000000,7,1.000000,0.000000,0.001709,0.340564,SURVIVAL,SURVIVAL,NONE,H_t,reject_survival,phase=none;hMul=1.000;gMul=1.000;qMul=1.000;qAdd=0.000;rpiOff=0.000,2824,13304,"RacePacingRejected, RACE action=reject_survival:12831;RacePacingRejected, RACE action=reject_pacing:467;ReplacementNotAllowed:6"
2026-09-16T05:12:40.8304513+00:00,2615665072,0.000000,23,1.000000,0.000000,0.005615,0.341853,SURVIVAL,SURVIVAL,NONE,H_t,allow_survival,phase=none;hMul=1.000;gMul=1.000;qMul=1.000;qAdd=0.000;rpiOff=0.000,2840,13363,"RacePacingRejected, RACE action=reject_survival:12890;RacePacingRejected, RACE action=reject_pacing:467;ReplacementNotAllowed:6"
2026-09-16T05:12:41.3304170+00:00,2641701024,0.000000,13,1.000000,0.000000,0.003174,0.341047,SURVIVAL,SURVIVAL,NONE,H_t,reject_survival,phase=none;hMul=1.000;gMul=1.000;qMul=1.000;qAdd=0.000;rpiOff=0.000,2855,13423,"RacePacingRejected, RACE action=reject_survival:12950;RacePacingRejected, RACE action=reject_pacing:467;ReplacementNotAllowed:6"
2026-09-16T05:12:41.8305054+00:00,2642814736,0.000000,23,1.000000,0.000000,0.005615,0.341853,SURVIVAL,SURVIVAL,NONE,H_t,reject_survival,phase=none;hMul=1.000;gMul=1.000;qMul=1.000;qAdd=0.000;rpiOff=0.000,2865,13488,"RacePacingRejected, RACE action=reject_survival:13015;RacePacingRejected, RACE action=reject_pacing:467;ReplacementNotAllowed:6"
2026-09-16T05:12:42.3300667+00:00,2665482960,0.000000,5,1.000000,0.000000,0.001221,0.340403,SURVIVAL,SURVIVAL,NONE,H_t,reject_survival,phase=none;hMul=1.000;gMul=1.000;qMul=1.000;qAdd=0.000;rpiOff=0.000,2872,13556,"RacePacingRejected, RACE action=reject_survival:13083;RacePacingRejected, RACE action=reject_pacing:467;ReplacementNotAllowed:6"
2026-09-16T05:12:42.8301277+00:00,2666596688,0.000000,12,1.000000,0.000000,0.002930,0.340967,SURVIVAL,SURVIVAL,NONE,H_t,reject_survival,phase=none;hMul=1.000;gMul=1.000;qMul=1.000;qAdd=0.000;rpiOff=0.000,2879,13624,"RacePacingRejected, RACE action=reject_survival:13151;RacePacingRejected, RACE action=reject_pacing:467;ReplacementNotAllowed:6"
2026-09-16T05:12:43.3301384+00:00,2686838048,0.000000,4,1.000000,0.000000,0.000977,0.340322,SURVIVAL,SURVIVAL,NONE,H_t,reject_survival,phase=none;hMul=1.000;gMul=1.000;qMul=1.000;qAdd=0.000;rpiOff=0.000,2889,13689,"RacePacingRejected, RACE action=reject_survival:13216;RacePacingRejected, RACE action=reject_pacing:467;ReplacementNotAllowed:6"
2026-09-16T05:12:43.8298139+00:00,2687890400,0.000000,19,1.000000,0.000000,0.004639,0.341531,SURVIVAL,SURVIVAL,NONE,H_t,reject_survival,phase=none;hMul=1.000;gMul=1.000;qMul=1.000;qAdd=0.000;rpiOff=0.000,2904,13749,"RacePacingRejected, RACE action=reject_survival:13276;RacePacingRejected, RACE action=reject_pacing:467;ReplacementNotAllowed:6"
2026-09-16T05:12:44.3300794+00:00,2709535408,0.000000,9,1.000000,0.000000,0.002197,0.340725,SURVIVAL,SURVIVAL,NONE,H_t,reject_survival,phase=none;hMul=1.000;gMul=1.000;qMul=1.000;qAdd=0.000;rpiOff=0.000,2916,13812,"RacePacingRejected, RACE action=reject_survival:13339;RacePacingRejected, RACE action=reject_pacing:467;ReplacementNotAllowed:6"
2026-09-16T05:12:44.8303478+00:00,2710641040,0.000000,21,1.000000,0.000000,0.005127,0.341692,SURVIVAL,SURVIVAL,NONE,H_t,reject_survival,phase=none;hMul=1.000;gMul=1.000;qMul=1.000;qAdd=0.000;rpiOff=0.000,2928,13875,"RacePacingRejected, RACE action=reject_survival:13402;RacePacingRejected, RACE action=reject_pacing:467;ReplacementNotAllowed:6"
2026-09-16T05:12:45.3306818+00:00,2738816416,0.000000,11,1.000000,0.000000,0.002686,0.340886,SURVIVAL,SURVIVAL,NONE,H_t,reject_survival,phase=none;hMul=1.000;gMul=1.000;qMul=1.000;qAdd=0.000;rpiOff=0.000,2943,13935,"RacePacingRejected, RACE action=reject_survival:13462;RacePacingRejected, RACE action=reject_pacing:467;ReplacementNotAllowed:6"
2026-09-16T05:12:45.8302167+00:00,2739905832,0.000000,22,1.000000,0.000000,0.005371,0.341772,SURVIVAL,SURVIVAL,NONE,H_t,allow_survival,phase=none;hMul=1.000;gMul=1.000;qMul=1.000;qAdd=0.000;rpiOff=0.000,2954,13999,"RacePacingRejected, RACE action=reject_survival:13526;RacePacingRejected, RACE action=reject_pacing:467;ReplacementNotAllowed:6"
2026-09-16T05:12:46.3300853+00:00,2762065952,0.000000,7,1.000000,0.000000,0.001709,0.340564,SURVIVAL,SURVIVAL,NONE,H_t,allow_survival,phase=none;hMul=1.000;gMul=1.000;qMul=1.000;qAdd=0.000;rpiOff=0.000,2964,14064,"RacePacingRejected, RACE action=reject_survival:13591;RacePacingRejected, RACE action=reject_pacing:467;ReplacementNotAllowed:6"
2026-09-16T05:12:46.8301047+00:00,2763155152,0.000000,16,1.000000,0.000000,0.003906,0.341289,SURVIVAL,SURVIVAL,NONE,H_t,reject_survival,phase=none;hMul=1.000;gMul=1.000;qMul=1.000;qAdd=0.000;rpiOff=0.000,2973,14130,"RacePacingRejected, RACE action=reject_survival:13657;RacePacingRejected, RACE action=reject_pacing:467;ReplacementNotAllowed:6"
2026-09-16T05:12:47.3323951+00:00,2781031128,0.000000,11,1.000000,0.000000,0.002686,0.340886,SURVIVAL,SURVIVAL,NONE,H_t,reject_survival,phase=none;hMul=1.000;gMul=1.000;qMul=1.000;qAdd=0.000;rpiOff=0.000,2984,14194,"RacePacingRejected, RACE action=reject_survival:13721;RacePacingRejected, RACE action=reject_pacing:467;ReplacementNotAllowed:6"
2026-09-16T05:12:47.8304326+00:00,2782094656,0.000000,25,1.000000,0.000000,0.006104,0.342014,SURVIVAL,SURVIVAL,NONE,H_t,allow_survival,phase=none;hMul=1.000;gMul=1.000;qMul=1.000;qAdd=0.000;rpiOff=0.000,2998,14255,"RacePacingRejected, RACE action=reject_survival:13782;RacePacingRejected, RACE action=reject_pacing:467;ReplacementNotAllowed:6"
2026-09-16T05:12:48.3303921+00:00,2808158248,0.000000,15,1.000000,0.000000,0.003662,0.341208,SURVIVAL,SURVIVAL,NONE,H_t,allow_survival,phase=none;hMul=1.000;gMul=1.000;qMul=1.000;qAdd=0.000;rpiOff=0.000,3013,14315,"RacePacingRejected, RACE action=reject_survival:13842;RacePacingRejected, RACE action=reject_pacing:467;ReplacementNotAllowed:6"
2026-09-16T05:12:48.8305809+00:00,2809256400,0.000000,24,1.000000,0.000000,0.005859,0.341934,SURVIVAL,SURVIVAL,NONE,H_t,reject_survival,phase=none;hMul=1.000;gMul=1.000;qMul=1.000;qAdd=0.000;rpiOff=0.000,3022,14381,"RacePacingRejected, RACE action=reject_survival:13908;RacePacingRejected, RACE action=reject_pacing:467;ReplacementNotAllowed:6"
2026-09-16T05:12:49.3304300+00:00,2837683376,0.000000,9,1.000000,0.000000,0.002197,0.340725,SURVIVAL,SURVIVAL,NONE,H_t,reject_survival,phase=none;hMul=1.000;gMul=1.000;qMul=1.000;qAdd=0.000;rpiOff=0.000,3032,14446,"RacePacingRejected, RACE action=reject_survival:13973;RacePacingRejected, RACE action=reject_pacing:467;ReplacementNotAllowed:6"
2026-09-16T05:12:49.8299545+00:00,2838796632,0.000000,15,1.000000,0.000000,0.003662,0.341208,SURVIVAL,SURVIVAL,NONE,H_t,reject_survival,phase=none;hMul=1.000;gMul=1.000;qMul=1.000;qAdd=0.000;rpiOff=0.000,3038,14515,"RacePacingRejected, RACE action=reject_survival:14042;RacePacingRejected, RACE action=reject_pacing:467;ReplacementNotAllowed:6"
2026-09-16T05:12:50.3298509+00:00,2857978912,0.000000,9,1.000000,0.000000,0.002197,0.340725,SURVIVAL,SURVIVAL,NONE,H_t,reject_survival,phase=none;hMul=1.000;gMul=1.000;qMul=1.000;qAdd=0.000;rpiOff=0.000,3051,14577,"RacePacingRejected, RACE action=reject_survival:14104;RacePacingRejected, RACE action=reject_pacing:467;ReplacementNotAllowed:6"
2026-09-16T05:12:50.8303320+00:00,2859084424,0.000000,16,1.000000,0.000000,0.003906,0.341289,SURVIVAL,SURVIVAL,NONE,H_t,reject_survival,phase=none;hMul=1.000;gMul=1.000;qMul=1.000;qAdd=0.000;rpiOff=0.000,3058,14645,"RacePacingRejected, RACE action=reject_survival:14172;RacePacingRejected, RACE action=reject_pacing:467;ReplacementNotAllowed:6"
2026-09-16T05:12:51.3300965+00:00,2878857376,0.000000,10,1.000000,0.000000,0.002441,0.340806,SURVIVAL,SURVIVAL,NONE,H_t,allow_survival,phase=none;hMul=1.000;gMul=1.000;qMul=1.000;qAdd=0.000;rpiOff=0.000,3072,14706,"RacePacingRejected, RACE action=reject_survival:14233;RacePacingRejected, RACE action=reject_pacing:467;ReplacementNotAllowed:6"
2026-09-16T05:12:51.8305689+00:00,2879922384,0.000000,22,1.000000,0.000000,0.005371,0.341772,SURVIVAL,SURVIVAL,NONE,H_t,reject_survival,phase=none;hMul=1.000;gMul=1.000;qMul=1.000;qAdd=0.000;rpiOff=0.000,3084,14769,"RacePacingRejected, RACE action=reject_survival:14296;RacePacingRejected, RACE action=reject_pacing:467;ReplacementNotAllowed:6"
2026-09-16T05:12:52.3302999+00:00,2905193272,0.000000,10,1.000000,0.000000,0.002441,0.340806,SURVIVAL,SURVIVAL,NONE,H_t,reject_survival,phase=none;hMul=1.000;gMul=1.000;qMul=1.000;qAdd=0.000;rpiOff=0.000,3097,14831,"RacePacingRejected, RACE action=reject_survival:14358;RacePacingRejected, RACE action=reject_pacing:467;ReplacementNotAllowed:6"
2026-09-16T05:12:52.8298122+00:00,2906274544,0.000000,21,1.000000,0.000000,0.005127,0.341692,SURVIVAL,SURVIVAL,NONE,H_t,reject_survival,phase=none;hMul=1.000;gMul=1.000;qMul=1.000;qAdd=0.000;rpiOff=0.000,3108,14895,"RacePacingRejected, RACE action=reject_survival:14422;RacePacingRejected, RACE action=reject_pacing:467;ReplacementNotAllowed:6"
2026-09-16T05:12:53.3302212+00:00,2928250208,0.000000,6,1.000000,0.000000,0.001465,0.340483,SURVIVAL,SURVIVAL,NONE,H_t,reject_survival,phase=none;hMul=1.000;gMul=1.000;qMul=1.000;qAdd=0.000;rpiOff=0.000,3117,14961,"RacePacingRejected, RACE action=reject_survival:14488;RacePacingRejected, RACE action=reject_pacing:467;ReplacementNotAllowed:6"
2026-09-16T05:12:53.8303543+00:00,2929339664,0.000000,16,1.000000,0.000000,0.003906,0.341289,SURVIVAL,SURVIVAL,NONE,H_t,reject_survival,phase=none;hMul=1.000;gMul=1.000;qMul=1.000;qAdd=0.000;rpiOff=0.000,3127,15026,"RacePacingRejected, RACE action=reject_survival:14553;RacePacingRejected, RACE action=reject_pacing:467;ReplacementNotAllowed:6"
2026-09-16T05:12:54.3305850+00:00,2945248824,0.000000,8,1.000000,0.000000,0.001953,0.340645,SURVIVAL,SURVIVAL,NONE,H_t,reject_survival,phase=none;hMul=1.000;gMul=1.000;qMul=1.000;qAdd=0.000;rpiOff=0.000,3135,15093,"RacePacingRejected, RACE action=reject_survival:14620;RacePacingRejected, RACE action=reject_pacing:467;ReplacementNotAllowed:6"
2026-09-16T05:12:54.8300946+00:00,2946305120,0.000000,22,1.000000,0.000000,0.005371,0.341772,SURVIVAL,SURVIVAL,NONE,H_t,allow_survival,phase=none;hMul=1.000;gMul=1.000;qMul=1.000;qAdd=0.000;rpiOff=0.000,3149,15154,"RacePacingRejected, RACE action=reject_survival:14681;RacePacingRejected, RACE action=reject_pacing:467;ReplacementNotAllowed:6"
2026-09-16T05:12:55.3300797+00:00,2968504320,0.000000,7,1.000000,0.000000,0.001709,0.340564,SURVIVAL,SURVIVAL,NONE,H_t,reject_survival,phase=none;hMul=1.000;gMul=1.000;qMul=1.000;qAdd=0.000;rpiOff=0.000,3157,15221,"RacePacingRejected, RACE action=reject_survival:14748;RacePacingRejected, RACE action=reject_pacing:467;ReplacementNotAllowed:6"
2026-09-16T05:12:55.8299923+00:00,2969593504,0.000000,18,1.000000,0.000000,0.004395,0.341450,SURVIVAL,SURVIVAL,NONE,H_t,reject_survival,phase=none;hMul=1.000;gMul=1.000;qMul=1.000;qAdd=0.000;rpiOff=0.000,3168,15285,"RacePacingRejected, RACE action=reject_survival:14812;RacePacingRejected, RACE action=reject_pacing:467;ReplacementNotAllowed:6"
2026-09-16T05:12:56.3300427+00:00,2990282176,0.000000,5,1.000000,0.000000,0.001221,0.340403,SURVIVAL,SURVIVAL,NONE,H_t,reject_survival,phase=none;hMul=1.000;gMul=1.000;qMul=1.000;qAdd=0.000;rpiOff=0.000,3176,15352,"RacePacingRejected, RACE action=reject_survival:14879;RacePacingRejected, RACE action=reject_pacing:467;ReplacementNotAllowed:6"
2026-09-16T05:12:56.8301589+00:00,2991363600,0.000000,15,1.000000,0.000000,0.003662,0.341208,SURVIVAL,SURVIVAL,NONE,H_t,reject_survival,phase=none;hMul=1.000;gMul=1.000;qMul=1.000;qAdd=0.000;rpiOff=0.000,3186,15417,"RacePacingRejected, RACE action=reject_survival:14944;RacePacingRejected, RACE action=reject_pacing:467;ReplacementNotAllowed:6"
2026-09-16T05:12:57.3305674+00:00,3010163192,0.000000,10,1.000000,0.000000,0.002441,0.340806,SURVIVAL,SURVIVAL,NONE,H_t,reject_survival,phase=none;hMul=1.000;gMul=1.000;qMul=1.000;qAdd=0.000;rpiOff=0.000,3198,15480,"RacePacingRejected, RACE action=reject_survival:15007;RacePacingRejected, RACE action=reject_pacing:467;ReplacementNotAllowed:6"
2026-09-16T05:12:57.8305972+00:00,3011276904,0.000000,17,1.000000,0.000000,0.004150,0.341370,SURVIVAL,SURVIVAL,NONE,H_t,reject_survival,phase=none;hMul=1.000;gMul=1.000;qMul=1.000;qAdd=0.000;rpiOff=0.000,3205,15548,"RacePacingRejected, RACE action=reject_survival:15075;RacePacingRejected, RACE action=reject_pacing:467;ReplacementNotAllowed:6"
2026-09-16T05:12:58.3298564+00:00,3032384096,0.000000,2,1.000000,0.000000,0.000488,0.340161,SURVIVAL,SURVIVAL,NONE,H_t,reject_survival,phase=none;hMul=1.000;gMul=1.000;qMul=1.000;qAdd=0.000;rpiOff=0.000,3212,15572,"RacePacingRejected, RACE action=reject_survival:15099;RacePacingRejected, RACE action=reject_pacing:467;ReplacementNotAllowed:6"
2026-09-16T05:12:58.8300509+00:00,3032416736,0.000000,2,1.000000,0.000000,0.000488,0.340161,SURVIVAL,SURVIVAL,NONE,H_t,reject_survival,phase=none;hMul=1.000;gMul=1.000;qMul=1.000;qAdd=0.000;rpiOff=0.000,3212,15572,"RacePacingRejected, RACE action=reject_survival:15099;RacePacingRejected, RACE action=reject_pacing:467;ReplacementNotAllowed:6"
2026-09-16T05:12:59.3306295+00:00,3033698600,0.000000,0,1.000000,0.000000,0.000000,0.340000,SURVIVAL,SURVIVAL,NONE,H_t,reject_survival,phase=none;hMul=1.000;gMul=1.000;qMul=1.000;qAdd=0.000;rpiOff=0.000,3212,15572,"RacePacingRejected, RACE action=reject_survival:15099;RacePacingRejected, RACE action=reject_pacing:467;ReplacementNotAllowed:6"
2026-09-16T05:12:59.8298502+00:00,3033698600,0.000000,0,1.000000,0.000000,0.000000,0.340000,SURVIVAL,SURVIVAL,NONE,H_t,reject_survival,phase=none;hMul=1.000;gMul=1.000;qMul=1.000;qAdd=0.000;rpiOff=0.000,3212,15572,"RacePacingRejected, RACE action=reject_survival:15099;RacePacingRejected, RACE action=reject_pacing:467;ReplacementNotAllowed:6"
2026-09-16T05:13:00.3307152+00:00,3033780376,0.000000,0,1.000000,0.000000,0.000000,0.340000,SURVIVAL,SURVIVAL,NONE,H_t,reject_survival,phase=none;hMul=1.000;gMul=1.000;qMul=1.000;qAdd=0.000;rpiOff=0.000,3212,15572,"RacePacingRejected, RACE action=reject_survival:15099;RacePacingRejected, RACE action=reject_pacing:467;ReplacementNotAllowed:6"
2026-09-16T05:13:00.8298607+00:00,3033788600,0.000000,0,1.000000,0.000000,0.000000,0.340000,SURVIVAL,SURVIVAL,NONE,H_t,reject_survival,phase=none;hMul=1.000;gMul=1.000;qMul=1.000;qAdd=0.000;rpiOff=0.000,3212,15572,"RacePacingRejected, RACE action=reject_survival:15099;RacePacingRejected, RACE action=reject_pacing:467;ReplacementNotAllowed:6"
2026-09-16T05:13:01.3304184+00:00,3034222680,0.000000,0,1.000000,0.000000,0.000000,0.340000,SURVIVAL,SURVIVAL,NONE,H_t,reject_survival,phase=none;hMul=1.000;gMul=1.000;qMul=1.000;qAdd=0.000;rpiOff=0.000,3212,15572,"RacePacingRejected, RACE action=reject_survival:15099;RacePacingRejected, RACE action=reject_pacing:467;ReplacementNotAllowed:6"
2026-09-16T05:13:01.8299385+00:00,3034222680,0.000000,0,1.000000,0.000000,0.000000,0.340000,SURVIVAL,SURVIVAL,NONE,H_t,reject_survival,phase=none;hMul=1.000;gMul=1.000;qMul=1.000;qAdd=0.000;rpiOff=0.000,3212,15572,"RacePacingRejected, RACE action=reject_survival:15099;RacePacingRejected, RACE action=reject_pacing:467;ReplacementNotAllowed:6"
2026-09-16T05:13:02.3305717+00:00,3034272024,0.000000,0,1.000000,0.000000,0.000000,0.340000,SURVIVAL,SURVIVAL,NONE,H_t,reject_survival,phase=none;hMul=1.000;gMul=1.000;qMul=1.000;qAdd=0.000;rpiOff=0.000,3212,15572,"RacePacingRejected, RACE action=reject_survival:15099;RacePacingRejected, RACE action=reject_pacing:467;ReplacementNotAllowed:6"
2026-09-16T05:13:02.8303928+00:00,3034280248,0.000000,0,1.000000,0.000000,0.000000,0.340000,SURVIVAL,SURVIVAL,NONE,H_t,reject_survival,phase=none;hMul=1.000;gMul=1.000;qMul=1.000;qAdd=0.000;rpiOff=0.000,3212,15572,"RacePacingRejected, RACE action=reject_survival:15099;RacePacingRejected, RACE action=reject_pacing:467;ReplacementNotAllowed:6"
2026-09-16T05:13:03.3305865+00:00,3034427640,0.000000,0,1.000000,0.000000,0.000000,0.340000,SURVIVAL,SURVIVAL,NONE,H_t,reject_survival,phase=none;hMul=1.000;gMul=1.000;qMul=1.000;qAdd=0.000;rpiOff=0.000,3212,15572,"RacePacingRejected, RACE action=reject_survival:15099;RacePacingRejected, RACE action=reject_pacing:467;ReplacementNotAllowed:6"
2026-09-16T05:13:03.8298606+00:00,3034427640,0.000000,0,1.000000,0.000000,0.000000,0.340000,SURVIVAL,SURVIVAL,NONE,H_t,reject_survival,phase=none;hMul=1.000;gMul=1.000;qMul=1.000;qAdd=0.000;rpiOff=0.000,3212,15572,"RacePacingRejected, RACE action=reject_survival:15099;RacePacingRejected, RACE action=reject_pacing:467;ReplacementNotAllowed:6"
2026-09-16T05:13:04.3307474+00:00,3034482952,0.000000,0,1.000000,0.000000,0.000000,0.340000,SURVIVAL,SURVIVAL,NONE,H_t,reject_survival,phase=none;hMul=1.000;gMul=1.000;qMul=1.000;qAdd=0.000;rpiOff=0.000,3212,15572,"RacePacingRejected, RACE action=reject_survival:15099;RacePacingRejected, RACE action=reject_pacing:467;ReplacementNotAllowed:6"
2026-09-16T05:13:04.8299304+00:00,3034491176,0.000000,0,1.000000,0.000000,0.000000,0.340000,SURVIVAL,SURVIVAL,NONE,H_t,reject_survival,phase=none;hMul=1.000;gMul=1.000;qMul=1.000;qAdd=0.000;rpiOff=0.000,3212,15572,"RacePacingRejected, RACE action=reject_survival:15099;RacePacingRejected, RACE action=reject_pacing:467;ReplacementNotAllowed:6"
2026-09-16T05:13:05.3299947+00:00,3034564600,0.000000,0,1.000000,0.000000,0.000000,0.340000,SURVIVAL,SURVIVAL,NONE,H_t,reject_survival,phase=none;hMul=1.000;gMul=1.000;qMul=1.000;qAdd=0.000;rpiOff=0.000,3212,15572,"RacePacingRejected, RACE action=reject_survival:15099;RacePacingRejected, RACE action=reject_pacing:467;ReplacementNotAllowed:6"
2026-09-16T05:13:05.8301929+00:00,3034572824,0.000000,0,1.000000,0.000000,0.000000,0.340000,SURVIVAL,SURVIVAL,NONE,H_t,reject_survival,phase=none;hMul=1.000;gMul=1.000;qMul=1.000;qAdd=0.000;rpiOff=0.000,3212,15572,"RacePacingRejected, RACE action=reject_survival:15099;RacePacingRejected, RACE action=reject_pacing:467;ReplacementNotAllowed:6"
2026-09-16T05:13:06.3330606+00:00,3034651592,0.000000,0,1.000000,0.000000,0.000000,0.340000,SURVIVAL,SURVIVAL,NONE,H_t,reject_survival,phase=none;hMul=1.000;gMul=1.000;qMul=1.000;qAdd=0.000;rpiOff=0.000,3212,15572,"RacePacingRejected, RACE action=reject_survival:15099;RacePacingRejected, RACE action=reject_pacing:467;ReplacementNotAllowed:6"
2026-09-16T05:13:06.8302708+00:00,3034659816,0.000000,0,1.000000,0.000000,0.000000,0.340000,SURVIVAL,SURVIVAL,NONE,H_t,reject_survival,phase=none;hMul=1.000;gMul=1.000;qMul=1.000;qAdd=0.000;rpiOff=0.000,3212,15572,"RacePacingRejected, RACE action=reject_survival:15099;RacePacingRejected, RACE action=reject_pacing:467;ReplacementNotAllowed:6"
2026-09-16T05:13:07.3301722+00:00,3034700680,0.000000,0,1.000000,0.000000,0.000000,0.340000,SURVIVAL,SURVIVAL,NONE,H_t,reject_survival,phase=none;hMul=1.000;gMul=1.000;qMul=1.000;qAdd=0.000;rpiOff=0.000,3212,15572,"RacePacingRejected, RACE action=reject_survival:15099;RacePacingRejected, RACE action=reject_pacing:467;ReplacementNotAllowed:6"
2026-09-16T05:13:07.8305090+00:00,3034700680,0.000000,0,1.000000,0.000000,0.000000,0.340000,SURVIVAL,SURVIVAL,NONE,H_t,reject_survival,phase=none;hMul=1.000;gMul=1.000;qMul=1.000;qAdd=0.000;rpiOff=0.000,3212,15572,"RacePacingRejected, RACE action=reject_survival:15099;RacePacingRejected, RACE action=reject_pacing:467;ReplacementNotAllowed:6"
2026-09-16T05:13:08.3300747+00:00,3034782408,0.000000,0,1.000000,0.000000,0.000000,0.340000,SURVIVAL,SURVIVAL,NONE,H_t,reject_survival,phase=none;hMul=1.000;gMul=1.000;qMul=1.000;qAdd=0.000;rpiOff=0.000,3212,15572,"RacePacingRejected, RACE action=reject_survival:15099;RacePacingRejected, RACE action=reject_pacing:467;ReplacementNotAllowed:6"
2026-09-16T05:13:08.8302981+00:00,3034782408,0.000000,0,1.000000,0.000000,0.000000,0.340000,SURVIVAL,SURVIVAL,NONE,H_t,reject_survival,phase=none;hMul=1.000;gMul=1.000;qMul=1.000;qAdd=0.000;rpiOff=0.000,3212,15572,"RacePacingRejected, RACE action=reject_survival:15099;RacePacingRejected, RACE action=reject_pacing:467;ReplacementNotAllowed:6"
2026-09-16T05:13:09.3307139+00:00,3034913784,0.000000,0,1.000000,0.000000,0.000000,0.340000,SURVIVAL,SURVIVAL,NONE,H_t,reject_survival,phase=none;hMul=1.000;gMul=1.000;qMul=1.000;qAdd=0.000;rpiOff=0.000,3212,15572,"RacePacingRejected, RACE action=reject_survival:15099;RacePacingRejected, RACE action=reject_pacing:467;ReplacementNotAllowed:6"
2026-09-16T05:13:09.8299266+00:00,3034913784,0.000000,0,1.000000,0.000000,0.000000,0.340000,SURVIVAL,SURVIVAL,NONE,H_t,reject_survival,phase=none;hMul=1.000;gMul=1.000;qMul=1.000;qAdd=0.000;rpiOff=0.000,3212,15572,"RacePacingRejected, RACE action=reject_survival:15099;RacePacingRejected, RACE action=reject_pacing:467;ReplacementNotAllowed:6"
2026-09-16T05:13:10.3298904+00:00,3034987544,0.000000,0,1.000000,0.000000,0.000000,0.340000,SURVIVAL,SURVIVAL,NONE,H_t,reject_survival,phase=none;hMul=1.000;gMul=1.000;qMul=1.000;qAdd=0.000;rpiOff=0.000,3212,15572,"RacePacingRejected, RACE action=reject_survival:15099;RacePacingRejected, RACE action=reject_pacing:467;ReplacementNotAllowed:6"
2026-09-16T05:13:10.8300848+00:00,3034995512,0.000000,0,1.000000,0.000000,0.000000,0.340000,SURVIVAL,SURVIVAL,NONE,H_t,reject_survival,phase=none;hMul=1.000;gMul=1.000;qMul=1.000;qAdd=0.000;rpiOff=0.000,3212,15572,"RacePacingRejected, RACE action=reject_survival:15099;RacePacingRejected, RACE action=reject_pacing:467;ReplacementNotAllowed:6"
2026-09-16T05:13:11.3301102+00:00,3035044600,0.000000,0,1.000000,0.000000,0.000000,0.340000,SURVIVAL,SURVIVAL,NONE,H_t,reject_survival,phase=none;hMul=1.000;gMul=1.000;qMul=1.000;qAdd=0.000;rpiOff=0.000,3212,15572,"RacePacingRejected, RACE action=reject_survival:15099;RacePacingRejected, RACE action=reject_pacing:467;ReplacementNotAllowed:6"
2026-09-16T05:13:11.8307013+00:00,3035052824,0.000000,0,1.000000,0.000000,0.000000,0.340000,SURVIVAL,SURVIVAL,NONE,H_t,reject_survival,phase=none;hMul=1.000;gMul=1.000;qMul=1.000;qAdd=0.000;rpiOff=0.000,3212,15572,"RacePacingRejected, RACE action=reject_survival:15099;RacePacingRejected, RACE action=reject_pacing:467;ReplacementNotAllowed:6"
2026-09-16T05:13:12.3305631+00:00,3035487112,0.000000,0,1.000000,0.000000,0.000000,0.340000,SURVIVAL,SURVIVAL,NONE,H_t,reject_survival,phase=none;hMul=1.000;gMul=1.000;qMul=1.000;qAdd=0.000;rpiOff=0.000,3212,15572,"RacePacingRejected, RACE action=reject_survival:15099;RacePacingRejected, RACE action=reject_pacing:467;ReplacementNotAllowed:6"
2026-09-16T05:13:12.8301422+00:00,3035495336,0.000000,0,1.000000,0.000000,0.000000,0.340000,SURVIVAL,SURVIVAL,NONE,H_t,reject_survival,phase=none;hMul=1.000;gMul=1.000;qMul=1.000;qAdd=0.000;rpiOff=0.000,3212,15572,"RacePacingRejected, RACE action=reject_survival:15099;RacePacingRejected, RACE action=reject_pacing:467;ReplacementNotAllowed:6"
2026-09-16T05:13:13.3307270+00:00,3035536200,0.000000,0,1.000000,0.000000,0.000000,0.340000,SURVIVAL,SURVIVAL,NONE,H_t,reject_survival,phase=none;hMul=1.000;gMul=1.000;qMul=1.000;qAdd=0.000;rpiOff=0.000,3212,15572,"RacePacingRejected, RACE action=reject_survival:15099;RacePacingRejected, RACE action=reject_pacing:467;ReplacementNotAllowed:6"
2026-09-16T05:13:13.8299943+00:00,3035536200,0.000000,0,1.000000,0.000000,0.000000,0.340000,SURVIVAL,SURVIVAL,NONE,H_t,reject_survival,phase=none;hMul=1.000;gMul=1.000;qMul=1.000;qAdd=0.000;rpiOff=0.000,3212,15572,"RacePacingRejected, RACE action=reject_survival:15099;RacePacingRejected, RACE action=reject_pacing:467;ReplacementNotAllowed:6"
2026-09-16T05:13:14.3307248+00:00,3035622304,0.000000,0,1.000000,0.000000,0.000000,0.340000,SURVIVAL,SURVIVAL,NONE,H_t,reject_survival,phase=none;hMul=1.000;gMul=1.000;qMul=1.000;qAdd=0.000;rpiOff=0.000,3212,15572,"RacePacingRejected, RACE action=reject_survival:15099;RacePacingRejected, RACE action=reject_pacing:467;ReplacementNotAllowed:6"
2026-09-16T05:13:14.8299275+00:00,3035622304,0.000000,0,1.000000,0.000000,0.000000,0.340000,SURVIVAL,SURVIVAL,NONE,H_t,reject_survival,phase=none;hMul=1.000;gMul=1.000;qMul=1.000;qAdd=0.000;rpiOff=0.000,3212,15572,"RacePacingRejected, RACE action=reject_survival:15099;RacePacingRejected, RACE action=reject_pacing:467;ReplacementNotAllowed:6"
2026-09-16T05:13:15.3298682+00:00,3035671368,0.000000,0,1.000000,0.000000,0.000000,0.340000,SURVIVAL,SURVIVAL,NONE,H_t,reject_survival,phase=none;hMul=1.000;gMul=1.000;qMul=1.000;qAdd=0.000;rpiOff=0.000,3212,15572,"RacePacingRejected, RACE action=reject_survival:15099;RacePacingRejected, RACE action=reject_pacing:467;ReplacementNotAllowed:6"
2026-09-16T05:13:15.8300614+00:00,3035671368,0.000000,0,1.000000,0.000000,0.000000,0.340000,SURVIVAL,SURVIVAL,NONE,H_t,reject_survival,phase=none;hMul=1.000;gMul=1.000;qMul=1.000;qAdd=0.000;rpiOff=0.000,3212,15572,"RacePacingRejected, RACE action=reject_survival:15099;RacePacingRejected, RACE action=reject_pacing:467;ReplacementNotAllowed:6"
2026-09-16T05:13:16.3300876+00:00,3035753216,0.000000,0,1.000000,0.000000,0.000000,0.340000,SURVIVAL,SURVIVAL,NONE,H_t,reject_survival,phase=none;hMul=1.000;gMul=1.000;qMul=1.000;qAdd=0.000;rpiOff=0.000,3212,15572,"RacePacingRejected, RACE action=reject_survival:15099;RacePacingRejected, RACE action=reject_pacing:467;ReplacementNotAllowed:6"
2026-09-16T05:13:16.8302599+00:00,3035761376,0.000000,0,1.000000,0.000000,0.000000,0.340000,SURVIVAL,SURVIVAL,NONE,H_t,reject_survival,phase=none;hMul=1.000;gMul=1.000;qMul=1.000;qAdd=0.000;rpiOff=0.000,3212,15572,"RacePacingRejected, RACE action=reject_survival:15099;RacePacingRejected, RACE action=reject_pacing:467;ReplacementNotAllowed:6"
2026-09-16T05:13:17.3306636+00:00,3035843360,0.000000,0,1.000000,0.000000,0.000000,0.340000,SURVIVAL,SURVIVAL,NONE,H_t,reject_survival,phase=none;hMul=1.000;gMul=1.000;qMul=1.000;qAdd=0.000;rpiOff=0.000,3212,15572,"RacePacingRejected, RACE action=reject_survival:15099;RacePacingRejected, RACE action=reject_pacing:467;ReplacementNotAllowed:6"
2026-09-16T05:13:17.8299426+00:00,3035843360,0.000000,0,1.000000,0.000000,0.000000,0.340000,SURVIVAL,SURVIVAL,NONE,H_t,reject_survival,phase=none;hMul=1.000;gMul=1.000;qMul=1.000;qAdd=0.000;rpiOff=0.000,3212,15572,"RacePacingRejected, RACE action=reject_survival:15099;RacePacingRejected, RACE action=reject_pacing:467;ReplacementNotAllowed:6"
2026-09-16T05:13:18.3300629+00:00,3035907672,0.000000,0,1.000000,0.000000,0.000000,0.340000,SURVIVAL,SURVIVAL,NONE,H_t,reject_survival,phase=none;hMul=1.000;gMul=1.000;qMul=1.000;qAdd=0.000;rpiOff=0.000,3212,15572,"RacePacingRejected, RACE action=reject_survival:15099;RacePacingRejected, RACE action=reject_pacing:467;ReplacementNotAllowed:6"
2026-09-16T05:13:18.8302392+00:00,3035907672,0.000000,0,1.000000,0.000000,0.000000,0.340000,SURVIVAL,SURVIVAL,NONE,H_t,reject_survival,phase=none;hMul=1.000;gMul=1.000;qMul=1.000;qAdd=0.000;rpiOff=0.000,3212,15572,"RacePacingRejected, RACE action=reject_survival:15099;RacePacingRejected, RACE action=reject_pacing:467;ReplacementNotAllowed:6"
2026-09-16T05:13:19.3301403+00:00,3035989656,0.000000,0,1.000000,0.000000,0.000000,0.340000,SURVIVAL,SURVIVAL,NONE,H_t,reject_survival,phase=none;hMul=1.000;gMul=1.000;qMul=1.000;qAdd=0.000;rpiOff=0.000,3212,15572,"RacePacingRejected, RACE action=reject_survival:15099;RacePacingRejected, RACE action=reject_pacing:467;ReplacementNotAllowed:6"
2026-09-16T05:13:19.8303957+00:00,3035989656,0.000000,0,1.000000,0.000000,0.000000,0.340000,SURVIVAL,SURVIVAL,NONE,H_t,reject_survival,phase=none;hMul=1.000;gMul=1.000;qMul=1.000;qAdd=0.000;rpiOff=0.000,3212,15572,"RacePacingRejected, RACE action=reject_survival:15099;RacePacingRejected, RACE action=reject_pacing:467;ReplacementNotAllowed:6"
2026-09-16T05:13:20.3300352+00:00,3036055480,0.000000,0,1.000000,0.000000,0.000000,0.340000,SURVIVAL,SURVIVAL,NONE,H_t,reject_survival,phase=none;hMul=1.000;gMul=1.000;qMul=1.000;qAdd=0.000;rpiOff=0.000,3212,15572,"RacePacingRejected, RACE action=reject_survival:15099;RacePacingRejected, RACE action=reject_pacing:467;ReplacementNotAllowed:6"
2026-09-16T05:13:20.8302092+00:00,3036063448,0.000000,0,1.000000,0.000000,0.000000,0.340000,SURVIVAL,SURVIVAL,NONE,H_t,reject_survival,phase=none;hMul=1.000;gMul=1.000;qMul=1.000;qAdd=0.000;rpiOff=0.000,3212,15572,"RacePacingRejected, RACE action=reject_survival:15099;RacePacingRejected, RACE action=reject_pacing:467;ReplacementNotAllowed:6"
2026-09-16T05:13:21.3302958+00:00,3036153656,0.000000,0,1.000000,0.000000,0.000000,0.340000,SURVIVAL,SURVIVAL,NONE,H_t,reject_survival,phase=none;hMul=1.000;gMul=1.000;qMul=1.000;qAdd=0.000;rpiOff=0.000,3212,15572,"RacePacingRejected, RACE action=reject_survival:15099;RacePacingRejected, RACE action=reject_pacing:467;ReplacementNotAllowed:6"
2026-09-16T05:13:21.8306276+00:00,3036161880,0.000000,0,1.000000,0.000000,0.000000,0.340000,SURVIVAL,SURVIVAL,NONE,H_t,reject_survival,phase=none;hMul=1.000;gMul=1.000;qMul=1.000;qAdd=0.000;rpiOff=0.000,3212,15572,"RacePacingRejected, RACE action=reject_survival:15099;RacePacingRejected, RACE action=reject_pacing:467;ReplacementNotAllowed:6"
2026-09-16T05:13:22.3302608+00:00,3036227416,0.000000,0,1.000000,0.000000,0.000000,0.340000,SURVIVAL,SURVIVAL,NONE,H_t,reject_survival,phase=none;hMul=1.000;gMul=1.000;qMul=1.000;qAdd=0.000;rpiOff=0.000,3212,15572,"RacePacingRejected, RACE action=reject_survival:15099;RacePacingRejected, RACE action=reject_pacing:467;ReplacementNotAllowed:6"
2026-09-16T05:13:22.8299113+00:00,3036227416,0.000000,0,1.000000,0.000000,0.000000,0.340000,SURVIVAL,SURVIVAL,NONE,H_t,reject_survival,phase=none;hMul=1.000;gMul=1.000;qMul=1.000;qAdd=0.000;rpiOff=0.000,3212,15572,"RacePacingRejected, RACE action=reject_survival:15099;RacePacingRejected, RACE action=reject_pacing:467;ReplacementNotAllowed:6"
2026-09-16T05:13:23.3302633+00:00,3036301432,0.000000,0,1.000000,0.000000,0.000000,0.340000,SURVIVAL,SURVIVAL,NONE,H_t,reject_survival,phase=none;hMul=1.000;gMul=1.000;qMul=1.000;qAdd=0.000;rpiOff=0.000,3212,15572,"RacePacingRejected, RACE action=reject_survival:15099;RacePacingRejected, RACE action=reject_pacing:467;ReplacementNotAllowed:6"
2026-09-16T05:13:23.8304403+00:00,3036309384,0.000000,0,1.000000,0.000000,0.000000,0.340000,SURVIVAL,SURVIVAL,NONE,H_t,reject_survival,phase=none;hMul=1.000;gMul=1.000;qMul=1.000;qAdd=0.000;rpiOff=0.000,3212,15572,"RacePacingRejected, RACE action=reject_survival:15099;RacePacingRejected, RACE action=reject_pacing:467;ReplacementNotAllowed:6"
2026-09-16T05:13:24.3298905+00:00,3036374560,0.000000,0,1.000000,0.000000,0.000000,0.340000,SURVIVAL,SURVIVAL,NONE,H_t,reject_survival,phase=none;hMul=1.000;gMul=1.000;qMul=1.000;qAdd=0.000;rpiOff=0.000,3212,15572,"RacePacingRejected, RACE action=reject_survival:15099;RacePacingRejected, RACE action=reject_pacing:467;ReplacementNotAllowed:6"
2026-09-16T05:13:24.8300666+00:00,3036382784,0.000000,0,1.000000,0.000000,0.000000,0.340000,SURVIVAL,SURVIVAL,NONE,H_t,reject_survival,phase=none;hMul=1.000;gMul=1.000;qMul=1.000;qAdd=0.000;rpiOff=0.000,3212,15572,"RacePacingRejected, RACE action=reject_survival:15099;RacePacingRejected, RACE action=reject_pacing:467;ReplacementNotAllowed:6"
2026-09-16T05:13:25.3301575+00:00,3036456544,0.000000,0,1.000000,0.000000,0.000000,0.340000,SURVIVAL,SURVIVAL,NONE,H_t,reject_survival,phase=none;hMul=1.000;gMul=1.000;qMul=1.000;qAdd=0.000;rpiOff=0.000,3212,15572,"RacePacingRejected, RACE action=reject_survival:15099;RacePacingRejected, RACE action=reject_pacing:467;ReplacementNotAllowed:6"
2026-09-16T05:13:25.8303392+00:00,3036464768,0.000000,0,1.000000,0.000000,0.000000,0.340000,SURVIVAL,SURVIVAL,NONE,H_t,reject_survival,phase=none;hMul=1.000;gMul=1.000;qMul=1.000;qAdd=0.000;rpiOff=0.000,3212,15572,"RacePacingRejected, RACE action=reject_survival:15099;RacePacingRejected, RACE action=reject_pacing:467;ReplacementNotAllowed:6"
2026-09-16T05:13:26.3302994+00:00,3036546680,0.000000,0,1.000000,0.000000,0.000000,0.340000,SURVIVAL,SURVIVAL,NONE,H_t,reject_survival,phase=none;hMul=1.000;gMul=1.000;qMul=1.000;qAdd=0.000;rpiOff=0.000,3212,15572,"RacePacingRejected, RACE action=reject_survival:15099;RacePacingRejected, RACE action=reject_pacing:467;ReplacementNotAllowed:6"
2026-09-16T05:13:26.8304864+00:00,3036546680,0.000000,0,1.000000,0.000000,0.000000,0.340000,SURVIVAL,SURVIVAL,NONE,H_t,reject_survival,phase=none;hMul=1.000;gMul=1.000;qMul=1.000;qAdd=0.000;rpiOff=0.000,3212,15572,"RacePacingRejected, RACE action=reject_survival:15099;RacePacingRejected, RACE action=reject_pacing:467;ReplacementNotAllowed:6"
2026-09-16T05:13:27.3299743+00:00,3036601048,0.000000,0,1.000000,0.000000,0.000000,0.340000,SURVIVAL,SURVIVAL,NONE,H_t,reject_survival,phase=none;hMul=1.000;gMul=1.000;qMul=1.000;qAdd=0.000;rpiOff=0.000,3212,15572,"RacePacingRejected, RACE action=reject_survival:15099;RacePacingRejected, RACE action=reject_pacing:467;ReplacementNotAllowed:6"
2026-09-16T05:13:27.8303579+00:00,3036609272,0.000000,0,1.000000,0.000000,0.000000,0.340000,SURVIVAL,SURVIVAL,NONE,H_t,reject_survival,phase=none;hMul=1.000;gMul=1.000;qMul=1.000;qAdd=0.000;rpiOff=0.000,3212,15572,"RacePacingRejected, RACE action=reject_survival:15099;RacePacingRejected, RACE action=reject_pacing:467;ReplacementNotAllowed:6"
2026-09-16T05:13:28.3307257+00:00,3036674536,0.000000,0,1.000000,0.000000,0.000000,0.340000,SURVIVAL,SURVIVAL,NONE,H_t,reject_survival,phase=none;hMul=1.000;gMul=1.000;qMul=1.000;qAdd=0.000;rpiOff=0.000,3212,15572,"RacePacingRejected, RACE action=reject_survival:15099;RacePacingRejected, RACE action=reject_pacing:467;ReplacementNotAllowed:6"
2026-09-16T05:13:28.8298754+00:00,3036682760,0.000000,0,1.000000,0.000000,0.000000,0.340000,SURVIVAL,SURVIVAL,NONE,H_t,reject_survival,phase=none;hMul=1.000;gMul=1.000;qMul=1.000;qAdd=0.000;rpiOff=0.000,3212,15572,"RacePacingRejected, RACE action=reject_survival:15099;RacePacingRejected, RACE action=reject_pacing:467;ReplacementNotAllowed:6"
2026-09-16T05:13:29.3304719+00:00,3036723880,0.000000,0,1.000000,0.000000,0.000000,0.340000,SURVIVAL,SURVIVAL,NONE,H_t,reject_survival,phase=none;hMul=1.000;gMul=1.000;qMul=1.000;qAdd=0.000;rpiOff=0.000,3212,15572,"RacePacingRejected, RACE action=reject_survival:15099;RacePacingRejected, RACE action=reject_pacing:467;ReplacementNotAllowed:6"
2026-09-16T05:13:29.8306549+00:00,3036723880,0.000000,0,1.000000,0.000000,0.000000,0.340000,SURVIVAL,SURVIVAL,NONE,H_t,reject_survival,phase=none;hMul=1.000;gMul=1.000;qMul=1.000;qAdd=0.000;rpiOff=0.000,3212,15572,"RacePacingRejected, RACE action=reject_survival:15099;RacePacingRejected, RACE action=reject_pacing:467;ReplacementNotAllowed:6"
2026-09-16T05:13:30.3305061+00:00,3036805608,0.000000,0,1.000000,0.000000,0.000000,0.340000,SURVIVAL,SURVIVAL,NONE,H_t,reject_survival,phase=none;hMul=1.000;gMul=1.000;qMul=1.000;qAdd=0.000;rpiOff=0.000,3212,15572,"RacePacingRejected, RACE action=reject_survival:15099;RacePacingRejected, RACE action=reject_pacing:467;ReplacementNotAllowed:6"
2026-09-16T05:13:30.8307685+00:00,3036805608,0.000000,0,1.000000,0.000000,0.000000,0.340000,SURVIVAL,SURVIVAL,NONE,H_t,reject_survival,phase=none;hMul=1.000;gMul=1.000;qMul=1.000;qAdd=0.000;rpiOff=0.000,3212,15572,"RacePacingRejected, RACE action=reject_survival:15099;RacePacingRejected, RACE action=reject_pacing:467;ReplacementNotAllowed:6"
2026-09-16T05:13:31.3299213+00:00,3036862920,0.000000,0,1.000000,0.000000,0.000000,0.340000,SURVIVAL,SURVIVAL,NONE,H_t,reject_survival,phase=none;hMul=1.000;gMul=1.000;qMul=1.000;qAdd=0.000;rpiOff=0.000,3212,15572,"RacePacingRejected, RACE action=reject_survival:15099;RacePacingRejected, RACE action=reject_pacing:467;ReplacementNotAllowed:6"
2026-09-16T05:13:31.8298035+00:00,3036871144,0.000000,0,1.000000,0.000000,0.000000,0.340000,SURVIVAL,SURVIVAL,NONE,H_t,reject_survival,phase=none;hMul=1.000;gMul=1.000;qMul=1.000;qAdd=0.000;rpiOff=0.000,3212,15572,"RacePacingRejected, RACE action=reject_survival:15099;RacePacingRejected, RACE action=reject_pacing:467;ReplacementNotAllowed:6"
2026-09-16T05:13:32.3303050+00:00,3036936936,0.000000,0,1.000000,0.000000,0.000000,0.340000,SURVIVAL,SURVIVAL,NONE,H_t,reject_survival,phase=none;hMul=1.000;gMul=1.000;qMul=1.000;qAdd=0.000;rpiOff=0.000,3212,15572,"RacePacingRejected, RACE action=reject_survival:15099;RacePacingRejected, RACE action=reject_pacing:467;ReplacementNotAllowed:6"
2026-09-16T05:13:32.8299299+00:00,3036945160,0.000000,0,1.000000,0.000000,0.000000,0.340000,SURVIVAL,SURVIVAL,NONE,H_t,reject_survival,phase=none;hMul=1.000;gMul=1.000;qMul=1.000;qAdd=0.000;rpiOff=0.000,3212,15572,"RacePacingRejected, RACE action=reject_survival:15099;RacePacingRejected, RACE action=reject_pacing:467;ReplacementNotAllowed:6"
2026-09-16T05:13:33.3305522+00:00,3037076072,0.000000,0,1.000000,0.000000,0.000000,0.340000,SURVIVAL,SURVIVAL,NONE,H_t,reject_survival,phase=none;hMul=1.000;gMul=1.000;qMul=1.000;qAdd=0.000;rpiOff=0.000,3212,15572,"RacePacingRejected, RACE action=reject_survival:15099;RacePacingRejected, RACE action=reject_pacing:467;ReplacementNotAllowed:6"
2026-09-16T05:13:33.8307742+00:00,3037076072,0.000000,0,1.000000,0.000000,0.000000,0.340000,SURVIVAL,SURVIVAL,NONE,H_t,reject_survival,phase=none;hMul=1.000;gMul=1.000;qMul=1.000;qAdd=0.000;rpiOff=0.000,3212,15572,"RacePacingRejected, RACE action=reject_survival:15099;RacePacingRejected, RACE action=reject_pacing:467;ReplacementNotAllowed:6"
2026-09-16T05:13:34.3306012+00:00,3037169432,0.000000,0,1.000000,0.000000,0.000000,0.340000,SURVIVAL,SURVIVAL,NONE,H_t,reject_survival,phase=none;hMul=1.000;gMul=1.000;qMul=1.000;qAdd=0.000;rpiOff=0.000,3212,15572,"RacePacingRejected, RACE action=reject_survival:15099;RacePacingRejected, RACE action=reject_pacing:467;ReplacementNotAllowed:6"
2026-09-16T05:13:34.8307873+00:00,3037177656,0.000000,0,1.000000,0.000000,0.000000,0.340000,SURVIVAL,SURVIVAL,NONE,H_t,reject_survival,phase=none;hMul=1.000;gMul=1.000;qMul=1.000;qAdd=0.000;rpiOff=0.000,3212,15572,"RacePacingRejected, RACE action=reject_survival:15099;RacePacingRejected, RACE action=reject_pacing:467;ReplacementNotAllowed:6"
2026-09-16T05:13:35.3299375+00:00,3037208128,0.000000,0,1.000000,0.000000,0.000000,0.340000,SURVIVAL,SURVIVAL,NONE,H_t,reject_survival,phase=none;hMul=1.000;gMul=1.000;qMul=1.000;qAdd=0.000;rpiOff=0.000,3212,15572,"RacePacingRejected, RACE action=reject_survival:15099;RacePacingRejected, RACE action=reject_pacing:467;ReplacementNotAllowed:6"
2026-09-16T05:13:35.8301138+00:00,3037216352,0.000000,0,1.000000,0.000000,0.000000,0.340000,SURVIVAL,SURVIVAL,NONE,H_t,reject_survival,phase=none;hMul=1.000;gMul=1.000;qMul=1.000;qAdd=0.000;rpiOff=0.000,3212,15572,"RacePacingRejected, RACE action=reject_survival:15099;RacePacingRejected, RACE action=reject_pacing:467;ReplacementNotAllowed:6"
2026-09-16T05:13:36.3304454+00:00,3037657432,0.000000,0,1.000000,0.000000,0.000000,0.340000,SURVIVAL,SURVIVAL,NONE,H_t,reject_survival,phase=none;hMul=1.000;gMul=1.000;qMul=1.000;qAdd=0.000;rpiOff=0.000,3212,15572,"RacePacingRejected, RACE action=reject_survival:15099;RacePacingRejected, RACE action=reject_pacing:467;ReplacementNotAllowed:6"
2026-09-16T05:13:36.8306372+00:00,3037665656,0.000000,0,1.000000,0.000000,0.000000,0.340000,SURVIVAL,SURVIVAL,NONE,H_t,reject_survival,phase=none;hMul=1.000;gMul=1.000;qMul=1.000;qAdd=0.000;rpiOff=0.000,3212,15572,"RacePacingRejected, RACE action=reject_survival:15099;RacePacingRejected, RACE action=reject_pacing:467;ReplacementNotAllowed:6"
2026-09-16T05:13:37.3304046+00:00,3037714168,0.000000,0,1.000000,0.000000,0.000000,0.340000,SURVIVAL,SURVIVAL,NONE,H_t,reject_survival,phase=none;hMul=1.000;gMul=1.000;qMul=1.000;qAdd=0.000;rpiOff=0.000,3212,15572,"RacePacingRejected, RACE action=reject_survival:15099;RacePacingRejected, RACE action=reject_pacing:467;ReplacementNotAllowed:6"
2026-09-16T05:13:37.8307050+00:00,3037722392,0.000000,0,1.000000,0.000000,0.000000,0.340000,SURVIVAL,SURVIVAL,NONE,H_t,reject_survival,phase=none;hMul=1.000;gMul=1.000;qMul=1.000;qAdd=0.000;rpiOff=0.000,3212,15572,"RacePacingRejected, RACE action=reject_survival:15099;RacePacingRejected, RACE action=reject_pacing:467;ReplacementNotAllowed:6"
2026-09-16T05:13:38.3306087+00:00,3037796408,0.000000,0,1.000000,0.000000,0.000000,0.340000,SURVIVAL,SURVIVAL,NONE,H_t,reject_survival,phase=none;hMul=1.000;gMul=1.000;qMul=1.000;qAdd=0.000;rpiOff=0.000,3212,15572,"RacePacingRejected, RACE action=reject_survival:15099;RacePacingRejected, RACE action=reject_pacing:467;ReplacementNotAllowed:6"
2026-09-16T05:13:38.8307484+00:00,3037804376,0.000000,0,1.000000,0.000000,0.000000,0.340000,SURVIVAL,SURVIVAL,NONE,H_t,reject_survival,phase=none;hMul=1.000;gMul=1.000;qMul=1.000;qAdd=0.000;rpiOff=0.000,3212,15572,"RacePacingRejected, RACE action=reject_survival:15099;RacePacingRejected, RACE action=reject_pacing:467;ReplacementNotAllowed:6"
2026-09-16T05:13:39.3299812+00:00,3037853720,0.000000,0,1.000000,0.000000,0.000000,0.340000,SURVIVAL,SURVIVAL,NONE,H_t,reject_survival,phase=none;hMul=1.000;gMul=1.000;qMul=1.000;qAdd=0.000;rpiOff=0.000,3212,15572,"RacePacingRejected, RACE action=reject_survival:15099;RacePacingRejected, RACE action=reject_pacing:467;ReplacementNotAllowed:6"
2026-09-16T05:13:39.8301790+00:00,3037853720,0.000000,0,1.000000,0.000000,0.000000,0.340000,SURVIVAL,SURVIVAL,NONE,H_t,reject_survival,phase=none;hMul=1.000;gMul=1.000;qMul=1.000;qAdd=0.000;rpiOff=0.000,3212,15572,"RacePacingRejected, RACE action=reject_survival:15099;RacePacingRejected, RACE action=reject_pacing:467;ReplacementNotAllowed:6"
2026-09-16T05:13:40.3302775+00:00,3037925968,0.000000,0,1.000000,0.000000,0.000000,0.340000,SURVIVAL,SURVIVAL,NONE,H_t,reject_survival,phase=none;hMul=1.000;gMul=1.000;qMul=1.000;qAdd=0.000;rpiOff=0.000,3212,15572,"RacePacingRejected, RACE action=reject_survival:15099;RacePacingRejected, RACE action=reject_pacing:467;ReplacementNotAllowed:6"
2026-09-16T05:13:40.8304708+00:00,3037925968,0.000000,0,1.000000,0.000000,0.000000,0.340000,SURVIVAL,SURVIVAL,NONE,H_t,reject_survival,phase=none;hMul=1.000;gMul=1.000;qMul=1.000;qAdd=0.000;rpiOff=0.000,3212,15572,"RacePacingRejected, RACE action=reject_survival:15099;RacePacingRejected, RACE action=reject_pacing:467;ReplacementNotAllowed:6"
2026-09-16T05:13:41.3300791+00:00,3037991024,0.000000,0,1.000000,0.000000,0.000000,0.340000,SURVIVAL,SURVIVAL,NONE,H_t,reject_survival,phase=none;hMul=1.000;gMul=1.000;qMul=1.000;qAdd=0.000;rpiOff=0.000,3212,15572,"RacePacingRejected, RACE action=reject_survival:15099;RacePacingRejected, RACE action=reject_pacing:467;ReplacementNotAllowed:6"
2026-09-16T05:13:41.8298155+00:00,3037991024,0.000000,0,1.000000,0.000000,0.000000,0.340000,SURVIVAL,SURVIVAL,NONE,H_t,reject_survival,phase=none;hMul=1.000;gMul=1.000;qMul=1.000;qAdd=0.000;rpiOff=0.000,3212,15572,"RacePacingRejected, RACE action=reject_survival:15099;RacePacingRejected, RACE action=reject_pacing:467;ReplacementNotAllowed:6"
2026-09-16T05:13:42.3305572+00:00,3038064576,0.000000,0,1.000000,0.000000,0.000000,0.340000,SURVIVAL,SURVIVAL,NONE,H_t,reject_survival,phase=none;hMul=1.000;gMul=1.000;qMul=1.000;qAdd=0.000;rpiOff=0.000,3212,15572,"RacePacingRejected, RACE action=reject_survival:15099;RacePacingRejected, RACE action=reject_pacing:467;ReplacementNotAllowed:6"
2026-09-16T05:13:42.8301126+00:00,3038072800,0.000000,0,1.000000,0.000000,0.000000,0.340000,SURVIVAL,SURVIVAL,NONE,H_t,reject_survival,phase=none;hMul=1.000;gMul=1.000;qMul=1.000;qAdd=0.000;rpiOff=0.000,3212,15572,"RacePacingRejected, RACE action=reject_survival:15099;RacePacingRejected, RACE action=reject_pacing:467;ReplacementNotAllowed:6"
2026-09-16T05:13:43.3307326+00:00,3038113664,0.000000,0,1.000000,0.000000,0.000000,0.340000,SURVIVAL,SURVIVAL,NONE,H_t,reject_survival,phase=none;hMul=1.000;gMul=1.000;qMul=1.000;qAdd=0.000;rpiOff=0.000,3212,15572,"RacePacingRejected, RACE action=reject_survival:15099;RacePacingRejected, RACE action=reject_pacing:467;ReplacementNotAllowed:6"
2026-09-16T05:13:43.8299078+00:00,3038113664,0.000000,0,1.000000,0.000000,0.000000,0.340000,SURVIVAL,SURVIVAL,NONE,H_t,reject_survival,phase=none;hMul=1.000;gMul=1.000;qMul=1.000;qAdd=0.000;rpiOff=0.000,3212,15572,"RacePacingRejected, RACE action=reject_survival:15099;RacePacingRejected, RACE action=reject_pacing:467;ReplacementNotAllowed:6"
2026-09-16T05:13:44.3307652+00:00,3038195096,0.000000,0,1.000000,0.000000,0.000000,0.340000,SURVIVAL,SURVIVAL,NONE,H_t,reject_survival,phase=none;hMul=1.000;gMul=1.000;qMul=1.000;qAdd=0.000;rpiOff=0.000,3212,15572,"RacePacingRejected, RACE action=reject_survival:15099;RacePacingRejected, RACE action=reject_pacing:467;ReplacementNotAllowed:6"
2026-09-16T05:13:44.8299644+00:00,3038203320,0.000000,0,1.000000,0.000000,0.000000,0.340000,SURVIVAL,SURVIVAL,NONE,H_t,reject_survival,phase=none;hMul=1.000;gMul=1.000;qMul=1.000;qAdd=0.000;rpiOff=0.000,3212,15572,"RacePacingRejected, RACE action=reject_survival:15099;RacePacingRejected, RACE action=reject_pacing:467;ReplacementNotAllowed:6"
2026-09-16T05:13:45.3301002+00:00,3038236136,0.000000,0,1.000000,0.000000,0.000000,0.340000,SURVIVAL,SURVIVAL,NONE,H_t,reject_survival,phase=none;hMul=1.000;gMul=1.000;qMul=1.000;qAdd=0.000;rpiOff=0.000,3212,15572,"RacePacingRejected, RACE action=reject_survival:15099;RacePacingRejected, RACE action=reject_pacing:467;ReplacementNotAllowed:6"
2026-09-16T05:13:45.8302778+00:00,3038244360,0.000000,0,1.000000,0.000000,0.000000,0.340000,SURVIVAL,SURVIVAL,NONE,H_t,reject_survival,phase=none;hMul=1.000;gMul=1.000;qMul=1.000;qAdd=0.000;rpiOff=0.000,3212,15572,"RacePacingRejected, RACE action=reject_survival:15099;RacePacingRejected, RACE action=reject_pacing:467;ReplacementNotAllowed:6"
2026-09-16T05:13:46.3299484+00:00,3038325096,0.000000,0,1.000000,0.000000,0.000000,0.340000,SURVIVAL,SURVIVAL,NONE,H_t,reject_survival,phase=none;hMul=1.000;gMul=1.000;qMul=1.000;qAdd=0.000;rpiOff=0.000,3212,15572,"RacePacingRejected, RACE action=reject_survival:15099;RacePacingRejected, RACE action=reject_pacing:467;ReplacementNotAllowed:6"
2026-09-16T05:13:46.8301390+00:00,3038325096,0.000000,0,1.000000,0.000000,0.000000,0.340000,SURVIVAL,SURVIVAL,NONE,H_t,reject_survival,phase=none;hMul=1.000;gMul=1.000;qMul=1.000;qAdd=0.000;rpiOff=0.000,3212,15572,"RacePacingRejected, RACE action=reject_survival:15099;RacePacingRejected, RACE action=reject_pacing:467;ReplacementNotAllowed:6"
2026-09-16T05:13:47.3299484+00:00,3038374160,0.000000,0,1.000000,0.000000,0.000000,0.340000,SURVIVAL,SURVIVAL,NONE,H_t,reject_survival,phase=none;hMul=1.000;gMul=1.000;qMul=1.000;qAdd=0.000;rpiOff=0.000,3212,15572,"RacePacingRejected, RACE action=reject_survival:15099;RacePacingRejected, RACE action=reject_pacing:467;ReplacementNotAllowed:6"
2026-09-16T05:13:47.8302070+00:00,3038382032,0.000000,0,1.000000,0.000000,0.000000,0.340000,SURVIVAL,SURVIVAL,NONE,H_t,reject_survival,phase=none;hMul=1.000;gMul=1.000;qMul=1.000;qAdd=0.000;rpiOff=0.000,3212,15572,"RacePacingRejected, RACE action=reject_survival:15099;RacePacingRejected, RACE action=reject_pacing:467;ReplacementNotAllowed:6"
2026-09-16T05:13:48.3300387+00:00,3038463288,0.000000,0,1.000000,0.000000,0.000000,0.340000,SURVIVAL,SURVIVAL,NONE,H_t,reject_survival,phase=none;hMul=1.000;gMul=1.000;qMul=1.000;qAdd=0.000;rpiOff=0.000,3212,15572,"RacePacingRejected, RACE action=reject_survival:15099;RacePacingRejected, RACE action=reject_pacing:467;ReplacementNotAllowed:6"
2026-09-16T05:13:48.8302390+00:00,3038463288,0.000000,0,1.000000,0.000000,0.000000,0.340000,SURVIVAL,SURVIVAL,NONE,H_t,reject_survival,phase=none;hMul=1.000;gMul=1.000;qMul=1.000;qAdd=0.000;rpiOff=0.000,3212,15572,"RacePacingRejected, RACE action=reject_survival:15099;RacePacingRejected, RACE action=reject_pacing:467;ReplacementNotAllowed:6"
2026-09-16T05:13:49.3305492+00:00,3038545216,0.000000,0,1.000000,0.000000,0.000000,0.340000,SURVIVAL,SURVIVAL,NONE,H_t,reject_survival,phase=none;hMul=1.000;gMul=1.000;qMul=1.000;qAdd=0.000;rpiOff=0.000,3212,15572,"RacePacingRejected, RACE action=reject_survival:15099;RacePacingRejected, RACE action=reject_pacing:467;ReplacementNotAllowed:6"
2026-09-16T05:13:49.8298418+00:00,3038545216,0.000000,0,1.000000,0.000000,0.000000,0.340000,SURVIVAL,SURVIVAL,NONE,H_t,reject_survival,phase=none;hMul=1.000;gMul=1.000;qMul=1.000;qAdd=0.000;rpiOff=0.000,3212,15572,"RacePacingRejected, RACE action=reject_survival:15099;RacePacingRejected, RACE action=reject_pacing:467;ReplacementNotAllowed:6"
2026-09-16T05:13:50.3303705+00:00,3038594304,0.000000,0,1.000000,0.000000,0.000000,0.340000,SURVIVAL,SURVIVAL,NONE,H_t,reject_survival,phase=none;hMul=1.000;gMul=1.000;qMul=1.000;qAdd=0.000;rpiOff=0.000,3212,15572,"RacePacingRejected, RACE action=reject_survival:15099;RacePacingRejected, RACE action=reject_pacing:467;ReplacementNotAllowed:6"
2026-09-16T05:13:50.8306351+00:00,3038602272,0.000000,0,1.000000,0.000000,0.000000,0.340000,SURVIVAL,SURVIVAL,NONE,H_t,reject_survival,phase=none;hMul=1.000;gMul=1.000;qMul=1.000;qAdd=0.000;rpiOff=0.000,3212,15572,"RacePacingRejected, RACE action=reject_survival:15099;RacePacingRejected, RACE action=reject_pacing:467;ReplacementNotAllowed:6"
2026-09-16T05:13:51.3305798+00:00,3038675776,0.000000,0,1.000000,0.000000,0.000000,0.340000,SURVIVAL,SURVIVAL,NONE,H_t,reject_survival,phase=none;hMul=1.000;gMul=1.000;qMul=1.000;qAdd=0.000;rpiOff=0.000,3212,15572,"RacePacingRejected, RACE action=reject_survival:15099;RacePacingRejected, RACE action=reject_pacing:467;ReplacementNotAllowed:6"
2026-09-16T05:13:51.8304678+00:00,3038684000,0.000000,0,1.000000,0.000000,0.000000,0.340000,SURVIVAL,SURVIVAL,NONE,H_t,reject_survival,phase=none;hMul=1.000;gMul=1.000;qMul=1.000;qAdd=0.000;rpiOff=0.000,3212,15572,"RacePacingRejected, RACE action=reject_survival:15099;RacePacingRejected, RACE action=reject_pacing:467;ReplacementNotAllowed:6"
2026-09-16T05:13:52.3301234+00:00,3038749792,0.000000,0,1.000000,0.000000,0.000000,0.340000,SURVIVAL,SURVIVAL,NONE,H_t,reject_survival,phase=none;hMul=1.000;gMul=1.000;qMul=1.000;qAdd=0.000;rpiOff=0.000,3212,15572,"RacePacingRejected, RACE action=reject_survival:15099;RacePacingRejected, RACE action=reject_pacing:467;ReplacementNotAllowed:6"
2026-09-16T05:13:52.8306166+00:00,3038749792,0.000000,0,1.000000,0.000000,0.000000,0.340000,SURVIVAL,SURVIVAL,NONE,H_t,reject_survival,phase=none;hMul=1.000;gMul=1.000;qMul=1.000;qAdd=0.000;rpiOff=0.000,3212,15572,"RacePacingRejected, RACE action=reject_survival:15099;RacePacingRejected, RACE action=reject_pacing:467;ReplacementNotAllowed:6"
2026-09-16T05:13:53.3300152+00:00,3038823552,0.000000,0,1.000000,0.000000,0.000000,0.340000,SURVIVAL,SURVIVAL,NONE,H_t,reject_survival,phase=none;hMul=1.000;gMul=1.000;qMul=1.000;qAdd=0.000;rpiOff=0.000,3212,15572,"RacePacingRejected, RACE action=reject_survival:15099;RacePacingRejected, RACE action=reject_pacing:467;ReplacementNotAllowed:6"
2026-09-16T05:13:53.8301882+00:00,3038831296,0.000000,0,1.000000,0.000000,0.000000,0.340000,SURVIVAL,SURVIVAL,NONE,H_t,reject_survival,phase=none;hMul=1.000;gMul=1.000;qMul=1.000;qAdd=0.000;rpiOff=0.000,3212,15572,"RacePacingRejected, RACE action=reject_survival:15099;RacePacingRejected, RACE action=reject_pacing:467;ReplacementNotAllowed:6"
2026-09-16T05:13:54.3306508+00:00,3038884760,0.000000,0,1.000000,0.000000,0.000000,0.340000,SURVIVAL,SURVIVAL,NONE,H_t,reject_survival,phase=none;hMul=1.000;gMul=1.000;qMul=1.000;qAdd=0.000;rpiOff=0.000,3212,15572,"RacePacingRejected, RACE action=reject_survival:15099;RacePacingRejected, RACE action=reject_pacing:467;ReplacementNotAllowed:6"
2026-09-16T05:13:54.8299039+00:00,3038884760,0.000000,0,1.000000,0.000000,0.000000,0.340000,SURVIVAL,SURVIVAL,NONE,H_t,reject_survival,phase=none;hMul=1.000;gMul=1.000;qMul=1.000;qAdd=0.000;rpiOff=0.000,3212,15572,"RacePacingRejected, RACE action=reject_survival:15099;RacePacingRejected, RACE action=reject_pacing:467;ReplacementNotAllowed:6"
2026-09-16T05:13:55.3305839+00:00,3038958264,0.000000,0,1.000000,0.000000,0.000000,0.340000,SURVIVAL,SURVIVAL,NONE,H_t,reject_survival,phase=none;hMul=1.000;gMul=1.000;qMul=1.000;qAdd=0.000;rpiOff=0.000,3212,15572,"RacePacingRejected, RACE action=reject_survival:15099;RacePacingRejected, RACE action=reject_pacing:467;ReplacementNotAllowed:6"
2026-09-16T05:13:55.8298489+00:00,3038966432,0.000000,0,1.000000,0.000000,0.000000,0.340000,SURVIVAL,SURVIVAL,NONE,H_t,reject_survival,phase=none;hMul=1.000;gMul=1.000;qMul=1.000;qAdd=0.000;rpiOff=0.000,3212,15572,"RacePacingRejected, RACE action=reject_survival:15099;RacePacingRejected, RACE action=reject_pacing:467;ReplacementNotAllowed:6"
2026-09-16T05:13:56.3301416+00:00,3039031968,0.000000,0,1.000000,0.000000,0.000000,0.340000,SURVIVAL,SURVIVAL,NONE,H_t,reject_survival,phase=none;hMul=1.000;gMul=1.000;qMul=1.000;qAdd=0.000;rpiOff=0.000,3212,15572,"RacePacingRejected, RACE action=reject_survival:15099;RacePacingRejected, RACE action=reject_pacing:467;ReplacementNotAllowed:6"
2026-09-16T05:13:56.8304860+00:00,3039031968,0.000000,0,1.000000,0.000000,0.000000,0.340000,SURVIVAL,SURVIVAL,NONE,H_t,reject_survival,phase=none;hMul=1.000;gMul=1.000;qMul=1.000;qAdd=0.000;rpiOff=0.000,3212,15572,"RacePacingRejected, RACE action=reject_survival:15099;RacePacingRejected, RACE action=reject_pacing:467;ReplacementNotAllowed:6"
2026-09-16T05:13:57.3298699+00:00,3039113952,0.000000,0,1.000000,0.000000,0.000000,0.340000,SURVIVAL,SURVIVAL,NONE,H_t,reject_survival,phase=none;hMul=1.000;gMul=1.000;qMul=1.000;qAdd=0.000;rpiOff=0.000,3212,15572,"RacePacingRejected, RACE action=reject_survival:15099;RacePacingRejected, RACE action=reject_pacing:467;ReplacementNotAllowed:6"
2026-09-16T05:13:57.8301697+00:00,3039113952,0.000000,0,1.000000,0.000000,0.000000,0.340000,SURVIVAL,SURVIVAL,NONE,H_t,reject_survival,phase=none;hMul=1.000;gMul=1.000;qMul=1.000;qAdd=0.000;rpiOff=0.000,3212,15572,"RacePacingRejected, RACE action=reject_survival:15099;RacePacingRejected, RACE action=reject_pacing:467;ReplacementNotAllowed:6"
2026-09-16T05:13:58.3302732+00:00,3039163312,0.000000,0,1.000000,0.000000,0.000000,0.340000,SURVIVAL,SURVIVAL,NONE,H_t,reject_survival,phase=none;hMul=1.000;gMul=1.000;qMul=1.000;qAdd=0.000;rpiOff=0.000,3212,15572,"RacePacingRejected, RACE action=reject_survival:15099;RacePacingRejected, RACE action=reject_pacing:467;ReplacementNotAllowed:6"
2026-09-16T05:13:58.8304560+00:00,3039171536,0.000000,0,1.000000,0.000000,0.000000,0.340000,SURVIVAL,SURVIVAL,NONE,H_t,reject_survival,phase=none;hMul=1.000;gMul=1.000;qMul=1.000;qAdd=0.000;rpiOff=0.000,3212,15572,"RacePacingRejected, RACE action=reject_survival:15099;RacePacingRejected, RACE action=reject_pacing:467;ReplacementNotAllowed:6"
2026-09-16T05:13:59.3307725+00:00,3039253248,0.000000,0,1.000000,0.000000,0.000000,0.340000,SURVIVAL,SURVIVAL,NONE,H_t,reject_survival,phase=none;hMul=1.000;gMul=1.000;qMul=1.000;qAdd=0.000;rpiOff=0.000,3212,15572,"RacePacingRejected, RACE action=reject_survival:15099;RacePacingRejected, RACE action=reject_pacing:467;ReplacementNotAllowed:6"
2026-09-16T05:13:59.8299539+00:00,3039261472,0.000000,0,1.000000,0.000000,0.000000,0.340000,SURVIVAL,SURVIVAL,NONE,H_t,reject_survival,phase=none;hMul=1.000;gMul=1.000;qMul=1.000;qAdd=0.000;rpiOff=0.000,3212,15572,"RacePacingRejected, RACE action=reject_survival:15099;RacePacingRejected, RACE action=reject_pacing:467;ReplacementNotAllowed:6"
2026-09-16T05:14:00.3303465+00:00,3039310560,0.000000,0,1.000000,0.000000,0.000000,0.340000,SURVIVAL,SURVIVAL,NONE,H_t,reject_survival,phase=none;hMul=1.000;gMul=1.000;qMul=1.000;qAdd=0.000;rpiOff=0.000,3212,15572,"RacePacingRejected, RACE action=reject_survival:15099;RacePacingRejected, RACE action=reject_pacing:467;ReplacementNotAllowed:6"
2026-09-16T05:14:00.8307096+00:00,3039310560,0.000000,0,1.000000,0.000000,0.000000,0.340000,SURVIVAL,SURVIVAL,NONE,H_t,reject_survival,phase=none;hMul=1.000;gMul=1.000;qMul=1.000;qAdd=0.000;rpiOff=0.000,3212,15572,"RacePacingRejected, RACE action=reject_survival:15099;RacePacingRejected, RACE action=reject_pacing:467;ReplacementNotAllowed:6"
2026-09-16T05:14:01.3305388+00:00,3039392544,0.000000,0,1.000000,0.000000,0.000000,0.340000,SURVIVAL,SURVIVAL,NONE,H_t,reject_survival,phase=none;hMul=1.000;gMul=1.000;qMul=1.000;qAdd=0.000;rpiOff=0.000,3212,15572,"RacePacingRejected, RACE action=reject_survival:15099;RacePacingRejected, RACE action=reject_pacing:467;ReplacementNotAllowed:6"
2026-09-16T05:14:01.8300376+00:00,3039392544,0.000000,0,1.000000,0.000000,0.000000,0.340000,SURVIVAL,SURVIVAL,NONE,H_t,reject_survival,phase=none;hMul=1.000;gMul=1.000;qMul=1.000;qAdd=0.000;rpiOff=0.000,3212,15572,"RacePacingRejected, RACE action=reject_survival:15099;RacePacingRejected, RACE action=reject_pacing:467;ReplacementNotAllowed:6"
2026-09-16T05:14:02.3307241+00:00,3039449568,0.000000,0,1.000000,0.000000,0.000000,0.340000,SURVIVAL,SURVIVAL,NONE,H_t,reject_survival,phase=none;hMul=1.000;gMul=1.000;qMul=1.000;qAdd=0.000;rpiOff=0.000,3212,15572,"RacePacingRejected, RACE action=reject_survival:15099;RacePacingRejected, RACE action=reject_pacing:467;ReplacementNotAllowed:6"
2026-09-16T05:14:02.8304748+00:00,3039457792,0.000000,0,1.000000,0.000000,0.000000,0.340000,SURVIVAL,SURVIVAL,NONE,H_t,reject_survival,phase=none;hMul=1.000;gMul=1.000;qMul=1.000;qAdd=0.000;rpiOff=0.000,3212,15572,"RacePacingRejected, RACE action=reject_survival:15099;RacePacingRejected, RACE action=reject_pacing:467;ReplacementNotAllowed:6"
2026-09-16T05:14:03.3299726+00:00,3039531808,0.000000,0,1.000000,0.000000,0.000000,0.340000,SURVIVAL,SURVIVAL,NONE,H_t,reject_survival,phase=none;hMul=1.000;gMul=1.000;qMul=1.000;qAdd=0.000;rpiOff=0.000,3212,15572,"RacePacingRejected, RACE action=reject_survival:15099;RacePacingRejected, RACE action=reject_pacing:467;ReplacementNotAllowed:6"
2026-09-16T05:14:03.8302002+00:00,3039531808,0.000000,0,1.000000,0.000000,0.000000,0.340000,SURVIVAL,SURVIVAL,NONE,H_t,reject_survival,phase=none;hMul=1.000;gMul=1.000;qMul=1.000;qAdd=0.000;rpiOff=0.000,3212,15572,"RacePacingRejected, RACE action=reject_survival:15099;RacePacingRejected, RACE action=reject_pacing:467;ReplacementNotAllowed:6"
2026-09-16T05:14:04.3302471+00:00,3039605568,0.000000,0,1.000000,0.000000,0.000000,0.340000,SURVIVAL,SURVIVAL,NONE,H_t,reject_survival,phase=none;hMul=1.000;gMul=1.000;qMul=1.000;qAdd=0.000;rpiOff=0.000,3212,15572,"RacePacingRejected, RACE action=reject_survival:15099;RacePacingRejected, RACE action=reject_pacing:467;ReplacementNotAllowed:6"
2026-09-16T05:14:04.8304520+00:00,3039613792,0.000000,0,1.000000,0.000000,0.000000,0.340000,SURVIVAL,SURVIVAL,NONE,H_t,reject_survival,phase=none;hMul=1.000;gMul=1.000;qMul=1.000;qAdd=0.000;rpiOff=0.000,3212,15572,"RacePacingRejected, RACE action=reject_survival:15099;RacePacingRejected, RACE action=reject_pacing:467;ReplacementNotAllowed:6"
2026-09-16T05:14:05.3299885+00:00,3039663136,0.000000,0,1.000000,0.000000,0.000000,0.340000,SURVIVAL,SURVIVAL,NONE,H_t,reject_survival,phase=none;hMul=1.000;gMul=1.000;qMul=1.000;qAdd=0.000;rpiOff=0.000,3212,15572,"RacePacingRejected, RACE action=reject_survival:15099;RacePacingRejected, RACE action=reject_pacing:467;ReplacementNotAllowed:6"
2026-09-16T05:14:05.8301929+00:00,3039663136,0.000000,0,1.000000,0.000000,0.000000,0.340000,SURVIVAL,SURVIVAL,NONE,H_t,reject_survival,phase=none;hMul=1.000;gMul=1.000;qMul=1.000;qAdd=0.000;rpiOff=0.000,3212,15572,"RacePacingRejected, RACE action=reject_survival:15099;RacePacingRejected, RACE action=reject_pacing:467;ReplacementNotAllowed:6"
2026-09-16T05:14:06.3301879+00:00,3039744864,0.000000,0,1.000000,0.000000,0.000000,0.340000,SURVIVAL,SURVIVAL,NONE,H_t,reject_survival,phase=none;hMul=1.000;gMul=1.000;qMul=1.000;qAdd=0.000;rpiOff=0.000,3212,15572,"RacePacingRejected, RACE action=reject_survival:15099;RacePacingRejected, RACE action=reject_pacing:467;ReplacementNotAllowed:6"
2026-09-16T05:14:06.8303943+00:00,3039744864,0.000000,0,1.000000,0.000000,0.000000,0.340000,SURVIVAL,SURVIVAL,NONE,H_t,reject_survival,phase=none;hMul=1.000;gMul=1.000;qMul=1.000;qAdd=0.000;rpiOff=0.000,3212,15572,"RacePacingRejected, RACE action=reject_survival:15099;RacePacingRejected, RACE action=reject_pacing:467;ReplacementNotAllowed:6"
2026-09-16T05:14:07.3299899+00:00,3039834816,0.000000,0,1.000000,0.000000,0.000000,0.340000,SURVIVAL,SURVIVAL,NONE,H_t,reject_survival,phase=none;hMul=1.000;gMul=1.000;qMul=1.000;qAdd=0.000;rpiOff=0.000,3212,15572,"RacePacingRejected, RACE action=reject_survival:15099;RacePacingRejected, RACE action=reject_pacing:467;ReplacementNotAllowed:6"
2026-09-16T05:14:07.8302978+00:00,3039843040,0.000000,0,1.000000,0.000000,0.000000,0.340000,SURVIVAL,SURVIVAL,NONE,H_t,reject_survival,phase=none;hMul=1.000;gMul=1.000;qMul=1.000;qAdd=0.000;rpiOff=0.000,3212,15572,"RacePacingRejected, RACE action=reject_survival:15099;RacePacingRejected, RACE action=reject_pacing:467;ReplacementNotAllowed:6"
2026-09-16T05:14:08.3302149+00:00,3039974056,0.000000,0,1.000000,0.000000,0.000000,0.340000,SURVIVAL,SURVIVAL,NONE,H_t,reject_survival,phase=none;hMul=1.000;gMul=1.000;qMul=1.000;qAdd=0.000;rpiOff=0.000,3212,15572,"RacePacingRejected, RACE action=reject_survival:15099;RacePacingRejected, RACE action=reject_pacing:467;ReplacementNotAllowed:6"
2026-09-16T05:14:08.8304000+00:00,3039974056,0.000000,0,1.000000,0.000000,0.000000,0.340000,SURVIVAL,SURVIVAL,NONE,H_t,reject_survival,phase=none;hMul=1.000;gMul=1.000;qMul=1.000;qAdd=0.000;rpiOff=0.000,3212,15572,"RacePacingRejected, RACE action=reject_survival:15099;RacePacingRejected, RACE action=reject_pacing:467;ReplacementNotAllowed:6"
2026-09-16T05:14:09.3299533+00:00,3040044760,0.000000,0,1.000000,0.000000,0.000000,0.340000,SURVIVAL,SURVIVAL,NONE,H_t,reject_survival,phase=none;hMul=1.000;gMul=1.000;qMul=1.000;qAdd=0.000;rpiOff=0.000,3212,15572,"RacePacingRejected, RACE action=reject_survival:15099;RacePacingRejected, RACE action=reject_pacing:467;ReplacementNotAllowed:6"
2026-09-16T05:14:09.8302450+00:00,3040052960,0.000000,0,1.000000,0.000000,0.000000,0.340000,SURVIVAL,SURVIVAL,NONE,H_t,reject_survival,phase=none;hMul=1.000;gMul=1.000;qMul=1.000;qAdd=0.000;rpiOff=0.000,3212,15572,"RacePacingRejected, RACE action=reject_survival:15099;RacePacingRejected, RACE action=reject_pacing:467;ReplacementNotAllowed:6"
2026-09-16T05:14:10.3298394+00:00,3040470992,0.000000,0,1.000000,0.000000,0.000000,0.340000,SURVIVAL,SURVIVAL,NONE,H_t,reject_survival,phase=none;hMul=1.000;gMul=1.000;qMul=1.000;qAdd=0.000;rpiOff=0.000,3212,15572,"RacePacingRejected, RACE action=reject_survival:15099;RacePacingRejected, RACE action=reject_pacing:467;ReplacementNotAllowed:6"
2026-09-16T05:14:10.8300483+00:00,3040470992,0.000000,0,1.000000,0.000000,0.000000,0.340000,SURVIVAL,SURVIVAL,NONE,H_t,reject_survival,phase=none;hMul=1.000;gMul=1.000;qMul=1.000;qAdd=0.000;rpiOff=0.000,3212,15572,"RacePacingRejected, RACE action=reject_survival:15099;RacePacingRejected, RACE action=reject_pacing:467;ReplacementNotAllowed:6"
2026-09-16T05:14:11.3302472+00:00,3040561424,0.000000,0,1.000000,0.000000,0.000000,0.340000,SURVIVAL,SURVIVAL,NONE,H_t,reject_survival,phase=none;hMul=1.000;gMul=1.000;qMul=1.000;qAdd=0.000;rpiOff=0.000,3212,15572,"RacePacingRejected, RACE action=reject_survival:15099;RacePacingRejected, RACE action=reject_pacing:467;ReplacementNotAllowed:6"
2026-09-16T05:14:11.8302015+00:00,3040561424,0.000000,0,1.000000,0.000000,0.000000,0.340000,SURVIVAL,SURVIVAL,NONE,H_t,reject_survival,phase=none;hMul=1.000;gMul=1.000;qMul=1.000;qAdd=0.000;rpiOff=0.000,3212,15572,"RacePacingRejected, RACE action=reject_survival:15099;RacePacingRejected, RACE action=reject_pacing:467;ReplacementNotAllowed:6"
2026-09-16T05:14:12.3298556+00:00,3040618992,0.000000,0,1.000000,0.000000,0.000000,0.340000,SURVIVAL,SURVIVAL,NONE,H_t,reject_survival,phase=none;hMul=1.000;gMul=1.000;qMul=1.000;qAdd=0.000;rpiOff=0.000,3212,15572,"RacePacingRejected, RACE action=reject_survival:15099;RacePacingRejected, RACE action=reject_pacing:467;ReplacementNotAllowed:6"
2026-09-16T05:14:12.8304254+00:00,3040618992,0.000000,0,1.000000,0.000000,0.000000,0.340000,SURVIVAL,SURVIVAL,NONE,H_t,reject_survival,phase=none;hMul=1.000;gMul=1.000;qMul=1.000;qAdd=0.000;rpiOff=0.000,3212,15572,"RacePacingRejected, RACE action=reject_survival:15099;RacePacingRejected, RACE action=reject_pacing:467;ReplacementNotAllowed:6"
2026-09-16T05:14:13.3300828+00:00,3040774480,0.000000,0,1.000000,0.000000,0.000000,0.340000,SURVIVAL,SURVIVAL,NONE,H_t,reject_survival,phase=none;hMul=1.000;gMul=1.000;qMul=1.000;qAdd=0.000;rpiOff=0.000,3212,15572,"RacePacingRejected, RACE action=reject_survival:15099;RacePacingRejected, RACE action=reject_pacing:467;ReplacementNotAllowed:6"
2026-09-16T05:14:13.8303626+00:00,3040774480,0.000000,0,1.000000,0.000000,0.000000,0.340000,SURVIVAL,SURVIVAL,NONE,H_t,reject_survival,phase=none;hMul=1.000;gMul=1.000;qMul=1.000;qAdd=0.000;rpiOff=0.000,3212,15572,"RacePacingRejected, RACE action=reject_survival:15099;RacePacingRejected, RACE action=reject_pacing:467;ReplacementNotAllowed:6"
2026-09-16T05:14:14.3299799+00:00,3040827688,0.000000,0,1.000000,0.000000,0.000000,0.340000,SURVIVAL,SURVIVAL,NONE,H_t,reject_survival,phase=none;hMul=1.000;gMul=1.000;qMul=1.000;qAdd=0.000;rpiOff=0.000,3212,15572,"RacePacingRejected, RACE action=reject_survival:15099;RacePacingRejected, RACE action=reject_pacing:467;ReplacementNotAllowed:6"
2026-09-16T05:14:14.8301808+00:00,3040827688,0.000000,0,1.000000,0.000000,0.000000,0.340000,SURVIVAL,SURVIVAL,NONE,H_t,reject_survival,phase=none;hMul=1.000;gMul=1.000;qMul=1.000;qAdd=0.000;rpiOff=0.000,3212,15572,"RacePacingRejected, RACE action=reject_survival:15099;RacePacingRejected, RACE action=reject_pacing:467;ReplacementNotAllowed:6"
2026-09-16T05:14:15.3303274+00:00,3041272728,0.000000,0,1.000000,0.000000,0.000000,0.340000,SURVIVAL,SURVIVAL,NONE,H_t,reject_survival,phase=none;hMul=1.000;gMul=1.000;qMul=1.000;qAdd=0.000;rpiOff=0.000,3212,15572,"RacePacingRejected, RACE action=reject_survival:15099;RacePacingRejected, RACE action=reject_pacing:467;ReplacementNotAllowed:6"
2026-09-16T05:14:15.8305235+00:00,3041280952,0.000000,0,1.000000,0.000000,0.000000,0.340000,SURVIVAL,SURVIVAL,NONE,H_t,reject_survival,phase=none;hMul=1.000;gMul=1.000;qMul=1.000;qAdd=0.000;rpiOff=0.000,3212,15572,"RacePacingRejected, RACE action=reject_survival:15099;RacePacingRejected, RACE action=reject_pacing:467;ReplacementNotAllowed:6"
2026-09-16T05:14:16.3300564+00:00,3041330040,0.000000,0,1.000000,0.000000,0.000000,0.340000,SURVIVAL,SURVIVAL,NONE,H_t,reject_survival,phase=none;hMul=1.000;gMul=1.000;qMul=1.000;qAdd=0.000;rpiOff=0.000,3212,15572,"RacePacingRejected, RACE action=reject_survival:15099;RacePacingRejected, RACE action=reject_pacing:467;ReplacementNotAllowed:6"
2026-09-16T05:14:16.8303015+00:00,3041330040,0.000000,0,1.000000,0.000000,0.000000,0.340000,SURVIVAL,SURVIVAL,NONE,H_t,reject_survival,phase=none;hMul=1.000;gMul=1.000;qMul=1.000;qAdd=0.000;rpiOff=0.000,3212,15572,"RacePacingRejected, RACE action=reject_survival:15099;RacePacingRejected, RACE action=reject_pacing:467;ReplacementNotAllowed:6"
2026-09-16T05:14:17.3320902+00:00,3041403800,0.000000,0,1.000000,0.000000,0.000000,0.340000,SURVIVAL,SURVIVAL,NONE,H_t,reject_survival,phase=none;hMul=1.000;gMul=1.000;qMul=1.000;qAdd=0.000;rpiOff=0.000,3212,15572,"RacePacingRejected, RACE action=reject_survival:15099;RacePacingRejected, RACE action=reject_pacing:467;ReplacementNotAllowed:6"
2026-09-16T05:14:17.8304362+00:00,3041403800,0.000000,0,1.000000,0.000000,0.000000,0.340000,SURVIVAL,SURVIVAL,NONE,H_t,reject_survival,phase=none;hMul=1.000;gMul=1.000;qMul=1.000;qAdd=0.000;rpiOff=0.000,3212,15572,"RacePacingRejected, RACE action=reject_survival:15099;RacePacingRejected, RACE action=reject_pacing:467;ReplacementNotAllowed:6"
2026-09-16T05:14:18.3300065+00:00,3041461368,0.000000,0,1.000000,0.000000,0.000000,0.340000,SURVIVAL,SURVIVAL,NONE,H_t,reject_survival,phase=none;hMul=1.000;gMul=1.000;qMul=1.000;qAdd=0.000;rpiOff=0.000,3212,15572,"RacePacingRejected, RACE action=reject_survival:15099;RacePacingRejected, RACE action=reject_pacing:467;ReplacementNotAllowed:6"
2026-09-16T05:14:18.8302506+00:00,3041461368,0.000000,0,1.000000,0.000000,0.000000,0.340000,SURVIVAL,SURVIVAL,NONE,H_t,reject_survival,phase=none;hMul=1.000;gMul=1.000;qMul=1.000;qAdd=0.000;rpiOff=0.000,3212,15572,"RacePacingRejected, RACE action=reject_survival:15099;RacePacingRejected, RACE action=reject_pacing:467;ReplacementNotAllowed:6"
2026-09-16T05:14:19.3302225+00:00,3041542792,0.000000,0,1.000000,0.000000,0.000000,0.340000,SURVIVAL,SURVIVAL,NONE,H_t,reject_survival,phase=none;hMul=1.000;gMul=1.000;qMul=1.000;qAdd=0.000;rpiOff=0.000,3212,15572,"RacePacingRejected, RACE action=reject_survival:15099;RacePacingRejected, RACE action=reject_pacing:467;ReplacementNotAllowed:6"
2026-09-16T05:14:19.8304608+00:00,3041551016,0.000000,0,1.000000,0.000000,0.000000,0.340000,SURVIVAL,SURVIVAL,NONE,H_t,reject_survival,phase=none;hMul=1.000;gMul=1.000;qMul=1.000;qAdd=0.000;rpiOff=0.000,3212,15572,"RacePacingRejected, RACE action=reject_survival:15099;RacePacingRejected, RACE action=reject_pacing:467;ReplacementNotAllowed:6"
2026-09-16T05:14:20.3300251+00:00,3041600120,0.000000,0,1.000000,0.000000,0.000000,0.340000,SURVIVAL,SURVIVAL,NONE,H_t,reject_survival,phase=none;hMul=1.000;gMul=1.000;qMul=1.000;qAdd=0.000;rpiOff=0.000,3212,15572,"RacePacingRejected, RACE action=reject_survival:15099;RacePacingRejected, RACE action=reject_pacing:467;ReplacementNotAllowed:6"
2026-09-16T05:14:20.8302079+00:00,3041608344,0.000000,0,1.000000,0.000000,0.000000,0.340000,SURVIVAL,SURVIVAL,NONE,H_t,reject_survival,phase=none;hMul=1.000;gMul=1.000;qMul=1.000;qAdd=0.000;rpiOff=0.000,3212,15572,"RacePacingRejected, RACE action=reject_survival:15099;RacePacingRejected, RACE action=reject_pacing:467;ReplacementNotAllowed:6"
2026-09-16T05:14:21.3300917+00:00,3041690280,0.000000,0,1.000000,0.000000,0.000000,0.340000,SURVIVAL,SURVIVAL,NONE,H_t,reject_survival,phase=none;hMul=1.000;gMul=1.000;qMul=1.000;qAdd=0.000;rpiOff=0.000,3212,15572,"RacePacingRejected, RACE action=reject_survival:15099;RacePacingRejected, RACE action=reject_pacing:467;ReplacementNotAllowed:6"
2026-09-16T05:14:21.8298436+00:00,3041706728,0.000000,0,1.000000,0.000000,0.000000,0.340000,SURVIVAL,SURVIVAL,NONE,H_t,reject_survival,phase=none;hMul=1.000;gMul=1.000;qMul=1.000;qAdd=0.000;rpiOff=0.000,3212,15572,"RacePacingRejected, RACE action=reject_survival:15099;RacePacingRejected, RACE action=reject_pacing:467;ReplacementNotAllowed:6"
2026-09-16T05:14:22.3305546+00:00,3041788904,0.000000,0,1.000000,0.000000,0.000000,0.340000,SURVIVAL,SURVIVAL,NONE,H_t,reject_survival,phase=none;hMul=1.000;gMul=1.000;qMul=1.000;qAdd=0.000;rpiOff=0.000,3212,15572,"RacePacingRejected, RACE action=reject_survival:15099;RacePacingRejected, RACE action=reject_pacing:467;ReplacementNotAllowed:6"
2026-09-16T05:14:22.8301105+00:00,3041788904,0.000000,0,1.000000,0.000000,0.000000,0.340000,SURVIVAL,SURVIVAL,NONE,H_t,reject_survival,phase=none;hMul=1.000;gMul=1.000;qMul=1.000;qAdd=0.000;rpiOff=0.000,3212,15572,"RacePacingRejected, RACE action=reject_survival:15099;RacePacingRejected, RACE action=reject_pacing:467;ReplacementNotAllowed:6"
2026-09-16T05:14:23.3306592+00:00,3041829768,0.000000,0,1.000000,0.000000,0.000000,0.340000,SURVIVAL,SURVIVAL,NONE,H_t,reject_survival,phase=none;hMul=1.000;gMul=1.000;qMul=1.000;qAdd=0.000;rpiOff=0.000,3212,15572,"RacePacingRejected, RACE action=reject_survival:15099;RacePacingRejected, RACE action=reject_pacing:467;ReplacementNotAllowed:6"
2026-09-16T05:14:23.8298455+00:00,3041846128,0.000000,0,1.000000,0.000000,0.000000,0.340000,SURVIVAL,SURVIVAL,NONE,H_t,reject_survival,phase=none;hMul=1.000;gMul=1.000;qMul=1.000;qAdd=0.000;rpiOff=0.000,3212,15572,"RacePacingRejected, RACE action=reject_survival:15099;RacePacingRejected, RACE action=reject_pacing:467;ReplacementNotAllowed:6"
2026-09-16T05:14:24.3307427+00:00,3041927856,0.000000,0,1.000000,0.000000,0.000000,0.340000,SURVIVAL,SURVIVAL,NONE,H_t,reject_survival,phase=none;hMul=1.000;gMul=1.000;qMul=1.000;qAdd=0.000;rpiOff=0.000,3212,15572,"RacePacingRejected, RACE action=reject_survival:15099;RacePacingRejected, RACE action=reject_pacing:467;ReplacementNotAllowed:6"
2026-09-16T05:14:24.8299931+00:00,3041927856,0.000000,0,1.000000,0.000000,0.000000,0.340000,SURVIVAL,SURVIVAL,NONE,H_t,reject_survival,phase=none;hMul=1.000;gMul=1.000;qMul=1.000;qAdd=0.000;rpiOff=0.000,3212,15572,"RacePacingRejected, RACE action=reject_survival:15099;RacePacingRejected, RACE action=reject_pacing:467;ReplacementNotAllowed:6"
2026-09-16T05:14:25.3301803+00:00,3042009584,0.000000,0,1.000000,0.000000,0.000000,0.340000,SURVIVAL,SURVIVAL,NONE,H_t,reject_survival,phase=none;hMul=1.000;gMul=1.000;qMul=1.000;qAdd=0.000;rpiOff=0.000,3212,15572,"RacePacingRejected, RACE action=reject_survival:15099;RacePacingRejected, RACE action=reject_pacing:467;ReplacementNotAllowed:6"
2026-09-16T05:14:25.8303886+00:00,3042009584,0.000000,0,1.000000,0.000000,0.000000,0.340000,SURVIVAL,SURVIVAL,NONE,H_t,reject_survival,phase=none;hMul=1.000;gMul=1.000;qMul=1.000;qAdd=0.000;rpiOff=0.000,3212,15572,"RacePacingRejected, RACE action=reject_survival:15099;RacePacingRejected, RACE action=reject_pacing:467;ReplacementNotAllowed:6"
2026-09-16T05:14:26.3299988+00:00,3042058928,0.000000,0,1.000000,0.000000,0.000000,0.340000,SURVIVAL,SURVIVAL,NONE,H_t,reject_survival,phase=none;hMul=1.000;gMul=1.000;qMul=1.000;qAdd=0.000;rpiOff=0.000,3212,15572,"RacePacingRejected, RACE action=reject_survival:15099;RacePacingRejected, RACE action=reject_pacing:467;ReplacementNotAllowed:6"
2026-09-16T05:14:26.8302095+00:00,3042058928,0.000000,0,1.000000,0.000000,0.000000,0.340000,SURVIVAL,SURVIVAL,NONE,H_t,reject_survival,phase=none;hMul=1.000;gMul=1.000;qMul=1.000;qAdd=0.000;rpiOff=0.000,3212,15572,"RacePacingRejected, RACE action=reject_survival:15099;RacePacingRejected, RACE action=reject_pacing:467;ReplacementNotAllowed:6"
2026-09-16T05:14:27.3300593+00:00,3042140912,0.000000,0,1.000000,0.000000,0.000000,0.340000,SURVIVAL,SURVIVAL,NONE,H_t,reject_survival,phase=none;hMul=1.000;gMul=1.000;qMul=1.000;qAdd=0.000;rpiOff=0.000,3212,15572,"RacePacingRejected, RACE action=reject_survival:15099;RacePacingRejected, RACE action=reject_pacing:467;ReplacementNotAllowed:6"
2026-09-16T05:14:27.8303746+00:00,3042140912,0.000000,0,1.000000,0.000000,0.000000,0.340000,SURVIVAL,SURVIVAL,NONE,H_t,reject_survival,phase=none;hMul=1.000;gMul=1.000;qMul=1.000;qAdd=0.000;rpiOff=0.000,3212,15572,"RacePacingRejected, RACE action=reject_survival:15099;RacePacingRejected, RACE action=reject_pacing:467;ReplacementNotAllowed:6"
2026-09-16T05:14:28.3299520+00:00,3042231120,0.000000,0,1.000000,0.000000,0.000000,0.340000,SURVIVAL,SURVIVAL,NONE,H_t,reject_survival,phase=none;hMul=1.000;gMul=1.000;qMul=1.000;qAdd=0.000;rpiOff=0.000,3212,15572,"RacePacingRejected, RACE action=reject_survival:15099;RacePacingRejected, RACE action=reject_pacing:467;ReplacementNotAllowed:6"
2026-09-16T05:14:28.8301445+00:00,3042231120,0.000000,0,1.000000,0.000000,0.000000,0.340000,SURVIVAL,SURVIVAL,NONE,H_t,reject_survival,phase=none;hMul=1.000;gMul=1.000;qMul=1.000;qAdd=0.000;rpiOff=0.000,3212,15572,"RacePacingRejected, RACE action=reject_survival:15099;RacePacingRejected, RACE action=reject_pacing:467;ReplacementNotAllowed:6"
2026-09-16T05:14:29.3300023+00:00,3042288432,0.000000,0,1.000000,0.000000,0.000000,0.340000,SURVIVAL,SURVIVAL,NONE,H_t,reject_survival,phase=none;hMul=1.000;gMul=1.000;qMul=1.000;qAdd=0.000;rpiOff=0.000,3212,15572,"RacePacingRejected, RACE action=reject_survival:15099;RacePacingRejected, RACE action=reject_pacing:467;ReplacementNotAllowed:6"
2026-09-16T05:14:29.8302061+00:00,3042296400,0.000000,0,1.000000,0.000000,0.000000,0.340000,SURVIVAL,SURVIVAL,NONE,H_t,reject_survival,phase=none;hMul=1.000;gMul=1.000;qMul=1.000;qAdd=0.000;rpiOff=0.000,3212,15572,"RacePacingRejected, RACE action=reject_survival:15099;RacePacingRejected, RACE action=reject_pacing:467;ReplacementNotAllowed:6"
2026-09-16T05:14:30.3299189+00:00,3042386880,0.000000,0,1.000000,0.000000,0.000000,0.340000,SURVIVAL,SURVIVAL,NONE,H_t,reject_survival,phase=none;hMul=1.000;gMul=1.000;qMul=1.000;qAdd=0.000;rpiOff=0.000,3212,15572,"RacePacingRejected, RACE action=reject_survival:15099;RacePacingRejected, RACE action=reject_pacing:467;ReplacementNotAllowed:6"
2026-09-16T05:14:30.8301496+00:00,3042394832,0.000000,0,1.000000,0.000000,0.000000,0.340000,SURVIVAL,SURVIVAL,NONE,H_t,reject_survival,phase=none;hMul=1.000;gMul=1.000;qMul=1.000;qAdd=0.000;rpiOff=0.000,3212,15572,"RacePacingRejected, RACE action=reject_survival:15099;RacePacingRejected, RACE action=reject_pacing:467;ReplacementNotAllowed:6"
2026-09-16T05:14:31.3305600+00:00,3042468848,0.000000,0,1.000000,0.000000,0.000000,0.340000,SURVIVAL,SURVIVAL,NONE,H_t,reject_survival,phase=none;hMul=1.000;gMul=1.000;qMul=1.000;qAdd=0.000;rpiOff=0.000,3212,15572,"RacePacingRejected, RACE action=reject_survival:15099;RacePacingRejected, RACE action=reject_pacing:467;ReplacementNotAllowed:6"
2026-09-16T05:14:31.8302960+00:00,3042468848,0.000000,0,1.000000,0.000000,0.000000,0.340000,SURVIVAL,SURVIVAL,NONE,H_t,reject_survival,phase=none;hMul=1.000;gMul=1.000;qMul=1.000;qAdd=0.000;rpiOff=0.000,3212,15572,"RacePacingRejected, RACE action=reject_survival:15099;RacePacingRejected, RACE action=reject_pacing:467;ReplacementNotAllowed:6"
2026-09-16T05:14:32.3298151+00:00,3042604736,0.000000,0,1.000000,0.000000,0.000000,0.340000,SURVIVAL,SURVIVAL,NONE,H_t,reject_survival,phase=none;hMul=1.000;gMul=1.000;qMul=1.000;qAdd=0.000;rpiOff=0.000,3212,15572,"RacePacingRejected, RACE action=reject_survival:15099;RacePacingRejected, RACE action=reject_pacing:467;ReplacementNotAllowed:6"
2026-09-16T05:14:32.8304617+00:00,3042604736,0.000000,0,1.000000,0.000000,0.000000,0.340000,SURVIVAL,SURVIVAL,NONE,H_t,reject_survival,phase=none;hMul=1.000;gMul=1.000;qMul=1.000;qAdd=0.000;rpiOff=0.000,3212,15572,"RacePacingRejected, RACE action=reject_survival:15099;RacePacingRejected, RACE action=reject_pacing:467;ReplacementNotAllowed:6"
2026-09-16T05:14:33.3299133+00:00,3042694624,0.000000,0,1.000000,0.000000,0.000000,0.340000,SURVIVAL,SURVIVAL,NONE,H_t,reject_survival,phase=none;hMul=1.000;gMul=1.000;qMul=1.000;qAdd=0.000;rpiOff=0.000,3212,15572,"RacePacingRejected, RACE action=reject_survival:15099;RacePacingRejected, RACE action=reject_pacing:467;ReplacementNotAllowed:6"
2026-09-16T05:14:33.8301213+00:00,3042702848,0.000000,0,1.000000,0.000000,0.000000,0.340000,SURVIVAL,SURVIVAL,NONE,H_t,reject_survival,phase=none;hMul=1.000;gMul=1.000;qMul=1.000;qAdd=0.000;rpiOff=0.000,3212,15572,"RacePacingRejected, RACE action=reject_survival:15099;RacePacingRejected, RACE action=reject_pacing:467;ReplacementNotAllowed:6"
2026-09-16T05:14:34.3301952+00:00,3042739864,0.000000,0,1.000000,0.000000,0.000000,0.340000,SURVIVAL,SURVIVAL,NONE,H_t,reject_survival,phase=none;hMul=1.000;gMul=1.000;qMul=1.000;qAdd=0.000;rpiOff=0.000,3212,15572,"RacePacingRejected, RACE action=reject_survival:15099;RacePacingRejected, RACE action=reject_pacing:467;ReplacementNotAllowed:6"
2026-09-16T05:14:34.8303934+00:00,3042748088,0.000000,0,1.000000,0.000000,0.000000,0.340000,SURVIVAL,SURVIVAL,NONE,H_t,reject_survival,phase=none;hMul=1.000;gMul=1.000;qMul=1.000;qAdd=0.000;rpiOff=0.000,3212,15572,"RacePacingRejected, RACE action=reject_survival:15099;RacePacingRejected, RACE action=reject_pacing:467;ReplacementNotAllowed:6"
2026-09-16T05:14:35.3298585+00:00,3042821592,0.000000,0,1.000000,0.000000,0.000000,0.340000,SURVIVAL,SURVIVAL,NONE,H_t,reject_survival,phase=none;hMul=1.000;gMul=1.000;qMul=1.000;qAdd=0.000;rpiOff=0.000,3212,15572,"RacePacingRejected, RACE action=reject_survival:15099;RacePacingRejected, RACE action=reject_pacing:467;ReplacementNotAllowed:6"
2026-09-16T05:14:35.8300570+00:00,3042829816,0.000000,0,1.000000,0.000000,0.000000,0.340000,SURVIVAL,SURVIVAL,NONE,H_t,reject_survival,phase=none;hMul=1.000;gMul=1.000;qMul=1.000;qAdd=0.000;rpiOff=0.000,3212,15572,"RacePacingRejected, RACE action=reject_survival:15099;RacePacingRejected, RACE action=reject_pacing:467;ReplacementNotAllowed:6"
2026-09-16T05:14:36.3302033+00:00,3042887384,0.000000,0,1.000000,0.000000,0.000000,0.340000,SURVIVAL,SURVIVAL,NONE,H_t,reject_survival,phase=none;hMul=1.000;gMul=1.000;qMul=1.000;qAdd=0.000;rpiOff=0.000,3212,15572,"RacePacingRejected, RACE action=reject_survival:15099;RacePacingRejected, RACE action=reject_pacing:467;ReplacementNotAllowed:6"
2026-09-16T05:14:36.8304069+00:00,3042887384,0.000000,0,1.000000,0.000000,0.000000,0.340000,SURVIVAL,SURVIVAL,NONE,H_t,reject_survival,phase=none;hMul=1.000;gMul=1.000;qMul=1.000;qAdd=0.000;rpiOff=0.000,3212,15572,"RacePacingRejected, RACE action=reject_survival:15099;RacePacingRejected, RACE action=reject_pacing:467;ReplacementNotAllowed:6"
2026-09-16T05:14:37.3307591+00:00,3042969112,0.000000,0,1.000000,0.000000,0.000000,0.340000,SURVIVAL,SURVIVAL,NONE,H_t,reject_survival,phase=none;hMul=1.000;gMul=1.000;qMul=1.000;qAdd=0.000;rpiOff=0.000,3212,15572,"RacePacingRejected, RACE action=reject_survival:15099;RacePacingRejected, RACE action=reject_pacing:467;ReplacementNotAllowed:6"
2026-09-16T05:14:37.8300664+00:00,3042977336,0.000000,0,1.000000,0.000000,0.000000,0.340000,SURVIVAL,SURVIVAL,NONE,H_t,reject_survival,phase=none;hMul=1.000;gMul=1.000;qMul=1.000;qAdd=0.000;rpiOff=0.000,3212,15572,"RacePacingRejected, RACE action=reject_survival:15099;RacePacingRejected, RACE action=reject_pacing:467;ReplacementNotAllowed:6"
2026-09-16T05:14:38.3302054+00:00,3043026424,0.000000,0,1.000000,0.000000,0.000000,0.340000,SURVIVAL,SURVIVAL,NONE,H_t,reject_survival,phase=none;hMul=1.000;gMul=1.000;qMul=1.000;qAdd=0.000;rpiOff=0.000,3212,15572,"RacePacingRejected, RACE action=reject_survival:15099;RacePacingRejected, RACE action=reject_pacing:467;ReplacementNotAllowed:6"
2026-09-16T05:14:38.8303949+00:00,3043026424,0.000000,0,1.000000,0.000000,0.000000,0.340000,SURVIVAL,SURVIVAL,NONE,H_t,reject_survival,phase=none;hMul=1.000;gMul=1.000;qMul=1.000;qAdd=0.000;rpiOff=0.000,3212,15572,"RacePacingRejected, RACE action=reject_survival:15099;RacePacingRejected, RACE action=reject_pacing:467;ReplacementNotAllowed:6"
2026-09-16T05:14:39.3299787+00:00,3043108408,0.000000,0,1.000000,0.000000,0.000000,0.340000,SURVIVAL,SURVIVAL,NONE,H_t,reject_survival,phase=none;hMul=1.000;gMul=1.000;qMul=1.000;qAdd=0.000;rpiOff=0.000,3212,15572,"RacePacingRejected, RACE action=reject_survival:15099;RacePacingRejected, RACE action=reject_pacing:467;ReplacementNotAllowed:6"
2026-09-16T05:14:39.8302471+00:00,3043108408,0.000000,0,1.000000,0.000000,0.000000,0.340000,SURVIVAL,SURVIVAL,NONE,H_t,reject_survival,phase=none;hMul=1.000;gMul=1.000;qMul=1.000;qAdd=0.000;rpiOff=0.000,3212,15572,"RacePacingRejected, RACE action=reject_survival:15099;RacePacingRejected, RACE action=reject_pacing:467;ReplacementNotAllowed:6"
2026-09-16T05:14:40.3301018+00:00,3043157112,0.000000,0,1.000000,0.000000,0.000000,0.340000,SURVIVAL,SURVIVAL,NONE,H_t,reject_survival,phase=none;hMul=1.000;gMul=1.000;qMul=1.000;qAdd=0.000;rpiOff=0.000,3212,15572,"RacePacingRejected, RACE action=reject_survival:15099;RacePacingRejected, RACE action=reject_pacing:467;ReplacementNotAllowed:6"
2026-09-16T05:14:40.8303151+00:00,3043157112,0.000000,0,1.000000,0.000000,0.000000,0.340000,SURVIVAL,SURVIVAL,NONE,H_t,reject_survival,phase=none;hMul=1.000;gMul=1.000;qMul=1.000;qAdd=0.000;rpiOff=0.000,3212,15572,"RacePacingRejected, RACE action=reject_survival:15099;RacePacingRejected, RACE action=reject_pacing:467;ReplacementNotAllowed:6"
2026-09-16T05:14:41.3298416+00:00,3043239352,0.000000,0,1.000000,0.000000,0.000000,0.340000,SURVIVAL,SURVIVAL,NONE,H_t,reject_survival,phase=none;hMul=1.000;gMul=1.000;qMul=1.000;qAdd=0.000;rpiOff=0.000,3212,15572,"RacePacingRejected, RACE action=reject_survival:15099;RacePacingRejected, RACE action=reject_pacing:467;ReplacementNotAllowed:6"
2026-09-16T05:14:41.8305058+00:00,3043247576,0.000000,0,1.000000,0.000000,0.000000,0.340000,SURVIVAL,SURVIVAL,NONE,H_t,reject_survival,phase=none;hMul=1.000;gMul=1.000;qMul=1.000;qAdd=0.000;rpiOff=0.000,3212,15572,"RacePacingRejected, RACE action=reject_survival:15099;RacePacingRejected, RACE action=reject_pacing:467;ReplacementNotAllowed:6"
2026-09-16T05:14:42.3306276+00:00,3043296408,0.000000,0,1.000000,0.000000,0.000000,0.340000,SURVIVAL,SURVIVAL,NONE,H_t,reject_survival,phase=none;hMul=1.000;gMul=1.000;qMul=1.000;qAdd=0.000;rpiOff=0.000,3212,15572,"RacePacingRejected, RACE action=reject_survival:15099;RacePacingRejected, RACE action=reject_pacing:467;ReplacementNotAllowed:6"
2026-09-16T05:14:42.8303601+00:00,3043296408,0.000000,0,1.000000,0.000000,0.000000,0.340000,SURVIVAL,SURVIVAL,NONE,H_t,reject_survival,phase=none;hMul=1.000;gMul=1.000;qMul=1.000;qAdd=0.000;rpiOff=0.000,3212,15572,"RacePacingRejected, RACE action=reject_survival:15099;RacePacingRejected, RACE action=reject_pacing:467;ReplacementNotAllowed:6"
2026-09-16T05:14:43.3299192+00:00,3043386616,0.000000,0,1.000000,0.000000,0.000000,0.340000,SURVIVAL,SURVIVAL,NONE,H_t,reject_survival,phase=none;hMul=1.000;gMul=1.000;qMul=1.000;qAdd=0.000;rpiOff=0.000,3212,15572,"RacePacingRejected, RACE action=reject_survival:15099;RacePacingRejected, RACE action=reject_pacing:467;ReplacementNotAllowed:6"
2026-09-16T05:14:43.8301070+00:00,3043386616,0.000000,0,1.000000,0.000000,0.000000,0.340000,SURVIVAL,SURVIVAL,NONE,H_t,reject_survival,phase=none;hMul=1.000;gMul=1.000;qMul=1.000;qAdd=0.000;rpiOff=0.000,3212,15572,"RacePacingRejected, RACE action=reject_survival:15099;RacePacingRejected, RACE action=reject_pacing:467;ReplacementNotAllowed:6"
2026-09-16T05:14:44.3303196+00:00,3043444184,0.000000,0,1.000000,0.000000,0.000000,0.340000,SURVIVAL,SURVIVAL,NONE,H_t,reject_survival,phase=none;hMul=1.000;gMul=1.000;qMul=1.000;qAdd=0.000;rpiOff=0.000,3212,15572,"RacePacingRejected, RACE action=reject_survival:15099;RacePacingRejected, RACE action=reject_pacing:467;ReplacementNotAllowed:6"
2026-09-16T05:14:44.8306927+00:00,3043452408,0.000000,0,1.000000,0.000000,0.000000,0.340000,SURVIVAL,SURVIVAL,NONE,H_t,reject_survival,phase=none;hMul=1.000;gMul=1.000;qMul=1.000;qAdd=0.000;rpiOff=0.000,3212,15572,"RacePacingRejected, RACE action=reject_survival:15099;RacePacingRejected, RACE action=reject_pacing:467;ReplacementNotAllowed:6"
2026-09-16T05:14:45.3300580+00:00,3043525912,0.000000,0,1.000000,0.000000,0.000000,0.340000,SURVIVAL,SURVIVAL,NONE,H_t,reject_survival,phase=none;hMul=1.000;gMul=1.000;qMul=1.000;qAdd=0.000;rpiOff=0.000,3212,15572,"RacePacingRejected, RACE action=reject_survival:15099;RacePacingRejected, RACE action=reject_pacing:467;ReplacementNotAllowed:6"
2026-09-16T05:14:45.8303312+00:00,3043525912,0.000000,0,1.000000,0.000000,0.000000,0.340000,SURVIVAL,SURVIVAL,NONE,H_t,reject_survival,phase=none;hMul=1.000;gMul=1.000;qMul=1.000;qAdd=0.000;rpiOff=0.000,3212,15572,"RacePacingRejected, RACE action=reject_survival:15099;RacePacingRejected, RACE action=reject_pacing:467;ReplacementNotAllowed:6"
2026-09-16T05:14:46.3299433+00:00,3043607896,0.000000,0,1.000000,0.000000,0.000000,0.340000,SURVIVAL,SURVIVAL,NONE,H_t,reject_survival,phase=none;hMul=1.000;gMul=1.000;qMul=1.000;qAdd=0.000;rpiOff=0.000,3212,15572,"RacePacingRejected, RACE action=reject_survival:15099;RacePacingRejected, RACE action=reject_pacing:467;ReplacementNotAllowed:6"
2026-09-16T05:14:46.8301263+00:00,3043607896,0.000000,0,1.000000,0.000000,0.000000,0.340000,SURVIVAL,SURVIVAL,NONE,H_t,reject_survival,phase=none;hMul=1.000;gMul=1.000;qMul=1.000;qAdd=0.000;rpiOff=0.000,3212,15572,"RacePacingRejected, RACE action=reject_survival:15099;RacePacingRejected, RACE action=reject_pacing:467;ReplacementNotAllowed:6"
2026-09-16T05:14:47.3301483+00:00,3043673688,0.000000,0,1.000000,0.000000,0.000000,0.340000,SURVIVAL,SURVIVAL,NONE,H_t,reject_survival,phase=none;hMul=1.000;gMul=1.000;qMul=1.000;qAdd=0.000;rpiOff=0.000,3212,15572,"RacePacingRejected, RACE action=reject_survival:15099;RacePacingRejected, RACE action=reject_pacing:467;ReplacementNotAllowed:6"
2026-09-16T05:14:47.8304606+00:00,3043681912,0.000000,0,1.000000,0.000000,0.000000,0.340000,SURVIVAL,SURVIVAL,NONE,H_t,reject_survival,phase=none;hMul=1.000;gMul=1.000;qMul=1.000;qAdd=0.000;rpiOff=0.000,3212,15572,"RacePacingRejected, RACE action=reject_survival:15099;RacePacingRejected, RACE action=reject_pacing:467;ReplacementNotAllowed:6"
2026-09-16T05:14:48.3299838+00:00,3043755416,0.000000,0,1.000000,0.000000,0.000000,0.340000,SURVIVAL,SURVIVAL,NONE,H_t,reject_survival,phase=none;hMul=1.000;gMul=1.000;qMul=1.000;qAdd=0.000;rpiOff=0.000,3212,15572,"RacePacingRejected, RACE action=reject_survival:15099;RacePacingRejected, RACE action=reject_pacing:467;ReplacementNotAllowed:6"
2026-09-16T05:14:48.8301837+00:00,3043763640,0.000000,0,1.000000,0.000000,0.000000,0.340000,SURVIVAL,SURVIVAL,NONE,H_t,reject_survival,phase=none;hMul=1.000;gMul=1.000;qMul=1.000;qAdd=0.000;rpiOff=0.000,3212,15572,"RacePacingRejected, RACE action=reject_survival:15099;RacePacingRejected, RACE action=reject_pacing:467;ReplacementNotAllowed:6"
2026-09-16T05:14:49.3301486+00:00,3043812472,0.000000,0,1.000000,0.000000,0.000000,0.340000,SURVIVAL,SURVIVAL,NONE,H_t,reject_survival,phase=none;hMul=1.000;gMul=1.000;qMul=1.000;qAdd=0.000;rpiOff=0.000,3212,15572,"RacePacingRejected, RACE action=reject_survival:15099;RacePacingRejected, RACE action=reject_pacing:467;ReplacementNotAllowed:6"
2026-09-16T05:14:49.8303344+00:00,3043812472,0.000000,0,1.000000,0.000000,0.000000,0.340000,SURVIVAL,SURVIVAL,NONE,H_t,reject_survival,phase=none;hMul=1.000;gMul=1.000;qMul=1.000;qAdd=0.000;rpiOff=0.000,3212,15572,"RacePacingRejected, RACE action=reject_survival:15099;RacePacingRejected, RACE action=reject_pacing:467;ReplacementNotAllowed:6"
2026-09-16T05:14:50.3299787+00:00,3043894456,0.000000,0,1.000000,0.000000,0.000000,0.340000,SURVIVAL,SURVIVAL,NONE,H_t,reject_survival,phase=none;hMul=1.000;gMul=1.000;qMul=1.000;qAdd=0.000;rpiOff=0.000,3212,15572,"RacePacingRejected, RACE action=reject_survival:15099;RacePacingRejected, RACE action=reject_pacing:467;ReplacementNotAllowed:6"
2026-09-16T05:14:50.8301600+00:00,3043902680,0.000000,0,1.000000,0.000000,0.000000,0.340000,SURVIVAL,SURVIVAL,NONE,H_t,reject_survival,phase=none;hMul=1.000;gMul=1.000;qMul=1.000;qAdd=0.000;rpiOff=0.000,3212,15572,"RacePacingRejected, RACE action=reject_survival:15099;RacePacingRejected, RACE action=reject_pacing:467;ReplacementNotAllowed:6"
2026-09-16T05:14:51.3301610+00:00,3043943800,0.000000,0,1.000000,0.000000,0.000000,0.340000,SURVIVAL,SURVIVAL,NONE,H_t,reject_survival,phase=none;hMul=1.000;gMul=1.000;qMul=1.000;qAdd=0.000;rpiOff=0.000,3212,15572,"RacePacingRejected, RACE action=reject_survival:15099;RacePacingRejected, RACE action=reject_pacing:467;ReplacementNotAllowed:6"
2026-09-16T05:14:51.8307174+00:00,3043952024,0.000000,0,1.000000,0.000000,0.000000,0.340000,SURVIVAL,SURVIVAL,NONE,H_t,reject_survival,phase=none;hMul=1.000;gMul=1.000;qMul=1.000;qAdd=0.000;rpiOff=0.000,3212,15572,"RacePacingRejected, RACE action=reject_survival:15099;RacePacingRejected, RACE action=reject_pacing:467;ReplacementNotAllowed:6"
2026-09-16T05:14:52.3303069+00:00,3044390320,0.000000,0,1.000000,0.000000,0.000000,0.340000,SURVIVAL,SURVIVAL,NONE,H_t,reject_survival,phase=none;hMul=1.000;gMul=1.000;qMul=1.000;qAdd=0.000;rpiOff=0.000,3212,15572,"RacePacingRejected, RACE action=reject_survival:15099;RacePacingRejected, RACE action=reject_pacing:467;ReplacementNotAllowed:6"
2026-09-16T05:14:52.8299134+00:00,3044398288,0.000000,0,1.000000,0.000000,0.000000,0.340000,SURVIVAL,SURVIVAL,NONE,H_t,reject_survival,phase=none;hMul=1.000;gMul=1.000;qMul=1.000;qAdd=0.000;rpiOff=0.000,3212,15572,"RacePacingRejected, RACE action=reject_survival:15099;RacePacingRejected, RACE action=reject_pacing:467;ReplacementNotAllowed:6"
2026-09-16T05:14:53.3303138+00:00,3044463720,0.000000,0,1.000000,0.000000,0.000000,0.340000,SURVIVAL,SURVIVAL,NONE,H_t,reject_survival,phase=none;hMul=1.000;gMul=1.000;qMul=1.000;qAdd=0.000;rpiOff=0.000,3212,15572,"RacePacingRejected, RACE action=reject_survival:15099;RacePacingRejected, RACE action=reject_pacing:467;ReplacementNotAllowed:6"
2026-09-16T05:14:53.8305183+00:00,3044463720,0.000000,0,1.000000,0.000000,0.000000,0.340000,SURVIVAL,SURVIVAL,NONE,H_t,reject_survival,phase=none;hMul=1.000;gMul=1.000;qMul=1.000;qAdd=0.000;rpiOff=0.000,3212,15572,"RacePacingRejected, RACE action=reject_survival:15099;RacePacingRejected, RACE action=reject_pacing:467;ReplacementNotAllowed:6"
2026-09-16T05:14:54.3301828+00:00,3044549720,0.000000,0,1.000000,0.000000,0.000000,0.340000,SURVIVAL,SURVIVAL,NONE,H_t,reject_survival,phase=none;hMul=1.000;gMul=1.000;qMul=1.000;qAdd=0.000;rpiOff=0.000,3212,15572,"RacePacingRejected, RACE action=reject_survival:15099;RacePacingRejected, RACE action=reject_pacing:467;ReplacementNotAllowed:6"
2026-09-16T05:14:54.8303923+00:00,3044549720,0.000000,0,1.000000,0.000000,0.000000,0.340000,SURVIVAL,SURVIVAL,NONE,H_t,reject_survival,phase=none;hMul=1.000;gMul=1.000;qMul=1.000;qAdd=0.000;rpiOff=0.000,3212,15572,"RacePacingRejected, RACE action=reject_survival:15099;RacePacingRejected, RACE action=reject_pacing:467;ReplacementNotAllowed:6"
2026-09-16T05:14:55.3298392+00:00,3044631448,0.000000,0,1.000000,0.000000,0.000000,0.340000,SURVIVAL,SURVIVAL,NONE,H_t,reject_survival,phase=none;hMul=1.000;gMul=1.000;qMul=1.000;qAdd=0.000;rpiOff=0.000,3212,15572,"RacePacingRejected, RACE action=reject_survival:15099;RacePacingRejected, RACE action=reject_pacing:467;ReplacementNotAllowed:6"
2026-09-16T05:14:55.8300272+00:00,3044631448,0.000000,0,1.000000,0.000000,0.000000,0.340000,SURVIVAL,SURVIVAL,NONE,H_t,reject_survival,phase=none;hMul=1.000;gMul=1.000;qMul=1.000;qAdd=0.000;rpiOff=0.000,3212,15572,"RacePacingRejected, RACE action=reject_survival:15099;RacePacingRejected, RACE action=reject_pacing:467;ReplacementNotAllowed:6"
2026-09-16T05:14:56.3302888+00:00,3044680368,0.000000,0,1.000000,0.000000,0.000000,0.340000,SURVIVAL,SURVIVAL,NONE,H_t,reject_survival,phase=none;hMul=1.000;gMul=1.000;qMul=1.000;qAdd=0.000;rpiOff=0.000,3212,15572,"RacePacingRejected, RACE action=reject_survival:15099;RacePacingRejected, RACE action=reject_pacing:467;ReplacementNotAllowed:6"
2026-09-16T05:14:56.8306899+00:00,3044680368,0.000000,0,1.000000,0.000000,0.000000,0.340000,SURVIVAL,SURVIVAL,NONE,H_t,reject_survival,phase=none;hMul=1.000;gMul=1.000;qMul=1.000;qAdd=0.000;rpiOff=0.000,3212,15572,"RacePacingRejected, RACE action=reject_survival:15099;RacePacingRejected, RACE action=reject_pacing:467;ReplacementNotAllowed:6"
2026-09-16T05:14:57.3300277+00:00,3044770320,0.000000,0,1.000000,0.000000,0.000000,0.340000,SURVIVAL,SURVIVAL,NONE,H_t,reject_survival,phase=none;hMul=1.000;gMul=1.000;qMul=1.000;qAdd=0.000;rpiOff=0.000,3212,15572,"RacePacingRejected, RACE action=reject_survival:15099;RacePacingRejected, RACE action=reject_pacing:467;ReplacementNotAllowed:6"
2026-09-16T05:14:57.8303426+00:00,3044786704,0.000000,0,1.000000,0.000000,0.000000,0.340000,SURVIVAL,SURVIVAL,NONE,H_t,reject_survival,phase=none;hMul=1.000;gMul=1.000;qMul=1.000;qAdd=0.000;rpiOff=0.000,3212,15572,"RacePacingRejected, RACE action=reject_survival:15099;RacePacingRejected, RACE action=reject_pacing:467;ReplacementNotAllowed:6"
2026-09-16T05:14:58.3307635+00:00,3044868400,0.000000,0,1.000000,0.000000,0.000000,0.340000,SURVIVAL,SURVIVAL,NONE,H_t,reject_survival,phase=none;hMul=1.000;gMul=1.000;qMul=1.000;qAdd=0.000;rpiOff=0.000,3212,15572,"RacePacingRejected, RACE action=reject_survival:15099;RacePacingRejected, RACE action=reject_pacing:467;ReplacementNotAllowed:6"
2026-09-16T05:14:58.8299766+00:00,3044868400,0.000000,0,1.000000,0.000000,0.000000,0.340000,SURVIVAL,SURVIVAL,NONE,H_t,reject_survival,phase=none;hMul=1.000;gMul=1.000;qMul=1.000;qAdd=0.000;rpiOff=0.000,3212,15572,"RacePacingRejected, RACE action=reject_survival:15099;RacePacingRejected, RACE action=reject_pacing:467;ReplacementNotAllowed:6"
2026-09-16T05:14:59.3302167+00:00,3044917744,0.000000,0,1.000000,0.000000,0.000000,0.340000,SURVIVAL,SURVIVAL,NONE,H_t,reject_survival,phase=none;hMul=1.000;gMul=1.000;qMul=1.000;qAdd=0.000;rpiOff=0.000,3212,15572,"RacePacingRejected, RACE action=reject_survival:15099;RacePacingRejected, RACE action=reject_pacing:467;ReplacementNotAllowed:6"
2026-09-16T05:14:59.8304146+00:00,3044925968,0.000000,0,1.000000,0.000000,0.000000,0.340000,SURVIVAL,SURVIVAL,NONE,H_t,reject_survival,phase=none;hMul=1.000;gMul=1.000;qMul=1.000;qAdd=0.000;rpiOff=0.000,3212,15572,"RacePacingRejected, RACE action=reject_survival:15099;RacePacingRejected, RACE action=reject_pacing:467;ReplacementNotAllowed:6"
2026-09-16T05:15:00.3300017+00:00,3044999496,0.000000,0,1.000000,0.000000,0.000000,0.340000,SURVIVAL,SURVIVAL,NONE,H_t,reject_survival,phase=none;hMul=1.000;gMul=1.000;qMul=1.000;qAdd=0.000;rpiOff=0.000,3212,15572,"RacePacingRejected, RACE action=reject_survival:15099;RacePacingRejected, RACE action=reject_pacing:467;ReplacementNotAllowed:6"
2026-09-16T05:15:00.8302779+00:00,3044999496,0.000000,0,1.000000,0.000000,0.000000,0.340000,SURVIVAL,SURVIVAL,NONE,H_t,reject_survival,phase=none;hMul=1.000;gMul=1.000;qMul=1.000;qAdd=0.000;rpiOff=0.000,3212,15572,"RacePacingRejected, RACE action=reject_survival:15099;RacePacingRejected, RACE action=reject_pacing:467;ReplacementNotAllowed:6"
2026-09-16T05:15:01.3301150+00:00,3045056552,0.000000,0,1.000000,0.000000,0.000000,0.340000,SURVIVAL,SURVIVAL,NONE,H_t,reject_survival,phase=none;hMul=1.000;gMul=1.000;qMul=1.000;qAdd=0.000;rpiOff=0.000,3212,15572,"RacePacingRejected, RACE action=reject_survival:15099;RacePacingRejected, RACE action=reject_pacing:467;ReplacementNotAllowed:6"
2026-09-16T05:15:01.8307306+00:00,3045056552,0.000000,0,1.000000,0.000000,0.000000,0.340000,SURVIVAL,SURVIVAL,NONE,H_t,reject_survival,phase=none;hMul=1.000;gMul=1.000;qMul=1.000;qAdd=0.000;rpiOff=0.000,3212,15572,"RacePacingRejected, RACE action=reject_survival:15099;RacePacingRejected, RACE action=reject_pacing:467;ReplacementNotAllowed:6"
2026-09-16T05:15:02.3305584+00:00,3045130056,0.000000,0,1.000000,0.000000,0.000000,0.340000,SURVIVAL,SURVIVAL,NONE,H_t,reject_survival,phase=none;hMul=1.000;gMul=1.000;qMul=1.000;qAdd=0.000;rpiOff=0.000,3212,15572,"RacePacingRejected, RACE action=reject_survival:15099;RacePacingRejected, RACE action=reject_pacing:467;ReplacementNotAllowed:6"
2026-09-16T05:15:02.8303283+00:00,3045130056,0.000000,0,1.000000,0.000000,0.000000,0.340000,SURVIVAL,SURVIVAL,NONE,H_t,reject_survival,phase=none;hMul=1.000;gMul=1.000;qMul=1.000;qAdd=0.000;rpiOff=0.000,3212,15572,"RacePacingRejected, RACE action=reject_survival:15099;RacePacingRejected, RACE action=reject_pacing:467;ReplacementNotAllowed:6"
2026-09-16T05:15:03.3298727+00:00,3045195848,0.000000,0,1.000000,0.000000,0.000000,0.340000,SURVIVAL,SURVIVAL,NONE,H_t,reject_survival,phase=none;hMul=1.000;gMul=1.000;qMul=1.000;qAdd=0.000;rpiOff=0.000,3212,15572,"RacePacingRejected, RACE action=reject_survival:15099;RacePacingRejected, RACE action=reject_pacing:467;ReplacementNotAllowed:6"
2026-09-16T05:15:03.8300749+00:00,3045195848,0.000000,0,1.000000,0.000000,0.000000,0.340000,SURVIVAL,SURVIVAL,NONE,H_t,reject_survival,phase=none;hMul=1.000;gMul=1.000;qMul=1.000;qAdd=0.000;rpiOff=0.000,3212,15572,"RacePacingRejected, RACE action=reject_survival:15099;RacePacingRejected, RACE action=reject_pacing:467;ReplacementNotAllowed:6"
2026-09-16T05:15:04.3301742+00:00,3045277576,0.000000,0,1.000000,0.000000,0.000000,0.340000,SURVIVAL,SURVIVAL,NONE,H_t,reject_survival,phase=none;hMul=1.000;gMul=1.000;qMul=1.000;qAdd=0.000;rpiOff=0.000,3212,15572,"RacePacingRejected, RACE action=reject_survival:15099;RacePacingRejected, RACE action=reject_pacing:467;ReplacementNotAllowed:6"
2026-09-16T05:15:04.8303613+00:00,3045277576,0.000000,0,1.000000,0.000000,0.000000,0.340000,SURVIVAL,SURVIVAL,NONE,H_t,reject_survival,phase=none;hMul=1.000;gMul=1.000;qMul=1.000;qAdd=0.000;rpiOff=0.000,3212,15572,"RacePacingRejected, RACE action=reject_survival:15099;RacePacingRejected, RACE action=reject_pacing:467;ReplacementNotAllowed:6"
2026-09-16T05:15:05.3298804+00:00,3045326920,0.000000,0,1.000000,0.000000,0.000000,0.340000,SURVIVAL,SURVIVAL,NONE,H_t,reject_survival,phase=none;hMul=1.000;gMul=1.000;qMul=1.000;qAdd=0.000;rpiOff=0.000,3212,15572,"RacePacingRejected, RACE action=reject_survival:15099;RacePacingRejected, RACE action=reject_pacing:467;ReplacementNotAllowed:6"
2026-09-16T05:15:05.8300642+00:00,3045326920,0.000000,0,1.000000,0.000000,0.000000,0.340000,SURVIVAL,SURVIVAL,NONE,H_t,reject_survival,phase=none;hMul=1.000;gMul=1.000;qMul=1.000;qAdd=0.000;rpiOff=0.000,3212,15572,"RacePacingRejected, RACE action=reject_survival:15099;RacePacingRejected, RACE action=reject_pacing:467;ReplacementNotAllowed:6"
2026-09-16T05:15:06.3302620+00:00,3045417128,0.000000,0,1.000000,0.000000,0.000000,0.340000,SURVIVAL,SURVIVAL,NONE,H_t,reject_survival,phase=none;hMul=1.000;gMul=1.000;qMul=1.000;qAdd=0.000;rpiOff=0.000,3212,15572,"RacePacingRejected, RACE action=reject_survival:15099;RacePacingRejected, RACE action=reject_pacing:467;ReplacementNotAllowed:6"
2026-09-16T05:15:06.8304562+00:00,3045425352,0.000000,0,1.000000,0.000000,0.000000,0.340000,SURVIVAL,SURVIVAL,NONE,H_t,reject_survival,phase=none;hMul=1.000;gMul=1.000;qMul=1.000;qAdd=0.000;rpiOff=0.000,3212,15572,"RacePacingRejected, RACE action=reject_survival:15099;RacePacingRejected, RACE action=reject_pacing:467;ReplacementNotAllowed:6"
2026-09-16T05:15:07.3301870+00:00,3045482664,0.000000,0,1.000000,0.000000,0.000000,0.340000,SURVIVAL,SURVIVAL,NONE,H_t,reject_survival,phase=none;hMul=1.000;gMul=1.000;qMul=1.000;qAdd=0.000;rpiOff=0.000,3212,15572,"RacePacingRejected, RACE action=reject_survival:15099;RacePacingRejected, RACE action=reject_pacing:467;ReplacementNotAllowed:6"
2026-09-16T05:15:07.8304955+00:00,3045482664,0.000000,0,1.000000,0.000000,0.000000,0.340000,SURVIVAL,SURVIVAL,NONE,H_t,reject_survival,phase=none;hMul=1.000;gMul=1.000;qMul=1.000;qAdd=0.000;rpiOff=0.000,3212,15572,"RacePacingRejected, RACE action=reject_survival:15099;RacePacingRejected, RACE action=reject_pacing:467;ReplacementNotAllowed:6"
2026-09-16T05:15:08.3298942+00:00,3045556424,0.000000,0,1.000000,0.000000,0.000000,0.340000,SURVIVAL,SURVIVAL,NONE,H_t,reject_survival,phase=none;hMul=1.000;gMul=1.000;qMul=1.000;qAdd=0.000;rpiOff=0.000,3212,15572,"RacePacingRejected, RACE action=reject_survival:15099;RacePacingRejected, RACE action=reject_pacing:467;ReplacementNotAllowed:6"
2026-09-16T05:15:08.8301083+00:00,3045564648,0.000000,0,1.000000,0.000000,0.000000,0.340000,SURVIVAL,SURVIVAL,NONE,H_t,reject_survival,phase=none;hMul=1.000;gMul=1.000;qMul=1.000;qAdd=0.000;rpiOff=0.000,3212,15572,"RacePacingRejected, RACE action=reject_survival:15099;RacePacingRejected, RACE action=reject_pacing:467;ReplacementNotAllowed:6"
2026-09-16T05:15:09.3302017+00:00,3195771888,0.000000,0,1.000000,0.000000,0.000000,0.340000,SURVIVAL,SURVIVAL,NONE,H_t,reject_survival,phase=none;hMul=1.000;gMul=1.000;qMul=1.000;qAdd=0.000;rpiOff=0.000,3212,15572,"RacePacingRejected, RACE action=reject_survival:15099;RacePacingRejected, RACE action=reject_pacing:467;ReplacementNotAllowed:6"
2026-09-16T05:15:09.8306630+00:00,3315880928,0.000000,0,1.000000,0.000000,0.000000,0.340000,SURVIVAL,SURVIVAL,NONE,H_t,reject_survival,phase=none;hMul=1.000;gMul=1.000;qMul=1.000;qAdd=0.000;rpiOff=0.000,3212,15572,"RacePacingRejected, RACE action=reject_survival:15099;RacePacingRejected, RACE action=reject_pacing:467;ReplacementNotAllowed:6"
2026-09-16T05:15:10.3304246+00:00,3316389144,0.000000,0,1.000000,0.000000,0.000000,0.340000,SURVIVAL,SURVIVAL,NONE,H_t,reject_survival,phase=none;hMul=1.000;gMul=1.000;qMul=1.000;qAdd=0.000;rpiOff=0.000,3212,15572,"RacePacingRejected, RACE action=reject_survival:15099;RacePacingRejected, RACE action=reject_pacing:467;ReplacementNotAllowed:6"
2026-09-16T05:15:10.8306234+00:00,3316397368,0.000000,0,1.000000,0.000000,0.000000,0.340000,SURVIVAL,SURVIVAL,NONE,H_t,reject_survival,phase=none;hMul=1.000;gMul=1.000;qMul=1.000;qAdd=0.000;rpiOff=0.000,3212,15572,"RacePacingRejected, RACE action=reject_survival:15099;RacePacingRejected, RACE action=reject_pacing:467;ReplacementNotAllowed:6"
2026-09-16T05:15:11.3306992+00:00,3316487608,0.000000,0,1.000000,0.000000,0.000000,0.340000,SURVIVAL,SURVIVAL,NONE,H_t,reject_survival,phase=none;hMul=1.000;gMul=1.000;qMul=1.000;qAdd=0.000;rpiOff=0.000,3212,15572,"RacePacingRejected, RACE action=reject_survival:15099;RacePacingRejected, RACE action=reject_pacing:467;ReplacementNotAllowed:6"
2026-09-16T05:15:11.8307492+00:00,3316487608,0.000000,0,1.000000,0.000000,0.000000,0.340000,SURVIVAL,SURVIVAL,NONE,H_t,reject_survival,phase=none;hMul=1.000;gMul=1.000;qMul=1.000;qAdd=0.000;rpiOff=0.000,3212,15572,"RacePacingRejected, RACE action=reject_survival:15099;RacePacingRejected, RACE action=reject_pacing:467;ReplacementNotAllowed:6"
2026-09-16T05:15:12.3298213+00:00,3316987480,0.000000,0,1.000000,0.000000,0.000000,0.340000,SURVIVAL,SURVIVAL,NONE,H_t,reject_survival,phase=none;hMul=1.000;gMul=1.000;qMul=1.000;qAdd=0.000;rpiOff=0.000,3212,15572,"RacePacingRejected, RACE action=reject_survival:15099;RacePacingRejected, RACE action=reject_pacing:467;ReplacementNotAllowed:6"
2026-09-16T05:15:12.8304169+00:00,3316995384,0.000000,0,1.000000,0.000000,0.000000,0.340000,SURVIVAL,SURVIVAL,NONE,H_t,reject_survival,phase=none;hMul=1.000;gMul=1.000;qMul=1.000;qAdd=0.000;rpiOff=0.000,3212,15572,"RacePacingRejected, RACE action=reject_survival:15099;RacePacingRejected, RACE action=reject_pacing:467;ReplacementNotAllowed:6"
2026-09-16T05:15:13.3298499+00:00,3317077624,0.000000,0,1.000000,0.000000,0.000000,0.340000,SURVIVAL,SURVIVAL,NONE,H_t,reject_survival,phase=none;hMul=1.000;gMul=1.000;qMul=1.000;qAdd=0.000;rpiOff=0.000,3212,15572,"RacePacingRejected, RACE action=reject_survival:15099;RacePacingRejected, RACE action=reject_pacing:467;ReplacementNotAllowed:6"
2026-09-16T05:15:13.8300517+00:00,3317077624,0.000000,0,1.000000,0.000000,0.000000,0.340000,SURVIVAL,SURVIVAL,NONE,H_t,reject_survival,phase=none;hMul=1.000;gMul=1.000;qMul=1.000;qAdd=0.000;rpiOff=0.000,3212,15572,"RacePacingRejected, RACE action=reject_survival:15099;RacePacingRejected, RACE action=reject_pacing:467;ReplacementNotAllowed:6"
2026-09-16T05:15:14.3303305+00:00,3317180400,0.000000,0,1.000000,0.000000,0.000000,0.340000,SURVIVAL,SURVIVAL,NONE,H_t,reject_survival,phase=none;hMul=1.000;gMul=1.000;qMul=1.000;qAdd=0.000;rpiOff=0.000,3212,15572,"RacePacingRejected, RACE action=reject_survival:15099;RacePacingRejected, RACE action=reject_pacing:467;ReplacementNotAllowed:6"
2026-09-16T05:15:14.8305275+00:00,3317180400,0.000000,0,1.000000,0.000000,0.000000,0.340000,SURVIVAL,SURVIVAL,NONE,H_t,reject_survival,phase=none;hMul=1.000;gMul=1.000;qMul=1.000;qAdd=0.000;rpiOff=0.000,3212,15572,"RacePacingRejected, RACE action=reject_survival:15099;RacePacingRejected, RACE action=reject_pacing:467;ReplacementNotAllowed:6"
2026-09-16T05:15:15.3301409+00:00,3317305496,0.000000,0,1.000000,0.000000,0.000000,0.340000,SURVIVAL,SURVIVAL,NONE,H_t,reject_survival,phase=none;hMul=1.000;gMul=1.000;qMul=1.000;qAdd=0.000;rpiOff=0.000,3212,15572,"RacePacingRejected, RACE action=reject_survival:15099;RacePacingRejected, RACE action=reject_pacing:467;ReplacementNotAllowed:6"
2026-09-16T05:15:15.8303339+00:00,3317305496,0.000000,0,1.000000,0.000000,0.000000,0.340000,SURVIVAL,SURVIVAL,NONE,H_t,reject_survival,phase=none;hMul=1.000;gMul=1.000;qMul=1.000;qAdd=0.000;rpiOff=0.000,3212,15572,"RacePacingRejected, RACE action=reject_survival:15099;RacePacingRejected, RACE action=reject_pacing:467;ReplacementNotAllowed:6"
2026-09-16T05:15:16.3299032+00:00,3317394920,0.000000,0,1.000000,0.000000,0.000000,0.340000,SURVIVAL,SURVIVAL,NONE,H_t,reject_survival,phase=none;hMul=1.000;gMul=1.000;qMul=1.000;qAdd=0.000;rpiOff=0.000,3212,15572,"RacePacingRejected, RACE action=reject_survival:15099;RacePacingRejected, RACE action=reject_pacing:467;ReplacementNotAllowed:6"
2026-09-16T05:15:16.8300980+00:00,3317394920,0.000000,0,1.000000,0.000000,0.000000,0.340000,SURVIVAL,SURVIVAL,NONE,H_t,reject_survival,phase=none;hMul=1.000;gMul=1.000;qMul=1.000;qAdd=0.000;rpiOff=0.000,3212,15572,"RacePacingRejected, RACE action=reject_survival:15099;RacePacingRejected, RACE action=reject_pacing:467;ReplacementNotAllowed:6"
2026-09-16T05:15:17.3301983+00:00,3317811480,0.000000,0,1.000000,0.000000,0.000000,0.340000,SURVIVAL,SURVIVAL,NONE,H_t,reject_survival,phase=none;hMul=1.000;gMul=1.000;qMul=1.000;qAdd=0.000;rpiOff=0.000,3212,15572,"RacePacingRejected, RACE action=reject_survival:15099;RacePacingRejected, RACE action=reject_pacing:467;ReplacementNotAllowed:6"
2026-09-16T05:15:17.8305277+00:00,3317819704,0.000000,0,1.000000,0.000000,0.000000,0.340000,SURVIVAL,SURVIVAL,NONE,H_t,reject_survival,phase=none;hMul=1.000;gMul=1.000;qMul=1.000;qAdd=0.000;rpiOff=0.000,3212,15572,"RacePacingRejected, RACE action=reject_survival:15099;RacePacingRejected, RACE action=reject_pacing:467;ReplacementNotAllowed:6"
2026-09-16T05:15:18.3306140+00:00,3317893384,0.000000,0,1.000000,0.000000,0.000000,0.340000,SURVIVAL,SURVIVAL,NONE,H_t,reject_survival,phase=none;hMul=1.000;gMul=1.000;qMul=1.000;qAdd=0.000;rpiOff=0.000,3212,15572,"RacePacingRejected, RACE action=reject_survival:15099;RacePacingRejected, RACE action=reject_pacing:467;ReplacementNotAllowed:6"
2026-09-16T05:15:18.8298129+00:00,3317901608,0.000000,0,1.000000,0.000000,0.000000,0.340000,SURVIVAL,SURVIVAL,NONE,H_t,reject_survival,phase=none;hMul=1.000;gMul=1.000;qMul=1.000;qAdd=0.000;rpiOff=0.000,3212,15572,"RacePacingRejected, RACE action=reject_survival:15099;RacePacingRejected, RACE action=reject_pacing:467;ReplacementNotAllowed:6"
2026-09-16T05:15:19.3304533+00:00,3318376856,0.000000,0,1.000000,0.000000,0.000000,0.340000,SURVIVAL,SURVIVAL,NONE,H_t,reject_survival,phase=none;hMul=1.000;gMul=1.000;qMul=1.000;qAdd=0.000;rpiOff=0.000,3212,15572,"RacePacingRejected, RACE action=reject_survival:15099;RacePacingRejected, RACE action=reject_pacing:467;ReplacementNotAllowed:6"
2026-09-16T05:15:19.8306444+00:00,3318376856,0.000000,0,1.000000,0.000000,0.000000,0.340000,SURVIVAL,SURVIVAL,NONE,H_t,reject_survival,phase=none;hMul=1.000;gMul=1.000;qMul=1.000;qAdd=0.000;rpiOff=0.000,3212,15572,"RacePacingRejected, RACE action=reject_survival:15099;RacePacingRejected, RACE action=reject_pacing:467;ReplacementNotAllowed:6"
2026-09-16T05:15:20.3304338+00:00,3318450872,0.000000,0,1.000000,0.000000,0.000000,0.340000,SURVIVAL,SURVIVAL,NONE,H_t,reject_survival,phase=none;hMul=1.000;gMul=1.000;qMul=1.000;qAdd=0.000;rpiOff=0.000,3212,15572,"RacePacingRejected, RACE action=reject_survival:15099;RacePacingRejected, RACE action=reject_pacing:467;ReplacementNotAllowed:6"
2026-09-16T05:15:20.8306250+00:00,3318459096,0.000000,0,1.000000,0.000000,0.000000,0.340000,SURVIVAL,SURVIVAL,NONE,H_t,reject_survival,phase=none;hMul=1.000;gMul=1.000;qMul=1.000;qAdd=0.000;rpiOff=0.000,3212,15572,"RacePacingRejected, RACE action=reject_survival:15099;RacePacingRejected, RACE action=reject_pacing:467;ReplacementNotAllowed:6"
2026-09-16T05:15:21.3301824+00:00,3318516664,0.000000,0,1.000000,0.000000,0.000000,0.340000,SURVIVAL,SURVIVAL,NONE,H_t,reject_survival,phase=none;hMul=1.000;gMul=1.000;qMul=1.000;qAdd=0.000;rpiOff=0.000,3212,15572,"RacePacingRejected, RACE action=reject_survival:15099;RacePacingRejected, RACE action=reject_pacing:467;ReplacementNotAllowed:6"
2026-09-16T05:15:21.8298393+00:00,3318524888,0.000000,0,1.000000,0.000000,0.000000,0.340000,SURVIVAL,SURVIVAL,NONE,H_t,reject_survival,phase=none;hMul=1.000;gMul=1.000;qMul=1.000;qAdd=0.000;rpiOff=0.000,3212,15572,"RacePacingRejected, RACE action=reject_survival:15099;RacePacingRejected, RACE action=reject_pacing:467;ReplacementNotAllowed:6"
2026-09-16T05:15:22.3302682+00:00,3319032776,0.000000,0,1.000000,0.000000,0.000000,0.340000,SURVIVAL,SURVIVAL,NONE,H_t,reject_survival,phase=none;hMul=1.000;gMul=1.000;qMul=1.000;qAdd=0.000;rpiOff=0.000,3212,15572,"RacePacingRejected, RACE action=reject_survival:15099;RacePacingRejected, RACE action=reject_pacing:467;ReplacementNotAllowed:6"
2026-09-16T05:15:22.8298404+00:00,3319032776,0.000000,0,1.000000,0.000000,0.000000,0.340000,SURVIVAL,SURVIVAL,NONE,H_t,reject_survival,phase=none;hMul=1.000;gMul=1.000;qMul=1.000;qAdd=0.000;rpiOff=0.000,3212,15572,"RacePacingRejected, RACE action=reject_survival:15099;RacePacingRejected, RACE action=reject_pacing:467;ReplacementNotAllowed:6"
2026-09-16T05:15:23.3301373+00:00,3319098312,0.000000,0,1.000000,0.000000,0.000000,0.340000,SURVIVAL,SURVIVAL,NONE,H_t,reject_survival,phase=none;hMul=1.000;gMul=1.000;qMul=1.000;qAdd=0.000;rpiOff=0.000,3212,15572,"RacePacingRejected, RACE action=reject_survival:15099;RacePacingRejected, RACE action=reject_pacing:467;ReplacementNotAllowed:6"
2026-09-16T05:15:23.8303363+00:00,3319098312,0.000000,0,1.000000,0.000000,0.000000,0.340000,SURVIVAL,SURVIVAL,NONE,H_t,reject_survival,phase=none;hMul=1.000;gMul=1.000;qMul=1.000;qAdd=0.000;rpiOff=0.000,3212,15572,"RacePacingRejected, RACE action=reject_survival:15099;RacePacingRejected, RACE action=reject_pacing:467;ReplacementNotAllowed:6"
2026-09-16T05:15:24.3298229+00:00,3319163816,0.000000,0,1.000000,0.000000,0.000000,0.340000,SURVIVAL,SURVIVAL,NONE,H_t,reject_survival,phase=none;hMul=1.000;gMul=1.000;qMul=1.000;qAdd=0.000;rpiOff=0.000,3212,15572,"RacePacingRejected, RACE action=reject_survival:15099;RacePacingRejected, RACE action=reject_pacing:467;ReplacementNotAllowed:6"
2026-09-16T05:15:24.8300755+00:00,3319172040,0.000000,0,1.000000,0.000000,0.000000,0.340000,SURVIVAL,SURVIVAL,NONE,H_t,reject_survival,phase=none;hMul=1.000;gMul=1.000;qMul=1.000;qAdd=0.000;rpiOff=0.000,3212,15572,"RacePacingRejected, RACE action=reject_survival:15099;RacePacingRejected, RACE action=reject_pacing:467;ReplacementNotAllowed:6"
2026-09-16T05:15:25.3300534+00:00,3319245496,0.000000,0,1.000000,0.000000,0.000000,0.340000,SURVIVAL,SURVIVAL,NONE,H_t,reject_survival,phase=none;hMul=1.000;gMul=1.000;qMul=1.000;qAdd=0.000;rpiOff=0.000,3212,15572,"RacePacingRejected, RACE action=reject_survival:15099;RacePacingRejected, RACE action=reject_pacing:467;ReplacementNotAllowed:6"
2026-09-16T05:15:25.8302439+00:00,3319245496,0.000000,0,1.000000,0.000000,0.000000,0.340000,SURVIVAL,SURVIVAL,NONE,H_t,reject_survival,phase=none;hMul=1.000;gMul=1.000;qMul=1.000;qAdd=0.000;rpiOff=0.000,3212,15572,"RacePacingRejected, RACE action=reject_survival:15099;RacePacingRejected, RACE action=reject_pacing:467;ReplacementNotAllowed:6"
2026-09-16T05:15:26.3307933+00:00,3319326920,0.000000,0,1.000000,0.000000,0.000000,0.340000,SURVIVAL,SURVIVAL,NONE,H_t,reject_survival,phase=none;hMul=1.000;gMul=1.000;qMul=1.000;qAdd=0.000;rpiOff=0.000,3212,15572,"RacePacingRejected, RACE action=reject_survival:15099;RacePacingRejected, RACE action=reject_pacing:467;ReplacementNotAllowed:6"
2026-09-16T05:15:26.8299854+00:00,3319326920,0.000000,0,1.000000,0.000000,0.000000,0.340000,SURVIVAL,SURVIVAL,NONE,H_t,reject_survival,phase=none;hMul=1.000;gMul=1.000;qMul=1.000;qAdd=0.000;rpiOff=0.000,3212,15572,"RacePacingRejected, RACE action=reject_survival:15099;RacePacingRejected, RACE action=reject_pacing:467;ReplacementNotAllowed:6"
2026-09-16T05:15:27.3305440+00:00,3319384232,0.000000,0,1.000000,0.000000,0.000000,0.340000,SURVIVAL,SURVIVAL,NONE,H_t,reject_survival,phase=none;hMul=1.000;gMul=1.000;qMul=1.000;qAdd=0.000;rpiOff=0.000,3212,15572,"RacePacingRejected, RACE action=reject_survival:15099;RacePacingRejected, RACE action=reject_pacing:467;ReplacementNotAllowed:6"
2026-09-16T05:15:27.8298707+00:00,3319392456,0.000000,0,1.000000,0.000000,0.000000,0.340000,SURVIVAL,SURVIVAL,NONE,H_t,reject_survival,phase=none;hMul=1.000;gMul=1.000;qMul=1.000;qAdd=0.000;rpiOff=0.000,3212,15572,"RacePacingRejected, RACE action=reject_survival:15099;RacePacingRejected, RACE action=reject_pacing:467;ReplacementNotAllowed:6"
2026-09-16T05:15:28.3305616+00:00,3319474272,0.000000,0,1.000000,0.000000,0.000000,0.340000,SURVIVAL,SURVIVAL,NONE,H_t,reject_survival,phase=none;hMul=1.000;gMul=1.000;qMul=1.000;qAdd=0.000;rpiOff=0.000,3212,15572,"RacePacingRejected, RACE action=reject_survival:15099;RacePacingRejected, RACE action=reject_pacing:467;ReplacementNotAllowed:6"
2026-09-16T05:15:28.8307666+00:00,3319482496,0.000000,0,1.000000,0.000000,0.000000,0.340000,SURVIVAL,SURVIVAL,NONE,H_t,reject_survival,phase=none;hMul=1.000;gMul=1.000;qMul=1.000;qAdd=0.000;rpiOff=0.000,3212,15572,"RacePacingRejected, RACE action=reject_survival:15099;RacePacingRejected, RACE action=reject_pacing:467;ReplacementNotAllowed:6"
2026-09-16T05:15:29.3305208+00:00,3320007808,0.000000,0,1.000000,0.000000,0.000000,0.340000,SURVIVAL,SURVIVAL,NONE,H_t,reject_survival,phase=none;hMul=1.000;gMul=1.000;qMul=1.000;qAdd=0.000;rpiOff=0.000,3212,15572,"RacePacingRejected, RACE action=reject_survival:15099;RacePacingRejected, RACE action=reject_pacing:467;ReplacementNotAllowed:6"
2026-09-16T05:15:29.8307580+00:00,3320016032,0.000000,0,1.000000,0.000000,0.000000,0.340000,SURVIVAL,SURVIVAL,NONE,H_t,reject_survival,phase=none;hMul=1.000;gMul=1.000;qMul=1.000;qAdd=0.000;rpiOff=0.000,3212,15572,"RacePacingRejected, RACE action=reject_survival:15099;RacePacingRejected, RACE action=reject_pacing:467;ReplacementNotAllowed:6"
2026-09-16T05:15:30.3305954+00:00,3320098208,0.000000,0,1.000000,0.000000,0.000000,0.340000,SURVIVAL,SURVIVAL,NONE,H_t,reject_survival,phase=none;hMul=1.000;gMul=1.000;qMul=1.000;qAdd=0.000;rpiOff=0.000,3212,15572,"RacePacingRejected, RACE action=reject_survival:15099;RacePacingRejected, RACE action=reject_pacing:467;ReplacementNotAllowed:6"
2026-09-16T05:15:30.8298466+00:00,3320106432,0.000000,0,1.000000,0.000000,0.000000,0.340000,SURVIVAL,SURVIVAL,NONE,H_t,reject_survival,phase=none;hMul=1.000;gMul=1.000;qMul=1.000;qAdd=0.000;rpiOff=0.000,3212,15572,"RacePacingRejected, RACE action=reject_survival:15099;RacePacingRejected, RACE action=reject_pacing:467;ReplacementNotAllowed:6"
2026-09-16T05:15:31.3300853+00:00,3320147296,0.000000,0,1.000000,0.000000,0.000000,0.340000,SURVIVAL,SURVIVAL,NONE,H_t,reject_survival,phase=none;hMul=1.000;gMul=1.000;qMul=1.000;qAdd=0.000;rpiOff=0.000,3212,15572,"RacePacingRejected, RACE action=reject_survival:15099;RacePacingRejected, RACE action=reject_pacing:467;ReplacementNotAllowed:6"
2026-09-16T05:15:31.8299340+00:00,3320163680,0.000000,0,1.000000,0.000000,0.000000,0.340000,SURVIVAL,SURVIVAL,NONE,H_t,reject_survival,phase=none;hMul=1.000;gMul=1.000;qMul=1.000;qAdd=0.000;rpiOff=0.000,3212,15572,"RacePacingRejected, RACE action=reject_survival:15099;RacePacingRejected, RACE action=reject_pacing:467;ReplacementNotAllowed:6"
2026-09-16T05:15:32.3298846+00:00,3320244240,0.000000,0,1.000000,0.000000,0.000000,0.340000,SURVIVAL,SURVIVAL,NONE,H_t,reject_survival,phase=none;hMul=1.000;gMul=1.000;qMul=1.000;qAdd=0.000;rpiOff=0.000,3212,15572,"RacePacingRejected, RACE action=reject_survival:15099;RacePacingRejected, RACE action=reject_pacing:467;ReplacementNotAllowed:6"
2026-09-16T05:15:32.8304835+00:00,3320244240,0.000000,0,1.000000,0.000000,0.000000,0.340000,SURVIVAL,SURVIVAL,NONE,H_t,reject_survival,phase=none;hMul=1.000;gMul=1.000;qMul=1.000;qAdd=0.000;rpiOff=0.000,3212,15572,"RacePacingRejected, RACE action=reject_survival:15099;RacePacingRejected, RACE action=reject_pacing:467;ReplacementNotAllowed:6"
2026-09-16T05:15:33.3304288+00:00,3320334408,0.000000,0,1.000000,0.000000,0.000000,0.340000,SURVIVAL,SURVIVAL,NONE,H_t,reject_survival,phase=none;hMul=1.000;gMul=1.000;qMul=1.000;qAdd=0.000;rpiOff=0.000,3212,15572,"RacePacingRejected, RACE action=reject_survival:15099;RacePacingRejected, RACE action=reject_pacing:467;ReplacementNotAllowed:6"
2026-09-16T05:15:33.8306596+00:00,3320342632,0.000000,0,1.000000,0.000000,0.000000,0.340000,SURVIVAL,SURVIVAL,NONE,H_t,reject_survival,phase=none;hMul=1.000;gMul=1.000;qMul=1.000;qAdd=0.000;rpiOff=0.000,3212,15572,"RacePacingRejected, RACE action=reject_survival:15099;RacePacingRejected, RACE action=reject_pacing:467;ReplacementNotAllowed:6"
2026-09-16T05:15:34.3302847+00:00,3320395584,0.000000,0,1.000000,0.000000,0.000000,0.340000,SURVIVAL,SURVIVAL,NONE,H_t,reject_survival,phase=none;hMul=1.000;gMul=1.000;qMul=1.000;qAdd=0.000;rpiOff=0.000,3212,15572,"RacePacingRejected, RACE action=reject_survival:15099;RacePacingRejected, RACE action=reject_pacing:467;ReplacementNotAllowed:6"
2026-09-16T05:15:34.8304951+00:00,3320395584,0.000000,0,1.000000,0.000000,0.000000,0.340000,SURVIVAL,SURVIVAL,NONE,H_t,reject_survival,phase=none;hMul=1.000;gMul=1.000;qMul=1.000;qAdd=0.000;rpiOff=0.000,3212,15572,"RacePacingRejected, RACE action=reject_survival:15099;RacePacingRejected, RACE action=reject_pacing:467;ReplacementNotAllowed:6"
2026-09-16T05:15:35.3300832+00:00,3320485792,0.000000,0,1.000000,0.000000,0.000000,0.340000,SURVIVAL,SURVIVAL,NONE,H_t,reject_survival,phase=none;hMul=1.000;gMul=1.000;qMul=1.000;qAdd=0.000;rpiOff=0.000,3212,15572,"RacePacingRejected, RACE action=reject_survival:15099;RacePacingRejected, RACE action=reject_pacing:467;ReplacementNotAllowed:6"
2026-09-16T05:15:35.8302690+00:00,3320485792,0.000000,0,1.000000,0.000000,0.000000,0.340000,SURVIVAL,SURVIVAL,NONE,H_t,reject_survival,phase=none;hMul=1.000;gMul=1.000;qMul=1.000;qAdd=0.000;rpiOff=0.000,3212,15572,"RacePacingRejected, RACE action=reject_survival:15099;RacePacingRejected, RACE action=reject_pacing:467;ReplacementNotAllowed:6"
2026-09-16T05:15:36.3303009+00:00,3320534880,0.000000,0,1.000000,0.000000,0.000000,0.340000,SURVIVAL,SURVIVAL,NONE,H_t,reject_survival,phase=none;hMul=1.000;gMul=1.000;qMul=1.000;qAdd=0.000;rpiOff=0.000,3212,15572,"RacePacingRejected, RACE action=reject_survival:15099;RacePacingRejected, RACE action=reject_pacing:467;ReplacementNotAllowed:6"
2026-09-16T05:15:36.8304874+00:00,3320543072,0.000000,0,1.000000,0.000000,0.000000,0.340000,SURVIVAL,SURVIVAL,NONE,H_t,reject_survival,phase=none;hMul=1.000;gMul=1.000;qMul=1.000;qAdd=0.000;rpiOff=0.000,3212,15572,"RacePacingRejected, RACE action=reject_survival:15099;RacePacingRejected, RACE action=reject_pacing:467;ReplacementNotAllowed:6"
2026-09-16T05:15:37.3297930+00:00,3320616800,0.000000,0,1.000000,0.000000,0.000000,0.340000,SURVIVAL,SURVIVAL,NONE,H_t,reject_survival,phase=none;hMul=1.000;gMul=1.000;qMul=1.000;qAdd=0.000;rpiOff=0.000,3212,15572,"RacePacingRejected, RACE action=reject_survival:15099;RacePacingRejected, RACE action=reject_pacing:467;ReplacementNotAllowed:6"
2026-09-16T05:15:37.8301253+00:00,3320625024,0.000000,0,1.000000,0.000000,0.000000,0.340000,SURVIVAL,SURVIVAL,NONE,H_t,reject_survival,phase=none;hMul=1.000;gMul=1.000;qMul=1.000;qAdd=0.000;rpiOff=0.000,3212,15572,"RacePacingRejected, RACE action=reject_survival:15099;RacePacingRejected, RACE action=reject_pacing:467;ReplacementNotAllowed:6"
2026-09-16T05:15:38.3302565+00:00,3320666144,0.000000,0,1.000000,0.000000,0.000000,0.340000,SURVIVAL,SURVIVAL,NONE,H_t,reject_survival,phase=none;hMul=1.000;gMul=1.000;qMul=1.000;qAdd=0.000;rpiOff=0.000,3212,15572,"RacePacingRejected, RACE action=reject_survival:15099;RacePacingRejected, RACE action=reject_pacing:467;ReplacementNotAllowed:6"
2026-09-16T05:15:38.8304376+00:00,3320666144,0.000000,0,1.000000,0.000000,0.000000,0.340000,SURVIVAL,SURVIVAL,NONE,H_t,reject_survival,phase=none;hMul=1.000;gMul=1.000;qMul=1.000;qAdd=0.000;rpiOff=0.000,3212,15572,"RacePacingRejected, RACE action=reject_survival:15099;RacePacingRejected, RACE action=reject_pacing:467;ReplacementNotAllowed:6"
2026-09-16T05:15:39.3301074+00:00,3320748048,0.000000,0,1.000000,0.000000,0.000000,0.340000,SURVIVAL,SURVIVAL,NONE,H_t,reject_survival,phase=none;hMul=1.000;gMul=1.000;qMul=1.000;qAdd=0.000;rpiOff=0.000,3212,15572,"RacePacingRejected, RACE action=reject_survival:15099;RacePacingRejected, RACE action=reject_pacing:467;ReplacementNotAllowed:6"
2026-09-16T05:15:39.8303224+00:00,3320748048,0.000000,0,1.000000,0.000000,0.000000,0.340000,SURVIVAL,SURVIVAL,NONE,H_t,reject_survival,phase=none;hMul=1.000;gMul=1.000;qMul=1.000;qAdd=0.000;rpiOff=0.000,3212,15572,"RacePacingRejected, RACE action=reject_survival:15099;RacePacingRejected, RACE action=reject_pacing:467;ReplacementNotAllowed:6"
2026-09-16T05:15:40.3300856+00:00,3320812904,0.000000,0,1.000000,0.000000,0.000000,0.340000,SURVIVAL,SURVIVAL,NONE,H_t,reject_survival,phase=none;hMul=1.000;gMul=1.000;qMul=1.000;qAdd=0.000;rpiOff=0.000,3212,15572,"RacePacingRejected, RACE action=reject_survival:15099;RacePacingRejected, RACE action=reject_pacing:467;ReplacementNotAllowed:6"
2026-09-16T05:15:40.8302812+00:00,3320812904,0.000000,0,1.000000,0.000000,0.000000,0.340000,SURVIVAL,SURVIVAL,NONE,H_t,reject_survival,phase=none;hMul=1.000;gMul=1.000;qMul=1.000;qAdd=0.000;rpiOff=0.000,3212,15572,"RacePacingRejected, RACE action=reject_survival:15099;RacePacingRejected, RACE action=reject_pacing:467;ReplacementNotAllowed:6"
2026-09-16T05:15:41.3300132+00:00,3320895144,0.000000,0,1.000000,0.000000,0.000000,0.340000,SURVIVAL,SURVIVAL,NONE,H_t,reject_survival,phase=none;hMul=1.000;gMul=1.000;qMul=1.000;qAdd=0.000;rpiOff=0.000,3212,15572,"RacePacingRejected, RACE action=reject_survival:15099;RacePacingRejected, RACE action=reject_pacing:467;ReplacementNotAllowed:6"
2026-09-16T05:15:41.8299794+00:00,3320895144,0.000000,0,1.000000,0.000000,0.000000,0.340000,SURVIVAL,SURVIVAL,NONE,H_t,reject_survival,phase=none;hMul=1.000;gMul=1.000;qMul=1.000;qAdd=0.000;rpiOff=0.000,3212,15572,"RacePacingRejected, RACE action=reject_survival:15099;RacePacingRejected, RACE action=reject_pacing:467;ReplacementNotAllowed:6"
2026-09-16T05:15:42.3307566+00:00,3320952712,0.000000,0,1.000000,0.000000,0.000000,0.340000,SURVIVAL,SURVIVAL,NONE,H_t,reject_survival,phase=none;hMul=1.000;gMul=1.000;qMul=1.000;qAdd=0.000;rpiOff=0.000,3212,15572,"RacePacingRejected, RACE action=reject_survival:15099;RacePacingRejected, RACE action=reject_pacing:467;ReplacementNotAllowed:6"
2026-09-16T05:15:42.8303632+00:00,3320952712,0.000000,0,1.000000,0.000000,0.000000,0.340000,SURVIVAL,SURVIVAL,NONE,H_t,reject_survival,phase=none;hMul=1.000;gMul=1.000;qMul=1.000;qAdd=0.000;rpiOff=0.000,3212,15572,"RacePacingRejected, RACE action=reject_survival:15099;RacePacingRejected, RACE action=reject_pacing:467;ReplacementNotAllowed:6"
2026-09-16T05:15:43.3300576+00:00,3321034440,0.000000,0,1.000000,0.000000,0.000000,0.340000,SURVIVAL,SURVIVAL,NONE,H_t,reject_survival,phase=none;hMul=1.000;gMul=1.000;qMul=1.000;qAdd=0.000;rpiOff=0.000,3212,15572,"RacePacingRejected, RACE action=reject_survival:15099;RacePacingRejected, RACE action=reject_pacing:467;ReplacementNotAllowed:6"
2026-09-16T05:15:43.8304250+00:00,3321034440,0.000000,0,1.000000,0.000000,0.000000,0.340000,SURVIVAL,SURVIVAL,NONE,H_t,reject_survival,phase=none;hMul=1.000;gMul=1.000;qMul=1.000;qAdd=0.000;rpiOff=0.000,3212,15572,"RacePacingRejected, RACE action=reject_survival:15099;RacePacingRejected, RACE action=reject_pacing:467;ReplacementNotAllowed:6"
2026-09-16T05:15:44.3299635+00:00,3321083272,0.000000,0,1.000000,0.000000,0.000000,0.340000,SURVIVAL,SURVIVAL,NONE,H_t,reject_survival,phase=none;hMul=1.000;gMul=1.000;qMul=1.000;qAdd=0.000;rpiOff=0.000,3212,15572,"RacePacingRejected, RACE action=reject_survival:15099;RacePacingRejected, RACE action=reject_pacing:467;ReplacementNotAllowed:6"
2026-09-16T05:15:44.8301677+00:00,3321091496,0.000000,0,1.000000,0.000000,0.000000,0.340000,SURVIVAL,SURVIVAL,NONE,H_t,reject_survival,phase=none;hMul=1.000;gMul=1.000;qMul=1.000;qAdd=0.000;rpiOff=0.000,3212,15572,"RacePacingRejected, RACE action=reject_survival:15099;RacePacingRejected, RACE action=reject_pacing:467;ReplacementNotAllowed:6"
2026-09-16T05:15:45.3298716+00:00,3321181176,0.000000,0,1.000000,0.000000,0.000000,0.340000,SURVIVAL,SURVIVAL,NONE,H_t,reject_survival,phase=none;hMul=1.000;gMul=1.000;qMul=1.000;qAdd=0.000;rpiOff=0.000,3212,15572,"RacePacingRejected, RACE action=reject_survival:15099;RacePacingRejected, RACE action=reject_pacing:467;ReplacementNotAllowed:6"
2026-09-16T05:15:45.8300740+00:00,3321181176,0.000000,0,1.000000,0.000000,0.000000,0.340000,SURVIVAL,SURVIVAL,NONE,H_t,reject_survival,phase=none;hMul=1.000;gMul=1.000;qMul=1.000;qAdd=0.000;rpiOff=0.000,3212,15572,"RacePacingRejected, RACE action=reject_survival:15099;RacePacingRejected, RACE action=reject_pacing:467;ReplacementNotAllowed:6"
2026-09-16T05:15:46.3306355+00:00,3321271384,0.000000,0,1.000000,0.000000,0.000000,0.340000,SURVIVAL,SURVIVAL,NONE,H_t,reject_survival,phase=none;hMul=1.000;gMul=1.000;qMul=1.000;qAdd=0.000;rpiOff=0.000,3212,15572,"RacePacingRejected, RACE action=reject_survival:15099;RacePacingRejected, RACE action=reject_pacing:467;ReplacementNotAllowed:6"
2026-09-16T05:15:46.8298953+00:00,3321271384,0.000000,0,1.000000,0.000000,0.000000,0.340000,SURVIVAL,SURVIVAL,NONE,H_t,reject_survival,phase=none;hMul=1.000;gMul=1.000;qMul=1.000;qAdd=0.000;rpiOff=0.000,3212,15572,"RacePacingRejected, RACE action=reject_survival:15099;RacePacingRejected, RACE action=reject_pacing:467;ReplacementNotAllowed:6"
2026-09-16T05:15:47.3307656+00:00,3321328584,0.000000,0,1.000000,0.000000,0.000000,0.340000,SURVIVAL,SURVIVAL,NONE,H_t,reject_survival,phase=none;hMul=1.000;gMul=1.000;qMul=1.000;qAdd=0.000;rpiOff=0.000,3212,15572,"RacePacingRejected, RACE action=reject_survival:15099;RacePacingRejected, RACE action=reject_pacing:467;ReplacementNotAllowed:6"
2026-09-16T05:15:47.8300943+00:00,3321336808,0.000000,0,1.000000,0.000000,0.000000,0.340000,SURVIVAL,SURVIVAL,NONE,H_t,reject_survival,phase=none;hMul=1.000;gMul=1.000;qMul=1.000;qAdd=0.000;rpiOff=0.000,3212,15572,"RacePacingRejected, RACE action=reject_survival:15099;RacePacingRejected, RACE action=reject_pacing:467;ReplacementNotAllowed:6"
2026-09-16T05:15:48.3299194+00:00,3321410824,0.000000,0,1.000000,0.000000,0.000000,0.340000,SURVIVAL,SURVIVAL,NONE,H_t,reject_survival,phase=none;hMul=1.000;gMul=1.000;qMul=1.000;qAdd=0.000;rpiOff=0.000,3212,15572,"RacePacingRejected, RACE action=reject_survival:15099;RacePacingRejected, RACE action=reject_pacing:467;ReplacementNotAllowed:6"
2026-09-16T05:15:48.8301355+00:00,3321410824,0.000000,0,1.000000,0.000000,0.000000,0.340000,SURVIVAL,SURVIVAL,NONE,H_t,reject_survival,phase=none;hMul=1.000;gMul=1.000;qMul=1.000;qAdd=0.000;rpiOff=0.000,3212,15572,"RacePacingRejected, RACE action=reject_survival:15099;RacePacingRejected, RACE action=reject_pacing:467;ReplacementNotAllowed:6"
2026-09-16T05:15:49.3302211+00:00,3321467880,0.000000,0,1.000000,0.000000,0.000000,0.340000,SURVIVAL,SURVIVAL,NONE,H_t,reject_survival,phase=none;hMul=1.000;gMul=1.000;qMul=1.000;qAdd=0.000;rpiOff=0.000,3212,15572,"RacePacingRejected, RACE action=reject_survival:15099;RacePacingRejected, RACE action=reject_pacing:467;ReplacementNotAllowed:6"
2026-09-16T05:15:49.8304377+00:00,3321476104,0.000000,0,1.000000,0.000000,0.000000,0.340000,SURVIVAL,SURVIVAL,NONE,H_t,reject_survival,phase=none;hMul=1.000;gMul=1.000;qMul=1.000;qAdd=0.000;rpiOff=0.000,3212,15572,"RacePacingRejected, RACE action=reject_survival:15099;RacePacingRejected, RACE action=reject_pacing:467;ReplacementNotAllowed:6"
2026-09-16T05:15:50.3299739+00:00,3321558088,0.000000,0,1.000000,0.000000,0.000000,0.340000,SURVIVAL,SURVIVAL,NONE,H_t,reject_survival,phase=none;hMul=1.000;gMul=1.000;qMul=1.000;qAdd=0.000;rpiOff=0.000,3212,15572,"RacePacingRejected, RACE action=reject_survival:15099;RacePacingRejected, RACE action=reject_pacing:467;ReplacementNotAllowed:6"
2026-09-16T05:15:50.8301704+00:00,3321558088,0.000000,0,1.000000,0.000000,0.000000,0.340000,SURVIVAL,SURVIVAL,NONE,H_t,reject_survival,phase=none;hMul=1.000;gMul=1.000;qMul=1.000;qAdd=0.000;rpiOff=0.000,3212,15572,"RacePacingRejected, RACE action=reject_survival:15099;RacePacingRejected, RACE action=reject_pacing:467;ReplacementNotAllowed:6"
2026-09-16T05:15:51.3305395+00:00,3321607432,0.000000,0,1.000000,0.000000,0.000000,0.340000,SURVIVAL,SURVIVAL,NONE,H_t,reject_survival,phase=none;hMul=1.000;gMul=1.000;qMul=1.000;qAdd=0.000;rpiOff=0.000,3212,15572,"RacePacingRejected, RACE action=reject_survival:15099;RacePacingRejected, RACE action=reject_pacing:467;ReplacementNotAllowed:6"
2026-09-16T05:15:51.8302972+00:00,3321615656,0.000000,0,1.000000,0.000000,0.000000,0.340000,SURVIVAL,SURVIVAL,NONE,H_t,reject_survival,phase=none;hMul=1.000;gMul=1.000;qMul=1.000;qAdd=0.000;rpiOff=0.000,3212,15572,"RacePacingRejected, RACE action=reject_survival:15099;RacePacingRejected, RACE action=reject_pacing:467;ReplacementNotAllowed:6"
2026-09-16T05:15:52.3301440+00:00,3321689160,0.000000,0,1.000000,0.000000,0.000000,0.340000,SURVIVAL,SURVIVAL,NONE,H_t,reject_survival,phase=none;hMul=1.000;gMul=1.000;qMul=1.000;qAdd=0.000;rpiOff=0.000,3212,15572,"RacePacingRejected, RACE action=reject_survival:15099;RacePacingRejected, RACE action=reject_pacing:467;ReplacementNotAllowed:6"
2026-09-16T05:15:52.8308031+00:00,3321689160,0.000000,0,1.000000,0.000000,0.000000,0.340000,SURVIVAL,SURVIVAL,NONE,H_t,reject_survival,phase=none;hMul=1.000;gMul=1.000;qMul=1.000;qAdd=0.000;rpiOff=0.000,3212,15572,"RacePacingRejected, RACE action=reject_survival:15099;RacePacingRejected, RACE action=reject_pacing:467;ReplacementNotAllowed:6"
2026-09-16T05:15:53.3304402+00:00,3321795800,0.000000,0,1.000000,0.000000,0.000000,0.340000,SURVIVAL,SURVIVAL,NONE,H_t,reject_survival,phase=none;hMul=1.000;gMul=1.000;qMul=1.000;qAdd=0.000;rpiOff=0.000,3212,15572,"RacePacingRejected, RACE action=reject_survival:15099;RacePacingRejected, RACE action=reject_pacing:467;ReplacementNotAllowed:6"
2026-09-16T05:15:53.8307028+00:00,3321795800,0.000000,0,1.000000,0.000000,0.000000,0.340000,SURVIVAL,SURVIVAL,NONE,H_t,reject_survival,phase=none;hMul=1.000;gMul=1.000;qMul=1.000;qAdd=0.000;rpiOff=0.000,3212,15572,"RacePacingRejected, RACE action=reject_survival:15099;RacePacingRejected, RACE action=reject_pacing:467;ReplacementNotAllowed:6"
2026-09-16T05:15:54.3306357+00:00,3322285336,0.000000,0,1.000000,0.000000,0.000000,0.340000,SURVIVAL,SURVIVAL,NONE,H_t,reject_survival,phase=none;hMul=1.000;gMul=1.000;qMul=1.000;qAdd=0.000;rpiOff=0.000,3212,15572,"RacePacingRejected, RACE action=reject_survival:15099;RacePacingRejected, RACE action=reject_pacing:467;ReplacementNotAllowed:6"
2026-09-16T05:15:54.8298256+00:00,3322293560,0.000000,0,1.000000,0.000000,0.000000,0.340000,SURVIVAL,SURVIVAL,NONE,H_t,reject_survival,phase=none;hMul=1.000;gMul=1.000;qMul=1.000;qAdd=0.000;rpiOff=0.000,3212,15572,"RacePacingRejected, RACE action=reject_survival:15099;RacePacingRejected, RACE action=reject_pacing:467;ReplacementNotAllowed:6"
2026-09-16T05:15:55.3307510+00:00,3322367064,0.000000,0,1.000000,0.000000,0.000000,0.340000,SURVIVAL,SURVIVAL,NONE,H_t,reject_survival,phase=none;hMul=1.000;gMul=1.000;qMul=1.000;qAdd=0.000;rpiOff=0.000,3212,15572,"RacePacingRejected, RACE action=reject_survival:15099;RacePacingRejected, RACE action=reject_pacing:467;ReplacementNotAllowed:6"
2026-09-16T05:15:55.8299304+00:00,3322375032,0.000000,0,1.000000,0.000000,0.000000,0.340000,SURVIVAL,SURVIVAL,NONE,H_t,reject_survival,phase=none;hMul=1.000;gMul=1.000;qMul=1.000;qAdd=0.000;rpiOff=0.000,3212,15572,"RacePacingRejected, RACE action=reject_survival:15099;RacePacingRejected, RACE action=reject_pacing:467;ReplacementNotAllowed:6"
2026-09-16T05:15:56.3303997+00:00,3322432616,0.000000,0,1.000000,0.000000,0.000000,0.340000,SURVIVAL,SURVIVAL,NONE,H_t,reject_survival,phase=none;hMul=1.000;gMul=1.000;qMul=1.000;qAdd=0.000;rpiOff=0.000,3212,15572,"RacePacingRejected, RACE action=reject_survival:15099;RacePacingRejected, RACE action=reject_pacing:467;ReplacementNotAllowed:6"
2026-09-16T05:15:56.8305916+00:00,3322432616,0.000000,0,1.000000,0.000000,0.000000,0.340000,SURVIVAL,SURVIVAL,NONE,H_t,reject_survival,phase=none;hMul=1.000;gMul=1.000;qMul=1.000;qAdd=0.000;rpiOff=0.000,3212,15572,"RacePacingRejected, RACE action=reject_survival:15099;RacePacingRejected, RACE action=reject_pacing:467;ReplacementNotAllowed:6"
2026-09-16T05:15:57.3302394+00:00,3322514312,0.000000,0,1.000000,0.000000,0.000000,0.340000,SURVIVAL,SURVIVAL,NONE,H_t,reject_survival,phase=none;hMul=1.000;gMul=1.000;qMul=1.000;qAdd=0.000;rpiOff=0.000,3212,15572,"RacePacingRejected, RACE action=reject_survival:15099;RacePacingRejected, RACE action=reject_pacing:467;ReplacementNotAllowed:6"
2026-09-16T05:15:57.8298074+00:00,3322514312,0.000000,0,1.000000,0.000000,0.000000,0.340000,SURVIVAL,SURVIVAL,NONE,H_t,reject_survival,phase=none;hMul=1.000;gMul=1.000;qMul=1.000;qAdd=0.000;rpiOff=0.000,3212,15572,"RacePacingRejected, RACE action=reject_survival:15099;RacePacingRejected, RACE action=reject_pacing:467;ReplacementNotAllowed:6"
2026-09-16T05:15:58.3305199+00:00,3322563656,0.000000,0,1.000000,0.000000,0.000000,0.340000,SURVIVAL,SURVIVAL,NONE,H_t,reject_survival,phase=none;hMul=1.000;gMul=1.000;qMul=1.000;qAdd=0.000;rpiOff=0.000,3212,15572,"RacePacingRejected, RACE action=reject_survival:15099;RacePacingRejected, RACE action=reject_pacing:467;ReplacementNotAllowed:6"
2026-09-16T05:15:58.8298895+00:00,3322563656,0.000000,0,1.000000,0.000000,0.000000,0.340000,SURVIVAL,SURVIVAL,NONE,H_t,reject_survival,phase=none;hMul=1.000;gMul=1.000;qMul=1.000;qAdd=0.000;rpiOff=0.000,3212,15572,"RacePacingRejected, RACE action=reject_survival:15099;RacePacingRejected, RACE action=reject_pacing:467;ReplacementNotAllowed:6"
2026-09-16T05:15:59.3300274+00:00,3322645640,0.000000,0,1.000000,0.000000,0.000000,0.340000,SURVIVAL,SURVIVAL,NONE,H_t,reject_survival,phase=none;hMul=1.000;gMul=1.000;qMul=1.000;qAdd=0.000;rpiOff=0.000,3212,15572,"RacePacingRejected, RACE action=reject_survival:15099;RacePacingRejected, RACE action=reject_pacing:467;ReplacementNotAllowed:6"
2026-09-16T05:15:59.8302328+00:00,3322645640,0.000000,0,1.000000,0.000000,0.000000,0.340000,SURVIVAL,SURVIVAL,NONE,H_t,reject_survival,phase=none;hMul=1.000;gMul=1.000;qMul=1.000;qAdd=0.000;rpiOff=0.000,3212,15572,"RacePacingRejected, RACE action=reject_survival:15099;RacePacingRejected, RACE action=reject_pacing:467;ReplacementNotAllowed:6"
2026-09-16T05:16:00.3299040+00:00,3322694728,0.000000,0,1.000000,0.000000,0.000000,0.340000,SURVIVAL,SURVIVAL,NONE,H_t,reject_survival,phase=none;hMul=1.000;gMul=1.000;qMul=1.000;qAdd=0.000;rpiOff=0.000,3212,15572,"RacePacingRejected, RACE action=reject_survival:15099;RacePacingRejected, RACE action=reject_pacing:467;ReplacementNotAllowed:6"
2026-09-16T05:16:00.8301689+00:00,3322702952,0.000000,0,1.000000,0.000000,0.000000,0.340000,SURVIVAL,SURVIVAL,NONE,H_t,reject_survival,phase=none;hMul=1.000;gMul=1.000;qMul=1.000;qAdd=0.000;rpiOff=0.000,3212,15572,"RacePacingRejected, RACE action=reject_survival:15099;RacePacingRejected, RACE action=reject_pacing:467;ReplacementNotAllowed:6"
2026-09-16T05:16:01.3299446+00:00,3323210824,0.000000,0,1.000000,0.000000,0.000000,0.340000,SURVIVAL,SURVIVAL,NONE,H_t,reject_survival,phase=none;hMul=1.000;gMul=1.000;qMul=1.000;qAdd=0.000;rpiOff=0.000,3212,15572,"RacePacingRejected, RACE action=reject_survival:15099;RacePacingRejected, RACE action=reject_pacing:467;ReplacementNotAllowed:6"
2026-09-16T05:16:01.8298817+00:00,3323210824,0.000000,0,1.000000,0.000000,0.000000,0.340000,SURVIVAL,SURVIVAL,NONE,H_t,reject_survival,phase=none;hMul=1.000;gMul=1.000;qMul=1.000;qAdd=0.000;rpiOff=0.000,3212,15572,"RacePacingRejected, RACE action=reject_survival:15099;RacePacingRejected, RACE action=reject_pacing:467;ReplacementNotAllowed:6"
2026-09-16T05:16:02.3300992+00:00,3323268136,0.000000,0,1.000000,0.000000,0.000000,0.340000,SURVIVAL,SURVIVAL,NONE,H_t,reject_survival,phase=none;hMul=1.000;gMul=1.000;qMul=1.000;qAdd=0.000;rpiOff=0.000,3212,15572,"RacePacingRejected, RACE action=reject_survival:15099;RacePacingRejected, RACE action=reject_pacing:467;ReplacementNotAllowed:6"
2026-09-16T05:16:02.8299408+00:00,3323268136,0.000000,0,1.000000,0.000000,0.000000,0.340000,SURVIVAL,SURVIVAL,NONE,H_t,reject_survival,phase=none;hMul=1.000;gMul=1.000;qMul=1.000;qAdd=0.000;rpiOff=0.000,3212,15572,"RacePacingRejected, RACE action=reject_survival:15099;RacePacingRejected, RACE action=reject_pacing:467;ReplacementNotAllowed:6"
2026-09-16T05:16:03.3303580+00:00,3323341848,0.000000,0,1.000000,0.000000,0.000000,0.340000,SURVIVAL,SURVIVAL,NONE,H_t,reject_survival,phase=none;hMul=1.000;gMul=1.000;qMul=1.000;qAdd=0.000;rpiOff=0.000,3212,15572,"RacePacingRejected, RACE action=reject_survival:15099;RacePacingRejected, RACE action=reject_pacing:467;ReplacementNotAllowed:6"
2026-09-16T05:16:03.8305845+00:00,3323341848,0.000000,0,1.000000,0.000000,0.000000,0.340000,SURVIVAL,SURVIVAL,NONE,H_t,reject_survival,phase=none;hMul=1.000;gMul=1.000;qMul=1.000;qAdd=0.000;rpiOff=0.000,3212,15572,"RacePacingRejected, RACE action=reject_survival:15099;RacePacingRejected, RACE action=reject_pacing:467;ReplacementNotAllowed:6"
2026-09-16T05:16:04.3300893+00:00,3323415608,0.000000,0,1.000000,0.000000,0.000000,0.340000,SURVIVAL,SURVIVAL,NONE,H_t,reject_survival,phase=none;hMul=1.000;gMul=1.000;qMul=1.000;qAdd=0.000;rpiOff=0.000,3212,15572,"RacePacingRejected, RACE action=reject_survival:15099;RacePacingRejected, RACE action=reject_pacing:467;ReplacementNotAllowed:6"
2026-09-16T05:16:04.8302631+00:00,3323423832,0.000000,0,1.000000,0.000000,0.000000,0.340000,SURVIVAL,SURVIVAL,NONE,H_t,reject_survival,phase=none;hMul=1.000;gMul=1.000;qMul=1.000;qAdd=0.000;rpiOff=0.000,3212,15572,"RacePacingRejected, RACE action=reject_survival:15099;RacePacingRejected, RACE action=reject_pacing:467;ReplacementNotAllowed:6"
2026-09-16T05:16:05.3305153+00:00,3323497848,0.000000,0,1.000000,0.000000,0.000000,0.340000,SURVIVAL,SURVIVAL,NONE,H_t,reject_survival,phase=none;hMul=1.000;gMul=1.000;qMul=1.000;qAdd=0.000;rpiOff=0.000,3212,15572,"RacePacingRejected, RACE action=reject_survival:15099;RacePacingRejected, RACE action=reject_pacing:467;ReplacementNotAllowed:6"
2026-09-16T05:16:05.8306914+00:00,3323506008,0.000000,0,1.000000,0.000000,0.000000,0.340000,SURVIVAL,SURVIVAL,NONE,H_t,reject_survival,phase=none;hMul=1.000;gMul=1.000;qMul=1.000;qAdd=0.000;rpiOff=0.000,3212,15572,"RacePacingRejected, RACE action=reject_survival:15099;RacePacingRejected, RACE action=reject_pacing:467;ReplacementNotAllowed:6"
2026-09-16T05:16:06.3301418+00:00,3323554840,0.000000,0,1.000000,0.000000,0.000000,0.340000,SURVIVAL,SURVIVAL,NONE,H_t,reject_survival,phase=none;hMul=1.000;gMul=1.000;qMul=1.000;qAdd=0.000;rpiOff=0.000,3212,15572,"RacePacingRejected, RACE action=reject_survival:15099;RacePacingRejected, RACE action=reject_pacing:467;ReplacementNotAllowed:6"
2026-09-16T05:16:06.8303425+00:00,3323554840,0.000000,0,1.000000,0.000000,0.000000,0.340000,SURVIVAL,SURVIVAL,NONE,H_t,reject_survival,phase=none;hMul=1.000;gMul=1.000;qMul=1.000;qAdd=0.000;rpiOff=0.000,3212,15572,"RacePacingRejected, RACE action=reject_survival:15099;RacePacingRejected, RACE action=reject_pacing:467;ReplacementNotAllowed:6"
2026-09-16T05:16:07.3303575+00:00,3323636824,0.000000,0,1.000000,0.000000,0.000000,0.340000,SURVIVAL,SURVIVAL,NONE,H_t,reject_survival,phase=none;hMul=1.000;gMul=1.000;qMul=1.000;qAdd=0.000;rpiOff=0.000,3212,15572,"RacePacingRejected, RACE action=reject_survival:15099;RacePacingRejected, RACE action=reject_pacing:467;ReplacementNotAllowed:6"
2026-09-16T05:16:07.8306214+00:00,3323644792,0.000000,0,1.000000,0.000000,0.000000,0.340000,SURVIVAL,SURVIVAL,NONE,H_t,reject_survival,phase=none;hMul=1.000;gMul=1.000;qMul=1.000;qAdd=0.000;rpiOff=0.000,3212,15572,"RacePacingRejected, RACE action=reject_survival:15099;RacePacingRejected, RACE action=reject_pacing:467;ReplacementNotAllowed:6"
2026-09-16T05:16:08.3307262+00:00,3323702104,0.000000,0,1.000000,0.000000,0.000000,0.340000,SURVIVAL,SURVIVAL,NONE,H_t,reject_survival,phase=none;hMul=1.000;gMul=1.000;qMul=1.000;qAdd=0.000;rpiOff=0.000,3212,15572,"RacePacingRejected, RACE action=reject_survival:15099;RacePacingRejected, RACE action=reject_pacing:467;ReplacementNotAllowed:6"
2026-09-16T05:16:08.8299416+00:00,3323710328,0.000000,0,1.000000,0.000000,0.000000,0.340000,SURVIVAL,SURVIVAL,NONE,H_t,reject_survival,phase=none;hMul=1.000;gMul=1.000;qMul=1.000;qAdd=0.000;rpiOff=0.000,3212,15572,"RacePacingRejected, RACE action=reject_survival:15099;RacePacingRejected, RACE action=reject_pacing:467;ReplacementNotAllowed:6"
2026-09-16T05:16:09.3307494+00:00,3323776120,0.000000,0,1.000000,0.000000,0.000000,0.340000,SURVIVAL,SURVIVAL,NONE,H_t,reject_survival,phase=none;hMul=1.000;gMul=1.000;qMul=1.000;qAdd=0.000;rpiOff=0.000,3212,15572,"RacePacingRejected, RACE action=reject_survival:15099;RacePacingRejected, RACE action=reject_pacing:467;ReplacementNotAllowed:6"
2026-09-16T05:16:09.8299922+00:00,3323784344,0.000000,0,1.000000,0.000000,0.000000,0.340000,SURVIVAL,SURVIVAL,NONE,H_t,reject_survival,phase=none;hMul=1.000;gMul=1.000;qMul=1.000;qAdd=0.000;rpiOff=0.000,3212,15572,"RacePacingRejected, RACE action=reject_survival:15099;RacePacingRejected, RACE action=reject_pacing:467;ReplacementNotAllowed:6"
2026-09-16T05:16:10.3300835+00:00,3323833368,0.000000,0,1.000000,0.000000,0.000000,0.340000,SURVIVAL,SURVIVAL,NONE,H_t,reject_survival,phase=none;hMul=1.000;gMul=1.000;qMul=1.000;qAdd=0.000;rpiOff=0.000,3212,15572,"RacePacingRejected, RACE action=reject_survival:15099;RacePacingRejected, RACE action=reject_pacing:467;ReplacementNotAllowed:6"
2026-09-16T05:16:10.8302938+00:00,3323833368,0.000000,0,1.000000,0.000000,0.000000,0.340000,SURVIVAL,SURVIVAL,NONE,H_t,reject_survival,phase=none;hMul=1.000;gMul=1.000;qMul=1.000;qAdd=0.000;rpiOff=0.000,3212,15572,"RacePacingRejected, RACE action=reject_survival:15099;RacePacingRejected, RACE action=reject_pacing:467;ReplacementNotAllowed:6"
2026-09-16T05:16:11.3299242+00:00,3323906872,0.000000,0,1.000000,0.000000,0.000000,0.340000,SURVIVAL,SURVIVAL,NONE,H_t,reject_survival,phase=none;hMul=1.000;gMul=1.000;qMul=1.000;qAdd=0.000;rpiOff=0.000,3212,15572,"RacePacingRejected, RACE action=reject_survival:15099;RacePacingRejected, RACE action=reject_pacing:467;ReplacementNotAllowed:6"
2026-09-16T05:16:11.8298725+00:00,3323906872,0.000000,0,1.000000,0.000000,0.000000,0.340000,SURVIVAL,SURVIVAL,NONE,H_t,reject_survival,phase=none;hMul=1.000;gMul=1.000;qMul=1.000;qAdd=0.000;rpiOff=0.000,3212,15572,"RacePacingRejected, RACE action=reject_survival:15099;RacePacingRejected, RACE action=reject_pacing:467;ReplacementNotAllowed:6"
2026-09-16T05:16:12.3300757+00:00,3323956216,0.000000,0,1.000000,0.000000,0.000000,0.340000,SURVIVAL,SURVIVAL,NONE,H_t,reject_survival,phase=none;hMul=1.000;gMul=1.000;qMul=1.000;qAdd=0.000;rpiOff=0.000,3212,15572,"RacePacingRejected, RACE action=reject_survival:15099;RacePacingRejected, RACE action=reject_pacing:467;ReplacementNotAllowed:6"
2026-09-16T05:16:12.8306179+00:00,3323956216,0.000000,0,1.000000,0.000000,0.000000,0.340000,SURVIVAL,SURVIVAL,NONE,H_t,reject_survival,phase=none;hMul=1.000;gMul=1.000;qMul=1.000;qAdd=0.000;rpiOff=0.000,3212,15572,"RacePacingRejected, RACE action=reject_survival:15099;RacePacingRejected, RACE action=reject_pacing:467;ReplacementNotAllowed:6"
2026-09-16T05:16:13.3299047+00:00,3324111960,0.000000,0,1.000000,0.000000,0.000000,0.340000,SURVIVAL,SURVIVAL,NONE,H_t,reject_survival,phase=none;hMul=1.000;gMul=1.000;qMul=1.000;qAdd=0.000;rpiOff=0.000,3212,15572,"RacePacingRejected, RACE action=reject_survival:15099;RacePacingRejected, RACE action=reject_pacing:467;ReplacementNotAllowed:6"
2026-09-16T05:16:13.8300783+00:00,3324120184,0.000000,0,1.000000,0.000000,0.000000,0.340000,SURVIVAL,SURVIVAL,NONE,H_t,reject_survival,phase=none;hMul=1.000;gMul=1.000;qMul=1.000;qAdd=0.000;rpiOff=0.000,3212,15572,"RacePacingRejected, RACE action=reject_survival:15099;RacePacingRejected, RACE action=reject_pacing:467;ReplacementNotAllowed:6"
2026-09-16T05:16:14.3305231+00:00,3324189840,0.000000,0,1.000000,0.000000,0.000000,0.340000,SURVIVAL,SURVIVAL,NONE,H_t,reject_survival,phase=none;hMul=1.000;gMul=1.000;qMul=1.000;qAdd=0.000;rpiOff=0.000,3212,15572,"RacePacingRejected, RACE action=reject_survival:15099;RacePacingRejected, RACE action=reject_pacing:467;ReplacementNotAllowed:6"
2026-09-16T05:16:14.8306974+00:00,3324189840,0.000000,0,1.000000,0.000000,0.000000,0.340000,SURVIVAL,SURVIVAL,NONE,H_t,reject_survival,phase=none;hMul=1.000;gMul=1.000;qMul=1.000;qAdd=0.000;rpiOff=0.000,3212,15572,"RacePacingRejected, RACE action=reject_survival:15099;RacePacingRejected, RACE action=reject_pacing:467;ReplacementNotAllowed:6"
2026-09-16T05:16:15.3305972+00:00,3324263344,0.000000,0,1.000000,0.000000,0.000000,0.340000,SURVIVAL,SURVIVAL,NONE,H_t,reject_survival,phase=none;hMul=1.000;gMul=1.000;qMul=1.000;qAdd=0.000;rpiOff=0.000,3212,15572,"RacePacingRejected, RACE action=reject_survival:15099;RacePacingRejected, RACE action=reject_pacing:467;ReplacementNotAllowed:6"
2026-09-16T05:16:15.8307703+00:00,3324271568,0.000000,0,1.000000,0.000000,0.000000,0.340000,SURVIVAL,SURVIVAL,NONE,H_t,reject_survival,phase=none;hMul=1.000;gMul=1.000;qMul=1.000;qAdd=0.000;rpiOff=0.000,3212,15572,"RacePacingRejected, RACE action=reject_survival:15099;RacePacingRejected, RACE action=reject_pacing:467;ReplacementNotAllowed:6"
2026-09-16T05:16:16.3303638+00:00,3324370232,0.000000,0,1.000000,0.000000,0.000000,0.340000,SURVIVAL,SURVIVAL,NONE,H_t,reject_survival,phase=none;hMul=1.000;gMul=1.000;qMul=1.000;qAdd=0.000;rpiOff=0.000,3212,15572,"RacePacingRejected, RACE action=reject_survival:15099;RacePacingRejected, RACE action=reject_pacing:467;ReplacementNotAllowed:6"
2026-09-16T05:16:16.8305403+00:00,3324378456,0.000000,0,1.000000,0.000000,0.000000,0.340000,SURVIVAL,SURVIVAL,NONE,H_t,reject_survival,phase=none;hMul=1.000;gMul=1.000;qMul=1.000;qAdd=0.000;rpiOff=0.000,3212,15572,"RacePacingRejected, RACE action=reject_survival:15099;RacePacingRejected, RACE action=reject_pacing:467;ReplacementNotAllowed:6"
2026-09-16T05:16:17.3299460+00:00,3324865648,0.000000,0,1.000000,0.000000,0.000000,0.340000,SURVIVAL,SURVIVAL,NONE,H_t,reject_survival,phase=none;hMul=1.000;gMul=1.000;qMul=1.000;qAdd=0.000;rpiOff=0.000,3212,15572,"RacePacingRejected, RACE action=reject_survival:15099;RacePacingRejected, RACE action=reject_pacing:467;ReplacementNotAllowed:6"
2026-09-16T05:16:17.8302163+00:00,3324865648,0.000000,0,1.000000,0.000000,0.000000,0.340000,SURVIVAL,SURVIVAL,NONE,H_t,reject_survival,phase=none;hMul=1.000;gMul=1.000;qMul=1.000;qAdd=0.000;rpiOff=0.000,3212,15572,"RacePacingRejected, RACE action=reject_survival:15099;RacePacingRejected, RACE action=reject_pacing:467;ReplacementNotAllowed:6"
2026-09-16T05:16:18.3300324+00:00,3324939664,0.000000,0,1.000000,0.000000,0.000000,0.340000,SURVIVAL,SURVIVAL,NONE,H_t,reject_survival,phase=none;hMul=1.000;gMul=1.000;qMul=1.000;qAdd=0.000;rpiOff=0.000,3212,15572,"RacePacingRejected, RACE action=reject_survival:15099;RacePacingRejected, RACE action=reject_pacing:467;ReplacementNotAllowed:6"
2026-09-16T05:16:18.8302063+00:00,3324947888,0.000000,0,1.000000,0.000000,0.000000,0.340000,SURVIVAL,SURVIVAL,NONE,H_t,reject_survival,phase=none;hMul=1.000;gMul=1.000;qMul=1.000;qAdd=0.000;rpiOff=0.000,3212,15572,"RacePacingRejected, RACE action=reject_survival:15099;RacePacingRejected, RACE action=reject_pacing:467;ReplacementNotAllowed:6"
2026-09-16T05:16:19.3305232+00:00,3325045896,0.000000,0,1.000000,0.000000,0.000000,0.340000,SURVIVAL,SURVIVAL,NONE,H_t,reject_survival,phase=none;hMul=1.000;gMul=1.000;qMul=1.000;qAdd=0.000;rpiOff=0.000,3212,15572,"RacePacingRejected, RACE action=reject_survival:15099;RacePacingRejected, RACE action=reject_pacing:467;ReplacementNotAllowed:6"
2026-09-16T05:16:19.8307650+00:00,3325045896,0.000000,0,1.000000,0.000000,0.000000,0.340000,SURVIVAL,SURVIVAL,NONE,H_t,reject_survival,phase=none;hMul=1.000;gMul=1.000;qMul=1.000;qAdd=0.000;rpiOff=0.000,3212,15572,"RacePacingRejected, RACE action=reject_survival:15099;RacePacingRejected, RACE action=reject_pacing:467;ReplacementNotAllowed:6"
2026-09-16T05:16:20.3300677+00:00,3325177032,0.000000,0,1.000000,0.000000,0.000000,0.340000,SURVIVAL,SURVIVAL,NONE,H_t,reject_survival,phase=none;hMul=1.000;gMul=1.000;qMul=1.000;qAdd=0.000;rpiOff=0.000,3212,15572,"RacePacingRejected, RACE action=reject_survival:15099;RacePacingRejected, RACE action=reject_pacing:467;ReplacementNotAllowed:6"
2026-09-16T05:16:20.8303199+00:00,3325177032,0.000000,0,1.000000,0.000000,0.000000,0.340000,SURVIVAL,SURVIVAL,NONE,H_t,reject_survival,phase=none;hMul=1.000;gMul=1.000;qMul=1.000;qAdd=0.000;rpiOff=0.000,3212,15572,"RacePacingRejected, RACE action=reject_survival:15099;RacePacingRejected, RACE action=reject_pacing:467;ReplacementNotAllowed:6"
2026-09-16T05:16:21.3299498+00:00,3325275720,0.000000,0,1.000000,0.000000,0.000000,0.340000,SURVIVAL,SURVIVAL,NONE,H_t,reject_survival,phase=none;hMul=1.000;gMul=1.000;qMul=1.000;qAdd=0.000;rpiOff=0.000,3212,15572,"RacePacingRejected, RACE action=reject_survival:15099;RacePacingRejected, RACE action=reject_pacing:467;ReplacementNotAllowed:6"
2026-09-16T05:16:21.8303704+00:00,3325283944,0.000000,0,1.000000,0.000000,0.000000,0.340000,SURVIVAL,SURVIVAL,NONE,H_t,reject_survival,phase=none;hMul=1.000;gMul=1.000;qMul=1.000;qAdd=0.000;rpiOff=0.000,3212,15572,"RacePacingRejected, RACE action=reject_survival:15099;RacePacingRejected, RACE action=reject_pacing:467;ReplacementNotAllowed:6"
2026-09-16T05:16:22.3299579+00:00,3325373320,0.000000,0,1.000000,0.000000,0.000000,0.340000,SURVIVAL,SURVIVAL,NONE,H_t,reject_survival,phase=none;hMul=1.000;gMul=1.000;qMul=1.000;qAdd=0.000;rpiOff=0.000,3212,15572,"RacePacingRejected, RACE action=reject_survival:15099;RacePacingRejected, RACE action=reject_pacing:467;ReplacementNotAllowed:6"
2026-09-16T05:16:22.8305688+00:00,3325373320,0.000000,0,1.000000,0.000000,0.000000,0.340000,SURVIVAL,SURVIVAL,NONE,H_t,reject_survival,phase=none;hMul=1.000;gMul=1.000;qMul=1.000;qAdd=0.000;rpiOff=0.000,3212,15572,"RacePacingRejected, RACE action=reject_survival:15099;RacePacingRejected, RACE action=reject_pacing:467;ReplacementNotAllowed:6"
2026-09-16T05:16:23.3301209+00:00,3325430904,0.000000,0,1.000000,0.000000,0.000000,0.340000,SURVIVAL,SURVIVAL,NONE,H_t,reject_survival,phase=none;hMul=1.000;gMul=1.000;qMul=1.000;qAdd=0.000;rpiOff=0.000,3212,15572,"RacePacingRejected, RACE action=reject_survival:15099;RacePacingRejected, RACE action=reject_pacing:467;ReplacementNotAllowed:6"
2026-09-16T05:16:23.8303031+00:00,3325439128,0.000000,0,1.000000,0.000000,0.000000,0.340000,SURVIVAL,SURVIVAL,NONE,H_t,reject_survival,phase=none;hMul=1.000;gMul=1.000;qMul=1.000;qAdd=0.000;rpiOff=0.000,3212,15572,"RacePacingRejected, RACE action=reject_survival:15099;RacePacingRejected, RACE action=reject_pacing:467;ReplacementNotAllowed:6"
2026-09-16T05:16:24.3304430+00:00,3325520576,0.000000,0,1.000000,0.000000,0.000000,0.340000,SURVIVAL,SURVIVAL,NONE,H_t,reject_survival,phase=none;hMul=1.000;gMul=1.000;qMul=1.000;qAdd=0.000;rpiOff=0.000,3212,15572,"RacePacingRejected, RACE action=reject_survival:15099;RacePacingRejected, RACE action=reject_pacing:467;ReplacementNotAllowed:6"
2026-09-16T05:16:24.8306167+00:00,3325520576,0.000000,0,1.000000,0.000000,0.000000,0.340000,SURVIVAL,SURVIVAL,NONE,H_t,reject_survival,phase=none;hMul=1.000;gMul=1.000;qMul=1.000;qAdd=0.000;rpiOff=0.000,3212,15572,"RacePacingRejected, RACE action=reject_survival:15099;RacePacingRejected, RACE action=reject_pacing:467;ReplacementNotAllowed:6"
2026-09-16T05:16:25.3300190+00:00,3325943408,0.000000,0,1.000000,0.000000,0.000000,0.340000,SURVIVAL,SURVIVAL,NONE,H_t,reject_survival,phase=none;hMul=1.000;gMul=1.000;qMul=1.000;qAdd=0.000;rpiOff=0.000,3212,15572,"RacePacingRejected, RACE action=reject_survival:15099;RacePacingRejected, RACE action=reject_pacing:467;ReplacementNotAllowed:6"
2026-09-16T05:16:25.8301917+00:00,3325943408,0.000000,0,1.000000,0.000000,0.000000,0.340000,SURVIVAL,SURVIVAL,NONE,H_t,reject_survival,phase=none;hMul=1.000;gMul=1.000;qMul=1.000;qAdd=0.000;rpiOff=0.000,3212,15572,"RacePacingRejected, RACE action=reject_survival:15099;RacePacingRejected, RACE action=reject_pacing:467;ReplacementNotAllowed:6"
2026-09-16T05:16:26.3305329+00:00,3326025648,0.000000,0,1.000000,0.000000,0.000000,0.340000,SURVIVAL,SURVIVAL,NONE,H_t,reject_survival,phase=none;hMul=1.000;gMul=1.000;qMul=1.000;qAdd=0.000;rpiOff=0.000,3212,15572,"RacePacingRejected, RACE action=reject_survival:15099;RacePacingRejected, RACE action=reject_pacing:467;ReplacementNotAllowed:6"
2026-09-16T05:16:26.8298082+00:00,3326025648,0.000000,0,1.000000,0.000000,0.000000,0.340000,SURVIVAL,SURVIVAL,NONE,H_t,reject_survival,phase=none;hMul=1.000;gMul=1.000;qMul=1.000;qAdd=0.000;rpiOff=0.000,3212,15572,"RacePacingRejected, RACE action=reject_survival:15099;RacePacingRejected, RACE action=reject_pacing:467;ReplacementNotAllowed:6"
2026-09-16T05:16:27.3301410+00:00,3326520224,0.000000,0,1.000000,0.000000,0.000000,0.340000,SURVIVAL,SURVIVAL,NONE,H_t,reject_survival,phase=none;hMul=1.000;gMul=1.000;qMul=1.000;qAdd=0.000;rpiOff=0.000,3212,15572,"RacePacingRejected, RACE action=reject_survival:15099;RacePacingRejected, RACE action=reject_pacing:467;ReplacementNotAllowed:6"
2026-09-16T05:16:27.8305975+00:00,3326520224,0.000000,0,1.000000,0.000000,0.000000,0.340000,SURVIVAL,SURVIVAL,NONE,H_t,reject_survival,phase=none;hMul=1.000;gMul=1.000;qMul=1.000;qAdd=0.000;rpiOff=0.000,3212,15572,"RacePacingRejected, RACE action=reject_survival:15099;RacePacingRejected, RACE action=reject_pacing:467;ReplacementNotAllowed:6"
2026-09-16T05:16:28.3299210+00:00,3326610176,0.000000,0,1.000000,0.000000,0.000000,0.340000,SURVIVAL,SURVIVAL,NONE,H_t,reject_survival,phase=none;hMul=1.000;gMul=1.000;qMul=1.000;qAdd=0.000;rpiOff=0.000,3212,15572,"RacePacingRejected, RACE action=reject_survival:15099;RacePacingRejected, RACE action=reject_pacing:467;ReplacementNotAllowed:6"
2026-09-16T05:16:28.8301130+00:00,3326610176,0.000000,0,1.000000,0.000000,0.000000,0.340000,SURVIVAL,SURVIVAL,NONE,H_t,reject_survival,phase=none;hMul=1.000;gMul=1.000;qMul=1.000;qAdd=0.000;rpiOff=0.000,3212,15572,"RacePacingRejected, RACE action=reject_survival:15099;RacePacingRejected, RACE action=reject_pacing:467;ReplacementNotAllowed:6"
2026-09-16T05:16:29.3304629+00:00,3326684192,0.000000,0,1.000000,0.000000,0.000000,0.340000,SURVIVAL,SURVIVAL,NONE,H_t,reject_survival,phase=none;hMul=1.000;gMul=1.000;qMul=1.000;qAdd=0.000;rpiOff=0.000,3212,15572,"RacePacingRejected, RACE action=reject_survival:15099;RacePacingRejected, RACE action=reject_pacing:467;ReplacementNotAllowed:6"
2026-09-16T05:16:29.8306486+00:00,3326684192,0.000000,0,1.000000,0.000000,0.000000,0.340000,SURVIVAL,SURVIVAL,NONE,H_t,reject_survival,phase=none;hMul=1.000;gMul=1.000;qMul=1.000;qAdd=0.000;rpiOff=0.000,3212,15572,"RacePacingRejected, RACE action=reject_survival:15099;RacePacingRejected, RACE action=reject_pacing:467;ReplacementNotAllowed:6"
2026-09-16T05:16:30.3302518+00:00,3326741448,0.000000,0,1.000000,0.000000,0.000000,0.340000,SURVIVAL,SURVIVAL,NONE,H_t,reject_survival,phase=none;hMul=1.000;gMul=1.000;qMul=1.000;qAdd=0.000;rpiOff=0.000,3212,15572,"RacePacingRejected, RACE action=reject_survival:15099;RacePacingRejected, RACE action=reject_pacing:467;ReplacementNotAllowed:6"
2026-09-16T05:16:30.8307261+00:00,3326741448,0.000000,0,1.000000,0.000000,0.000000,0.340000,SURVIVAL,SURVIVAL,NONE,H_t,reject_survival,phase=none;hMul=1.000;gMul=1.000;qMul=1.000;qAdd=0.000;rpiOff=0.000,3212,15572,"RacePacingRejected, RACE action=reject_survival:15099;RacePacingRejected, RACE action=reject_pacing:467;ReplacementNotAllowed:6"
2026-09-16T05:16:31.3307223+00:00,3326815168,0.000000,0,1.000000,0.000000,0.000000,0.340000,SURVIVAL,SURVIVAL,NONE,H_t,reject_survival,phase=none;hMul=1.000;gMul=1.000;qMul=1.000;qAdd=0.000;rpiOff=0.000,3212,15572,"RacePacingRejected, RACE action=reject_survival:15099;RacePacingRejected, RACE action=reject_pacing:467;ReplacementNotAllowed:6"
2026-09-16T05:16:31.8304351+00:00,3326823392,0.000000,0,1.000000,0.000000,0.000000,0.340000,SURVIVAL,SURVIVAL,NONE,H_t,reject_survival,phase=none;hMul=1.000;gMul=1.000;qMul=1.000;qAdd=0.000;rpiOff=0.000,3212,15572,"RacePacingRejected, RACE action=reject_survival:15099;RacePacingRejected, RACE action=reject_pacing:467;ReplacementNotAllowed:6"
2026-09-16T05:16:32.3307673+00:00,3326888928,0.000000,0,1.000000,0.000000,0.000000,0.340000,SURVIVAL,SURVIVAL,NONE,H_t,reject_survival,phase=none;hMul=1.000;gMul=1.000;qMul=1.000;qAdd=0.000;rpiOff=0.000,3212,15572,"RacePacingRejected, RACE action=reject_survival:15099;RacePacingRejected, RACE action=reject_pacing:467;ReplacementNotAllowed:6"
2026-09-16T05:16:32.8302679+00:00,3326888928,0.000000,0,1.000000,0.000000,0.000000,0.340000,SURVIVAL,SURVIVAL,NONE,H_t,reject_survival,phase=none;hMul=1.000;gMul=1.000;qMul=1.000;qAdd=0.000;rpiOff=0.000,3212,15572,"RacePacingRejected, RACE action=reject_survival:15099;RacePacingRejected, RACE action=reject_pacing:467;ReplacementNotAllowed:6"
2026-09-16T05:16:33.3305476+00:00,3326962432,0.000000,0,1.000000,0.000000,0.000000,0.340000,SURVIVAL,SURVIVAL,NONE,H_t,reject_survival,phase=none;hMul=1.000;gMul=1.000;qMul=1.000;qAdd=0.000;rpiOff=0.000,3212,15572,"RacePacingRejected, RACE action=reject_survival:15099;RacePacingRejected, RACE action=reject_pacing:467;ReplacementNotAllowed:6"
2026-09-16T05:16:33.8307236+00:00,3326970656,0.000000,0,1.000000,0.000000,0.000000,0.340000,SURVIVAL,SURVIVAL,NONE,H_t,reject_survival,phase=none;hMul=1.000;gMul=1.000;qMul=1.000;qAdd=0.000;rpiOff=0.000,3212,15572,"RacePacingRejected, RACE action=reject_survival:15099;RacePacingRejected, RACE action=reject_pacing:467;ReplacementNotAllowed:6"
2026-09-16T05:16:34.3304968+00:00,3327023864,0.000000,0,1.000000,0.000000,0.000000,0.340000,SURVIVAL,SURVIVAL,NONE,H_t,reject_survival,phase=none;hMul=1.000;gMul=1.000;qMul=1.000;qAdd=0.000;rpiOff=0.000,3212,15572,"RacePacingRejected, RACE action=reject_survival:15099;RacePacingRejected, RACE action=reject_pacing:467;ReplacementNotAllowed:6"
2026-09-16T05:16:34.8298472+00:00,3327032088,0.000000,0,1.000000,0.000000,0.000000,0.340000,SURVIVAL,SURVIVAL,NONE,H_t,reject_survival,phase=none;hMul=1.000;gMul=1.000;qMul=1.000;qAdd=0.000;rpiOff=0.000,3212,15572,"RacePacingRejected, RACE action=reject_survival:15099;RacePacingRejected, RACE action=reject_pacing:467;ReplacementNotAllowed:6"
2026-09-16T05:16:35.3299846+00:00,3327114072,0.000000,0,1.000000,0.000000,0.000000,0.340000,SURVIVAL,SURVIVAL,NONE,H_t,reject_survival,phase=none;hMul=1.000;gMul=1.000;qMul=1.000;qAdd=0.000;rpiOff=0.000,3212,15572,"RacePacingRejected, RACE action=reject_survival:15099;RacePacingRejected, RACE action=reject_pacing:467;ReplacementNotAllowed:6"
2026-09-16T05:16:35.8301621+00:00,3327114072,0.000000,0,1.000000,0.000000,0.000000,0.340000,SURVIVAL,SURVIVAL,NONE,H_t,reject_survival,phase=none;hMul=1.000;gMul=1.000;qMul=1.000;qAdd=0.000;rpiOff=0.000,3212,15572,"RacePacingRejected, RACE action=reject_survival:15099;RacePacingRejected, RACE action=reject_pacing:467;ReplacementNotAllowed:6"
2026-09-16T05:16:36.3306893+00:00,3327171128,0.000000,0,1.000000,0.000000,0.000000,0.340000,SURVIVAL,SURVIVAL,NONE,H_t,reject_survival,phase=none;hMul=1.000;gMul=1.000;qMul=1.000;qAdd=0.000;rpiOff=0.000,3212,15572,"RacePacingRejected, RACE action=reject_survival:15099;RacePacingRejected, RACE action=reject_pacing:467;ReplacementNotAllowed:6"
2026-09-16T05:16:36.8298598+00:00,3327171128,0.000000,0,1.000000,0.000000,0.000000,0.340000,SURVIVAL,SURVIVAL,NONE,H_t,reject_survival,phase=none;hMul=1.000;gMul=1.000;qMul=1.000;qAdd=0.000;rpiOff=0.000,3212,15572,"RacePacingRejected, RACE action=reject_survival:15099;RacePacingRejected, RACE action=reject_pacing:467;ReplacementNotAllowed:6"
2026-09-16T05:16:37.3306999+00:00,3327236664,0.000000,0,1.000000,0.000000,0.000000,0.340000,SURVIVAL,SURVIVAL,NONE,H_t,reject_survival,phase=none;hMul=1.000;gMul=1.000;qMul=1.000;qAdd=0.000;rpiOff=0.000,3212,15572,"RacePacingRejected, RACE action=reject_survival:15099;RacePacingRejected, RACE action=reject_pacing:467;ReplacementNotAllowed:6"
2026-09-16T05:16:37.8300581+00:00,3327244888,0.000000,0,1.000000,0.000000,0.000000,0.340000,SURVIVAL,SURVIVAL,NONE,H_t,reject_survival,phase=none;hMul=1.000;gMul=1.000;qMul=1.000;qAdd=0.000;rpiOff=0.000,3212,15572,"RacePacingRejected, RACE action=reject_survival:15099;RacePacingRejected, RACE action=reject_pacing:467;ReplacementNotAllowed:6"
2026-09-16T05:16:38.3303278+00:00,3327309680,0.000000,0,1.000000,0.000000,0.000000,0.340000,SURVIVAL,SURVIVAL,NONE,H_t,reject_survival,phase=none;hMul=1.000;gMul=1.000;qMul=1.000;qAdd=0.000;rpiOff=0.000,3212,15572,"RacePacingRejected, RACE action=reject_survival:15099;RacePacingRejected, RACE action=reject_pacing:467;ReplacementNotAllowed:6"
2026-09-16T05:16:38.8307267+00:00,3327309680,0.000000,0,1.000000,0.000000,0.000000,0.340000,SURVIVAL,SURVIVAL,NONE,H_t,reject_survival,phase=none;hMul=1.000;gMul=1.000;qMul=1.000;qAdd=0.000;rpiOff=0.000,3212,15572,"RacePacingRejected, RACE action=reject_survival:15099;RacePacingRejected, RACE action=reject_pacing:467;ReplacementNotAllowed:6"
2026-09-16T05:16:39.3303322+00:00,3327391376,0.000000,0,1.000000,0.000000,0.000000,0.340000,SURVIVAL,SURVIVAL,NONE,H_t,reject_survival,phase=none;hMul=1.000;gMul=1.000;qMul=1.000;qAdd=0.000;rpiOff=0.000,3212,15572,"RacePacingRejected, RACE action=reject_survival:15099;RacePacingRejected, RACE action=reject_pacing:467;ReplacementNotAllowed:6"
2026-09-16T05:16:39.8305579+00:00,3327399536,0.000000,0,1.000000,0.000000,0.000000,0.340000,SURVIVAL,SURVIVAL,NONE,H_t,reject_survival,phase=none;hMul=1.000;gMul=1.000;qMul=1.000;qAdd=0.000;rpiOff=0.000,3212,15572,"RacePacingRejected, RACE action=reject_survival:15099;RacePacingRejected, RACE action=reject_pacing:467;ReplacementNotAllowed:6"
2026-09-16T05:16:40.3301187+00:00,3327456848,0.000000,0,1.000000,0.000000,0.000000,0.340000,SURVIVAL,SURVIVAL,NONE,H_t,reject_survival,phase=none;hMul=1.000;gMul=1.000;qMul=1.000;qAdd=0.000;rpiOff=0.000,3212,15572,"RacePacingRejected, RACE action=reject_survival:15099;RacePacingRejected, RACE action=reject_pacing:467;ReplacementNotAllowed:6"
2026-09-16T05:16:40.8303432+00:00,3327465072,0.000000,0,1.000000,0.000000,0.000000,0.340000,SURVIVAL,SURVIVAL,NONE,H_t,reject_survival,phase=none;hMul=1.000;gMul=1.000;qMul=1.000;qAdd=0.000;rpiOff=0.000,3212,15572,"RacePacingRejected, RACE action=reject_survival:15099;RacePacingRejected, RACE action=reject_pacing:467;ReplacementNotAllowed:6"
2026-09-16T05:16:41.3306905+00:00,3327538832,0.000000,0,1.000000,0.000000,0.000000,0.340000,SURVIVAL,SURVIVAL,NONE,H_t,reject_survival,phase=none;hMul=1.000;gMul=1.000;qMul=1.000;qAdd=0.000;rpiOff=0.000,3212,15572,"RacePacingRejected, RACE action=reject_survival:15099;RacePacingRejected, RACE action=reject_pacing:467;ReplacementNotAllowed:6"
2026-09-16T05:16:41.8302553+00:00,3327538832,0.000000,0,1.000000,0.000000,0.000000,0.340000,SURVIVAL,SURVIVAL,NONE,H_t,reject_survival,phase=none;hMul=1.000;gMul=1.000;qMul=1.000;qAdd=0.000;rpiOff=0.000,3212,15572,"RacePacingRejected, RACE action=reject_survival:15099;RacePacingRejected, RACE action=reject_pacing:467;ReplacementNotAllowed:6"
2026-09-16T05:16:42.3305892+00:00,3327620816,0.000000,0,1.000000,0.000000,0.000000,0.340000,SURVIVAL,SURVIVAL,NONE,H_t,reject_survival,phase=none;hMul=1.000;gMul=1.000;qMul=1.000;qAdd=0.000;rpiOff=0.000,3212,15572,"RacePacingRejected, RACE action=reject_survival:15099;RacePacingRejected, RACE action=reject_pacing:467;ReplacementNotAllowed:6"
2026-09-16T05:16:42.8301923+00:00,3327629040,0.000000,0,1.000000,0.000000,0.000000,0.340000,SURVIVAL,SURVIVAL,NONE,H_t,reject_survival,phase=none;hMul=1.000;gMul=1.000;qMul=1.000;qAdd=0.000;rpiOff=0.000,3212,15572,"RacePacingRejected, RACE action=reject_survival:15099;RacePacingRejected, RACE action=reject_pacing:467;ReplacementNotAllowed:6"
2026-09-16T05:16:43.3298247+00:00,3327678128,0.000000,0,1.000000,0.000000,0.000000,0.340000,SURVIVAL,SURVIVAL,NONE,H_t,reject_survival,phase=none;hMul=1.000;gMul=1.000;qMul=1.000;qAdd=0.000;rpiOff=0.000,3212,15572,"RacePacingRejected, RACE action=reject_survival:15099;RacePacingRejected, RACE action=reject_pacing:467;ReplacementNotAllowed:6"
2026-09-16T05:16:43.8300210+00:00,3327678128,0.000000,0,1.000000,0.000000,0.000000,0.340000,SURVIVAL,SURVIVAL,NONE,H_t,reject_survival,phase=none;hMul=1.000;gMul=1.000;qMul=1.000;qAdd=0.000;rpiOff=0.000,3212,15572,"RacePacingRejected, RACE action=reject_survival:15099;RacePacingRejected, RACE action=reject_pacing:467;ReplacementNotAllowed:6"
2026-09-16T05:16:44.3298229+00:00,3327743576,0.000000,0,1.000000,0.000000,0.000000,0.340000,SURVIVAL,SURVIVAL,NONE,H_t,reject_survival,phase=none;hMul=1.000;gMul=1.000;qMul=1.000;qAdd=0.000;rpiOff=0.000,3212,15572,"RacePacingRejected, RACE action=reject_survival:15099;RacePacingRejected, RACE action=reject_pacing:467;ReplacementNotAllowed:6"
2026-09-16T05:16:44.8301632+00:00,3327751800,0.000000,0,1.000000,0.000000,0.000000,0.340000,SURVIVAL,SURVIVAL,NONE,H_t,reject_survival,phase=none;hMul=1.000;gMul=1.000;qMul=1.000;qAdd=0.000;rpiOff=0.000,3212,15572,"RacePacingRejected, RACE action=reject_survival:15099;RacePacingRejected, RACE action=reject_pacing:467;ReplacementNotAllowed:6"
2026-09-16T05:16:45.3299707+00:00,3327809112,0.000000,0,1.000000,0.000000,0.000000,0.340000,SURVIVAL,SURVIVAL,NONE,H_t,reject_survival,phase=none;hMul=1.000;gMul=1.000;qMul=1.000;qAdd=0.000;rpiOff=0.000,3212,15572,"RacePacingRejected, RACE action=reject_survival:15099;RacePacingRejected, RACE action=reject_pacing:467;ReplacementNotAllowed:6"
2026-09-16T05:16:45.8301813+00:00,3327817336,0.000000,0,1.000000,0.000000,0.000000,0.340000,SURVIVAL,SURVIVAL,NONE,H_t,reject_survival,phase=none;hMul=1.000;gMul=1.000;qMul=1.000;qAdd=0.000;rpiOff=0.000,3212,15572,"RacePacingRejected, RACE action=reject_survival:15099;RacePacingRejected, RACE action=reject_pacing:467;ReplacementNotAllowed:6"
2026-09-16T05:16:46.3299599+00:00,3327890152,0.000000,0,1.000000,0.000000,0.000000,0.340000,SURVIVAL,SURVIVAL,NONE,H_t,reject_survival,phase=none;hMul=1.000;gMul=1.000;qMul=1.000;qAdd=0.000;rpiOff=0.000,3212,15572,"RacePacingRejected, RACE action=reject_survival:15099;RacePacingRejected, RACE action=reject_pacing:467;ReplacementNotAllowed:6"
2026-09-16T05:16:46.8301904+00:00,3327890152,0.000000,0,1.000000,0.000000,0.000000,0.340000,SURVIVAL,SURVIVAL,NONE,H_t,reject_survival,phase=none;hMul=1.000;gMul=1.000;qMul=1.000;qAdd=0.000;rpiOff=0.000,3212,15572,"RacePacingRejected, RACE action=reject_survival:15099;RacePacingRejected, RACE action=reject_pacing:467;ReplacementNotAllowed:6"
2026-09-16T05:16:47.3307166+00:00,3327963616,0.000000,0,1.000000,0.000000,0.000000,0.340000,SURVIVAL,SURVIVAL,NONE,H_t,reject_survival,phase=none;hMul=1.000;gMul=1.000;qMul=1.000;qAdd=0.000;rpiOff=0.000,3212,15572,"RacePacingRejected, RACE action=reject_survival:15099;RacePacingRejected, RACE action=reject_pacing:467;ReplacementNotAllowed:6"
2026-09-16T05:16:47.8300162+00:00,3327971840,0.000000,0,1.000000,0.000000,0.000000,0.340000,SURVIVAL,SURVIVAL,NONE,H_t,reject_survival,phase=none;hMul=1.000;gMul=1.000;qMul=1.000;qAdd=0.000;rpiOff=0.000,3212,15572,"RacePacingRejected, RACE action=reject_survival:15099;RacePacingRejected, RACE action=reject_pacing:467;ReplacementNotAllowed:6"
2026-09-16T05:16:48.3298896+00:00,3328021184,0.000000,0,1.000000,0.000000,0.000000,0.340000,SURVIVAL,SURVIVAL,NONE,H_t,reject_survival,phase=none;hMul=1.000;gMul=1.000;qMul=1.000;qAdd=0.000;rpiOff=0.000,3212,15572,"RacePacingRejected, RACE action=reject_survival:15099;RacePacingRejected, RACE action=reject_pacing:467;ReplacementNotAllowed:6"
2026-09-16T05:16:48.8300921+00:00,3328029408,0.000000,0,1.000000,0.000000,0.000000,0.340000,SURVIVAL,SURVIVAL,NONE,H_t,reject_survival,phase=none;hMul=1.000;gMul=1.000;qMul=1.000;qAdd=0.000;rpiOff=0.000,3212,15572,"RacePacingRejected, RACE action=reject_survival:15099;RacePacingRejected, RACE action=reject_pacing:467;ReplacementNotAllowed:6"
2026-09-16T05:16:49.3300036+00:00,3328103168,0.000000,0,1.000000,0.000000,0.000000,0.340000,SURVIVAL,SURVIVAL,NONE,H_t,reject_survival,phase=none;hMul=1.000;gMul=1.000;qMul=1.000;qAdd=0.000;rpiOff=0.000,3212,15572,"RacePacingRejected, RACE action=reject_survival:15099;RacePacingRejected, RACE action=reject_pacing:467;ReplacementNotAllowed:6"
2026-09-16T05:16:49.8302575+00:00,3328111392,0.000000,0,1.000000,0.000000,0.000000,0.340000,SURVIVAL,SURVIVAL,NONE,H_t,reject_survival,phase=none;hMul=1.000;gMul=1.000;qMul=1.000;qAdd=0.000;rpiOff=0.000,3212,15572,"RacePacingRejected, RACE action=reject_survival:15099;RacePacingRejected, RACE action=reject_pacing:467;ReplacementNotAllowed:6"
2026-09-16T05:16:50.3300412+00:00,3328160480,0.000000,0,1.000000,0.000000,0.000000,0.340000,SURVIVAL,SURVIVAL,NONE,H_t,reject_survival,phase=none;hMul=1.000;gMul=1.000;qMul=1.000;qAdd=0.000;rpiOff=0.000,3212,15572,"RacePacingRejected, RACE action=reject_survival:15099;RacePacingRejected, RACE action=reject_pacing:467;ReplacementNotAllowed:6"
2026-09-16T05:16:50.8302763+00:00,3328168704,0.000000,0,1.000000,0.000000,0.000000,0.340000,SURVIVAL,SURVIVAL,NONE,H_t,reject_survival,phase=none;hMul=1.000;gMul=1.000;qMul=1.000;qAdd=0.000;rpiOff=0.000,3212,15572,"RacePacingRejected, RACE action=reject_survival:15099;RacePacingRejected, RACE action=reject_pacing:467;ReplacementNotAllowed:6"
2026-09-16T05:16:51.3300113+00:00,3328677752,0.000000,0,1.000000,0.000000,0.000000,0.340000,SURVIVAL,SURVIVAL,NONE,H_t,reject_survival,phase=none;hMul=1.000;gMul=1.000;qMul=1.000;qAdd=0.000;rpiOff=0.000,3212,15572,"RacePacingRejected, RACE action=reject_survival:15099;RacePacingRejected, RACE action=reject_pacing:467;ReplacementNotAllowed:6"
2026-09-16T05:16:51.8304156+00:00,3328685976,0.000000,0,1.000000,0.000000,0.000000,0.340000,SURVIVAL,SURVIVAL,NONE,H_t,reject_survival,phase=none;hMul=1.000;gMul=1.000;qMul=1.000;qAdd=0.000;rpiOff=0.000,3212,15572,"RacePacingRejected, RACE action=reject_survival:15099;RacePacingRejected, RACE action=reject_pacing:467;ReplacementNotAllowed:6"
2026-09-16T05:16:52.3300348+00:00,3328759688,0.000000,0,1.000000,0.000000,0.000000,0.340000,SURVIVAL,SURVIVAL,NONE,H_t,reject_survival,phase=none;hMul=1.000;gMul=1.000;qMul=1.000;qAdd=0.000;rpiOff=0.000,3212,15572,"RacePacingRejected, RACE action=reject_survival:15099;RacePacingRejected, RACE action=reject_pacing:467;ReplacementNotAllowed:6"
2026-09-16T05:16:52.8305522+00:00,3328767912,0.000000,0,1.000000,0.000000,0.000000,0.340000,SURVIVAL,SURVIVAL,NONE,H_t,reject_survival,phase=none;hMul=1.000;gMul=1.000;qMul=1.000;qAdd=0.000;rpiOff=0.000,3212,15572,"RacePacingRejected, RACE action=reject_survival:15099;RacePacingRejected, RACE action=reject_pacing:467;ReplacementNotAllowed:6"
2026-09-16T05:16:53.3298149+00:00,3328857608,0.000000,0,1.000000,0.000000,0.000000,0.340000,SURVIVAL,SURVIVAL,NONE,H_t,reject_survival,phase=none;hMul=1.000;gMul=1.000;qMul=1.000;qAdd=0.000;rpiOff=0.000,3212,15572,"RacePacingRejected, RACE action=reject_survival:15099;RacePacingRejected, RACE action=reject_pacing:467;ReplacementNotAllowed:6"
2026-09-16T05:16:53.8299803+00:00,3328857608,0.000000,0,1.000000,0.000000,0.000000,0.340000,SURVIVAL,SURVIVAL,NONE,H_t,reject_survival,phase=none;hMul=1.000;gMul=1.000;qMul=1.000;qAdd=0.000;rpiOff=0.000,3212,15572,"RacePacingRejected, RACE action=reject_survival:15099;RacePacingRejected, RACE action=reject_pacing:467;ReplacementNotAllowed:6"
2026-09-16T05:16:54.3305162+00:00,3328906696,0.000000,0,1.000000,0.000000,0.000000,0.340000,SURVIVAL,SURVIVAL,NONE,H_t,reject_survival,phase=none;hMul=1.000;gMul=1.000;qMul=1.000;qAdd=0.000;rpiOff=0.000,3212,15572,"RacePacingRejected, RACE action=reject_survival:15099;RacePacingRejected, RACE action=reject_pacing:467;ReplacementNotAllowed:6"
2026-09-16T05:16:54.8307002+00:00,3328906696,0.000000,0,1.000000,0.000000,0.000000,0.340000,SURVIVAL,SURVIVAL,NONE,H_t,reject_survival,phase=none;hMul=1.000;gMul=1.000;qMul=1.000;qAdd=0.000;rpiOff=0.000,3212,15572,"RacePacingRejected, RACE action=reject_survival:15099;RacePacingRejected, RACE action=reject_pacing:467;ReplacementNotAllowed:6"
2026-09-16T05:16:55.3304310+00:00,3328980712,0.000000,0,1.000000,0.000000,0.000000,0.340000,SURVIVAL,SURVIVAL,NONE,H_t,reject_survival,phase=none;hMul=1.000;gMul=1.000;qMul=1.000;qAdd=0.000;rpiOff=0.000,3212,15572,"RacePacingRejected, RACE action=reject_survival:15099;RacePacingRejected, RACE action=reject_pacing:467;ReplacementNotAllowed:6"
2026-09-16T05:16:55.8307682+00:00,3328980712,0.000000,0,1.000000,0.000000,0.000000,0.340000,SURVIVAL,SURVIVAL,NONE,H_t,reject_survival,phase=none;hMul=1.000;gMul=1.000;qMul=1.000;qAdd=0.000;rpiOff=0.000,3212,15572,"RacePacingRejected, RACE action=reject_survival:15099;RacePacingRejected, RACE action=reject_pacing:467;ReplacementNotAllowed:6"
2026-09-16T05:16:56.3299481+00:00,3329030056,0.000000,0,1.000000,0.000000,0.000000,0.340000,SURVIVAL,SURVIVAL,NONE,H_t,reject_survival,phase=none;hMul=1.000;gMul=1.000;qMul=1.000;qAdd=0.000;rpiOff=0.000,3212,15572,"RacePacingRejected, RACE action=reject_survival:15099;RacePacingRejected, RACE action=reject_pacing:467;ReplacementNotAllowed:6"
2026-09-16T05:16:56.8302971+00:00,3329030056,0.000000,0,1.000000,0.000000,0.000000,0.340000,SURVIVAL,SURVIVAL,NONE,H_t,reject_survival,phase=none;hMul=1.000;gMul=1.000;qMul=1.000;qAdd=0.000;rpiOff=0.000,3212,15572,"RacePacingRejected, RACE action=reject_survival:15099;RacePacingRejected, RACE action=reject_pacing:467;ReplacementNotAllowed:6"
2026-09-16T05:16:57.3307523+00:00,3329111528,0.000000,0,1.000000,0.000000,0.000000,0.340000,SURVIVAL,SURVIVAL,NONE,H_t,reject_survival,phase=none;hMul=1.000;gMul=1.000;qMul=1.000;qAdd=0.000;rpiOff=0.000,3212,15572,"RacePacingRejected, RACE action=reject_survival:15099;RacePacingRejected, RACE action=reject_pacing:467;ReplacementNotAllowed:6"
2026-09-16T05:16:57.8300292+00:00,3329111528,0.000000,0,1.000000,0.000000,0.000000,0.340000,SURVIVAL,SURVIVAL,NONE,H_t,reject_survival,phase=none;hMul=1.000;gMul=1.000;qMul=1.000;qAdd=0.000;rpiOff=0.000,3212,15572,"RacePacingRejected, RACE action=reject_survival:15099;RacePacingRejected, RACE action=reject_pacing:467;ReplacementNotAllowed:6"
2026-09-16T05:16:58.3302379+00:00,3329169096,0.000000,0,1.000000,0.000000,0.000000,0.340000,SURVIVAL,SURVIVAL,NONE,H_t,reject_survival,phase=none;hMul=1.000;gMul=1.000;qMul=1.000;qAdd=0.000;rpiOff=0.000,3212,15572,"RacePacingRejected, RACE action=reject_survival:15099;RacePacingRejected, RACE action=reject_pacing:467;ReplacementNotAllowed:6"
2026-09-16T05:16:58.8304121+00:00,3329169096,0.000000,0,1.000000,0.000000,0.000000,0.340000,SURVIVAL,SURVIVAL,NONE,H_t,reject_survival,phase=none;hMul=1.000;gMul=1.000;qMul=1.000;qAdd=0.000;rpiOff=0.000,3212,15572,"RacePacingRejected, RACE action=reject_survival:15099;RacePacingRejected, RACE action=reject_pacing:467;ReplacementNotAllowed:6"
2026-09-16T05:16:59.3305981+00:00,3329242600,0.000000,0,1.000000,0.000000,0.000000,0.340000,SURVIVAL,SURVIVAL,NONE,H_t,reject_survival,phase=none;hMul=1.000;gMul=1.000;qMul=1.000;qAdd=0.000;rpiOff=0.000,3212,15572,"RacePacingRejected, RACE action=reject_survival:15099;RacePacingRejected, RACE action=reject_pacing:467;ReplacementNotAllowed:6"
2026-09-16T05:16:59.8298422+00:00,3329250824,0.000000,0,1.000000,0.000000,0.000000,0.340000,SURVIVAL,SURVIVAL,NONE,H_t,reject_survival,phase=none;hMul=1.000;gMul=1.000;qMul=1.000;qAdd=0.000;rpiOff=0.000,3212,15572,"RacePacingRejected, RACE action=reject_survival:15099;RacePacingRejected, RACE action=reject_pacing:467;ReplacementNotAllowed:6"
2026-09-16T05:17:00.3300084+00:00,3329345312,0.000000,1,1.000000,0.000000,0.000244,0.340081,SURVIVAL,SURVIVAL,NONE,H_t,allow_survival,phase=none;hMul=1.000;gMul=1.000;qMul=1.000;qAdd=0.000;rpiOff=0.000,3213,15572,"RacePacingRejected, RACE action=reject_survival:15099;RacePacingRejected, RACE action=reject_pacing:467;ReplacementNotAllowed:6"
2026-09-16T05:17:00.8300462+00:00,3329369984,0.000000,1,1.000000,0.000000,0.000244,0.340081,SURVIVAL,SURVIVAL,NONE,H_t,reject_survival,phase=none;hMul=1.000;gMul=1.000;qMul=1.000;qAdd=0.000;rpiOff=0.000,3213,15574,"RacePacingRejected, RACE action=reject_survival:15101;RacePacingRejected, RACE action=reject_pacing:467;ReplacementNotAllowed:6"
2026-09-16T05:17:01.3299304+00:00,3329861056,0.000000,0,1.000000,0.000000,0.000000,0.340000,SURVIVAL,SURVIVAL,NONE,H_t,reject_survival,phase=none;hMul=1.000;gMul=1.000;qMul=1.000;qAdd=0.000;rpiOff=0.000,3213,15577,"RacePacingRejected, RACE action=reject_survival:15104;RacePacingRejected, RACE action=reject_pacing:467;ReplacementNotAllowed:6"
2026-09-16T05:17:01.8306412+00:00,3329902176,0.000000,0,1.000000,0.000000,0.000000,0.340000,SURVIVAL,SURVIVAL,NONE,H_t,reject_survival,phase=none;hMul=1.000;gMul=1.000;qMul=1.000;qAdd=0.000;rpiOff=0.000,3213,15579,"RacePacingRejected, RACE action=reject_survival:15106;RacePacingRejected, RACE action=reject_pacing:467;ReplacementNotAllowed:6"
2026-09-16T05:17:02.3303955+00:00,3329975752,0.000000,1,1.000000,0.000000,0.000244,0.340081,SURVIVAL,SURVIVAL,NONE,H_t,reject_survival,phase=none;hMul=1.000;gMul=1.000;qMul=1.000;qAdd=0.000;rpiOff=0.000,3214,15581,"RacePacingRejected, RACE action=reject_survival:15108;RacePacingRejected, RACE action=reject_pacing:467;ReplacementNotAllowed:6"
2026-09-16T05:17:02.8301696+00:00,3330008392,0.000000,1,1.000000,0.000000,0.000244,0.340081,SURVIVAL,SURVIVAL,NONE,H_t,reject_survival,phase=none;hMul=1.000;gMul=1.000;qMul=1.000;qAdd=0.000;rpiOff=0.000,3214,15583,"RacePacingRejected, RACE action=reject_survival:15110;RacePacingRejected, RACE action=reject_pacing:467;ReplacementNotAllowed:6"
2026-09-16T05:17:03.3306651+00:00,3330425448,0.000000,0,1.000000,0.000000,0.000000,0.340000,SURVIVAL,SURVIVAL,NONE,H_t,reject_survival,phase=none;hMul=1.000;gMul=1.000;qMul=1.000;qAdd=0.000;rpiOff=0.000,3214,15586,"RacePacingRejected, RACE action=reject_survival:15113;RacePacingRejected, RACE action=reject_pacing:467;ReplacementNotAllowed:6"
2026-09-16T05:17:03.8300252+00:00,3330458344,0.000000,0,1.000000,0.000000,0.000000,0.340000,SURVIVAL,SURVIVAL,NONE,H_t,reject_survival,phase=none;hMul=1.000;gMul=1.000;qMul=1.000;qAdd=0.000;rpiOff=0.000,3214,15588,"RacePacingRejected, RACE action=reject_survival:15115;RacePacingRejected, RACE action=reject_pacing:467;ReplacementNotAllowed:6"
2026-09-16T05:17:04.3305590+00:00,3330548224,0.000000,0,1.000000,0.000000,0.000000,0.340000,SURVIVAL,SURVIVAL,NONE,H_t,reject_survival,phase=none;hMul=1.000;gMul=1.000;qMul=1.000;qAdd=0.000;rpiOff=0.000,3214,15591,"RacePacingRejected, RACE action=reject_survival:15118;RacePacingRejected, RACE action=reject_pacing:467;ReplacementNotAllowed:6"
2026-09-16T05:17:04.8300937+00:00,3330589344,0.000000,1,1.000000,0.000000,0.000244,0.340081,SURVIVAL,SURVIVAL,NONE,H_t,allow_survival,phase=none;hMul=1.000;gMul=1.000;qMul=1.000;qAdd=0.000;rpiOff=0.000,3215,15592,"RacePacingRejected, RACE action=reject_survival:15119;RacePacingRejected, RACE action=reject_pacing:467;ReplacementNotAllowed:6"
2026-09-16T05:17:05.3306535+00:00,3331039832,0.000000,0,1.000000,0.000000,0.000000,0.340000,SURVIVAL,SURVIVAL,NONE,H_t,reject_survival,phase=none;hMul=1.000;gMul=1.000;qMul=1.000;qAdd=0.000;rpiOff=0.000,3215,15595,"RacePacingRejected, RACE action=reject_survival:15122;RacePacingRejected, RACE action=reject_pacing:467;ReplacementNotAllowed:6"
2026-09-16T05:17:05.8305439+00:00,3331072176,0.000000,0,1.000000,0.000000,0.000000,0.340000,SURVIVAL,SURVIVAL,NONE,H_t,reject_survival,phase=none;hMul=1.000;gMul=1.000;qMul=1.000;qAdd=0.000;rpiOff=0.000,3215,15597,"RacePacingRejected, RACE action=reject_survival:15124;RacePacingRejected, RACE action=reject_pacing:467;ReplacementNotAllowed:6"
2026-09-16T05:17:06.3306777+00:00,3331154416,0.000000,2,1.000000,0.000000,0.000488,0.340161,SURVIVAL,SURVIVAL,NONE,H_t,allow_survival,phase=none;hMul=1.000;gMul=1.000;qMul=1.000;qAdd=0.000;rpiOff=0.000,3217,15598,"RacePacingRejected, RACE action=reject_survival:15125;RacePacingRejected, RACE action=reject_pacing:467;ReplacementNotAllowed:6"
2026-09-16T05:17:06.8307404+00:00,3331178832,0.000000,2,1.000000,0.000000,0.000488,0.340161,SURVIVAL,SURVIVAL,NONE,H_t,reject_survival,phase=none;hMul=1.000;gMul=1.000;qMul=1.000;qAdd=0.000;rpiOff=0.000,3217,15600,"RacePacingRejected, RACE action=reject_survival:15127;RacePacingRejected, RACE action=reject_pacing:467;ReplacementNotAllowed:6"
2026-09-16T05:17:07.3305795+00:00,3331997136,0.000000,0,1.000000,0.000000,0.000000,0.340000,SURVIVAL,SURVIVAL,NONE,H_t,reject_survival,phase=none;hMul=1.000;gMul=1.000;qMul=1.000;qAdd=0.000;rpiOff=0.000,3217,15603,"RacePacingRejected, RACE action=reject_survival:15130;RacePacingRejected, RACE action=reject_pacing:467;ReplacementNotAllowed:6"
2026-09-16T05:17:07.8305696+00:00,3332021552,0.000000,0,1.000000,0.000000,0.000000,0.340000,SURVIVAL,SURVIVAL,NONE,H_t,reject_survival,phase=none;hMul=1.000;gMul=1.000;qMul=1.000;qAdd=0.000;rpiOff=0.000,3217,15605,"RacePacingRejected, RACE action=reject_survival:15132;RacePacingRejected, RACE action=reject_pacing:467;ReplacementNotAllowed:6"
2026-09-16T05:17:08.3306182+00:00,3332112912,0.000000,0,1.000000,0.000000,0.000000,0.340000,SURVIVAL,SURVIVAL,NONE,H_t,reject_survival,phase=none;hMul=1.000;gMul=1.000;qMul=1.000;qAdd=0.000;rpiOff=0.000,3217,15608,"RacePacingRejected, RACE action=reject_survival:15135;RacePacingRejected, RACE action=reject_pacing:467;ReplacementNotAllowed:6"
2026-09-16T05:17:08.8301330+00:00,3332137328,0.000000,0,1.000000,0.000000,0.000000,0.340000,SURVIVAL,SURVIVAL,NONE,H_t,reject_survival,phase=none;hMul=1.000;gMul=1.000;qMul=1.000;qAdd=0.000;rpiOff=0.000,3217,15610,"RacePacingRejected, RACE action=reject_survival:15137;RacePacingRejected, RACE action=reject_pacing:467;ReplacementNotAllowed:6"
2026-09-16T05:17:09.3351717+00:00,3332260176,0.000000,0,1.000000,0.000000,0.000000,0.340000,SURVIVAL,SURVIVAL,NONE,H_t,reject_survival,phase=none;hMul=1.000;gMul=1.000;qMul=1.000;qAdd=0.000;rpiOff=0.000,3217,15613,"RacePacingRejected, RACE action=reject_survival:15140;RacePacingRejected, RACE action=reject_pacing:467;ReplacementNotAllowed:6"
2026-09-16T05:17:09.8303417+00:00,3332284592,0.000000,1,1.000000,0.000000,0.000244,0.340081,SURVIVAL,SURVIVAL,NONE,H_t,allow_survival,phase=none;hMul=1.000;gMul=1.000;qMul=1.000;qAdd=0.000;rpiOff=0.000,3218,15614,"RacePacingRejected, RACE action=reject_survival:15141;RacePacingRejected, RACE action=reject_pacing:467;ReplacementNotAllowed:6"
2026-09-16T05:17:10.3299962+00:00,3332735088,0.000000,1,1.000000,0.000000,0.000244,0.340081,SURVIVAL,SURVIVAL,NONE,H_t,allow_survival,phase=none;hMul=1.000;gMul=1.000;qMul=1.000;qAdd=0.000;rpiOff=0.000,3219,15616,"RacePacingRejected, RACE action=reject_survival:15143;RacePacingRejected, RACE action=reject_pacing:467;ReplacementNotAllowed:6"
2026-09-16T05:17:10.8303061+00:00,3332775952,0.000000,1,1.000000,0.000000,0.000244,0.340081,SURVIVAL,SURVIVAL,NONE,H_t,reject_survival,phase=none;hMul=1.000;gMul=1.000;qMul=1.000;qAdd=0.000;rpiOff=0.000,3219,15618,"RacePacingRejected, RACE action=reject_survival:15145;RacePacingRejected, RACE action=reject_pacing:467;ReplacementNotAllowed:6"
2026-09-16T05:17:11.3306022+00:00,3333629752,0.000000,0,1.000000,0.000000,0.000000,0.340000,SURVIVAL,SURVIVAL,NONE,H_t,reject_survival,phase=none;hMul=1.000;gMul=1.000;qMul=1.000;qAdd=0.000;rpiOff=0.000,3219,15621,"RacePacingRejected, RACE action=reject_survival:15148;RacePacingRejected, RACE action=reject_pacing:467;ReplacementNotAllowed:6"
2026-09-16T05:17:11.8299309+00:00,3333667656,0.000000,0,1.000000,0.000000,0.000000,0.340000,SURVIVAL,SURVIVAL,NONE,H_t,reject_survival,phase=none;hMul=1.000;gMul=1.000;qMul=1.000;qAdd=0.000;rpiOff=0.000,3219,15623,"RacePacingRejected, RACE action=reject_survival:15150;RacePacingRejected, RACE action=reject_pacing:467;ReplacementNotAllowed:6"
2026-09-16T05:17:12.3298266+00:00,3333790504,0.000000,0,1.000000,0.000000,0.000000,0.340000,SURVIVAL,SURVIVAL,NONE,H_t,reject_survival,phase=none;hMul=1.000;gMul=1.000;qMul=1.000;qAdd=0.000;rpiOff=0.000,3219,15626,"RacePacingRejected, RACE action=reject_survival:15153;RacePacingRejected, RACE action=reject_pacing:467;ReplacementNotAllowed:6"
2026-09-16T05:17:12.8303369+00:00,3333815176,0.000000,0,1.000000,0.000000,0.000000,0.340000,SURVIVAL,SURVIVAL,NONE,H_t,reject_survival,phase=none;hMul=1.000;gMul=1.000;qMul=1.000;qAdd=0.000;rpiOff=0.000,3219,15628,"RacePacingRejected, RACE action=reject_survival:15155;RacePacingRejected, RACE action=reject_pacing:467;ReplacementNotAllowed:6"
2026-09-16T05:17:13.3298215+00:00,3333913096,0.000000,0,1.000000,0.000000,0.000000,0.340000,SURVIVAL,SURVIVAL,NONE,H_t,reject_survival,phase=none;hMul=1.000;gMul=1.000;qMul=1.000;qAdd=0.000;rpiOff=0.000,3219,15631,"RacePacingRejected, RACE action=reject_survival:15158;RacePacingRejected, RACE action=reject_pacing:467;ReplacementNotAllowed:6"
2026-09-16T05:17:13.8302329+00:00,3333962136,0.000000,0,1.000000,0.000000,0.000000,0.340000,SURVIVAL,SURVIVAL,NONE,H_t,reject_survival,phase=none;hMul=1.000;gMul=1.000;qMul=1.000;qAdd=0.000;rpiOff=0.000,3219,15633,"RacePacingRejected, RACE action=reject_survival:15160;RacePacingRejected, RACE action=reject_pacing:467;ReplacementNotAllowed:6"
2026-09-16T05:17:14.3300899+00:00,3334077016,0.000000,0,1.000000,0.000000,0.000000,0.340000,SURVIVAL,SURVIVAL,NONE,H_t,reject_survival,phase=none;hMul=1.000;gMul=1.000;qMul=1.000;qAdd=0.000;rpiOff=0.000,3219,15636,"RacePacingRejected, RACE action=reject_survival:15163;RacePacingRejected, RACE action=reject_pacing:467;ReplacementNotAllowed:6"
2026-09-16T05:17:14.8305964+00:00,3334109912,0.000000,0,1.000000,0.000000,0.000000,0.340000,SURVIVAL,SURVIVAL,NONE,H_t,reject_survival,phase=none;hMul=1.000;gMul=1.000;qMul=1.000;qAdd=0.000;rpiOff=0.000,3219,15638,"RacePacingRejected, RACE action=reject_survival:15165;RacePacingRejected, RACE action=reject_pacing:467;ReplacementNotAllowed:6"
2026-09-16T05:17:15.3304749+00:00,3334578960,0.000000,1,1.000000,0.000000,0.000244,0.340081,SURVIVAL,SURVIVAL,NONE,H_t,reject_survival,phase=none;hMul=1.000;gMul=1.000;qMul=1.000;qAdd=0.000;rpiOff=0.000,3221,15639,"RacePacingRejected, RACE action=reject_survival:15166;RacePacingRejected, RACE action=reject_pacing:467;ReplacementNotAllowed:6"
2026-09-16T05:17:15.8299003+00:00,3334611856,0.000000,1,1.000000,0.000000,0.000244,0.340081,SURVIVAL,SURVIVAL,NONE,H_t,reject_survival,phase=none;hMul=1.000;gMul=1.000;qMul=1.000;qAdd=0.000;rpiOff=0.000,3221,15641,"RacePacingRejected, RACE action=reject_survival:15168;RacePacingRejected, RACE action=reject_pacing:467;ReplacementNotAllowed:6"
2026-09-16T05:17:16.3301159+00:00,3335041992,0.000000,0,1.000000,0.000000,0.000000,0.340000,SURVIVAL,SURVIVAL,NONE,H_t,reject_survival,phase=none;hMul=1.000;gMul=1.000;qMul=1.000;qAdd=0.000;rpiOff=0.000,3221,15644,"RacePacingRejected, RACE action=reject_survival:15171;RacePacingRejected, RACE action=reject_pacing:467;ReplacementNotAllowed:6"
2026-09-16T05:17:16.8301532+00:00,3335074888,0.000000,0,1.000000,0.000000,0.000000,0.340000,SURVIVAL,SURVIVAL,NONE,H_t,reject_survival,phase=none;hMul=1.000;gMul=1.000;qMul=1.000;qAdd=0.000;rpiOff=0.000,3221,15646,"RacePacingRejected, RACE action=reject_survival:15173;RacePacingRejected, RACE action=reject_pacing:467;ReplacementNotAllowed:6"
2026-09-16T05:17:17.3300698+00:00,3335198312,0.000000,1,1.000000,0.000000,0.000244,0.340081,SURVIVAL,SURVIVAL,NONE,H_t,allow_survival,phase=none;hMul=1.000;gMul=1.000;qMul=1.000;qAdd=0.000;rpiOff=0.000,3222,15648,"RacePacingRejected, RACE action=reject_survival:15175;RacePacingRejected, RACE action=reject_pacing:467;ReplacementNotAllowed:6"
2026-09-16T05:17:17.8299435+00:00,3335214760,0.000000,2,1.000000,0.000000,0.000488,0.340161,SURVIVAL,SURVIVAL,NONE,H_t,allow_survival,phase=none;hMul=1.000;gMul=1.000;qMul=1.000;qAdd=0.000;rpiOff=0.000,3223,15649,"RacePacingRejected, RACE action=reject_survival:15176;RacePacingRejected, RACE action=reject_pacing:467;ReplacementNotAllowed:6"
2026-09-16T05:17:18.3302390+00:00,3337068808,0.000000,0,1.000000,0.000000,0.000000,0.340000,SURVIVAL,SURVIVAL,NONE,H_t,reject_survival,phase=none;hMul=1.000;gMul=1.000;qMul=1.000;qAdd=0.000;rpiOff=0.000,3224,15651,"RacePacingRejected, RACE action=reject_survival:15178;RacePacingRejected, RACE action=reject_pacing:467;ReplacementNotAllowed:6"
2026-09-16T05:17:18.8304709+00:00,3337093480,0.000000,0,1.000000,0.000000,0.000000,0.340000,SURVIVAL,SURVIVAL,NONE,H_t,reject_survival,phase=none;hMul=1.000;gMul=1.000;qMul=1.000;qAdd=0.000;rpiOff=0.000,3224,15653,"RacePacingRejected, RACE action=reject_survival:15180;RacePacingRejected, RACE action=reject_pacing:467;ReplacementNotAllowed:6"
2026-09-16T05:17:19.3302173+00:00,3337199544,0.000000,0,1.000000,0.000000,0.000000,0.340000,SURVIVAL,SURVIVAL,NONE,H_t,reject_survival,phase=none;hMul=1.000;gMul=1.000;qMul=1.000;qAdd=0.000;rpiOff=0.000,3224,15656,"RacePacingRejected, RACE action=reject_survival:15183;RacePacingRejected, RACE action=reject_pacing:467;ReplacementNotAllowed:6"
2026-09-16T05:17:19.8307341+00:00,3337232440,0.000000,1,1.000000,0.000000,0.000244,0.340081,SURVIVAL,SURVIVAL,NONE,H_t,reject_survival,phase=none;hMul=1.000;gMul=1.000;qMul=1.000;qAdd=0.000;rpiOff=0.000,3225,15657,"RacePacingRejected, RACE action=reject_survival:15184;RacePacingRejected, RACE action=reject_pacing:467;ReplacementNotAllowed:6"
2026-09-16T05:17:20.3305312+00:00,3337903488,0.000000,0,1.000000,0.000000,0.000000,0.340000,SURVIVAL,SURVIVAL,NONE,H_t,reject_survival,phase=none;hMul=1.000;gMul=1.000;qMul=1.000;qAdd=0.000;rpiOff=0.000,3226,15659,"RacePacingRejected, RACE action=reject_survival:15186;RacePacingRejected, RACE action=reject_pacing:467;ReplacementNotAllowed:6"
2026-09-16T05:17:20.8303710+00:00,3337941136,0.000000,0,1.000000,0.000000,0.000000,0.340000,SURVIVAL,SURVIVAL,NONE,H_t,reject_survival,phase=none;hMul=1.000;gMul=1.000;qMul=1.000;qAdd=0.000;rpiOff=0.000,3226,15661,"RacePacingRejected, RACE action=reject_survival:15188;RacePacingRejected, RACE action=reject_pacing:467;ReplacementNotAllowed:6"
2026-09-16T05:17:21.3300550+00:00,3338462616,0.000000,0,1.000000,0.000000,0.000000,0.340000,SURVIVAL,SURVIVAL,NONE,H_t,reject_survival,phase=none;hMul=1.000;gMul=1.000;qMul=1.000;qAdd=0.000;rpiOff=0.000,3226,15664,"RacePacingRejected, RACE action=reject_survival:15191;RacePacingRejected, RACE action=reject_pacing:467;ReplacementNotAllowed:6"
2026-09-16T05:17:21.8299640+00:00,3338503480,0.000000,0,1.000000,0.000000,0.000000,0.340000,SURVIVAL,SURVIVAL,NONE,H_t,reject_survival,phase=none;hMul=1.000;gMul=1.000;qMul=1.000;qAdd=0.000;rpiOff=0.000,3226,15666,"RacePacingRejected, RACE action=reject_survival:15193;RacePacingRejected, RACE action=reject_pacing:467;ReplacementNotAllowed:6"
2026-09-16T05:17:22.3306239+00:00,3338618104,0.000000,1,1.000000,0.000000,0.000244,0.340081,SURVIVAL,SURVIVAL,NONE,H_t,allow_survival,phase=none;hMul=1.000;gMul=1.000;qMul=1.000;qAdd=0.000;rpiOff=0.000,3227,15668,"RacePacingRejected, RACE action=reject_survival:15195;RacePacingRejected, RACE action=reject_pacing:467;ReplacementNotAllowed:6"
2026-09-16T05:17:22.8302649+00:00,3338626648,0.000000,3,1.000000,0.000000,0.000732,0.340242,SURVIVAL,SURVIVAL,NONE,H_t,allow_survival,phase=none;hMul=1.000;gMul=1.000;qMul=1.000;qAdd=0.000;rpiOff=0.000,3229,15668,"RacePacingRejected, RACE action=reject_survival:15195;RacePacingRejected, RACE action=reject_pacing:467;ReplacementNotAllowed:6"
2026-09-16T05:17:23.3305517+00:00,3340489208,0.000000,0,1.000000,0.000000,0.000000,0.340000,SURVIVAL,SURVIVAL,NONE,H_t,reject_survival,phase=none;hMul=1.000;gMul=1.000;qMul=1.000;qAdd=0.000;rpiOff=0.000,3229,15671,"RacePacingRejected, RACE action=reject_survival:15198;RacePacingRejected, RACE action=reject_pacing:467;ReplacementNotAllowed:6"
2026-09-16T05:17:23.8305574+00:00,3340534824,0.000000,0,1.000000,0.000000,0.000000,0.340000,SURVIVAL,SURVIVAL,NONE,H_t,reject_survival,phase=none;hMul=1.000;gMul=1.000;qMul=1.000;qAdd=0.000;rpiOff=0.000,3229,15673,"RacePacingRejected, RACE action=reject_survival:15200;RacePacingRejected, RACE action=reject_pacing:467;ReplacementNotAllowed:6"
2026-09-16T05:17:24.3300832+00:00,3340608584,0.000000,1,1.000000,0.000000,0.000244,0.340081,SURVIVAL,SURVIVAL,NONE,H_t,allow_survival,phase=none;hMul=1.000;gMul=1.000;qMul=1.000;qAdd=0.000;rpiOff=0.000,3230,15675,"RacePacingRejected, RACE action=reject_survival:15202;RacePacingRejected, RACE action=reject_pacing:467;ReplacementNotAllowed:6"
2026-09-16T05:17:24.8304687+00:00,3340641424,0.000000,1,1.000000,0.000000,0.000244,0.340081,SURVIVAL,SURVIVAL,NONE,H_t,reject_survival,phase=none;hMul=1.000;gMul=1.000;qMul=1.000;qAdd=0.000;rpiOff=0.000,3230,15677,"RacePacingRejected, RACE action=reject_survival:15204;RacePacingRejected, RACE action=reject_pacing:467;ReplacementNotAllowed:6"
2026-09-16T05:17:25.3298939+00:00,3341050768,0.000000,0,1.000000,0.000000,0.000000,0.340000,SURVIVAL,SURVIVAL,NONE,H_t,reject_survival,phase=none;hMul=1.000;gMul=1.000;qMul=1.000;qAdd=0.000;rpiOff=0.000,3230,15680,"RacePacingRejected, RACE action=reject_survival:15207;RacePacingRejected, RACE action=reject_pacing:467;ReplacementNotAllowed:6"
2026-09-16T05:17:25.8301815+00:00,3341083616,0.000000,0,1.000000,0.000000,0.000000,0.340000,SURVIVAL,SURVIVAL,NONE,H_t,reject_survival,phase=none;hMul=1.000;gMul=1.000;qMul=1.000;qAdd=0.000;rpiOff=0.000,3230,15682,"RacePacingRejected, RACE action=reject_survival:15209;RacePacingRejected, RACE action=reject_pacing:467;ReplacementNotAllowed:6"
2026-09-16T05:17:26.3302058+00:00,3341173568,0.000000,0,1.000000,0.000000,0.000000,0.340000,SURVIVAL,SURVIVAL,NONE,H_t,reject_survival,phase=none;hMul=1.000;gMul=1.000;qMul=1.000;qAdd=0.000;rpiOff=0.000,3230,15685,"RacePacingRejected, RACE action=reject_survival:15212;RacePacingRejected, RACE action=reject_pacing:467;ReplacementNotAllowed:6"
2026-09-16T05:17:26.8305324+00:00,3341206464,0.000000,1,1.000000,0.000000,0.000244,0.340081,SURVIVAL,SURVIVAL,NONE,H_t,reject_survival,phase=none;hMul=1.000;gMul=1.000;qMul=1.000;qAdd=0.000;rpiOff=0.000,3231,15686,"RacePacingRejected, RACE action=reject_survival:15213;RacePacingRejected, RACE action=reject_pacing:467;ReplacementNotAllowed:6"
2026-09-16T05:17:27.3301105+00:00,3341661376,0.000000,0,1.000000,0.000000,0.000000,0.340000,SURVIVAL,SURVIVAL,NONE,H_t,reject_survival,phase=none;hMul=1.000;gMul=1.000;qMul=1.000;qAdd=0.000;rpiOff=0.000,3231,15689,"RacePacingRejected, RACE action=reject_survival:15216;RacePacingRejected, RACE action=reject_pacing:467;ReplacementNotAllowed:6"
2026-09-16T05:17:27.8305039+00:00,3341694272,0.000000,1,1.000000,0.000000,0.000244,0.340081,SURVIVAL,SURVIVAL,NONE,H_t,allow_survival,phase=none;hMul=1.000;gMul=1.000;qMul=1.000;qAdd=0.000;rpiOff=0.000,3232,15690,"RacePacingRejected, RACE action=reject_survival:15217;RacePacingRejected, RACE action=reject_pacing:467;ReplacementNotAllowed:6"
2026-09-16T05:17:28.3306143+00:00,3342115568,0.000000,0,1.000000,0.000000,0.000000,0.340000,SURVIVAL,SURVIVAL,NONE,H_t,reject_survival,phase=none;hMul=1.000;gMul=1.000;qMul=1.000;qAdd=0.000;rpiOff=0.000,3232,15693,"RacePacingRejected, RACE action=reject_survival:15220;RacePacingRejected, RACE action=reject_pacing:467;ReplacementNotAllowed:6"
2026-09-16T05:17:28.8299156+00:00,3342140240,0.000000,0,1.000000,0.000000,0.000000,0.340000,SURVIVAL,SURVIVAL,NONE,H_t,reject_survival,phase=none;hMul=1.000;gMul=1.000;qMul=1.000;qAdd=0.000;rpiOff=0.000,3232,15695,"RacePacingRejected, RACE action=reject_survival:15222;RacePacingRejected, RACE action=reject_pacing:467;ReplacementNotAllowed:6"
2026-09-16T05:17:29.3298325+00:00,3342260552,0.000000,0,1.000000,0.000000,0.000000,0.340000,SURVIVAL,SURVIVAL,NONE,H_t,reject_survival,phase=none;hMul=1.000;gMul=1.000;qMul=1.000;qAdd=0.000;rpiOff=0.000,3232,15698,"RacePacingRejected, RACE action=reject_survival:15225;RacePacingRejected, RACE action=reject_pacing:467;ReplacementNotAllowed:6"
2026-09-16T05:17:29.8301132+00:00,3342293192,0.000000,1,1.000000,0.000000,0.000244,0.340081,SURVIVAL,SURVIVAL,NONE,H_t,reject_survival,phase=none;hMul=1.000;gMul=1.000;qMul=1.000;qAdd=0.000;rpiOff=0.000,3233,15699,"RacePacingRejected, RACE action=reject_survival:15226;RacePacingRejected, RACE action=reject_pacing:467;ReplacementNotAllowed:6"
2026-09-16T05:17:30.3303946+00:00,3342759000,0.000000,0,1.000000,0.000000,0.000000,0.340000,SURVIVAL,SURVIVAL,NONE,H_t,reject_survival,phase=none;hMul=1.000;gMul=1.000;qMul=1.000;qAdd=0.000;rpiOff=0.000,3233,15702,"RacePacingRejected, RACE action=reject_survival:15229;RacePacingRejected, RACE action=reject_pacing:467;ReplacementNotAllowed:6"
2026-09-16T05:17:30.8299431+00:00,3342783672,0.000000,1,1.000000,0.000000,0.000244,0.340081,SURVIVAL,SURVIVAL,NONE,H_t,allow_survival,phase=none;hMul=1.000;gMul=1.000;qMul=1.000;qAdd=0.000;rpiOff=0.000,3234,15703,"RacePacingRejected, RACE action=reject_survival:15230;RacePacingRejected, RACE action=reject_pacing:467;ReplacementNotAllowed:6"
2026-09-16T05:17:31.3300640+00:00,3343559632,0.000000,1,1.000000,0.000000,0.000244,0.340081,SURVIVAL,SURVIVAL,NONE,H_t,reject_survival,phase=none;hMul=1.000;gMul=1.000;qMul=1.000;qAdd=0.000;rpiOff=0.000,3236,15704,"RacePacingRejected, RACE action=reject_survival:15231;RacePacingRejected, RACE action=reject_pacing:467;ReplacementNotAllowed:6"
2026-09-16T05:17:31.8301788+00:00,3343592528,0.000000,2,1.000000,0.000000,0.000488,0.340161,SURVIVAL,SURVIVAL,NONE,H_t,reject_survival,phase=none;hMul=1.000;gMul=1.000;qMul=1.000;qAdd=0.000;rpiOff=0.000,3237,15705,"RacePacingRejected, RACE action=reject_survival:15232;RacePacingRejected, RACE action=reject_pacing:467;ReplacementNotAllowed:6"
2026-09-16T05:17:32.3305813+00:00,3344353936,0.000000,1,1.000000,0.000000,0.000244,0.340081,SURVIVAL,SURVIVAL,NONE,H_t,allow_survival,phase=none;hMul=1.000;gMul=1.000;qMul=1.000;qAdd=0.000;rpiOff=0.000,3238,15707,"RacePacingRejected, RACE action=reject_survival:15234;RacePacingRejected, RACE action=reject_pacing:467;ReplacementNotAllowed:6"
2026-09-16T05:17:32.8303706+00:00,3344398920,0.000000,2,1.000000,0.000000,0.000488,0.340161,SURVIVAL,SURVIVAL,NONE,H_t,reject_survival,phase=none;hMul=1.000;gMul=1.000;qMul=1.000;qAdd=0.000;rpiOff=0.000,3239,15708,"RacePacingRejected, RACE action=reject_survival:15235;RacePacingRejected, RACE action=reject_pacing:467;ReplacementNotAllowed:6"
2026-09-16T05:17:33.3300134+00:00,3345194104,0.000000,0,1.000000,0.000000,0.000000,0.340000,SURVIVAL,SURVIVAL,NONE,H_t,reject_survival,phase=none;hMul=1.000;gMul=1.000;qMul=1.000;qAdd=0.000;rpiOff=0.000,3239,15711,"RacePacingRejected, RACE action=reject_survival:15238;RacePacingRejected, RACE action=reject_pacing:467;ReplacementNotAllowed:6"
2026-09-16T05:17:33.8299433+00:00,3345239344,0.000000,0,1.000000,0.000000,0.000000,0.340000,SURVIVAL,SURVIVAL,NONE,H_t,reject_survival,phase=none;hMul=1.000;gMul=1.000;qMul=1.000;qAdd=0.000;rpiOff=0.000,3239,15713,"RacePacingRejected, RACE action=reject_survival:15240;RacePacingRejected, RACE action=reject_pacing:467;ReplacementNotAllowed:6"
2026-09-16T05:17:34.3305357+00:00,3345321392,0.000000,0,1.000000,0.000000,0.000000,0.340000,SURVIVAL,SURVIVAL,NONE,H_t,reject_survival,phase=none;hMul=1.000;gMul=1.000;qMul=1.000;qAdd=0.000;rpiOff=0.000,3239,15716,"RacePacingRejected, RACE action=reject_survival:15243;RacePacingRejected, RACE action=reject_pacing:467;ReplacementNotAllowed:6"
2026-09-16T05:17:34.8298577+00:00,3345346064,0.000000,0,1.000000,0.000000,0.000000,0.340000,SURVIVAL,SURVIVAL,NONE,H_t,reject_survival,phase=none;hMul=1.000;gMul=1.000;qMul=1.000;qAdd=0.000;rpiOff=0.000,3239,15718,"RacePacingRejected, RACE action=reject_survival:15245;RacePacingRejected, RACE action=reject_pacing:467;ReplacementNotAllowed:6"
2026-09-16T05:17:35.3301656+00:00,3345800136,0.000000,0,1.000000,0.000000,0.000000,0.340000,SURVIVAL,SURVIVAL,NONE,H_t,reject_survival,phase=none;hMul=1.000;gMul=1.000;qMul=1.000;qAdd=0.000;rpiOff=0.000,3240,15720,"RacePacingRejected, RACE action=reject_survival:15247;RacePacingRejected, RACE action=reject_pacing:467;ReplacementNotAllowed:6"
2026-09-16T05:17:35.8298884+00:00,3345841576,0.000000,0,1.000000,0.000000,0.000000,0.340000,SURVIVAL,SURVIVAL,NONE,H_t,reject_survival,phase=none;hMul=1.000;gMul=1.000;qMul=1.000;qAdd=0.000;rpiOff=0.000,3240,15722,"RacePacingRejected, RACE action=reject_survival:15249;RacePacingRejected, RACE action=reject_pacing:467;ReplacementNotAllowed:6"
2026-09-16T05:17:36.3302804+00:00,3345922976,0.000000,1,1.000000,0.000000,0.000244,0.340081,SURVIVAL,SURVIVAL,NONE,H_t,reject_survival,phase=none;hMul=1.000;gMul=1.000;qMul=1.000;qAdd=0.000;rpiOff=0.000,3241,15724,"RacePacingRejected, RACE action=reject_survival:15251;RacePacingRejected, RACE action=reject_pacing:467;ReplacementNotAllowed:6"
2026-09-16T05:17:36.8303257+00:00,3345955872,0.000000,1,1.000000,0.000000,0.000244,0.340081,SURVIVAL,SURVIVAL,NONE,H_t,reject_survival,phase=none;hMul=1.000;gMul=1.000;qMul=1.000;qAdd=0.000;rpiOff=0.000,3241,15726,"RacePacingRejected, RACE action=reject_survival:15253;RacePacingRejected, RACE action=reject_pacing:467;ReplacementNotAllowed:6"
2026-09-16T05:17:37.3300454+00:00,3346414328,0.000000,1,1.000000,0.000000,0.000244,0.340081,SURVIVAL,SURVIVAL,NONE,H_t,reject_survival,phase=none;hMul=1.000;gMul=1.000;qMul=1.000;qAdd=0.000;rpiOff=0.000,3242,15728,"RacePacingRejected, RACE action=reject_survival:15255;RacePacingRejected, RACE action=reject_pacing:467;ReplacementNotAllowed:6"
2026-09-16T05:17:37.8299407+00:00,3346446968,0.000000,1,1.000000,0.000000,0.000244,0.340081,SURVIVAL,SURVIVAL,NONE,H_t,reject_survival,phase=none;hMul=1.000;gMul=1.000;qMul=1.000;qAdd=0.000;rpiOff=0.000,3242,15730,"RacePacingRejected, RACE action=reject_survival:15257;RacePacingRejected, RACE action=reject_pacing:467;ReplacementNotAllowed:6"
2026-09-16T05:17:38.3303094+00:00,3346894440,0.000000,2,1.000000,0.000000,0.000488,0.340161,SURVIVAL,SURVIVAL,NONE,H_t,allow_survival,phase=none;hMul=1.000;gMul=1.000;qMul=1.000;qAdd=0.000;rpiOff=0.000,3244,15731,"RacePacingRejected, RACE action=reject_survival:15258;RacePacingRejected, RACE action=reject_pacing:467;ReplacementNotAllowed:6"
2026-09-16T05:17:38.8306010+00:00,3346918856,0.000000,2,1.000000,0.000000,0.000488,0.340161,SURVIVAL,SURVIVAL,NONE,H_t,reject_survival,phase=none;hMul=1.000;gMul=1.000;qMul=1.000;qAdd=0.000;rpiOff=0.000,3244,15733,"RacePacingRejected, RACE action=reject_survival:15260;RacePacingRejected, RACE action=reject_pacing:467;ReplacementNotAllowed:6"
2026-09-16T05:17:39.3305913+00:00,3347712768,0.000000,0,1.000000,0.000000,0.000000,0.340000,SURVIVAL,SURVIVAL,NONE,H_t,reject_survival,phase=none;hMul=1.000;gMul=1.000;qMul=1.000;qAdd=0.000;rpiOff=0.000,3244,15736,"RacePacingRejected, RACE action=reject_survival:15263;RacePacingRejected, RACE action=reject_pacing:467;ReplacementNotAllowed:6"
2026-09-16T05:17:39.8298137+00:00,3347750672,0.000000,0,1.000000,0.000000,0.000000,0.340000,SURVIVAL,SURVIVAL,NONE,H_t,reject_survival,phase=none;hMul=1.000;gMul=1.000;qMul=1.000;qAdd=0.000;rpiOff=0.000,3244,15738,"RacePacingRejected, RACE action=reject_survival:15265;RacePacingRejected, RACE action=reject_pacing:467;ReplacementNotAllowed:6"
2026-09-16T05:17:40.3303649+00:00,3348163000,0.000000,1,1.000000,0.000000,0.000244,0.340081,SURVIVAL,SURVIVAL,NONE,H_t,allow_survival,phase=none;hMul=1.000;gMul=1.000;qMul=1.000;qAdd=0.000;rpiOff=0.000,3246,15739,"RacePacingRejected, RACE action=reject_survival:15266;RacePacingRejected, RACE action=reject_pacing:467;ReplacementNotAllowed:6"
2026-09-16T05:17:40.8306831+00:00,3348195896,0.000000,1,1.000000,0.000000,0.000244,0.340081,SURVIVAL,SURVIVAL,NONE,H_t,reject_survival,phase=none;hMul=1.000;gMul=1.000;qMul=1.000;qAdd=0.000;rpiOff=0.000,3246,15741,"RacePacingRejected, RACE action=reject_survival:15268;RacePacingRejected, RACE action=reject_pacing:467;ReplacementNotAllowed:6"
2026-09-16T05:17:41.3302867+00:00,3348662464,0.000000,0,1.000000,0.000000,0.000000,0.340000,SURVIVAL,SURVIVAL,NONE,H_t,reject_survival,phase=none;hMul=1.000;gMul=1.000;qMul=1.000;qAdd=0.000;rpiOff=0.000,3246,15744,"RacePacingRejected, RACE action=reject_survival:15271;RacePacingRejected, RACE action=reject_pacing:467;ReplacementNotAllowed:6"
2026-09-16T05:17:41.8306783+00:00,3348695360,0.000000,1,1.000000,0.000000,0.000244,0.340081,SURVIVAL,SURVIVAL,NONE,H_t,allow_survival,phase=none;hMul=1.000;gMul=1.000;qMul=1.000;qAdd=0.000;rpiOff=0.000,3247,15745,"RacePacingRejected, RACE action=reject_survival:15272;RacePacingRejected, RACE action=reject_pacing:467;ReplacementNotAllowed:6"
2026-09-16T05:17:42.3302240+00:00,3349121088,0.000000,0,1.000000,0.000000,0.000000,0.340000,SURVIVAL,SURVIVAL,NONE,H_t,reject_survival,phase=none;hMul=1.000;gMul=1.000;qMul=1.000;qAdd=0.000;rpiOff=0.000,3247,15748,"RacePacingRejected, RACE action=reject_survival:15275;RacePacingRejected, RACE action=reject_pacing:467;ReplacementNotAllowed:6"
2026-09-16T05:17:42.8300271+00:00,3349153728,0.000000,0,1.000000,0.000000,0.000000,0.340000,SURVIVAL,SURVIVAL,NONE,H_t,reject_survival,phase=none;hMul=1.000;gMul=1.000;qMul=1.000;qAdd=0.000;rpiOff=0.000,3247,15750,"RacePacingRejected, RACE action=reject_survival:15277;RacePacingRejected, RACE action=reject_pacing:467;ReplacementNotAllowed:6"
2026-09-16T05:17:43.3300897+00:00,3349273360,0.000000,0,1.000000,0.000000,0.000000,0.340000,SURVIVAL,SURVIVAL,NONE,H_t,reject_survival,phase=none;hMul=1.000;gMul=1.000;qMul=1.000;qAdd=0.000;rpiOff=0.000,3247,15753,"RacePacingRejected, RACE action=reject_survival:15280;RacePacingRejected, RACE action=reject_pacing:467;ReplacementNotAllowed:6"
2026-09-16T05:17:43.8298181+00:00,3349306256,0.000000,0,1.000000,0.000000,0.000000,0.340000,SURVIVAL,SURVIVAL,NONE,H_t,reject_survival,phase=none;hMul=1.000;gMul=1.000;qMul=1.000;qAdd=0.000;rpiOff=0.000,3247,15755,"RacePacingRejected, RACE action=reject_survival:15282;RacePacingRejected, RACE action=reject_pacing:467;ReplacementNotAllowed:6"
2026-09-16T05:17:44.3299398+00:00,3349384392,0.000000,1,1.000000,0.000000,0.000244,0.340081,SURVIVAL,SURVIVAL,NONE,H_t,reject_survival,phase=none;hMul=1.000;gMul=1.000;qMul=1.000;qAdd=0.000;rpiOff=0.000,3248,15757,"RacePacingRejected, RACE action=reject_survival:15284;RacePacingRejected, RACE action=reject_pacing:467;ReplacementNotAllowed:6"
2026-09-16T05:17:44.8301466+00:00,3349417128,0.000000,1,1.000000,0.000000,0.000244,0.340081,SURVIVAL,SURVIVAL,NONE,H_t,reject_survival,phase=none;hMul=1.000;gMul=1.000;qMul=1.000;qAdd=0.000;rpiOff=0.000,3248,15759,"RacePacingRejected, RACE action=reject_survival:15286;RacePacingRejected, RACE action=reject_pacing:467;ReplacementNotAllowed:6"
2026-09-16T05:17:45.3307573+00:00,3349883824,0.000000,1,1.000000,0.000000,0.000244,0.340081,SURVIVAL,SURVIVAL,NONE,H_t,allow_survival,phase=none;hMul=1.000;gMul=1.000;qMul=1.000;qAdd=0.000;rpiOff=0.000,3249,15761,"RacePacingRejected, RACE action=reject_survival:15288;RacePacingRejected, RACE action=reject_pacing:467;ReplacementNotAllowed:6"
2026-09-16T05:17:45.8302254+00:00,3349900272,0.000000,2,1.000000,0.000000,0.000488,0.340161,SURVIVAL,SURVIVAL,NONE,H_t,allow_survival,phase=none;hMul=1.000;gMul=1.000;qMul=1.000;qAdd=0.000;rpiOff=0.000,3250,15762,"RacePacingRejected, RACE action=reject_survival:15289;RacePacingRejected, RACE action=reject_pacing:467;ReplacementNotAllowed:6"
2026-09-16T05:17:46.3305300+00:00,3352448064,0.000000,2,1.000000,0.000000,0.000488,0.340161,SURVIVAL,SURVIVAL,NONE,H_t,allow_survival,phase=none;hMul=1.000;gMul=1.000;qMul=1.000;qAdd=0.000;rpiOff=0.000,3253,15762,"RacePacingRejected, RACE action=reject_survival:15289;RacePacingRejected, RACE action=reject_pacing:467;ReplacementNotAllowed:6"
2026-09-16T05:17:46.8301588+00:00,3352496736,0.000000,2,1.000000,0.000000,0.000488,0.340161,SURVIVAL,SURVIVAL,NONE,H_t,reject_survival,phase=none;hMul=1.000;gMul=1.000;qMul=1.000;qAdd=0.000;rpiOff=0.000,3253,15764,"RacePacingRejected, RACE action=reject_survival:15291;RacePacingRejected, RACE action=reject_pacing:467;ReplacementNotAllowed:6"
2026-09-16T05:17:47.3307409+00:00,3354697384,0.000000,0,1.000000,0.000000,0.000000,0.340000,SURVIVAL,SURVIVAL,NONE,H_t,reject_survival,phase=none;hMul=1.000;gMul=1.000;qMul=1.000;qAdd=0.000;rpiOff=0.000,3254,15766,"RacePacingRejected, RACE action=reject_survival:15293;RacePacingRejected, RACE action=reject_pacing:467;ReplacementNotAllowed:6"
2026-09-16T05:17:47.8303062+00:00,3354718840,0.000000,1,1.000000,0.000000,0.000244,0.340081,SURVIVAL,SURVIVAL,NONE,H_t,reject_survival,phase=none;hMul=1.000;gMul=1.000;qMul=1.000;qAdd=0.000;rpiOff=0.000,3255,15767,"RacePacingRejected, RACE action=reject_survival:15294;RacePacingRejected, RACE action=reject_pacing:467;ReplacementNotAllowed:6"
2026-09-16T05:17:48.3300571+00:00,3355565336,0.000000,0,1.000000,0.000000,0.000000,0.340000,SURVIVAL,SURVIVAL,NONE,H_t,reject_survival,phase=none;hMul=1.000;gMul=1.000;qMul=1.000;qAdd=0.000;rpiOff=0.000,3255,15770,"RacePacingRejected, RACE action=reject_survival:15297;RacePacingRejected, RACE action=reject_pacing:467;ReplacementNotAllowed:6"
2026-09-16T05:17:48.8303129+00:00,3355597976,0.000000,1,1.000000,0.000000,0.000244,0.340081,SURVIVAL,SURVIVAL,NONE,H_t,reject_survival,phase=none;hMul=1.000;gMul=1.000;qMul=1.000;qAdd=0.000;rpiOff=0.000,3256,15771,"RacePacingRejected, RACE action=reject_survival:15298;RacePacingRejected, RACE action=reject_pacing:467;ReplacementNotAllowed:6"
2026-09-16T05:17:49.3303378+00:00,3356423368,0.000000,1,1.000000,0.000000,0.000244,0.340081,SURVIVAL,SURVIVAL,NONE,H_t,allow_survival,phase=none;hMul=1.000;gMul=1.000;qMul=1.000;qAdd=0.000;rpiOff=0.000,3257,15773,"RacePacingRejected, RACE action=reject_survival:15300;RacePacingRejected, RACE action=reject_pacing:467;ReplacementNotAllowed:6"
2026-09-16T05:17:49.8305634+00:00,3356456264,0.000000,2,1.000000,0.000000,0.000488,0.340161,SURVIVAL,SURVIVAL,NONE,H_t,allow_survival,phase=none;hMul=1.000;gMul=1.000;qMul=1.000;qAdd=0.000;rpiOff=0.000,3258,15774,"RacePacingRejected, RACE action=reject_survival:15301;RacePacingRejected, RACE action=reject_pacing:467;ReplacementNotAllowed:6"
2026-09-16T05:17:50.3302899+00:00,3357215320,0.000000,0,1.000000,0.000000,0.000000,0.340000,SURVIVAL,SURVIVAL,NONE,H_t,reject_survival,phase=none;hMul=1.000;gMul=1.000;qMul=1.000;qAdd=0.000;rpiOff=0.000,3258,15777,"RacePacingRejected, RACE action=reject_survival:15304;RacePacingRejected, RACE action=reject_pacing:467;ReplacementNotAllowed:6"
2026-09-16T05:17:50.8303251+00:00,3357256440,0.000000,0,1.000000,0.000000,0.000000,0.340000,SURVIVAL,SURVIVAL,NONE,H_t,reject_survival,phase=none;hMul=1.000;gMul=1.000;qMul=1.000;qAdd=0.000;rpiOff=0.000,3258,15779,"RacePacingRejected, RACE action=reject_survival:15306;RacePacingRejected, RACE action=reject_pacing:467;ReplacementNotAllowed:6"
2026-09-16T05:17:51.3302838+00:00,3357368488,0.000000,0,1.000000,0.000000,0.000000,0.340000,SURVIVAL,SURVIVAL,NONE,H_t,reject_survival,phase=none;hMul=1.000;gMul=1.000;qMul=1.000;qAdd=0.000;rpiOff=0.000,3258,15782,"RacePacingRejected, RACE action=reject_survival:15309;RacePacingRejected, RACE action=reject_pacing:467;ReplacementNotAllowed:6"
2026-09-16T05:17:51.8306603+00:00,3357409608,0.000000,0,1.000000,0.000000,0.000000,0.340000,SURVIVAL,SURVIVAL,NONE,H_t,reject_survival,phase=none;hMul=1.000;gMul=1.000;qMul=1.000;qAdd=0.000;rpiOff=0.000,3258,15784,"RacePacingRejected, RACE action=reject_survival:15311;RacePacingRejected, RACE action=reject_pacing:467;ReplacementNotAllowed:6"
2026-09-16T05:17:52.3301013+00:00,3357507784,0.000000,0,1.000000,0.000000,0.000000,0.340000,SURVIVAL,SURVIVAL,NONE,H_t,reject_survival,phase=none;hMul=1.000;gMul=1.000;qMul=1.000;qAdd=0.000;rpiOff=0.000,3258,15787,"RacePacingRejected, RACE action=reject_survival:15314;RacePacingRejected, RACE action=reject_pacing:467;ReplacementNotAllowed:6"
2026-09-16T05:17:52.8298733+00:00,3357532456,0.000000,0,1.000000,0.000000,0.000000,0.340000,SURVIVAL,SURVIVAL,NONE,H_t,reject_survival,phase=none;hMul=1.000;gMul=1.000;qMul=1.000;qAdd=0.000;rpiOff=0.000,3258,15789,"RacePacingRejected, RACE action=reject_survival:15316;RacePacingRejected, RACE action=reject_pacing:467;ReplacementNotAllowed:6"
2026-09-16T05:17:53.3302362+00:00,3357647272,0.000000,0,1.000000,0.000000,0.000000,0.340000,SURVIVAL,SURVIVAL,NONE,H_t,reject_survival,phase=none;hMul=1.000;gMul=1.000;qMul=1.000;qAdd=0.000;rpiOff=0.000,3258,15792,"RacePacingRejected, RACE action=reject_survival:15319;RacePacingRejected, RACE action=reject_pacing:467;ReplacementNotAllowed:6"
2026-09-16T05:17:53.8300318+00:00,3357676064,0.000000,0,1.000000,0.000000,0.000000,0.340000,SURVIVAL,SURVIVAL,NONE,H_t,reject_survival,phase=none;hMul=1.000;gMul=1.000;qMul=1.000;qAdd=0.000;rpiOff=0.000,3258,15794,"RacePacingRejected, RACE action=reject_survival:15321;RacePacingRejected, RACE action=reject_pacing:467;ReplacementNotAllowed:6"
2026-09-16T05:17:54.3302060+00:00,3357774240,0.000000,0,1.000000,0.000000,0.000000,0.340000,SURVIVAL,SURVIVAL,NONE,H_t,reject_survival,phase=none;hMul=1.000;gMul=1.000;qMul=1.000;qAdd=0.000;rpiOff=0.000,3258,15797,"RacePacingRejected, RACE action=reject_survival:15324;RacePacingRejected, RACE action=reject_pacing:467;ReplacementNotAllowed:6"
2026-09-16T05:17:54.8304559+00:00,3357798912,0.000000,0,1.000000,0.000000,0.000000,0.340000,SURVIVAL,SURVIVAL,NONE,H_t,reject_survival,phase=none;hMul=1.000;gMul=1.000;qMul=1.000;qAdd=0.000;rpiOff=0.000,3258,15799,"RacePacingRejected, RACE action=reject_survival:15326;RacePacingRejected, RACE action=reject_pacing:467;ReplacementNotAllowed:6"
2026-09-16T05:17:55.3303089+00:00,3357921328,0.000000,0,1.000000,0.000000,0.000000,0.340000,SURVIVAL,SURVIVAL,NONE,H_t,reject_survival,phase=none;hMul=1.000;gMul=1.000;qMul=1.000;qAdd=0.000;rpiOff=0.000,3258,15802,"RacePacingRejected, RACE action=reject_survival:15329;RacePacingRejected, RACE action=reject_pacing:467;ReplacementNotAllowed:6"
2026-09-16T05:17:55.8305390+00:00,3357953968,0.000000,0,1.000000,0.000000,0.000000,0.340000,SURVIVAL,SURVIVAL,NONE,H_t,reject_survival,phase=none;hMul=1.000;gMul=1.000;qMul=1.000;qAdd=0.000;rpiOff=0.000,3258,15804,"RacePacingRejected, RACE action=reject_survival:15331;RacePacingRejected, RACE action=reject_pacing:467;ReplacementNotAllowed:6"
2026-09-16T05:17:56.3303454+00:00,3358060624,0.000000,0,1.000000,0.000000,0.000000,0.340000,SURVIVAL,SURVIVAL,NONE,H_t,reject_survival,phase=none;hMul=1.000;gMul=1.000;qMul=1.000;qAdd=0.000;rpiOff=0.000,3258,15807,"RacePacingRejected, RACE action=reject_survival:15334;RacePacingRejected, RACE action=reject_pacing:467;ReplacementNotAllowed:6"
2026-09-16T05:17:56.8304654+00:00,3358089416,0.000000,1,1.000000,0.000000,0.000244,0.340081,SURVIVAL,SURVIVAL,NONE,H_t,reject_survival,phase=none;hMul=1.000;gMul=1.000;qMul=1.000;qAdd=0.000;rpiOff=0.000,3259,15808,"RacePacingRejected, RACE action=reject_survival:15335;RacePacingRejected, RACE action=reject_pacing:467;ReplacementNotAllowed:6"
2026-09-16T05:17:57.3306656+00:00,3359240824,0.000000,0,1.000000,0.000000,0.000000,0.340000,SURVIVAL,SURVIVAL,NONE,H_t,reject_survival,phase=none;hMul=1.000;gMul=1.000;qMul=1.000;qAdd=0.000;rpiOff=0.000,3259,15811,"RacePacingRejected, RACE action=reject_survival:15338;RacePacingRejected, RACE action=reject_pacing:467;ReplacementNotAllowed:6"
2026-09-16T05:17:57.8298485+00:00,3359273720,0.000000,0,1.000000,0.000000,0.000000,0.340000,SURVIVAL,SURVIVAL,NONE,H_t,reject_survival,phase=none;hMul=1.000;gMul=1.000;qMul=1.000;qAdd=0.000;rpiOff=0.000,3259,15813,"RacePacingRejected, RACE action=reject_survival:15340;RacePacingRejected, RACE action=reject_pacing:467;ReplacementNotAllowed:6"
2026-09-16T05:17:58.3306710+00:00,3359363672,0.000000,1,1.000000,0.000000,0.000244,0.340081,SURVIVAL,SURVIVAL,NONE,H_t,reject_survival,phase=none;hMul=1.000;gMul=1.000;qMul=1.000;qAdd=0.000;rpiOff=0.000,3260,15815,"RacePacingRejected, RACE action=reject_survival:15342;RacePacingRejected, RACE action=reject_pacing:467;ReplacementNotAllowed:6"
2026-09-16T05:17:58.8298766+00:00,3359385072,0.000000,1,1.000000,0.000000,0.000244,0.340081,SURVIVAL,SURVIVAL,NONE,H_t,reject_survival,phase=none;hMul=1.000;gMul=1.000;qMul=1.000;qAdd=0.000;rpiOff=0.000,3260,15817,"RacePacingRejected, RACE action=reject_survival:15344;RacePacingRejected, RACE action=reject_pacing:467;ReplacementNotAllowed:6"
2026-09-16T05:17:59.3306177+00:00,3360588536,0.000000,0,1.000000,0.000000,0.000000,0.340000,SURVIVAL,SURVIVAL,NONE,H_t,reject_survival,phase=none;hMul=1.000;gMul=1.000;qMul=1.000;qAdd=0.000;rpiOff=0.000,3260,15820,"RacePacingRejected, RACE action=reject_survival:15347;RacePacingRejected, RACE action=reject_pacing:467;ReplacementNotAllowed:6"
2026-09-16T05:17:59.8303441+00:00,3360620752,0.000000,0,1.000000,0.000000,0.000000,0.340000,SURVIVAL,SURVIVAL,NONE,H_t,reject_survival,phase=none;hMul=1.000;gMul=1.000;qMul=1.000;qAdd=0.000;rpiOff=0.000,3260,15822,"RacePacingRejected, RACE action=reject_survival:15349;RacePacingRejected, RACE action=reject_pacing:467;ReplacementNotAllowed:6"
2026-09-16T05:18:00.3303628+00:00,3361043088,0.000000,0,1.000000,0.000000,0.000000,0.340000,SURVIVAL,SURVIVAL,NONE,H_t,reject_survival,phase=none;hMul=1.000;gMul=1.000;qMul=1.000;qAdd=0.000;rpiOff=0.000,3261,15824,"RacePacingRejected, RACE action=reject_survival:15351;RacePacingRejected, RACE action=reject_pacing:467;ReplacementNotAllowed:6"
2026-09-16T05:18:00.8298889+00:00,3361059152,0.000000,2,1.000000,0.000000,0.000488,0.340161,SURVIVAL,SURVIVAL,NONE,H_t,allow_survival,phase=none;hMul=1.000;gMul=1.000;qMul=1.000;qAdd=0.000;rpiOff=0.000,3263,15824,"RacePacingRejected, RACE action=reject_survival:15351;RacePacingRejected, RACE action=reject_pacing:467;ReplacementNotAllowed:6"
2026-09-16T05:18:01.3301455+00:00,3361917792,0.000000,0,1.000000,0.000000,0.000000,0.340000,SURVIVAL,SURVIVAL,NONE,H_t,reject_survival,phase=none;hMul=1.000;gMul=1.000;qMul=1.000;qAdd=0.000;rpiOff=0.000,3263,15827,"RacePacingRejected, RACE action=reject_survival:15354;RacePacingRejected, RACE action=reject_pacing:467;ReplacementNotAllowed:6"
2026-09-16T05:18:01.8307539+00:00,3361966880,0.000000,0,1.000000,0.000000,0.000000,0.340000,SURVIVAL,SURVIVAL,NONE,H_t,reject_survival,phase=none;hMul=1.000;gMul=1.000;qMul=1.000;qAdd=0.000;rpiOff=0.000,3263,15829,"RacePacingRejected, RACE action=reject_survival:15356;RacePacingRejected, RACE action=reject_pacing:467;ReplacementNotAllowed:6"
2026-09-16T05:18:02.3300949+00:00,3362048864,0.000000,0,1.000000,0.000000,0.000000,0.340000,SURVIVAL,SURVIVAL,NONE,H_t,reject_survival,phase=none;hMul=1.000;gMul=1.000;qMul=1.000;qAdd=0.000;rpiOff=0.000,3263,15832,"RacePacingRejected, RACE action=reject_survival:15359;RacePacingRejected, RACE action=reject_pacing:467;ReplacementNotAllowed:6"
2026-09-16T05:18:02.8305971+00:00,3362073488,0.000000,0,1.000000,0.000000,0.000000,0.340000,SURVIVAL,SURVIVAL,NONE,H_t,reject_survival,phase=none;hMul=1.000;gMul=1.000;qMul=1.000;qAdd=0.000;rpiOff=0.000,3263,15834,"RacePacingRejected, RACE action=reject_survival:15361;RacePacingRejected, RACE action=reject_pacing:467;ReplacementNotAllowed:6"
2026-09-16T05:18:03.3301648+00:00,3362253904,0.000000,0,1.000000,0.000000,0.000000,0.340000,SURVIVAL,SURVIVAL,NONE,H_t,reject_survival,phase=none;hMul=1.000;gMul=1.000;qMul=1.000;qAdd=0.000;rpiOff=0.000,3263,15837,"RacePacingRejected, RACE action=reject_survival:15364;RacePacingRejected, RACE action=reject_pacing:467;ReplacementNotAllowed:6"
2026-09-16T05:18:03.8299467+00:00,3362278064,0.000000,1,1.000000,0.000000,0.000244,0.340081,SURVIVAL,SURVIVAL,NONE,H_t,reject_survival,phase=none;hMul=1.000;gMul=1.000;qMul=1.000;qAdd=0.000;rpiOff=0.000,3264,15838,"RacePacingRejected, RACE action=reject_survival:15365;RacePacingRejected, RACE action=reject_pacing:467;ReplacementNotAllowed:6"
2026-09-16T05:18:04.3305898+00:00,3362736464,0.000000,0,1.000000,0.000000,0.000000,0.340000,SURVIVAL,SURVIVAL,NONE,H_t,reject_survival,phase=none;hMul=1.000;gMul=1.000;qMul=1.000;qAdd=0.000;rpiOff=0.000,3264,15841,"RacePacingRejected, RACE action=reject_survival:15368;RacePacingRejected, RACE action=reject_pacing:467;ReplacementNotAllowed:6"
2026-09-16T05:18:04.8300563+00:00,3362777536,0.000000,0,1.000000,0.000000,0.000000,0.340000,SURVIVAL,SURVIVAL,NONE,H_t,reject_survival,phase=none;hMul=1.000;gMul=1.000;qMul=1.000;qAdd=0.000;rpiOff=0.000,3264,15843,"RacePacingRejected, RACE action=reject_survival:15370;RacePacingRejected, RACE action=reject_pacing:467;ReplacementNotAllowed:6"
2026-09-16T05:18:05.3306937+00:00,3363217800,0.000000,0,1.000000,0.000000,0.000000,0.340000,SURVIVAL,SURVIVAL,NONE,H_t,reject_survival,phase=none;hMul=1.000;gMul=1.000;qMul=1.000;qAdd=0.000;rpiOff=0.000,3264,15846,"RacePacingRejected, RACE action=reject_survival:15373;RacePacingRejected, RACE action=reject_pacing:467;ReplacementNotAllowed:6"
2026-09-16T05:18:05.8303631+00:00,3363254560,0.000000,1,1.000000,0.000000,0.000244,0.340081,SURVIVAL,SURVIVAL,NONE,H_t,allow_survival,phase=none;hMul=1.000;gMul=1.000;qMul=1.000;qAdd=0.000;rpiOff=0.000,3265,15847,"RacePacingRejected, RACE action=reject_survival:15374;RacePacingRejected, RACE action=reject_pacing:467;ReplacementNotAllowed:6"
2026-09-16T05:18:06.3304859+00:00,3363707816,0.000000,0,1.000000,0.000000,0.000000,0.340000,SURVIVAL,SURVIVAL,NONE,H_t,reject_survival,phase=none;hMul=1.000;gMul=1.000;qMul=1.000;qAdd=0.000;rpiOff=0.000,3265,15850,"RacePacingRejected, RACE action=reject_survival:15377;RacePacingRejected, RACE action=reject_pacing:467;ReplacementNotAllowed:6"
2026-09-16T05:18:06.8300941+00:00,3363748656,0.000000,1,1.000000,0.000000,0.000244,0.340081,SURVIVAL,SURVIVAL,NONE,H_t,allow_survival,phase=none;hMul=1.000;gMul=1.000;qMul=1.000;qAdd=0.000;rpiOff=0.000,3266,15851,"RacePacingRejected, RACE action=reject_survival:15378;RacePacingRejected, RACE action=reject_pacing:467;ReplacementNotAllowed:6"
2026-09-16T05:18:07.3307218+00:00,3364927288,0.000000,0,1.000000,0.000000,0.000000,0.340000,SURVIVAL,SURVIVAL,NONE,H_t,reject_survival,phase=none;hMul=1.000;gMul=1.000;qMul=1.000;qAdd=0.000;rpiOff=0.000,3266,15854,"RacePacingRejected, RACE action=reject_survival:15381;RacePacingRejected, RACE action=reject_pacing:467;ReplacementNotAllowed:6"
2026-09-16T05:18:07.8298827+00:00,3364959960,0.000000,2,1.000000,0.000000,0.000488,0.340161,SURVIVAL,SURVIVAL,NONE,H_t,allow_survival,phase=none;hMul=1.000;gMul=1.000;qMul=1.000;qAdd=0.000;rpiOff=0.000,3268,15854,"RacePacingRejected, RACE action=reject_survival:15381;RacePacingRejected, RACE action=reject_pacing:467;ReplacementNotAllowed:6"
2026-09-16T05:18:08.3302060+00:00,3366519552,0.000000,1,1.000000,0.000000,0.000244,0.340081,SURVIVAL,SURVIVAL,NONE,H_t,allow_survival,phase=none;hMul=1.000;gMul=1.000;qMul=1.000;qAdd=0.000;rpiOff=0.000,3269,15856,"RacePacingRejected, RACE action=reject_survival:15383;RacePacingRejected, RACE action=reject_pacing:467;ReplacementNotAllowed:6"
2026-09-16T05:18:08.8307315+00:00,3366558992,0.000000,1,1.000000,0.000000,0.000244,0.340081,SURVIVAL,SURVIVAL,NONE,H_t,reject_survival,phase=none;hMul=1.000;gMul=1.000;qMul=1.000;qAdd=0.000;rpiOff=0.000,3269,15858,"RacePacingRejected, RACE action=reject_survival:15385;RacePacingRejected, RACE action=reject_pacing:467;ReplacementNotAllowed:6"
2026-09-16T05:18:09.3302406+00:00,3367417224,0.000000,0,1.000000,0.000000,0.000000,0.340000,SURVIVAL,SURVIVAL,NONE,H_t,reject_survival,phase=none;hMul=1.000;gMul=1.000;qMul=1.000;qAdd=0.000;rpiOff=0.000,3269,15861,"RacePacingRejected, RACE action=reject_survival:15388;RacePacingRejected, RACE action=reject_pacing:467;ReplacementNotAllowed:6"
2026-09-16T05:18:09.8304293+00:00,3367441896,0.000000,1,1.000000,0.000000,0.000244,0.340081,SURVIVAL,SURVIVAL,NONE,H_t,reject_survival,phase=none;hMul=1.000;gMul=1.000;qMul=1.000;qAdd=0.000;rpiOff=0.000,3270,15862,"RacePacingRejected, RACE action=reject_survival:15389;RacePacingRejected, RACE action=reject_pacing:467;ReplacementNotAllowed:6"
2026-09-16T05:18:10.3306268+00:00,3369657128,0.000000,0,1.000000,0.000000,0.000000,0.340000,SURVIVAL,SURVIVAL,NONE,H_t,reject_survival,phase=none;hMul=1.000;gMul=1.000;qMul=1.000;qAdd=0.000;rpiOff=0.000,3271,15864,"RacePacingRejected, RACE action=reject_survival:15391;RacePacingRejected, RACE action=reject_pacing:467;ReplacementNotAllowed:6"
2026-09-16T05:18:10.8299939+00:00,3369689952,0.000000,0,1.000000,0.000000,0.000000,0.340000,SURVIVAL,SURVIVAL,NONE,H_t,reject_survival,phase=none;hMul=1.000;gMul=1.000;qMul=1.000;qAdd=0.000;rpiOff=0.000,3271,15866,"RacePacingRejected, RACE action=reject_survival:15393;RacePacingRejected, RACE action=reject_pacing:467;ReplacementNotAllowed:6"
2026-09-16T05:18:11.3299718+00:00,3370214168,0.000000,0,1.000000,0.000000,0.000000,0.340000,SURVIVAL,SURVIVAL,NONE,H_t,reject_survival,phase=none;hMul=1.000;gMul=1.000;qMul=1.000;qAdd=0.000;rpiOff=0.000,3271,15869,"RacePacingRejected, RACE action=reject_survival:15396;RacePacingRejected, RACE action=reject_pacing:467;ReplacementNotAllowed:6"
2026-09-16T05:18:11.8298713+00:00,3370247064,0.000000,0,1.000000,0.000000,0.000000,0.340000,SURVIVAL,SURVIVAL,NONE,H_t,reject_survival,phase=none;hMul=1.000;gMul=1.000;qMul=1.000;qAdd=0.000;rpiOff=0.000,3271,15871,"RacePacingRejected, RACE action=reject_survival:15398;RacePacingRejected, RACE action=reject_pacing:467;ReplacementNotAllowed:6"
2026-09-16T05:18:12.3306251+00:00,3370386312,0.000000,0,1.000000,0.000000,0.000000,0.340000,SURVIVAL,SURVIVAL,NONE,H_t,reject_survival,phase=none;hMul=1.000;gMul=1.000;qMul=1.000;qAdd=0.000;rpiOff=0.000,3271,15874,"RacePacingRejected, RACE action=reject_survival:15401;RacePacingRejected, RACE action=reject_pacing:467;ReplacementNotAllowed:6"
2026-09-16T05:18:12.8298455+00:00,3370402504,0.000000,1,1.000000,0.000000,0.000244,0.340081,SURVIVAL,SURVIVAL,NONE,H_t,reject_survival,phase=none;hMul=1.000;gMul=1.000;qMul=1.000;qAdd=0.000;rpiOff=0.000,3272,15875,"RacePacingRejected, RACE action=reject_survival:15402;RacePacingRejected, RACE action=reject_pacing:467;ReplacementNotAllowed:6"
2026-09-16T05:18:13.3307666+00:00,3370847768,0.000000,1,1.000000,0.000000,0.000244,0.340081,SURVIVAL,SURVIVAL,NONE,H_t,reject_survival,phase=none;hMul=1.000;gMul=1.000;qMul=1.000;qAdd=0.000;rpiOff=0.000,3273,15877,"RacePacingRejected, RACE action=reject_survival:15404;RacePacingRejected, RACE action=reject_pacing:467;ReplacementNotAllowed:6"
2026-09-16T05:18:13.8305967+00:00,3370884784,0.000000,2,1.000000,0.000000,0.000488,0.340161,SURVIVAL,SURVIVAL,NONE,H_t,reject_survival,phase=none;hMul=1.000;gMul=1.000;qMul=1.000;qAdd=0.000;rpiOff=0.000,3274,15878,"RacePacingRejected, RACE action=reject_survival:15405;RacePacingRejected, RACE action=reject_pacing:467;ReplacementNotAllowed:6"
2026-09-16T05:18:14.3304218+00:00,3372850744,0.000000,1,1.000000,0.000000,0.000244,0.340081,SURVIVAL,SURVIVAL,NONE,H_t,reject_survival,phase=none;hMul=1.000;gMul=1.000;qMul=1.000;qAdd=0.000;rpiOff=0.000,3275,15880,"RacePacingRejected, RACE action=reject_survival:15407;RacePacingRejected, RACE action=reject_pacing:467;ReplacementNotAllowed:6"
2026-09-16T05:18:14.8298177+00:00,3372883568,0.000000,1,1.000000,0.000000,0.000244,0.340081,SURVIVAL,SURVIVAL,NONE,H_t,reject_survival,phase=none;hMul=1.000;gMul=1.000;qMul=1.000;qAdd=0.000;rpiOff=0.000,3275,15882,"RacePacingRejected, RACE action=reject_survival:15409;RacePacingRejected, RACE action=reject_pacing:467;ReplacementNotAllowed:6"
2026-09-16T05:18:15.3304032+00:00,3374101256,0.000000,0,1.000000,0.000000,0.000000,0.340000,SURVIVAL,SURVIVAL,NONE,H_t,reject_survival,phase=none;hMul=1.000;gMul=1.000;qMul=1.000;qAdd=0.000;rpiOff=0.000,3275,15885,"RacePacingRejected, RACE action=reject_survival:15412;RacePacingRejected, RACE action=reject_pacing:467;ReplacementNotAllowed:6"
2026-09-16T05:18:15.8303801+00:00,3374133896,0.000000,0,1.000000,0.000000,0.000000,0.340000,SURVIVAL,SURVIVAL,NONE,H_t,reject_survival,phase=none;hMul=1.000;gMul=1.000;qMul=1.000;qAdd=0.000;rpiOff=0.000,3275,15887,"RacePacingRejected, RACE action=reject_survival:15414;RacePacingRejected, RACE action=reject_pacing:467;ReplacementNotAllowed:6"
2026-09-16T05:18:16.3301065+00:00,3374657864,0.000000,0,1.000000,0.000000,0.000000,0.340000,SURVIVAL,SURVIVAL,NONE,H_t,reject_survival,phase=none;hMul=1.000;gMul=1.000;qMul=1.000;qAdd=0.000;rpiOff=0.000,3276,15889,"RacePacingRejected, RACE action=reject_survival:15416;RacePacingRejected, RACE action=reject_pacing:467;ReplacementNotAllowed:6"
2026-09-16T05:18:16.8306987+00:00,3374682536,0.000000,1,1.000000,0.000000,0.000244,0.340081,SURVIVAL,SURVIVAL,NONE,H_t,allow_survival,phase=none;hMul=1.000;gMul=1.000;qMul=1.000;qAdd=0.000;rpiOff=0.000,3277,15890,"RacePacingRejected, RACE action=reject_survival:15417;RacePacingRejected, RACE action=reject_pacing:467;ReplacementNotAllowed:6"
2026-09-16T05:18:17.3301981+00:00,3375473008,0.000000,0,1.000000,0.000000,0.000000,0.340000,SURVIVAL,SURVIVAL,NONE,H_t,reject_survival,phase=none;hMul=1.000;gMul=1.000;qMul=1.000;qAdd=0.000;rpiOff=0.000,3277,15893,"RacePacingRejected, RACE action=reject_survival:15420;RacePacingRejected, RACE action=reject_pacing:467;ReplacementNotAllowed:6"
2026-09-16T05:18:17.8305504+00:00,3375497680,0.000000,1,1.000000,0.000000,0.000244,0.340081,SURVIVAL,SURVIVAL,NONE,H_t,reject_survival,phase=none;hMul=1.000;gMul=1.000;qMul=1.000;qAdd=0.000;rpiOff=0.000,3278,15894,"RacePacingRejected, RACE action=reject_survival:15421;RacePacingRejected, RACE action=reject_pacing:467;ReplacementNotAllowed:6"
2026-09-16T05:18:18.3304286+00:00,3377607128,0.000000,0,1.000000,0.000000,0.000000,0.340000,SURVIVAL,SURVIVAL,NONE,H_t,reject_survival,phase=none;hMul=1.000;gMul=1.000;qMul=1.000;qAdd=0.000;rpiOff=0.000,3279,15896,"RacePacingRejected, RACE action=reject_survival:15423;RacePacingRejected, RACE action=reject_pacing:467;ReplacementNotAllowed:6"
2026-09-16T05:18:18.8305199+00:00,3377631800,0.000000,1,1.000000,0.000000,0.000244,0.340081,SURVIVAL,SURVIVAL,NONE,H_t,reject_survival,phase=none;hMul=1.000;gMul=1.000;qMul=1.000;qAdd=0.000;rpiOff=0.000,3280,15897,"RacePacingRejected, RACE action=reject_survival:15424;RacePacingRejected, RACE action=reject_pacing:467;ReplacementNotAllowed:6"
2026-09-16T05:18:19.3307190+00:00,3379239504,0.000000,0,1.000000,0.000000,0.000000,0.340000,SURVIVAL,SURVIVAL,NONE,H_t,reject_survival,phase=none;hMul=1.000;gMul=1.000;qMul=1.000;qAdd=0.000;rpiOff=0.000,3280,15900,"RacePacingRejected, RACE action=reject_survival:15427;RacePacingRejected, RACE action=reject_pacing:467;ReplacementNotAllowed:6"
2026-09-16T05:18:19.8307780+00:00,3379280368,0.000000,0,1.000000,0.000000,0.000000,0.340000,SURVIVAL,SURVIVAL,NONE,H_t,reject_survival,phase=none;hMul=1.000;gMul=1.000;qMul=1.000;qAdd=0.000;rpiOff=0.000,3280,15902,"RacePacingRejected, RACE action=reject_survival:15429;RacePacingRejected, RACE action=reject_pacing:467;ReplacementNotAllowed:6"
2026-09-16T05:18:20.3298235+00:00,3379826344,0.000000,0,1.000000,0.000000,0.000000,0.340000,SURVIVAL,SURVIVAL,NONE,H_t,reject_survival,phase=none;hMul=1.000;gMul=1.000;qMul=1.000;qAdd=0.000;rpiOff=0.000,3280,15905,"RacePacingRejected, RACE action=reject_survival:15432;RacePacingRejected, RACE action=reject_pacing:467;ReplacementNotAllowed:6"
2026-09-16T05:18:20.8302259+00:00,3379867376,0.000000,0,1.000000,0.000000,0.000000,0.340000,SURVIVAL,SURVIVAL,NONE,H_t,reject_survival,phase=none;hMul=1.000;gMul=1.000;qMul=1.000;qAdd=0.000;rpiOff=0.000,3280,15907,"RacePacingRejected, RACE action=reject_survival:15434;RacePacingRejected, RACE action=reject_pacing:467;ReplacementNotAllowed:6"
2026-09-16T05:18:21.3304481+00:00,3379973984,0.000000,0,1.000000,0.000000,0.000000,0.340000,SURVIVAL,SURVIVAL,NONE,H_t,reject_survival,phase=none;hMul=1.000;gMul=1.000;qMul=1.000;qAdd=0.000;rpiOff=0.000,3280,15910,"RacePacingRejected, RACE action=reject_survival:15437;RacePacingRejected, RACE action=reject_pacing:467;ReplacementNotAllowed:6"
2026-09-16T05:18:21.8306835+00:00,3380006624,0.000000,0,1.000000,0.000000,0.000000,0.340000,SURVIVAL,SURVIVAL,NONE,H_t,reject_survival,phase=none;hMul=1.000;gMul=1.000;qMul=1.000;qAdd=0.000;rpiOff=0.000,3280,15912,"RacePacingRejected, RACE action=reject_survival:15439;RacePacingRejected, RACE action=reject_pacing:467;ReplacementNotAllowed:6"
2026-09-16T05:18:22.3302565+00:00,3380551072,0.000000,0,1.000000,0.000000,0.000000,0.340000,SURVIVAL,SURVIVAL,NONE,H_t,reject_survival,phase=none;hMul=1.000;gMul=1.000;qMul=1.000;qAdd=0.000;rpiOff=0.000,3280,15915,"RacePacingRejected, RACE action=reject_survival:15442;RacePacingRejected, RACE action=reject_pacing:467;ReplacementNotAllowed:6"
2026-09-16T05:18:22.8305589+00:00,3380592168,0.000000,0,1.000000,0.000000,0.000000,0.340000,SURVIVAL,SURVIVAL,NONE,H_t,reject_survival,phase=none;hMul=1.000;gMul=1.000;qMul=1.000;qAdd=0.000;rpiOff=0.000,3280,15917,"RacePacingRejected, RACE action=reject_survival:15444;RacePacingRejected, RACE action=reject_pacing:467;ReplacementNotAllowed:6"
2026-09-16T05:18:23.3300636+00:00,3380674408,0.000000,1,1.000000,0.000000,0.000244,0.340081,SURVIVAL,SURVIVAL,NONE,H_t,allow_survival,phase=none;hMul=1.000;gMul=1.000;qMul=1.000;qAdd=0.000;rpiOff=0.000,3281,15919,"RacePacingRejected, RACE action=reject_survival:15446;RacePacingRejected, RACE action=reject_pacing:467;ReplacementNotAllowed:6"
2026-09-16T05:18:23.8301307+00:00,3380710912,0.000000,1,1.000000,0.000000,0.000244,0.340081,SURVIVAL,SURVIVAL,NONE,H_t,reject_survival,phase=none;hMul=1.000;gMul=1.000;qMul=1.000;qAdd=0.000;rpiOff=0.000,3281,15921,"RacePacingRejected, RACE action=reject_survival:15448;RacePacingRejected, RACE action=reject_pacing:467;ReplacementNotAllowed:6"
2026-09-16T05:18:24.3298931+00:00,3382876184,0.000000,0,1.000000,0.000000,0.000000,0.340000,SURVIVAL,SURVIVAL,NONE,H_t,reject_survival,phase=none;hMul=1.000;gMul=1.000;qMul=1.000;qAdd=0.000;rpiOff=0.000,3282,15923,"RacePacingRejected, RACE action=reject_survival:15450;RacePacingRejected, RACE action=reject_pacing:467;ReplacementNotAllowed:6"
2026-09-16T05:18:24.8298355+00:00,3382909080,0.000000,0,1.000000,0.000000,0.000000,0.340000,SURVIVAL,SURVIVAL,NONE,H_t,reject_survival,phase=none;hMul=1.000;gMul=1.000;qMul=1.000;qAdd=0.000;rpiOff=0.000,3282,15925,"RacePacingRejected, RACE action=reject_survival:15452;RacePacingRejected, RACE action=reject_pacing:467;ReplacementNotAllowed:6"
2026-09-16T05:18:25.3305071+00:00,3383007256,0.000000,0,1.000000,0.000000,0.000000,0.340000,SURVIVAL,SURVIVAL,NONE,H_t,reject_survival,phase=none;hMul=1.000;gMul=1.000;qMul=1.000;qAdd=0.000;rpiOff=0.000,3282,15928,"RacePacingRejected, RACE action=reject_survival:15455;RacePacingRejected, RACE action=reject_pacing:467;ReplacementNotAllowed:6"
2026-09-16T05:18:25.8305917+00:00,3383040152,0.000000,0,1.000000,0.000000,0.000000,0.340000,SURVIVAL,SURVIVAL,NONE,H_t,reject_survival,phase=none;hMul=1.000;gMul=1.000;qMul=1.000;qAdd=0.000;rpiOff=0.000,3282,15930,"RacePacingRejected, RACE action=reject_survival:15457;RacePacingRejected, RACE action=reject_pacing:467;ReplacementNotAllowed:6"
2026-09-16T05:18:26.3300361+00:00,3383146808,0.000000,0,1.000000,0.000000,0.000000,0.340000,SURVIVAL,SURVIVAL,NONE,H_t,reject_survival,phase=none;hMul=1.000;gMul=1.000;qMul=1.000;qAdd=0.000;rpiOff=0.000,3282,15933,"RacePacingRejected, RACE action=reject_survival:15460;RacePacingRejected, RACE action=reject_pacing:467;ReplacementNotAllowed:6"
2026-09-16T05:18:26.8298459+00:00,3383187672,0.000000,0,1.000000,0.000000,0.000000,0.340000,SURVIVAL,SURVIVAL,NONE,H_t,reject_survival,phase=none;hMul=1.000;gMul=1.000;qMul=1.000;qAdd=0.000;rpiOff=0.000,3282,15935,"RacePacingRejected, RACE action=reject_survival:15462;RacePacingRejected, RACE action=reject_pacing:467;ReplacementNotAllowed:6"
2026-09-16T05:18:27.3301832+00:00,3383277624,0.000000,0,1.000000,0.000000,0.000000,0.340000,SURVIVAL,SURVIVAL,NONE,H_t,reject_survival,phase=none;hMul=1.000;gMul=1.000;qMul=1.000;qAdd=0.000;rpiOff=0.000,3282,15938,"RacePacingRejected, RACE action=reject_survival:15465;RacePacingRejected, RACE action=reject_pacing:467;ReplacementNotAllowed:6"
2026-09-16T05:18:27.8299109+00:00,3383310264,0.000000,0,1.000000,0.000000,0.000000,0.340000,SURVIVAL,SURVIVAL,NONE,H_t,reject_survival,phase=none;hMul=1.000;gMul=1.000;qMul=1.000;qAdd=0.000;rpiOff=0.000,3282,15940,"RacePacingRejected, RACE action=reject_survival:15467;RacePacingRejected, RACE action=reject_pacing:467;ReplacementNotAllowed:6"
2026-09-16T05:18:28.3298478+00:00,3383433112,0.000000,0,1.000000,0.000000,0.000000,0.340000,SURVIVAL,SURVIVAL,NONE,H_t,reject_survival,phase=none;hMul=1.000;gMul=1.000;qMul=1.000;qAdd=0.000;rpiOff=0.000,3282,15943,"RacePacingRejected, RACE action=reject_survival:15470;RacePacingRejected, RACE action=reject_pacing:467;ReplacementNotAllowed:6"
2026-09-16T05:18:28.8306552+00:00,3383466008,0.000000,0,1.000000,0.000000,0.000000,0.340000,SURVIVAL,SURVIVAL,NONE,H_t,reject_survival,phase=none;hMul=1.000;gMul=1.000;qMul=1.000;qAdd=0.000;rpiOff=0.000,3282,15945,"RacePacingRejected, RACE action=reject_survival:15472;RacePacingRejected, RACE action=reject_pacing:467;ReplacementNotAllowed:6"
2026-09-16T05:18:29.3308031+00:00,3384612416,0.000000,0,1.000000,0.000000,0.000000,0.340000,SURVIVAL,SURVIVAL,NONE,H_t,reject_survival,phase=none;hMul=1.000;gMul=1.000;qMul=1.000;qAdd=0.000;rpiOff=0.000,3283,15947,"RacePacingRejected, RACE action=reject_survival:15474;RacePacingRejected, RACE action=reject_pacing:467;ReplacementNotAllowed:6"
2026-09-16T05:18:29.8299936+00:00,3384645056,0.000000,1,1.000000,0.000000,0.000244,0.340081,SURVIVAL,SURVIVAL,NONE,H_t,allow_survival,phase=none;hMul=1.000;gMul=1.000;qMul=1.000;qAdd=0.000;rpiOff=0.000,3284,15948,"RacePacingRejected, RACE action=reject_survival:15475;RacePacingRejected, RACE action=reject_pacing:467;ReplacementNotAllowed:6"
2026-09-16T05:18:30.3301662+00:00,3385052672,0.000000,0,1.000000,0.000000,0.000000,0.340000,SURVIVAL,SURVIVAL,NONE,H_t,reject_survival,phase=none;hMul=1.000;gMul=1.000;qMul=1.000;qAdd=0.000;rpiOff=0.000,3284,15951,"RacePacingRejected, RACE action=reject_survival:15478;RacePacingRejected, RACE action=reject_pacing:467;ReplacementNotAllowed:6"
2026-09-16T05:18:30.8305453+00:00,3385069120,0.000000,0,1.000000,0.000000,0.000000,0.340000,SURVIVAL,SURVIVAL,NONE,H_t,reject_survival,phase=none;hMul=1.000;gMul=1.000;qMul=1.000;qAdd=0.000;rpiOff=0.000,3284,15951,"RacePacingRejected, RACE action=reject_survival:15478;RacePacingRejected, RACE action=reject_pacing:467;ReplacementNotAllowed:6"
2026-09-16T05:18:31.3301398+00:00,3385208464,0.000000,0,1.000000,0.000000,0.000000,0.340000,SURVIVAL,SURVIVAL,NONE,H_t,reject_survival,phase=none;hMul=1.000;gMul=1.000;qMul=1.000;qAdd=0.000;rpiOff=0.000,3284,15951,"RacePacingRejected, RACE action=reject_survival:15478;RacePacingRejected, RACE action=reject_pacing:467;ReplacementNotAllowed:6"
2026-09-16T05:18:31.8298129+00:00,3385208464,0.000000,0,1.000000,0.000000,0.000000,0.340000,SURVIVAL,SURVIVAL,NONE,H_t,reject_survival,phase=none;hMul=1.000;gMul=1.000;qMul=1.000;qAdd=0.000;rpiOff=0.000,3284,15951,"RacePacingRejected, RACE action=reject_survival:15478;RacePacingRejected, RACE action=reject_pacing:467;ReplacementNotAllowed:6"
2026-09-16T05:18:32.3303863+00:00,3385303376,0.000000,0,1.000000,0.000000,0.000000,0.340000,SURVIVAL,SURVIVAL,NONE,H_t,reject_survival,phase=none;hMul=1.000;gMul=1.000;qMul=1.000;qAdd=0.000;rpiOff=0.000,3284,15951,"RacePacingRejected, RACE action=reject_survival:15478;RacePacingRejected, RACE action=reject_pacing:467;ReplacementNotAllowed:6"
2026-09-16T05:18:32.8299730+00:00,3385311600,0.000000,0,1.000000,0.000000,0.000000,0.340000,SURVIVAL,SURVIVAL,NONE,H_t,reject_survival,phase=none;hMul=1.000;gMul=1.000;qMul=1.000;qAdd=0.000;rpiOff=0.000,3284,15951,"RacePacingRejected, RACE action=reject_survival:15478;RacePacingRejected, RACE action=reject_pacing:467;ReplacementNotAllowed:6"
2026-09-16T05:18:33.3306022+00:00,3385718048,0.000000,0,1.000000,0.000000,0.000000,0.340000,SURVIVAL,SURVIVAL,NONE,H_t,reject_survival,phase=none;hMul=1.000;gMul=1.000;qMul=1.000;qAdd=0.000;rpiOff=0.000,3284,15951,"RacePacingRejected, RACE action=reject_survival:15478;RacePacingRejected, RACE action=reject_pacing:467;ReplacementNotAllowed:6"
2026-09-16T05:18:33.8308029+00:00,3385718048,0.000000,0,1.000000,0.000000,0.000000,0.340000,SURVIVAL,SURVIVAL,NONE,H_t,reject_survival,phase=none;hMul=1.000;gMul=1.000;qMul=1.000;qAdd=0.000;rpiOff=0.000,3284,15951,"RacePacingRejected, RACE action=reject_survival:15478;RacePacingRejected, RACE action=reject_pacing:467;ReplacementNotAllowed:6"
2026-09-16T05:18:34.3298810+00:00,3386147232,0.000000,0,1.000000,0.000000,0.000000,0.340000,SURVIVAL,SURVIVAL,NONE,H_t,reject_survival,phase=none;hMul=1.000;gMul=1.000;qMul=1.000;qAdd=0.000;rpiOff=0.000,3284,15951,"RacePacingRejected, RACE action=reject_survival:15478;RacePacingRejected, RACE action=reject_pacing:467;ReplacementNotAllowed:6"
2026-09-16T05:18:34.8300532+00:00,3386147232,0.000000,0,1.000000,0.000000,0.000000,0.340000,SURVIVAL,SURVIVAL,NONE,H_t,reject_survival,phase=none;hMul=1.000;gMul=1.000;qMul=1.000;qAdd=0.000;rpiOff=0.000,3284,15951,"RacePacingRejected, RACE action=reject_survival:15478;RacePacingRejected, RACE action=reject_pacing:467;ReplacementNotAllowed:6"
2026-09-16T05:18:35.3299260+00:00,3386188352,0.000000,0,1.000000,0.000000,0.000000,0.340000,SURVIVAL,SURVIVAL,NONE,H_t,reject_survival,phase=none;hMul=1.000;gMul=1.000;qMul=1.000;qAdd=0.000;rpiOff=0.000,3284,15951,"RacePacingRejected, RACE action=reject_survival:15478;RacePacingRejected, RACE action=reject_pacing:467;ReplacementNotAllowed:6"
2026-09-16T05:18:35.8301047+00:00,3386196576,0.000000,0,1.000000,0.000000,0.000000,0.340000,SURVIVAL,SURVIVAL,NONE,H_t,reject_survival,phase=none;hMul=1.000;gMul=1.000;qMul=1.000;qAdd=0.000;rpiOff=0.000,3284,15951,"RacePacingRejected, RACE action=reject_survival:15478;RacePacingRejected, RACE action=reject_pacing:467;ReplacementNotAllowed:6"
2026-09-16T05:18:36.3300399+00:00,3386270080,0.000000,0,1.000000,0.000000,0.000000,0.340000,SURVIVAL,SURVIVAL,NONE,H_t,reject_survival,phase=none;hMul=1.000;gMul=1.000;qMul=1.000;qAdd=0.000;rpiOff=0.000,3284,15951,"RacePacingRejected, RACE action=reject_survival:15478;RacePacingRejected, RACE action=reject_pacing:467;ReplacementNotAllowed:6"
2026-09-16T05:18:36.8302152+00:00,3386278304,0.000000,0,1.000000,0.000000,0.000000,0.340000,SURVIVAL,SURVIVAL,NONE,H_t,reject_survival,phase=none;hMul=1.000;gMul=1.000;qMul=1.000;qAdd=0.000;rpiOff=0.000,3284,15951,"RacePacingRejected, RACE action=reject_survival:15478;RacePacingRejected, RACE action=reject_pacing:467;ReplacementNotAllowed:6"
2026-09-16T05:18:37.3304279+00:00,3386359992,0.000000,0,1.000000,0.000000,0.000000,0.340000,SURVIVAL,SURVIVAL,NONE,H_t,reject_survival,phase=none;hMul=1.000;gMul=1.000;qMul=1.000;qAdd=0.000;rpiOff=0.000,3284,15951,"RacePacingRejected, RACE action=reject_survival:15478;RacePacingRejected, RACE action=reject_pacing:467;ReplacementNotAllowed:6"
2026-09-16T05:18:37.8307164+00:00,3386368216,0.000000,0,1.000000,0.000000,0.000000,0.340000,SURVIVAL,SURVIVAL,NONE,H_t,reject_survival,phase=none;hMul=1.000;gMul=1.000;qMul=1.000;qAdd=0.000;rpiOff=0.000,3284,15951,"RacePacingRejected, RACE action=reject_survival:15478;RacePacingRejected, RACE action=reject_pacing:467;ReplacementNotAllowed:6"
2026-09-16T05:18:38.3301184+00:00,3386409080,0.000000,0,1.000000,0.000000,0.000000,0.340000,SURVIVAL,SURVIVAL,NONE,H_t,reject_survival,phase=none;hMul=1.000;gMul=1.000;qMul=1.000;qAdd=0.000;rpiOff=0.000,3284,15951,"RacePacingRejected, RACE action=reject_survival:15478;RacePacingRejected, RACE action=reject_pacing:467;ReplacementNotAllowed:6"
2026-09-16T05:18:38.8302967+00:00,3386409080,0.000000,0,1.000000,0.000000,0.000000,0.340000,SURVIVAL,SURVIVAL,NONE,H_t,reject_survival,phase=none;hMul=1.000;gMul=1.000;qMul=1.000;qAdd=0.000;rpiOff=0.000,3284,15951,"RacePacingRejected, RACE action=reject_survival:15478;RacePacingRejected, RACE action=reject_pacing:467;ReplacementNotAllowed:6"
2026-09-16T05:18:39.3306791+00:00,3386491320,0.000000,0,1.000000,0.000000,0.000000,0.340000,SURVIVAL,SURVIVAL,NONE,H_t,reject_survival,phase=none;hMul=1.000;gMul=1.000;qMul=1.000;qAdd=0.000;rpiOff=0.000,3284,15951,"RacePacingRejected, RACE action=reject_survival:15478;RacePacingRejected, RACE action=reject_pacing:467;ReplacementNotAllowed:6"
2026-09-16T05:18:39.8298428+00:00,3386499544,0.000000,0,1.000000,0.000000,0.000000,0.340000,SURVIVAL,SURVIVAL,NONE,H_t,reject_survival,phase=none;hMul=1.000;gMul=1.000;qMul=1.000;qAdd=0.000;rpiOff=0.000,3284,15951,"RacePacingRejected, RACE action=reject_survival:15478;RacePacingRejected, RACE action=reject_pacing:467;ReplacementNotAllowed:6"
2026-09-16T05:18:40.3302673+00:00,3386548696,0.000000,0,1.000000,0.000000,0.000000,0.340000,SURVIVAL,SURVIVAL,NONE,H_t,reject_survival,phase=none;hMul=1.000;gMul=1.000;qMul=1.000;qAdd=0.000;rpiOff=0.000,3284,15951,"RacePacingRejected, RACE action=reject_survival:15478;RacePacingRejected, RACE action=reject_pacing:467;ReplacementNotAllowed:6"
2026-09-16T05:18:40.8305828+00:00,3386556920,0.000000,0,1.000000,0.000000,0.000000,0.340000,SURVIVAL,SURVIVAL,NONE,H_t,reject_survival,phase=none;hMul=1.000;gMul=1.000;qMul=1.000;qAdd=0.000;rpiOff=0.000,3284,15951,"RacePacingRejected, RACE action=reject_survival:15478;RacePacingRejected, RACE action=reject_pacing:467;ReplacementNotAllowed:6"
2026-09-16T05:18:41.3301229+00:00,3386622456,0.000000,0,1.000000,0.000000,0.000000,0.340000,SURVIVAL,SURVIVAL,NONE,H_t,reject_survival,phase=none;hMul=1.000;gMul=1.000;qMul=1.000;qAdd=0.000;rpiOff=0.000,3284,15951,"RacePacingRejected, RACE action=reject_survival:15478;RacePacingRejected, RACE action=reject_pacing:467;ReplacementNotAllowed:6"
2026-09-16T05:18:41.8299690+00:00,3386630424,0.000000,0,1.000000,0.000000,0.000000,0.340000,SURVIVAL,SURVIVAL,NONE,H_t,reject_survival,phase=none;hMul=1.000;gMul=1.000;qMul=1.000;qAdd=0.000;rpiOff=0.000,3284,15951,"RacePacingRejected, RACE action=reject_survival:15478;RacePacingRejected, RACE action=reject_pacing:467;ReplacementNotAllowed:6"
