timestamp,raw_heap_metric,raw_gc_metric,raw_mempool_size,normalized_H_t,normalized_G_t,normalized_Q_mem,RPI,current_mode,previous_mode,transition_event,dominant_cause,applied_action,debug_control,accepted_tx_count,rejected_tx_count,rejection_reason_breakdown
2026-09-16T04:39:22.1707414+00:00,30088744,5.707970,0,0.058767,1.000000,0.000000,0.349981,PACING,NORMAL,NORMAL->PACING,G_t,allow_normal,phase=none;hMul=1.000;gMul=1.000;qMul=1.000;qAdd=0.000;rpiOff=0.000,0,0,none
2026-09-16T04:39:22.6701132+00:00,50074048,0.000000,0,0.097801,0.000000,0.000000,0.033252,NORMAL,PACING,PACING->NORMAL,H_t,allow_normal,phase=none;hMul=1.000;gMul=1.000;qMul=1.000;qAdd=0.000;rpiOff=0.000,0,0,none
2026-09-16T04:39:23.1706244+00:00,54866696,0.000000,0,0.107162,0.000000,0.000000,0.036435,NORMAL,NORMAL,NONE,H_t,allow_normal,phase=none;hMul=1.000;gMul=1.000;qMul=1.000;qAdd=0.000;rpiOff=0.000,0,0,none
2026-09-16T04:39:23.6701510+00:00,54866696,0.000000,0,0.107162,0.000000,0.000000,0.036435,NORMAL,NORMAL,NONE,H_t,allow_normal,phase=none;hMul=1.000;gMul=1.000;qMul=1.000;qAdd=0.000;rpiOff=0.000,0,0,none
2026-09-16T04:39:24.1706772+00:00,59660272,0.000000,0,0.116524,0.000000,0.000000,0.039618,NORMAL,NORMAL,NONE,H_t,allow_normal,phase=none;hMul=1.000;gMul=1.000;qMul=1.000;qAdd=0.000;rpiOff=0.000,0,0,none
2026-09-16T04:39:24.6700673+00:00,59668496,0.000000,0,0.116540,0.000000,0.000000,0.039624,NORMAL,NORMAL,NONE,H_t,allow_normal,phase=none;hMul=1.000;gMul=1.000;qMul=1.000;qAdd=0.000;rpiOff=0.000,0,0,none
2026-09-16T04:39:25.1706608+00:00,64452088,0.000000,0,0.125883,0.000000,0.000000,0.042800,NORMAL,NORMAL,NONE,H_t,allow_normal,phase=none;hMul=1.000;gMul=1.000;qMul=1.000;qAdd=0.000;rpiOff=0.000,0,0,none
2026-09-16T04:39:25.6701005+00:00,64460312,0.000000,0,0.125899,0.000000,0.000000,0.042806,NORMAL,NORMAL,NONE,H_t,allow_normal,phase=none;hMul=1.000;gMul=1.000;qMul=1.000;qAdd=0.000;rpiOff=0.000,0,0,none
2026-09-16T04:39:26.1706071+00:00,69114040,0.000000,0,0.134988,0.000000,0.000000,0.045896,NORMAL,NORMAL,NONE,H_t,allow_normal,phase=none;hMul=1.000;gMul=1.000;qMul=1.000;qAdd=0.000;rpiOff=0.000,0,0,none
2026-09-16T04:39:26.6707470+00:00,69122264,0.000000,0,0.135004,0.000000,0.000000,0.045902,NORMAL,NORMAL,NONE,H_t,allow_normal,phase=none;hMul=1.000;gMul=1.000;qMul=1.000;qAdd=0.000;rpiOff=0.000,0,0,none
2026-09-16T04:39:27.1697535+00:00,69590520,0.000000,0,0.135919,0.000000,0.000000,0.046212,NORMAL,NORMAL,NONE,H_t,allow_normal,phase=none;hMul=1.000;gMul=1.000;qMul=1.000;qAdd=0.000;rpiOff=0.000,0,0,none
2026-09-16T04:39:27.6705901+00:00,69590520,0.000000,0,0.135919,0.000000,0.000000,0.046212,NORMAL,NORMAL,NONE,H_t,allow_normal,phase=none;hMul=1.000;gMul=1.000;qMul=1.000;qAdd=0.000;rpiOff=0.000,0,0,none
2026-09-16T04:39:28.1706521+00:00,102421944,0.000000,0,0.200043,0.000000,0.000000,0.068015,NORMAL,NORMAL,NONE,H_t,allow_normal,phase=none;hMul=1.000;gMul=1.000;qMul=1.000;qAdd=0.000;rpiOff=0.000,0,0,none
2026-09-16T04:39:28.6702483+00:00,103167400,0.000000,23,0.201499,0.000000,0.005615,0.070363,NORMAL,NORMAL,NONE,H_t,allow_normal,phase=none;hMul=1.000;gMul=1.000;qMul=1.000;qAdd=0.000;rpiOff=0.000,23,0,none
2026-09-16T04:39:29.1701958+00:00,112450480,0.000000,5,0.219630,0.000000,0.001221,0.075077,NORMAL,NORMAL,NONE,H_t,allow_normal,phase=none;hMul=1.000;gMul=1.000;qMul=1.000;qAdd=0.000;rpiOff=0.000,30,0,none
2026-09-16T04:39:29.6704462+00:00,112458704,0.000000,5,0.219646,0.000000,0.001221,0.075082,NORMAL,NORMAL,NONE,H_t,allow_normal,phase=none;hMul=1.000;gMul=1.000;qMul=1.000;qAdd=0.000;rpiOff=0.000,30,0,none
2026-09-16T04:39:30.1701698+00:00,112614192,0.000000,0,0.219950,0.000000,0.000000,0.074783,NORMAL,NORMAL,NONE,H_t,allow_normal,phase=none;hMul=1.000;gMul=1.000;qMul=1.000;qAdd=0.000;rpiOff=0.000,30,0,none
2026-09-16T04:39:30.6706011+00:00,112614192,0.000000,0,0.219950,0.000000,0.000000,0.074783,NORMAL,NORMAL,NONE,H_t,allow_normal,phase=none;hMul=1.000;gMul=1.000;qMul=1.000;qAdd=0.000;rpiOff=0.000,30,0,none
2026-09-16T04:39:31.1700611+00:00,113202160,0.000000,0,0.221098,0.000000,0.000000,0.075173,NORMAL,NORMAL,NONE,H_t,allow_normal,phase=none;hMul=1.000;gMul=1.000;qMul=1.000;qAdd=0.000;rpiOff=0.000,30,0,none
2026-09-16T04:39:31.6707362+00:00,113210384,0.000000,0,0.221114,0.000000,0.000000,0.075179,NORMAL,NORMAL,NONE,H_t,allow_normal,phase=none;hMul=1.000;gMul=1.000;qMul=1.000;qAdd=0.000;rpiOff=0.000,30,0,none
2026-09-16T04:39:32.1704784+00:00,113251248,0.000000,0,0.221194,0.000000,0.000000,0.075206,NORMAL,NORMAL,NONE,H_t,allow_normal,phase=none;hMul=1.000;gMul=1.000;qMul=1.000;qAdd=0.000;rpiOff=0.000,30,0,none
2026-09-16T04:39:32.6702140+00:00,113251248,0.000000,0,0.221194,0.000000,0.000000,0.075206,NORMAL,NORMAL,NONE,H_t,allow_normal,phase=none;hMul=1.000;gMul=1.000;qMul=1.000;qAdd=0.000;rpiOff=0.000,30,0,none
2026-09-16T04:39:33.1706024+00:00,114122360,0.000000,0,0.222895,0.000000,0.000000,0.075784,NORMAL,NORMAL,NONE,H_t,allow_normal,phase=none;hMul=1.000;gMul=1.000;qMul=1.000;qAdd=0.000;rpiOff=0.000,30,0,none
2026-09-16T04:39:33.6699847+00:00,114138504,0.000000,0,0.222927,0.000000,0.000000,0.075795,NORMAL,NORMAL,NONE,H_t,allow_normal,phase=none;hMul=1.000;gMul=1.000;qMul=1.000;qAdd=0.000;rpiOff=0.000,30,0,none
2026-09-16T04:39:34.1706251+00:00,114653184,0.000000,0,0.223932,0.000000,0.000000,0.076137,NORMAL,NORMAL,NONE,H_t,allow_normal,phase=none;hMul=1.000;gMul=1.000;qMul=1.000;qAdd=0.000;rpiOff=0.000,30,0,none
2026-09-16T04:39:34.6699029+00:00,114653184,0.000000,0,0.223932,0.000000,0.000000,0.076137,NORMAL,NORMAL,NONE,H_t,allow_normal,phase=none;hMul=1.000;gMul=1.000;qMul=1.000;qAdd=0.000;rpiOff=0.000,30,0,none
2026-09-16T04:39:35.1703564+00:00,114694304,0.000000,0,0.224012,0.000000,0.000000,0.076164,NORMAL,NORMAL,NONE,H_t,allow_normal,phase=none;hMul=1.000;gMul=1.000;qMul=1.000;qAdd=0.000;rpiOff=0.000,30,0,none
2026-09-16T04:39:35.6707601+00:00,114694304,0.000000,0,0.224012,0.000000,0.000000,0.076164,NORMAL,NORMAL,NONE,H_t,allow_normal,phase=none;hMul=1.000;gMul=1.000;qMul=1.000;qAdd=0.000;rpiOff=0.000,30,0,none
2026-09-16T04:39:36.1704174+00:00,114776520,0.000000,0,0.224173,0.000000,0.000000,0.076219,NORMAL,NORMAL,NONE,H_t,allow_normal,phase=none;hMul=1.000;gMul=1.000;qMul=1.000;qAdd=0.000;rpiOff=0.000,30,0,none
2026-09-16T04:39:36.6698339+00:00,114776520,0.000000,0,0.224173,0.000000,0.000000,0.076219,NORMAL,NORMAL,NONE,H_t,allow_normal,phase=none;hMul=1.000;gMul=1.000;qMul=1.000;qAdd=0.000;rpiOff=0.000,30,0,none
2026-09-16T04:39:37.1704127+00:00,114825608,0.000000,0,0.224269,0.000000,0.000000,0.076251,NORMAL,NORMAL,NONE,H_t,allow_normal,phase=none;hMul=1.000;gMul=1.000;qMul=1.000;qAdd=0.000;rpiOff=0.000,30,0,none
2026-09-16T04:39:37.6699395+00:00,114825608,0.000000,0,0.224269,0.000000,0.000000,0.076251,NORMAL,NORMAL,NONE,H_t,allow_normal,phase=none;hMul=1.000;gMul=1.000;qMul=1.000;qAdd=0.000;rpiOff=0.000,30,0,none
2026-09-16T04:39:38.1699366+00:00,114899368,0.000000,0,0.224413,0.000000,0.000000,0.076300,NORMAL,NORMAL,NONE,H_t,allow_normal,phase=none;hMul=1.000;gMul=1.000;qMul=1.000;qAdd=0.000;rpiOff=0.000,30,0,none
2026-09-16T04:39:38.6703054+00:00,114899368,0.000000,0,0.224413,0.000000,0.000000,0.076300,NORMAL,NORMAL,NONE,H_t,allow_normal,phase=none;hMul=1.000;gMul=1.000;qMul=1.000;qAdd=0.000;rpiOff=0.000,30,0,none
2026-09-16T04:39:39.1699043+00:00,115014040,0.000000,0,0.224637,0.000000,0.000000,0.076377,NORMAL,NORMAL,NONE,H_t,allow_normal,phase=none;hMul=1.000;gMul=1.000;qMul=1.000;qAdd=0.000;rpiOff=0.000,30,0,none
2026-09-16T04:39:39.6703422+00:00,115014040,0.000000,0,0.224637,0.000000,0.000000,0.076377,NORMAL,NORMAL,NONE,H_t,allow_normal,phase=none;hMul=1.000;gMul=1.000;qMul=1.000;qAdd=0.000;rpiOff=0.000,30,0,none
2026-09-16T04:39:40.1697753+00:00,115448808,0.000000,0,0.225486,0.000000,0.000000,0.076665,NORMAL,NORMAL,NONE,H_t,allow_normal,phase=none;hMul=1.000;gMul=1.000;qMul=1.000;qAdd=0.000;rpiOff=0.000,30,0,none
2026-09-16T04:39:40.6700770+00:00,115448808,0.000000,0,0.225486,0.000000,0.000000,0.076665,NORMAL,NORMAL,NONE,H_t,allow_normal,phase=none;hMul=1.000;gMul=1.000;qMul=1.000;qAdd=0.000;rpiOff=0.000,30,0,none
2026-09-16T04:39:41.1702867+00:00,115497896,0.000000,0,0.225582,0.000000,0.000000,0.076698,NORMAL,NORMAL,NONE,H_t,allow_normal,phase=none;hMul=1.000;gMul=1.000;qMul=1.000;qAdd=0.000;rpiOff=0.000,30,0,none
2026-09-16T04:39:41.6699215+00:00,115575792,0.000000,4,0.225734,0.000000,0.000977,0.077072,NORMAL,NORMAL,NONE,H_t,allow_normal,phase=none;hMul=1.000;gMul=1.000;qMul=1.000;qAdd=0.000;rpiOff=0.000,34,0,none
2026-09-16T04:39:42.1705943+00:00,122773336,0.000000,2,0.239792,0.000000,0.000488,0.081690,NORMAL,NORMAL,NONE,H_t,allow_normal,phase=none;hMul=1.000;gMul=1.000;qMul=1.000;qAdd=0.000;rpiOff=0.000,39,0,none
2026-09-16T04:39:42.6701039+00:00,122863800,0.000000,7,0.239968,0.000000,0.001709,0.082153,NORMAL,NORMAL,NONE,H_t,allow_normal,phase=none;hMul=1.000;gMul=1.000;qMul=1.000;qAdd=0.000;rpiOff=0.000,44,0,none
2026-09-16T04:39:43.1705819+00:00,130958584,0.000000,2,0.255778,0.000000,0.000488,0.087126,NORMAL,NORMAL,NONE,H_t,allow_normal,phase=none;hMul=1.000;gMul=1.000;qMul=1.000;qAdd=0.000;rpiOff=0.000,49,0,none
2026-09-16T04:39:43.6699343+00:00,131015896,0.000000,7,0.255890,0.000000,0.001709,0.087567,NORMAL,NORMAL,NONE,H_t,allow_normal,phase=none;hMul=1.000;gMul=1.000;qMul=1.000;qAdd=0.000;rpiOff=0.000,54,0,none
2026-09-16T04:39:44.1707275+00:00,137557040,0.000000,2,0.268666,0.000000,0.000488,0.091508,NORMAL,NORMAL,NONE,H_t,allow_normal,phase=none;hMul=1.000;gMul=1.000;qMul=1.000;qAdd=0.000;rpiOff=0.000,59,0,none
2026-09-16T04:39:44.6698791+00:00,137622576,0.000000,7,0.268794,0.000000,0.001709,0.091954,NORMAL,NORMAL,NONE,H_t,allow_normal,phase=none;hMul=1.000;gMul=1.000;qMul=1.000;qAdd=0.000;rpiOff=0.000,64,0,none
2026-09-16T04:39:45.1702680+00:00,145039304,0.000000,2,0.283280,0.000000,0.000488,0.096476,NORMAL,NORMAL,NONE,H_t,allow_normal,phase=none;hMul=1.000;gMul=1.000;qMul=1.000;qAdd=0.000;rpiOff=0.000,69,0,none
2026-09-16T04:39:45.6706755+00:00,145104584,0.000000,7,0.283407,0.000000,0.001709,0.096922,NORMAL,NORMAL,NONE,H_t,allow_normal,phase=none;hMul=1.000;gMul=1.000;qMul=1.000;qAdd=0.000;rpiOff=0.000,74,0,none
2026-09-16T04:39:46.1704704+00:00,153942320,0.000000,2,0.300669,0.000000,0.000488,0.102388,NORMAL,NORMAL,NONE,H_t,allow_normal,phase=none;hMul=1.000;gMul=1.000;qMul=1.000;qAdd=0.000;rpiOff=0.000,79,0,none
2026-09-16T04:39:46.6697424+00:00,153991664,0.000000,7,0.300765,0.000000,0.001709,0.102824,NORMAL,NORMAL,NONE,H_t,allow_normal,phase=none;hMul=1.000;gMul=1.000;qMul=1.000;qAdd=0.000;rpiOff=0.000,84,0,none
2026-09-16T04:39:47.1703186+00:00,160959704,0.000000,2,0.314374,0.000000,0.000488,0.107048,NORMAL,NORMAL,NONE,H_t,allow_normal,phase=none;hMul=1.000;gMul=1.000;qMul=1.000;qAdd=0.000;rpiOff=0.000,89,0,none
2026-09-16T04:39:47.6706547+00:00,161017016,0.000000,7,0.314486,0.000000,0.001709,0.107489,NORMAL,NORMAL,NONE,H_t,allow_normal,phase=none;hMul=1.000;gMul=1.000;qMul=1.000;qAdd=0.000;rpiOff=0.000,94,0,none
2026-09-16T04:39:48.1707004+00:00,169944424,0.000000,2,0.331923,0.000000,0.000488,0.113015,NORMAL,NORMAL,NONE,H_t,allow_normal,phase=none;hMul=1.000;gMul=1.000;qMul=1.000;qAdd=0.000;rpiOff=0.000,99,0,none
2026-09-16T04:39:48.6699413+00:00,170001480,0.000000,7,0.332034,0.000000,0.001709,0.113456,NORMAL,NORMAL,NONE,H_t,allow_normal,phase=none;hMul=1.000;gMul=1.000;qMul=1.000;qAdd=0.000;rpiOff=0.000,104,0,none
2026-09-16T04:39:49.1703557+00:00,177921344,0.000000,2,0.347503,0.000000,0.000488,0.118312,NORMAL,NORMAL,NONE,H_t,allow_normal,phase=none;hMul=1.000;gMul=1.000;qMul=1.000;qAdd=0.000;rpiOff=0.000,109,0,none
2026-09-16T04:39:49.6705434+00:00,177987096,0.000000,7,0.347631,0.000000,0.001709,0.118759,NORMAL,NORMAL,NONE,H_t,allow_normal,phase=none;hMul=1.000;gMul=1.000;qMul=1.000;qAdd=0.000;rpiOff=0.000,114,0,none
2026-09-16T04:39:50.1701039+00:00,187489984,0.000000,2,0.366191,0.000000,0.000488,0.124666,NORMAL,NORMAL,NONE,H_t,allow_normal,phase=none;hMul=1.000;gMul=1.000;qMul=1.000;qAdd=0.000;rpiOff=0.000,119,0,none
2026-09-16T04:39:50.6703664+00:00,187572224,0.000000,7,0.366352,0.000000,0.001709,0.125124,NORMAL,NORMAL,NONE,H_t,allow_normal,phase=none;hMul=1.000;gMul=1.000;qMul=1.000;qAdd=0.000;rpiOff=0.000,124,0,none
2026-09-16T04:39:51.1707422+00:00,194363424,0.000000,2,0.379616,0.000000,0.000488,0.129231,NORMAL,NORMAL,NONE,H_t,allow_normal,phase=none;hMul=1.000;gMul=1.000;qMul=1.000;qAdd=0.000;rpiOff=0.000,129,0,none
2026-09-16T04:39:51.6690700+00:00,194429216,0.000000,7,0.379745,0.000000,0.001709,0.129677,NORMAL,NORMAL,NONE,H_t,allow_normal,phase=none;hMul=1.000;gMul=1.000;qMul=1.000;qAdd=0.000;rpiOff=0.000,134,0,none
2026-09-16T04:39:52.1703838+00:00,203149112,0.000000,2,0.396776,0.000000,0.000488,0.135065,NORMAL,NORMAL,NONE,H_t,allow_normal,phase=none;hMul=1.000;gMul=1.000;qMul=1.000;qAdd=0.000;rpiOff=0.000,139,0,none
2026-09-16T04:39:52.6700250+00:00,203198456,0.000000,7,0.396872,0.000000,0.001709,0.135500,NORMAL,NORMAL,NONE,H_t,allow_normal,phase=none;hMul=1.000;gMul=1.000;qMul=1.000;qAdd=0.000;rpiOff=0.000,144,0,none
2026-09-16T04:39:53.1707498+00:00,211524616,0.000000,2,0.413134,0.000000,0.000488,0.140627,NORMAL,NORMAL,NONE,H_t,allow_normal,phase=none;hMul=1.000;gMul=1.000;qMul=1.000;qAdd=0.000;rpiOff=0.000,149,0,none
2026-09-16T04:39:53.6699329+00:00,211598648,0.000000,7,0.413279,0.000000,0.001709,0.141079,NORMAL,NORMAL,NONE,H_t,allow_normal,phase=none;hMul=1.000;gMul=1.000;qMul=1.000;qAdd=0.000;rpiOff=0.000,154,0,none
2026-09-16T04:39:54.1707010+00:00,219124760,0.000000,2,0.427978,0.000000,0.000488,0.145674,NORMAL,NORMAL,NONE,H_t,allow_normal,phase=none;hMul=1.000;gMul=1.000;qMul=1.000;qAdd=0.000;rpiOff=0.000,159,0,none
2026-09-16T04:39:54.6698395+00:00,219173848,0.000000,7,0.428074,0.000000,0.001709,0.146109,NORMAL,NORMAL,NONE,H_t,allow_normal,phase=none;hMul=1.000;gMul=1.000;qMul=1.000;qAdd=0.000;rpiOff=0.000,164,0,none
2026-09-16T04:39:55.1703302+00:00,226934872,0.000000,2,0.443232,0.000000,0.000488,0.150860,NORMAL,NORMAL,NONE,H_t,allow_normal,phase=none;hMul=1.000;gMul=1.000;qMul=1.000;qAdd=0.000;rpiOff=0.000,169,0,none
2026-09-16T04:39:55.6705072+00:00,227000408,0.000000,7,0.443360,0.000000,0.001709,0.151306,NORMAL,NORMAL,NONE,H_t,allow_normal,phase=none;hMul=1.000;gMul=1.000;qMul=1.000;qAdd=0.000;rpiOff=0.000,174,0,none
2026-09-16T04:39:56.1697521+00:00,235128008,0.000000,2,0.459234,0.000000,0.000488,0.156301,NORMAL,NORMAL,NONE,H_t,allow_normal,phase=none;hMul=1.000;gMul=1.000;qMul=1.000;qAdd=0.000;rpiOff=0.000,179,0,none
2026-09-16T04:39:56.6699579+00:00,235176720,0.000000,7,0.459330,0.000000,0.001709,0.156736,NORMAL,NORMAL,NONE,H_t,allow_normal,phase=none;hMul=1.000;gMul=1.000;qMul=1.000;qAdd=0.000;rpiOff=0.000,184,0,none
2026-09-16T04:39:57.1700861+00:00,244002320,0.000000,2,0.476567,0.000000,0.000488,0.162194,NORMAL,NORMAL,NONE,H_t,allow_normal,phase=none;hMul=1.000;gMul=1.000;qMul=1.000;qAdd=0.000;rpiOff=0.000,189,0,none
2026-09-16T04:39:57.6704564+00:00,244067600,0.000000,7,0.476695,0.000000,0.001709,0.162640,NORMAL,NORMAL,NONE,H_t,allow_normal,phase=none;hMul=1.000;gMul=1.000;qMul=1.000;qAdd=0.000;rpiOff=0.000,194,0,none
2026-09-16T04:39:58.1704767+00:00,254667680,0.000000,2,0.497398,0.000000,0.000488,0.169276,NORMAL,NORMAL,NONE,H_t,allow_normal,phase=none;hMul=1.000;gMul=1.000;qMul=1.000;qAdd=0.000;rpiOff=0.000,199,0,none
2026-09-16T04:39:58.6706888+00:00,254724992,0.000000,7,0.497510,0.000000,0.001709,0.169717,NORMAL,NORMAL,NONE,H_t,allow_normal,phase=none;hMul=1.000;gMul=1.000;qMul=1.000;qAdd=0.000;rpiOff=0.000,204,0,none
2026-09-16T04:39:59.1707227+00:00,264478232,0.000000,2,0.516559,0.000000,0.000488,0.175791,NORMAL,NORMAL,NONE,H_t,allow_normal,phase=none;hMul=1.000;gMul=1.000;qMul=1.000;qAdd=0.000;rpiOff=0.000,209,0,none
2026-09-16T04:39:59.6698503+00:00,264535544,0.000000,7,0.516671,0.000000,0.001709,0.176232,NORMAL,NORMAL,NONE,H_t,allow_normal,phase=none;hMul=1.000;gMul=1.000;qMul=1.000;qAdd=0.000;rpiOff=0.000,214,0,none
2026-09-16T04:40:00.1702874+00:00,273392656,0.000000,2,0.533970,0.000000,0.000488,0.181711,NORMAL,NORMAL,NONE,H_t,allow_normal,phase=none;hMul=1.000;gMul=1.000;qMul=1.000;qAdd=0.000;rpiOff=0.000,219,0,none
2026-09-16T04:40:00.6704774+00:00,273433520,0.000000,7,0.534050,0.000000,0.001709,0.182141,NORMAL,NORMAL,NONE,H_t,allow_normal,phase=none;hMul=1.000;gMul=1.000;qMul=1.000;qAdd=0.000;rpiOff=0.000,224,0,none
2026-09-16T04:40:01.1703766+00:00,282791272,0.000000,2,0.552327,0.000000,0.000488,0.187952,NORMAL,NORMAL,NONE,H_t,allow_normal,phase=none;hMul=1.000;gMul=1.000;qMul=1.000;qAdd=0.000;rpiOff=0.000,229,0,none
2026-09-16T04:40:01.6706223+00:00,282840104,0.000000,7,0.552422,0.000000,0.001709,0.188387,NORMAL,NORMAL,NONE,H_t,allow_normal,phase=none;hMul=1.000;gMul=1.000;qMul=1.000;qAdd=0.000;rpiOff=0.000,234,0,none
2026-09-16T04:40:02.1704001+00:00,291409296,0.000000,2,0.569159,0.000000,0.000488,0.193675,NORMAL,NORMAL,NONE,H_t,allow_normal,phase=none;hMul=1.000;gMul=1.000;qMul=1.000;qAdd=0.000;rpiOff=0.000,239,0,none
2026-09-16T04:40:02.6700304+00:00,291457904,0.000000,7,0.569254,0.000000,0.001709,0.194110,NORMAL,NORMAL,NONE,H_t,allow_normal,phase=none;hMul=1.000;gMul=1.000;qMul=1.000;qAdd=0.000;rpiOff=0.000,244,0,none
2026-09-16T04:40:03.1704168+00:00,299067776,0.000000,2,0.584117,0.000000,0.000488,0.198761,NORMAL,NORMAL,NONE,H_t,allow_normal,phase=none;hMul=1.000;gMul=1.000;qMul=1.000;qAdd=0.000;rpiOff=0.000,249,0,none
2026-09-16T04:40:03.6706271+00:00,299128760,0.000000,7,0.584236,0.000000,0.001709,0.199204,NORMAL,NORMAL,NONE,H_t,allow_normal,phase=none;hMul=1.000;gMul=1.000;qMul=1.000;qAdd=0.000;rpiOff=0.000,254,0,none
2026-09-16T04:40:04.1702375+00:00,307548064,0.000000,2,0.600680,0.000000,0.000488,0.204392,PACING,NORMAL,NORMAL->PACING,H_t,allow_normal,phase=none;hMul=1.000;gMul=1.000;qMul=1.000;qAdd=0.000;rpiOff=0.000,259,0,none
2026-09-16T04:40:04.6702438+00:00,307642648,0.000000,3,0.600865,0.000000,0.000732,0.204536,PACING,PACING,NONE,H_t,reject_pacing,phase=none;hMul=1.000;gMul=1.000;qMul=1.000;qAdd=0.000;rpiOff=0.000,260,4,"RacePacingRejected, RACE action=reject_pacing:4"
2026-09-16T04:40:05.1706240+00:00,311727344,0.000000,0,0.608842,0.000000,0.000000,0.207006,PACING,PACING,NONE,H_t,reject_pacing,phase=none;hMul=1.000;gMul=1.000;qMul=1.000;qAdd=0.000;rpiOff=0.000,262,7,"RacePacingRejected, RACE action=reject_pacing:7"
2026-09-16T04:40:05.6706087+00:00,311776656,0.000000,3,0.608939,0.000000,0.000732,0.207281,PACING,PACING,NONE,H_t,reject_pacing,phase=none;hMul=1.000;gMul=1.000;qMul=1.000;qAdd=0.000;rpiOff=0.000,265,9,"RacePacingRejected, RACE action=reject_pacing:9"
2026-09-16T04:40:06.1706015+00:00,316140936,0.000000,1,0.617463,0.000000,0.000244,0.210018,PACING,PACING,NONE,H_t,reject_pacing,phase=none;hMul=1.000;gMul=1.000;qMul=1.000;qAdd=0.000;rpiOff=0.000,267,12,"RacePacingRejected, RACE action=reject_pacing:12"
2026-09-16T04:40:06.6698390+00:00,316222664,0.000000,2,0.617622,0.000000,0.000488,0.210153,PACING,PACING,NONE,H_t,reject_pacing,phase=none;hMul=1.000;gMul=1.000;qMul=1.000;qAdd=0.000;rpiOff=0.000,268,16,"RacePacingRejected, RACE action=reject_pacing:16"
2026-09-16T04:40:07.1701341+00:00,317622776,0.000000,1,0.620357,0.000000,0.000244,0.211002,PACING,PACING,NONE,H_t,allow_pacing,phase=none;hMul=1.000;gMul=1.000;qMul=1.000;qAdd=0.000;rpiOff=0.000,269,20,"RacePacingRejected, RACE action=reject_pacing:20"
2026-09-16T04:40:07.6701800+00:00,317688568,0.000000,4,0.620485,0.000000,0.000977,0.211287,PACING,PACING,NONE,H_t,allow_pacing,phase=none;hMul=1.000;gMul=1.000;qMul=1.000;qAdd=0.000;rpiOff=0.000,272,22,"RacePacingRejected, RACE action=reject_pacing:22"
2026-09-16T04:40:08.1707063+00:00,321180040,0.000000,0,0.627305,0.000000,0.000000,0.213284,PACING,PACING,NONE,H_t,reject_pacing,phase=none;hMul=1.000;gMul=1.000;qMul=1.000;qAdd=0.000;rpiOff=0.000,272,27,"RacePacingRejected, RACE action=reject_pacing:27"
2026-09-16T04:40:08.6702508+00:00,321253800,0.000000,3,0.627449,0.000000,0.000732,0.213574,PACING,PACING,NONE,H_t,reject_pacing,phase=none;hMul=1.000;gMul=1.000;qMul=1.000;qAdd=0.000;rpiOff=0.000,275,29,"RacePacingRejected, RACE action=reject_pacing:29"
2026-09-16T04:40:09.1703365+00:00,324820112,0.000000,1,0.634414,0.000000,0.000244,0.215781,PACING,PACING,NONE,H_t,reject_pacing,phase=none;hMul=1.000;gMul=1.000;qMul=1.000;qAdd=0.000;rpiOff=0.000,277,32,"RacePacingRejected, RACE action=reject_pacing:32"
2026-09-16T04:40:09.6702505+00:00,324901840,0.000000,2,0.634574,0.000000,0.000488,0.215916,PACING,PACING,NONE,H_t,reject_pacing,phase=none;hMul=1.000;gMul=1.000;qMul=1.000;qAdd=0.000;rpiOff=0.000,278,36,"RacePacingRejected, RACE action=reject_pacing:36"
2026-09-16T04:40:10.1702690+00:00,326413816,0.000000,0,0.637527,0.000000,0.000000,0.216759,PACING,PACING,NONE,H_t,reject_pacing,phase=none;hMul=1.000;gMul=1.000;qMul=1.000;qAdd=0.000;rpiOff=0.000,278,41,"RacePacingRejected, RACE action=reject_pacing:41"
2026-09-16T04:40:10.6702820+00:00,326479608,0.000000,3,0.637655,0.000000,0.000732,0.217045,PACING,PACING,NONE,H_t,allow_pacing,phase=none;hMul=1.000;gMul=1.000;qMul=1.000;qAdd=0.000;rpiOff=0.000,281,43,"RacePacingRejected, RACE action=reject_pacing:43"
2026-09-16T04:40:11.1700115+00:00,329843640,0.000000,1,0.644226,0.000000,0.000244,0.219117,PACING,PACING,NONE,H_t,reject_pacing,phase=none;hMul=1.000;gMul=1.000;qMul=1.000;qAdd=0.000;rpiOff=0.000,283,46,"RacePacingRejected, RACE action=reject_pacing:46"
2026-09-16T04:40:11.6706973+00:00,329892984,0.000000,2,0.644322,0.000000,0.000488,0.219231,PACING,PACING,NONE,H_t,reject_pacing,phase=none;hMul=1.000;gMul=1.000;qMul=1.000;qAdd=0.000;rpiOff=0.000,284,47,"RacePacingRejected, RACE action=reject_pacing:47"
2026-09-16T04:40:12.1703130+00:00,331592288,0.000000,0,0.647641,0.000000,0.000000,0.220198,PACING,PACING,NONE,H_t,reject_pacing,phase=none;hMul=1.000;gMul=1.000;qMul=1.000;qAdd=0.000;rpiOff=0.000,284,47,"RacePacingRejected, RACE action=reject_pacing:47"
2026-09-16T04:40:12.6699447+00:00,331600512,0.000000,0,0.647657,0.000000,0.000000,0.220203,PACING,PACING,NONE,H_t,reject_pacing,phase=none;hMul=1.000;gMul=1.000;qMul=1.000;qAdd=0.000;rpiOff=0.000,284,47,"RacePacingRejected, RACE action=reject_pacing:47"
2026-09-16T04:40:13.1704942+00:00,331744160,0.000000,0,0.647938,0.000000,0.000000,0.220299,PACING,PACING,NONE,H_t,reject_pacing,phase=none;hMul=1.000;gMul=1.000;qMul=1.000;qAdd=0.000;rpiOff=0.000,284,47,"RacePacingRejected, RACE action=reject_pacing:47"
2026-09-16T04:40:13.6698378+00:00,331744160,0.000000,0,0.647938,0.000000,0.000000,0.220299,PACING,PACING,NONE,H_t,reject_pacing,phase=none;hMul=1.000;gMul=1.000;qMul=1.000;qAdd=0.000;rpiOff=0.000,284,47,"RacePacingRejected, RACE action=reject_pacing:47"
2026-09-16T04:40:14.1707413+00:00,331793216,0.000000,0,0.648034,0.000000,0.000000,0.220331,PACING,PACING,NONE,H_t,reject_pacing,phase=none;hMul=1.000;gMul=1.000;qMul=1.000;qAdd=0.000;rpiOff=0.000,284,47,"RacePacingRejected, RACE action=reject_pacing:47"
2026-09-16T04:40:14.6700810+00:00,331793216,0.000000,0,0.648034,0.000000,0.000000,0.220331,PACING,PACING,NONE,H_t,reject_pacing,phase=none;hMul=1.000;gMul=1.000;qMul=1.000;qAdd=0.000;rpiOff=0.000,284,47,"RacePacingRejected, RACE action=reject_pacing:47"
2026-09-16T04:40:15.1701803+00:00,332230736,0.000000,0,0.648888,0.000000,0.000000,0.220622,PACING,PACING,NONE,H_t,reject_pacing,phase=none;hMul=1.000;gMul=1.000;qMul=1.000;qAdd=0.000;rpiOff=0.000,284,47,"RacePacingRejected, RACE action=reject_pacing:47"
2026-09-16T04:40:15.6703779+00:00,332230736,0.000000,0,0.648888,0.000000,0.000000,0.220622,PACING,PACING,NONE,H_t,reject_pacing,phase=none;hMul=1.000;gMul=1.000;qMul=1.000;qAdd=0.000;rpiOff=0.000,284,47,"RacePacingRejected, RACE action=reject_pacing:47"
2026-09-16T04:40:16.1697614+00:00,332271600,0.000000,0,0.648968,0.000000,0.000000,0.220649,PACING,PACING,NONE,H_t,reject_pacing,phase=none;hMul=1.000;gMul=1.000;qMul=1.000;qAdd=0.000;rpiOff=0.000,284,47,"RacePacingRejected, RACE action=reject_pacing:47"
2026-09-16T04:40:16.6699779+00:00,332279824,0.000000,0,0.648984,0.000000,0.000000,0.220655,PACING,PACING,NONE,H_t,reject_pacing,phase=none;hMul=1.000;gMul=1.000;qMul=1.000;qAdd=0.000;rpiOff=0.000,284,47,"RacePacingRejected, RACE action=reject_pacing:47"
2026-09-16T04:40:17.1702262+00:00,332353328,0.000000,0,0.649128,0.000000,0.000000,0.220703,PACING,PACING,NONE,H_t,reject_pacing,phase=none;hMul=1.000;gMul=1.000;qMul=1.000;qAdd=0.000;rpiOff=0.000,284,47,"RacePacingRejected, RACE action=reject_pacing:47"
2026-09-16T04:40:17.6705586+00:00,332353328,0.000000,0,0.649128,0.000000,0.000000,0.220703,PACING,PACING,NONE,H_t,reject_pacing,phase=none;hMul=1.000;gMul=1.000;qMul=1.000;qAdd=0.000;rpiOff=0.000,284,47,"RacePacingRejected, RACE action=reject_pacing:47"
2026-09-16T04:40:18.1704593+00:00,332800832,0.000000,0,0.650002,0.000000,0.000000,0.221001,PACING,PACING,NONE,H_t,reject_pacing,phase=none;hMul=1.000;gMul=1.000;qMul=1.000;qAdd=0.000;rpiOff=0.000,284,47,"RacePacingRejected, RACE action=reject_pacing:47"
2026-09-16T04:40:18.6706693+00:00,332800832,0.000000,0,0.650002,0.000000,0.000000,0.221001,PACING,PACING,NONE,H_t,reject_pacing,phase=none;hMul=1.000;gMul=1.000;qMul=1.000;qAdd=0.000;rpiOff=0.000,284,47,"RacePacingRejected, RACE action=reject_pacing:47"
2026-09-16T04:40:19.1700732+00:00,332841696,0.000000,0,0.650081,0.000000,0.000000,0.221028,PACING,PACING,NONE,H_t,reject_pacing,phase=none;hMul=1.000;gMul=1.000;qMul=1.000;qAdd=0.000;rpiOff=0.000,284,47,"RacePacingRejected, RACE action=reject_pacing:47"
2026-09-16T04:40:19.6703409+00:00,332841696,0.000000,0,0.650081,0.000000,0.000000,0.221028,PACING,PACING,NONE,H_t,reject_pacing,phase=none;hMul=1.000;gMul=1.000;qMul=1.000;qAdd=0.000;rpiOff=0.000,284,47,"RacePacingRejected, RACE action=reject_pacing:47"
2026-09-16T04:40:20.1697766+00:00,332915456,0.000000,0,0.650226,0.000000,0.000000,0.221077,PACING,PACING,NONE,H_t,reject_pacing,phase=none;hMul=1.000;gMul=1.000;qMul=1.000;qAdd=0.000;rpiOff=0.000,284,47,"RacePacingRejected, RACE action=reject_pacing:47"
2026-09-16T04:40:20.6700471+00:00,332915456,0.000000,0,0.650226,0.000000,0.000000,0.221077,PACING,PACING,NONE,H_t,reject_pacing,phase=none;hMul=1.000;gMul=1.000;qMul=1.000;qAdd=0.000;rpiOff=0.000,284,47,"RacePacingRejected, RACE action=reject_pacing:47"
2026-09-16T04:40:21.1699734+00:00,332956320,0.000000,0,0.650305,0.000000,0.000000,0.221104,PACING,PACING,NONE,H_t,reject_pacing,phase=none;hMul=1.000;gMul=1.000;qMul=1.000;qAdd=0.000;rpiOff=0.000,284,47,"RacePacingRejected, RACE action=reject_pacing:47"
2026-09-16T04:40:21.6705075+00:00,332964544,0.000000,0,0.650321,0.000000,0.000000,0.221109,PACING,PACING,NONE,H_t,reject_pacing,phase=none;hMul=1.000;gMul=1.000;qMul=1.000;qAdd=0.000;rpiOff=0.000,284,47,"RacePacingRejected, RACE action=reject_pacing:47"
2026-09-16T04:40:22.1704235+00:00,333029776,0.000000,0,0.650449,0.000000,0.000000,0.221153,PACING,PACING,NONE,H_t,reject_pacing,phase=none;hMul=1.000;gMul=1.000;qMul=1.000;qAdd=0.000;rpiOff=0.000,284,47,"RacePacingRejected, RACE action=reject_pacing:47"
2026-09-16T04:40:22.6700451+00:00,333038000,0.000000,0,0.650465,0.000000,0.000000,0.221158,PACING,PACING,NONE,H_t,reject_pacing,phase=none;hMul=1.000;gMul=1.000;qMul=1.000;qAdd=0.000;rpiOff=0.000,284,47,"RacePacingRejected, RACE action=reject_pacing:47"
2026-09-16T04:40:23.1703610+00:00,333111504,0.000000,0,0.650608,0.000000,0.000000,0.221207,PACING,PACING,NONE,H_t,reject_pacing,phase=none;hMul=1.000;gMul=1.000;qMul=1.000;qAdd=0.000;rpiOff=0.000,284,47,"RacePacingRejected, RACE action=reject_pacing:47"
2026-09-16T04:40:23.6706839+00:00,333868600,0.000000,29,0.652087,0.000000,0.007080,0.224046,PACING,PACING,NONE,H_t,reject_pacing,phase=none;hMul=1.000;gMul=1.000;qMul=1.000;qAdd=0.000;rpiOff=0.000,313,81,"RacePacingRejected, RACE action=reject_pacing:81"
2026-09-16T04:40:24.1705479+00:00,345859656,0.000000,27,0.675507,0.000000,0.006592,0.231848,PACING,PACING,NONE,H_t,allow_pacing,phase=none;hMul=1.000;gMul=1.000;qMul=1.000;qAdd=0.000;rpiOff=0.000,336,133,"RacePacingRejected, RACE action=reject_pacing:133"
2026-09-16T04:40:24.6704628+00:00,346919792,0.000000,52,0.677578,0.000000,0.012695,0.234566,PACING,PACING,NONE,H_t,reject_pacing,phase=none;hMul=1.000;gMul=1.000;qMul=1.000;qAdd=0.000;rpiOff=0.000,361,183,"RacePacingRejected, RACE action=reject_pacing:183"
2026-09-16T04:40:25.1704403+00:00,355965880,0.000000,53,0.695246,0.000000,0.012939,0.240654,PACING,PACING,NONE,H_t,reject_pacing,phase=none;hMul=1.000;gMul=1.000;qMul=1.000;qAdd=0.000;rpiOff=0.000,387,232,"RacePacingRejected, RACE action=reject_pacing:232"
2026-09-16T04:40:25.6699429+00:00,356981728,0.000000,83,0.697230,0.000000,0.020264,0.243745,PACING,PACING,NONE,H_t,reject_pacing,phase=none;hMul=1.000;gMul=1.000;qMul=1.000;qAdd=0.000;rpiOff=0.000,417,277,"RacePacingRejected, RACE action=reject_pacing:277"
2026-09-16T04:40:26.1699347+00:00,366483104,0.000000,86,0.715787,0.000000,0.020996,0.250296,PACING,PACING,NONE,H_t,allow_pacing,phase=none;hMul=1.000;gMul=1.000;qMul=1.000;qAdd=0.000;rpiOff=0.000,445,324,"RacePacingRejected, RACE action=reject_pacing:324"
2026-09-16T04:40:26.6698318+00:00,367692656,0.000000,106,0.718150,0.000000,0.025879,0.252711,PACING,PACING,NONE,H_t,reject_pacing,phase=none;hMul=1.000;gMul=1.000;qMul=1.000;qAdd=0.000;rpiOff=0.000,465,379,"RacePacingRejected, RACE action=reject_pacing:379"
2026-09-16T04:40:27.1700333+00:00,380114056,0.000000,115,0.742410,0.000000,0.028076,0.261685,SURVIVAL,PACING,PACING->SURVIVAL,H_t,reject_pacing,phase=none;hMul=1.000;gMul=1.000;qMul=1.000;qAdd=0.000;rpiOff=0.000,499,420,"RacePacingRejected, RACE action=reject_pacing:420"
2026-09-16T04:40:27.6705566+00:00,381310320,0.000000,131,0.744747,0.000000,0.031982,0.263768,SURVIVAL,SURVIVAL,NONE,H_t,reject_survival,phase=none;hMul=1.000;gMul=1.000;qMul=1.000;qAdd=0.000;rpiOff=0.000,515,480,"RacePacingRejected, RACE action=reject_pacing:420;RacePacingRejected, RACE action=reject_survival:59"
2026-09-16T04:40:28.1703536+00:00,403675880,0.000000,121,0.788429,0.000000,0.029541,0.277815,SURVIVAL,SURVIVAL,NONE,H_t,reject_survival,phase=none;hMul=1.000;gMul=1.000;qMul=1.000;qAdd=0.000;rpiOff=0.000,530,539,"RacePacingRejected, RACE action=reject_pacing:420;RacePacingRejected, RACE action=reject_survival:119"
2026-09-16T04:40:28.6703066+00:00,404950280,0.000000,133,0.790919,0.000000,0.032471,0.279628,SURVIVAL,SURVIVAL,NONE,H_t,reject_survival,phase=none;hMul=1.000;gMul=1.000;qMul=1.000;qAdd=0.000;rpiOff=0.000,542,602,"RacePacingRejected, RACE action=reject_pacing:420;RacePacingRejected, RACE action=reject_survival:182"
2026-09-16T04:40:29.1701047+00:00,425715368,0.000000,122,0.831475,0.000000,0.029785,0.292531,SURVIVAL,SURVIVAL,NONE,H_t,reject_survival,phase=none;hMul=1.000;gMul=1.000;qMul=1.000;qAdd=0.000;rpiOff=0.000,556,663,"RacePacingRejected, RACE action=reject_pacing:420;RacePacingRejected, RACE action=reject_survival:243"
2026-09-16T04:40:29.6699777+00:00,426969232,0.000000,135,0.833924,0.000000,0.032959,0.294411,SURVIVAL,SURVIVAL,NONE,H_t,reject_survival,phase=none;hMul=1.000;gMul=1.000;qMul=1.000;qAdd=0.000;rpiOff=0.000,569,725,"RacePacingRejected, RACE action=reject_pacing:420;RacePacingRejected, RACE action=reject_survival:305"
2026-09-16T04:40:30.1699830+00:00,450017568,0.000000,120,0.878941,0.000000,0.029297,0.308508,SURVIVAL,SURVIVAL,NONE,H_t,reject_survival,phase=none;hMul=1.000;gMul=1.000;qMul=1.000;qAdd=0.000;rpiOff=0.000,579,790,"RacePacingRejected, RACE action=reject_pacing:420;RacePacingRejected, RACE action=reject_survival:370"
2026-09-16T04:40:30.6699107+00:00,451267288,0.000000,135,0.881381,0.000000,0.032959,0.310546,SURVIVAL,SURVIVAL,NONE,H_t,reject_survival,phase=none;hMul=1.000;gMul=1.000;qMul=1.000;qAdd=0.000;rpiOff=0.000,594,850,"RacePacingRejected, RACE action=reject_survival:430;RacePacingRejected, RACE action=reject_pacing:420"
2026-09-16T04:40:31.1697455+00:00,476716096,0.000000,119,0.931086,0.000000,0.029053,0.326157,SURVIVAL,SURVIVAL,NONE,H_t,reject_survival,phase=none;hMul=1.000;gMul=1.000;qMul=1.000;qAdd=0.000;rpiOff=0.000,603,916,"RacePacingRejected, RACE action=reject_survival:496;RacePacingRejected, RACE action=reject_pacing:420"
2026-09-16T04:40:31.6704985+00:00,477994064,0.000000,130,0.933582,0.000000,0.031738,0.327892,SURVIVAL,SURVIVAL,NONE,H_t,reject_survival,phase=none;hMul=1.000;gMul=1.000;qMul=1.000;qAdd=0.000;rpiOff=0.000,614,980,"RacePacingRejected, RACE action=reject_survival:560;RacePacingRejected, RACE action=reject_pacing:420"
2026-09-16T04:40:32.1700945+00:00,508589016,0.000000,120,0.993338,0.000000,0.029297,0.347403,SURVIVAL,SURVIVAL,NONE,H_t,allow_survival,phase=none;hMul=1.000;gMul=1.000;qMul=1.000;qAdd=0.000;rpiOff=0.000,629,1040,"RacePacingRejected, RACE action=reject_survival:620;RacePacingRejected, RACE action=reject_pacing:420"
2026-09-16T04:40:32.6705824+00:00,509883168,0.000000,130,0.995866,0.000000,0.031738,0.349068,SURVIVAL,SURVIVAL,NONE,H_t,reject_survival,phase=none;hMul=1.000;gMul=1.000;qMul=1.000;qAdd=0.000;rpiOff=0.000,639,1105,"RacePacingRejected, RACE action=reject_survival:685;RacePacingRejected, RACE action=reject_pacing:420"
2026-09-16T04:40:33.1700954+00:00,535963816,0.000000,113,1.000000,0.000000,0.027588,0.349104,SURVIVAL,SURVIVAL,NONE,H_t,reject_survival,phase=none;hMul=1.000;gMul=1.000;qMul=1.000;qAdd=0.000;rpiOff=0.000,647,1172,"RacePacingRejected, RACE action=reject_survival:752;RacePacingRejected, RACE action=reject_pacing:420"
2026-09-16T04:40:33.6699457+00:00,537184584,0.000000,133,1.000000,0.000000,0.032471,0.350715,SURVIVAL,SURVIVAL,NONE,H_t,reject_survival,phase=none;hMul=1.000;gMul=1.000;qMul=1.000;qAdd=0.000;rpiOff=0.000,667,1227,"RacePacingRejected, RACE action=reject_survival:807;RacePacingRejected, RACE action=reject_pacing:420"
2026-09-16T04:40:34.1707445+00:00,561246560,0.000000,117,1.000000,0.000000,0.028564,0.349426,SURVIVAL,SURVIVAL,NONE,H_t,reject_survival,phase=none;hMul=1.000;gMul=1.000;qMul=1.000;qAdd=0.000;rpiOff=0.000,676,1293,"RacePacingRejected, RACE action=reject_survival:873;RacePacingRejected, RACE action=reject_pacing:420"
2026-09-16T04:40:34.6701598+00:00,562532240,0.000000,130,1.000000,0.000000,0.031738,0.350474,SURVIVAL,SURVIVAL,NONE,H_t,reject_survival,phase=none;hMul=1.000;gMul=1.000;qMul=1.000;qAdd=0.000;rpiOff=0.000,689,1355,"RacePacingRejected, RACE action=reject_survival:935;RacePacingRejected, RACE action=reject_pacing:420"
2026-09-16T04:40:35.1706749+00:00,584233224,0.000000,108,1.000000,0.000000,0.026367,0.348701,SURVIVAL,SURVIVAL,NONE,H_t,allow_survival,phase=none;hMul=1.000;gMul=1.000;qMul=1.000;qAdd=0.000;rpiOff=0.000,692,1427,"RacePacingRejected, RACE action=reject_survival:1007;RacePacingRejected, RACE action=reject_pacing:420"
2026-09-16T04:40:35.6703224+00:00,585530800,0.000000,121,1.000000,0.000000,0.029541,0.349749,SURVIVAL,SURVIVAL,NONE,H_t,reject_survival,phase=none;hMul=1.000;gMul=1.000;qMul=1.000;qAdd=0.000;rpiOff=0.000,705,1489,"RacePacingRejected, RACE action=reject_survival:1069;RacePacingRejected, RACE action=reject_pacing:420"
2026-09-16T04:40:36.1699870+00:00,606375032,0.000000,106,1.000000,0.000000,0.025879,0.348540,SURVIVAL,SURVIVAL,NONE,H_t,reject_survival,phase=none;hMul=1.000;gMul=1.000;qMul=1.000;qAdd=0.000;rpiOff=0.000,715,1554,"RacePacingRejected, RACE action=reject_survival:1134;RacePacingRejected, RACE action=reject_pacing:420"
2026-09-16T04:40:36.6703648+00:00,607701432,0.000000,115,1.000000,0.000000,0.028076,0.349265,SURVIVAL,SURVIVAL,NONE,H_t,reject_survival,phase=none;hMul=1.000;gMul=1.000;qMul=1.000;qAdd=0.000;rpiOff=0.000,724,1620,"RacePacingRejected, RACE action=reject_survival:1200;RacePacingRejected, RACE action=reject_pacing:420"
2026-09-16T04:40:37.1702831+00:00,629968768,0.000000,102,1.000000,0.000000,0.024902,0.348218,SURVIVAL,SURVIVAL,NONE,H_t,reject_survival,phase=none;hMul=1.000;gMul=1.000;qMul=1.000;qAdd=0.000;rpiOff=0.000,736,1683,"RacePacingRejected, RACE action=reject_survival:1263;RacePacingRejected, RACE action=reject_pacing:420"
2026-09-16T04:40:37.6704100+00:00,631279312,0.000000,111,1.000000,0.000000,0.027100,0.348943,SURVIVAL,SURVIVAL,NONE,H_t,reject_survival,phase=none;hMul=1.000;gMul=1.000;qMul=1.000;qAdd=0.000;rpiOff=0.000,745,1749,"RacePacingRejected, RACE action=reject_survival:1329;RacePacingRejected, RACE action=reject_pacing:420"
2026-09-16T04:40:38.1923510+00:00,269267440,7.663701,102,0.525913,1.000000,0.024902,0.517028,SURVIVAL,SURVIVAL,NONE,G_t,reject_survival,phase=none;hMul=1.000;gMul=1.000;qMul=1.000;qAdd=0.000;rpiOff=0.000,761,1813,"RacePacingRejected, RACE action=reject_survival:1393;RacePacingRejected, RACE action=reject_pacing:420"
2026-09-16T04:40:38.6699617+00:00,270505552,0.000000,111,0.528331,0.000000,0.027100,0.188575,PACING,SURVIVAL,SURVIVAL->PACING,H_t,reject_survival,phase=none;hMul=1.000;gMul=1.000;qMul=1.000;qAdd=0.000;rpiOff=0.000,770,1874,"RacePacingRejected, RACE action=reject_survival:1454;RacePacingRejected, RACE action=reject_pacing:420"
2026-09-16T04:40:39.1700821+00:00,293503080,0.000000,110,0.573248,0.000000,0.026855,0.203767,PACING,PACING,NONE,H_t,reject_pacing,phase=none;hMul=1.000;gMul=1.000;qMul=1.000;qAdd=0.000;rpiOff=0.000,794,1925,"RacePacingRejected, RACE action=reject_survival:1454;RacePacingRejected, RACE action=reject_pacing:471"
2026-09-16T04:40:39.6701083+00:00,294684928,0.000000,134,0.575557,0.000000,0.032715,0.206485,PACING,PACING,NONE,H_t,allow_pacing,phase=none;hMul=1.000;gMul=1.000;qMul=1.000;qAdd=0.000;rpiOff=0.000,818,1976,"RacePacingRejected, RACE action=reject_survival:1454;RacePacingRejected, RACE action=reject_pacing:522"
2026-09-16T04:40:40.1699560+00:00,318995168,0.000000,141,0.623037,0.000000,0.034424,0.223193,PACING,PACING,NONE,H_t,reject_pacing,phase=none;hMul=1.000;gMul=1.000;qMul=1.000;qAdd=0.000;rpiOff=0.000,850,2019,"RacePacingRejected, RACE action=reject_survival:1454;RacePacingRejected, RACE action=reject_pacing:565"
2026-09-16T04:40:40.6704083+00:00,320190704,0.000000,170,0.625372,0.000000,0.041504,0.226323,PACING,PACING,NONE,H_t,reject_pacing,phase=none;hMul=1.000;gMul=1.000;qMul=1.000;qAdd=0.000;rpiOff=0.000,879,2065,"RacePacingRejected, RACE action=reject_survival:1454;RacePacingRejected, RACE action=reject_pacing:611"
2026-09-16T04:40:41.1700395+00:00,342014096,0.000000,168,0.667996,0.000000,0.041016,0.240654,PACING,PACING,NONE,H_t,reject_pacing,phase=none;hMul=1.000;gMul=1.000;qMul=1.000;qAdd=0.000;rpiOff=0.000,902,2117,"RacePacingRejected, RACE action=reject_survival:1454;RacePacingRejected, RACE action=reject_pacing:663"
2026-09-16T04:40:41.6703775+00:00,343272256,0.000000,193,0.670454,0.000000,0.047119,0.243504,PACING,PACING,NONE,H_t,reject_pacing,phase=none;hMul=1.000;gMul=1.000;qMul=1.000;qAdd=0.000;rpiOff=0.000,927,2167,"RacePacingRejected, RACE action=reject_survival:1454;RacePacingRejected, RACE action=reject_pacing:713"
2026-09-16T04:40:42.1698994+00:00,366103712,0.000000,195,0.715046,0.000000,0.047607,0.258826,PACING,PACING,NONE,H_t,reject_pacing,phase=none;hMul=1.000;gMul=1.000;qMul=1.000;qAdd=0.000;rpiOff=0.000,954,2215,"RacePacingRejected, RACE action=reject_survival:1454;RacePacingRejected, RACE action=reject_pacing:761"
2026-09-16T04:40:42.6703489+00:00,367402368,0.000000,219,0.717583,0.000000,0.053467,0.261622,SURVIVAL,PACING,PACING->SURVIVAL,H_t,reject_pacing,phase=none;hMul=1.000;gMul=1.000;qMul=1.000;qAdd=0.000;rpiOff=0.000,978,2266,"RacePacingRejected, RACE action=reject_survival:1454;RacePacingRejected, RACE action=reject_pacing:812"
2026-09-16T04:40:43.1706380+00:00,390723720,0.000000,202,0.763132,0.000000,0.049316,0.275739,SURVIVAL,SURVIVAL,NONE,H_t,reject_survival,phase=none;hMul=1.000;gMul=1.000;qMul=1.000;qAdd=0.000;rpiOff=0.000,986,2333,"RacePacingRejected, RACE action=reject_survival:1521;RacePacingRejected, RACE action=reject_pacing:812"
2026-09-16T04:40:43.6705537+00:00,392202736,0.000000,209,0.766021,0.000000,0.051025,0.277286,SURVIVAL,SURVIVAL,NONE,H_t,reject_survival,phase=none;hMul=1.000;gMul=1.000;qMul=1.000;qAdd=0.000;rpiOff=0.000,993,2401,"RacePacingRejected, RACE action=reject_survival:1589;RacePacingRejected, RACE action=reject_pacing:812"
2026-09-16T04:40:44.1704224+00:00,417921256,0.000000,195,0.816252,0.000000,0.047607,0.293236,SURVIVAL,SURVIVAL,NONE,H_t,reject_survival,phase=none;hMul=1.000;gMul=1.000;qMul=1.000;qAdd=0.000;rpiOff=0.000,1004,2465,"RacePacingRejected, RACE action=reject_survival:1653;RacePacingRejected, RACE action=reject_pacing:812"
2026-09-16T04:40:44.6701123+00:00,419334656,0.000000,208,0.819013,0.000000,0.050781,0.295222,SURVIVAL,SURVIVAL,NONE,H_t,reject_survival,phase=none;hMul=1.000;gMul=1.000;qMul=1.000;qAdd=0.000;rpiOff=0.000,1017,2527,"RacePacingRejected, RACE action=reject_survival:1715;RacePacingRejected, RACE action=reject_pacing:812"
2026-09-16T04:40:45.1697723+00:00,445962728,0.000000,193,0.871021,0.000000,0.047119,0.311696,SURVIVAL,SURVIVAL,NONE,H_t,reject_survival,phase=none;hMul=1.000;gMul=1.000;qMul=1.000;qAdd=0.000;rpiOff=0.000,1027,2592,"RacePacingRejected, RACE action=reject_survival:1780;RacePacingRejected, RACE action=reject_pacing:812"
2026-09-16T04:40:45.6698624+00:00,447409768,0.000000,200,0.873847,0.000000,0.048828,0.313221,SURVIVAL,SURVIVAL,NONE,H_t,reject_survival,phase=none;hMul=1.000;gMul=1.000;qMul=1.000;qAdd=0.000;rpiOff=0.000,1034,2660,"RacePacingRejected, RACE action=reject_survival:1848;RacePacingRejected, RACE action=reject_pacing:812"
2026-09-16T04:40:46.1701822+00:00,473102464,0.000000,182,0.924028,0.000000,0.044434,0.328833,SURVIVAL,SURVIVAL,NONE,H_t,reject_survival,phase=none;hMul=1.000;gMul=1.000;qMul=1.000;qAdd=0.000;rpiOff=0.000,1041,2728,"RacePacingRejected, RACE action=reject_survival:1916;RacePacingRejected, RACE action=reject_pacing:812"
2026-09-16T04:40:46.6702590+00:00,474508768,0.000000,192,0.926775,0.000000,0.046875,0.330572,SURVIVAL,SURVIVAL,NONE,H_t,reject_survival,phase=none;hMul=1.000;gMul=1.000;qMul=1.000;qAdd=0.000;rpiOff=0.000,1051,2793,"RacePacingRejected, RACE action=reject_survival:1981;RacePacingRejected, RACE action=reject_pacing:812"
2026-09-16T04:40:47.1702417+00:00,506221048,0.000000,173,0.988713,0.000000,0.042236,0.350100,SURVIVAL,SURVIVAL,NONE,H_t,reject_survival,phase=none;hMul=1.000;gMul=1.000;qMul=1.000;qAdd=0.000;rpiOff=0.000,1057,2862,"RacePacingRejected, RACE action=reject_survival:2050;RacePacingRejected, RACE action=reject_pacing:812"
2026-09-16T04:40:47.6702156+00:00,507651976,0.000000,184,0.991508,0.000000,0.044922,0.351937,SURVIVAL,SURVIVAL,NONE,H_t,allow_survival,phase=none;hMul=1.000;gMul=1.000;qMul=1.000;qAdd=0.000;rpiOff=0.000,1068,2926,"RacePacingRejected, RACE action=reject_survival:2114;RacePacingRejected, RACE action=reject_pacing:812"
2026-09-16T04:40:48.1705150+00:00,542129552,0.000000,169,1.000000,0.000000,0.041260,0.353616,SURVIVAL,SURVIVAL,NONE,H_t,reject_survival,phase=none;hMul=1.000;gMul=1.000;qMul=1.000;qAdd=0.000;rpiOff=0.000,1078,2991,"RacePacingRejected, RACE action=reject_survival:2179;RacePacingRejected, RACE action=reject_pacing:812"
2026-09-16T04:40:48.6702683+00:00,543493200,0.000000,183,1.000000,0.000000,0.044678,0.354744,SURVIVAL,SURVIVAL,NONE,H_t,reject_survival,phase=none;hMul=1.000;gMul=1.000;qMul=1.000;qAdd=0.000;rpiOff=0.000,1092,3052,"RacePacingRejected, RACE action=reject_survival:2240;RacePacingRejected, RACE action=reject_pacing:812"
2026-09-16T04:40:49.1702200+00:00,577751608,0.000000,173,1.000000,0.000000,0.042236,0.353938,SURVIVAL,SURVIVAL,NONE,H_t,reject_survival,phase=none;hMul=1.000;gMul=1.000;qMul=1.000;qAdd=0.000;rpiOff=0.000,1107,3112,"RacePacingRejected, RACE action=reject_survival:2300;RacePacingRejected, RACE action=reject_pacing:812"
2026-09-16T04:40:49.6705430+00:00,579146760,0.000000,187,1.000000,0.000000,0.045654,0.355066,SURVIVAL,SURVIVAL,NONE,H_t,allow_survival,phase=none;hMul=1.000;gMul=1.000;qMul=1.000;qAdd=0.000;rpiOff=0.000,1121,3173,"RacePacingRejected, RACE action=reject_survival:2361;RacePacingRejected, RACE action=reject_pacing:812"
2026-09-16T04:40:50.1706855+00:00,614571472,0.000000,180,1.000000,0.000000,0.043945,0.354502,SURVIVAL,SURVIVAL,NONE,H_t,reject_survival,phase=none;hMul=1.000;gMul=1.000;qMul=1.000;qAdd=0.000;rpiOff=0.000,1139,3230,"RacePacingRejected, RACE action=reject_survival:2418;RacePacingRejected, RACE action=reject_pacing:812"
2026-09-16T04:40:50.6707308+00:00,615976064,0.000000,189,1.000000,0.000000,0.046143,0.355227,SURVIVAL,SURVIVAL,NONE,H_t,reject_survival,phase=none;hMul=1.000;gMul=1.000;qMul=1.000;qAdd=0.000;rpiOff=0.000,1148,3296,"RacePacingRejected, RACE action=reject_survival:2484;RacePacingRejected, RACE action=reject_pacing:812"
2026-09-16T04:40:51.1703955+00:00,648342280,0.000000,173,1.000000,0.000000,0.042236,0.353938,SURVIVAL,SURVIVAL,NONE,H_t,reject_survival,phase=none;hMul=1.000;gMul=1.000;qMul=1.000;qAdd=0.000;rpiOff=0.000,1157,3362,"RacePacingRejected, RACE action=reject_survival:2550;RacePacingRejected, RACE action=reject_pacing:812"
2026-09-16T04:40:51.6698208+00:00,649745512,0.000000,186,1.000000,0.000000,0.045410,0.354985,SURVIVAL,SURVIVAL,NONE,H_t,reject_survival,phase=none;hMul=1.000;gMul=1.000;qMul=1.000;qAdd=0.000;rpiOff=0.000,1170,3424,"RacePacingRejected, RACE action=reject_survival:2612;RacePacingRejected, RACE action=reject_pacing:812"
2026-09-16T04:40:52.1697565+00:00,675636464,0.000000,171,1.000000,0.000000,0.041748,0.353777,SURVIVAL,SURVIVAL,NONE,H_t,reject_survival,phase=none;hMul=1.000;gMul=1.000;qMul=1.000;qAdd=0.000;rpiOff=0.000,1180,3489,"RacePacingRejected, RACE action=reject_survival:2677;RacePacingRejected, RACE action=reject_pacing:812"
2026-09-16T04:40:52.6698144+00:00,677027104,0.000000,181,1.000000,0.000000,0.044189,0.354583,SURVIVAL,SURVIVAL,NONE,H_t,reject_survival,phase=none;hMul=1.000;gMul=1.000;qMul=1.000;qAdd=0.000;rpiOff=0.000,1190,3554,"RacePacingRejected, RACE action=reject_survival:2742;RacePacingRejected, RACE action=reject_pacing:812"
2026-09-16T04:40:53.1699681+00:00,701152528,0.000000,172,1.000000,0.000000,0.041992,0.353857,SURVIVAL,SURVIVAL,NONE,H_t,reject_survival,phase=none;hMul=1.000;gMul=1.000;qMul=1.000;qAdd=0.000;rpiOff=0.000,1206,3613,"RacePacingRejected, RACE action=reject_survival:2801;RacePacingRejected, RACE action=reject_pacing:812"
2026-09-16T04:40:53.6702254+00:00,702563200,0.000000,182,1.000000,0.000000,0.044434,0.354663,SURVIVAL,SURVIVAL,NONE,H_t,allow_survival,phase=none;hMul=1.000;gMul=1.000;qMul=1.000;qAdd=0.000;rpiOff=0.000,1216,3678,"RacePacingRejected, RACE action=reject_survival:2866;RacePacingRejected, RACE action=reject_pacing:812"
2026-09-16T04:40:54.1702754+00:00,725926888,0.000000,169,1.000000,0.000000,0.041260,0.353616,SURVIVAL,SURVIVAL,NONE,H_t,allow_survival,phase=none;hMul=1.000;gMul=1.000;qMul=1.000;qAdd=0.000;rpiOff=0.000,1228,3741,"RacePacingRejected, RACE action=reject_survival:2929;RacePacingRejected, RACE action=reject_pacing:812"
2026-09-16T04:40:54.6704428+00:00,727266120,0.000000,184,1.000000,0.000000,0.044922,0.354824,SURVIVAL,SURVIVAL,NONE,H_t,reject_survival,phase=none;hMul=1.000;gMul=1.000;qMul=1.000;qAdd=0.000;rpiOff=0.000,1243,3801,"RacePacingRejected, RACE action=reject_survival:2989;RacePacingRejected, RACE action=reject_pacing:812"
2026-09-16T04:40:55.1704088+00:00,750339768,0.000000,165,1.000000,0.000000,0.040283,0.353293,SURVIVAL,SURVIVAL,NONE,H_t,reject_survival,phase=none;hMul=1.000;gMul=1.000;qMul=1.000;qAdd=0.000;rpiOff=0.000,1249,3870,"RacePacingRejected, RACE action=reject_survival:3058;RacePacingRejected, RACE action=reject_pacing:812"
2026-09-16T04:40:55.6699602+00:00,751766360,0.000000,170,1.000000,0.000000,0.041504,0.353696,SURVIVAL,SURVIVAL,NONE,H_t,reject_survival,phase=none;hMul=1.000;gMul=1.000;qMul=1.000;qAdd=0.000;rpiOff=0.000,1254,3940,"RacePacingRejected, RACE action=reject_survival:3128;RacePacingRejected, RACE action=reject_pacing:812"
2026-09-16T04:40:56.1698714+00:00,775829440,0.000000,159,1.000000,0.000000,0.038818,0.352810,SURVIVAL,SURVIVAL,NONE,H_t,reject_survival,phase=none;hMul=1.000;gMul=1.000;qMul=1.000;qAdd=0.000;rpiOff=0.000,1268,4001,"RacePacingRejected, RACE action=reject_survival:3189;RacePacingRejected, RACE action=reject_pacing:812"
2026-09-16T04:40:56.6707103+00:00,777188160,0.000000,171,1.000000,0.000000,0.041748,0.353777,SURVIVAL,SURVIVAL,NONE,H_t,reject_survival,phase=none;hMul=1.000;gMul=1.000;qMul=1.000;qAdd=0.000;rpiOff=0.000,1280,4064,"RacePacingRejected, RACE action=reject_survival:3252;RacePacingRejected, RACE action=reject_pacing:812"
2026-09-16T04:40:57.1702818+00:00,801915584,0.000000,163,1.000000,0.000000,0.039795,0.353132,SURVIVAL,SURVIVAL,NONE,H_t,reject_survival,phase=none;hMul=1.000;gMul=1.000;qMul=1.000;qAdd=0.000;rpiOff=0.000,1297,4122,"RacePacingRejected, RACE action=reject_survival:3310;RacePacingRejected, RACE action=reject_pacing:812"
2026-09-16T04:40:57.6706950+00:00,803305664,0.000000,171,1.000000,0.000000,0.041748,0.353777,SURVIVAL,SURVIVAL,NONE,H_t,allow_survival,phase=none;hMul=1.000;gMul=1.000;qMul=1.000;qAdd=0.000;rpiOff=0.000,1305,4189,"RacePacingRejected, RACE action=reject_survival:3377;RacePacingRejected, RACE action=reject_pacing:812"
2026-09-16T04:40:58.1701356+00:00,826337760,0.000000,157,1.000000,0.000000,0.038330,0.352649,SURVIVAL,SURVIVAL,NONE,H_t,allow_survival,phase=none;hMul=1.000;gMul=1.000;qMul=1.000;qAdd=0.000;rpiOff=0.000,1316,4253,"RacePacingRejected, RACE action=reject_survival:3441;RacePacingRejected, RACE action=reject_pacing:812"
2026-09-16T04:40:58.6700446+00:00,827698592,0.000000,166,1.000000,0.000000,0.040527,0.353374,SURVIVAL,SURVIVAL,NONE,H_t,reject_survival,phase=none;hMul=1.000;gMul=1.000;qMul=1.000;qAdd=0.000;rpiOff=0.000,1325,4319,"RacePacingRejected, RACE action=reject_survival:3507;RacePacingRejected, RACE action=reject_pacing:812"
2026-09-16T04:40:59.1701671+00:00,851136000,0.000000,155,1.000000,0.000000,0.037842,0.352488,SURVIVAL,SURVIVAL,NONE,H_t,reject_survival,phase=none;hMul=1.000;gMul=1.000;qMul=1.000;qAdd=0.000;rpiOff=0.000,1339,4380,"RacePacingRejected, RACE action=reject_survival:3568;RacePacingRejected, RACE action=reject_pacing:812"
2026-09-16T04:40:59.6704197+00:00,852468024,0.000000,168,1.000000,0.000000,0.041016,0.353535,SURVIVAL,SURVIVAL,NONE,H_t,allow_survival,phase=none;hMul=1.000;gMul=1.000;qMul=1.000;qAdd=0.000;rpiOff=0.000,1352,4442,"RacePacingRejected, RACE action=reject_survival:3630;RacePacingRejected, RACE action=reject_pacing:812"
2026-09-16T04:41:00.1703576+00:00,877793808,0.000000,159,1.000000,0.000000,0.038818,0.352810,SURVIVAL,SURVIVAL,NONE,H_t,reject_survival,phase=none;hMul=1.000;gMul=1.000;qMul=1.000;qAdd=0.000;rpiOff=0.000,1368,4501,"RacePacingRejected, RACE action=reject_survival:3689;RacePacingRejected, RACE action=reject_pacing:812"
2026-09-16T04:41:00.6700647+00:00,879124880,0.000000,169,1.000000,0.000000,0.041260,0.353616,SURVIVAL,SURVIVAL,NONE,H_t,reject_survival,phase=none;hMul=1.000;gMul=1.000;qMul=1.000;qAdd=0.000;rpiOff=0.000,1378,4566,"RacePacingRejected, RACE action=reject_survival:3754;RacePacingRejected, RACE action=reject_pacing:812"
2026-09-16T04:41:01.1702200+00:00,903283672,0.000000,156,1.000000,0.000000,0.038086,0.352568,SURVIVAL,SURVIVAL,NONE,H_t,reject_survival,phase=none;hMul=1.000;gMul=1.000;qMul=1.000;qAdd=0.000;rpiOff=0.000,1390,4629,"RacePacingRejected, RACE action=reject_survival:3817;RacePacingRejected, RACE action=reject_pacing:812"
2026-09-16T04:41:01.6704918+00:00,904651416,0.000000,164,1.000000,0.000000,0.040039,0.353213,SURVIVAL,SURVIVAL,NONE,H_t,reject_survival,phase=none;hMul=1.000;gMul=1.000;qMul=1.000;qAdd=0.000;rpiOff=0.000,1398,4696,"RacePacingRejected, RACE action=reject_survival:3884;RacePacingRejected, RACE action=reject_pacing:812"
2026-09-16T04:41:02.1701210+00:00,928564592,0.000000,147,1.000000,0.000000,0.035889,0.351843,SURVIVAL,SURVIVAL,NONE,H_t,reject_survival,phase=none;hMul=1.000;gMul=1.000;qMul=1.000;qAdd=0.000;rpiOff=0.000,1406,4763,"RacePacingRejected, RACE action=reject_survival:3951;RacePacingRejected, RACE action=reject_pacing:812"
2026-09-16T04:41:02.6702916+00:00,929916104,0.000000,155,1.000000,0.000000,0.037842,0.352488,SURVIVAL,SURVIVAL,NONE,H_t,reject_survival,phase=none;hMul=1.000;gMul=1.000;qMul=1.000;qAdd=0.000;rpiOff=0.000,1414,4830,"RacePacingRejected, RACE action=reject_survival:4018;RacePacingRejected, RACE action=reject_pacing:812"
2026-09-16T04:41:03.1706379+00:00,956872808,0.000000,140,1.000000,0.000000,0.034180,0.351279,SURVIVAL,SURVIVAL,NONE,H_t,reject_survival,phase=none;hMul=1.000;gMul=1.000;qMul=1.000;qAdd=0.000;rpiOff=0.000,1424,4895,"RacePacingRejected, RACE action=reject_survival:4083;RacePacingRejected, RACE action=reject_pacing:812"
2026-09-16T04:41:03.6699964+00:00,958193248,0.000000,149,1.000000,0.000000,0.036377,0.352004,SURVIVAL,SURVIVAL,NONE,H_t,allow_survival,phase=none;hMul=1.000;gMul=1.000;qMul=1.000;qAdd=0.000;rpiOff=0.000,1433,4961,"RacePacingRejected, RACE action=reject_survival:4149;RacePacingRejected, RACE action=reject_pacing:812"
2026-09-16T04:41:04.1705731+00:00,982459296,0.000000,141,1.000000,0.000000,0.034424,0.351360,SURVIVAL,SURVIVAL,NONE,H_t,allow_survival,phase=none;hMul=1.000;gMul=1.000;qMul=1.000;qAdd=0.000;rpiOff=0.000,1450,5019,"RacePacingRejected, RACE action=reject_survival:4206;RacePacingRejected, RACE action=reject_pacing:812;ReplacementNotAllowed:1"
2026-09-16T04:41:04.6707172+00:00,983745856,0.000000,154,1.000000,0.000000,0.037598,0.352407,SURVIVAL,SURVIVAL,NONE,H_t,reject_survival,phase=none;hMul=1.000;gMul=1.000;qMul=1.000;qAdd=0.000;rpiOff=0.000,1463,5081,"RacePacingRejected, RACE action=reject_survival:4268;RacePacingRejected, RACE action=reject_pacing:812;ReplacementNotAllowed:1"
2026-09-16T04:41:05.1704866+00:00,1010330768,0.000000,140,1.000000,0.000000,0.034180,0.351279,SURVIVAL,SURVIVAL,NONE,H_t,reject_survival,phase=none;hMul=1.000;gMul=1.000;qMul=1.000;qAdd=0.000;rpiOff=0.000,1474,5145,"RacePacingRejected, RACE action=reject_survival:4332;RacePacingRejected, RACE action=reject_pacing:812;ReplacementNotAllowed:1"
2026-09-16T04:41:05.6703990+00:00,1011666416,0.000000,147,1.000000,0.000000,0.035889,0.351843,SURVIVAL,SURVIVAL,NONE,H_t,reject_survival,phase=none;hMul=1.000;gMul=1.000;qMul=1.000;qAdd=0.000;rpiOff=0.000,1481,5213,"RacePacingRejected, RACE action=reject_survival:4400;RacePacingRejected, RACE action=reject_pacing:812;ReplacementNotAllowed:1"
2026-09-16T04:41:06.1699794+00:00,1037143968,0.000000,136,1.000000,0.000000,0.033203,0.350957,SURVIVAL,SURVIVAL,NONE,H_t,allow_survival,phase=none;hMul=1.000;gMul=1.000;qMul=1.000;qAdd=0.000;rpiOff=0.000,1495,5274,"RacePacingRejected, RACE action=reject_survival:4461;RacePacingRejected, RACE action=reject_pacing:812;ReplacementNotAllowed:1"
2026-09-16T04:41:06.6705134+00:00,1038431040,0.000000,149,1.000000,0.000000,0.036377,0.352004,SURVIVAL,SURVIVAL,NONE,H_t,reject_survival,phase=none;hMul=1.000;gMul=1.000;qMul=1.000;qAdd=0.000;rpiOff=0.000,1508,5336,"RacePacingRejected, RACE action=reject_survival:4523;RacePacingRejected, RACE action=reject_pacing:812;ReplacementNotAllowed:1"
2026-09-16T04:41:07.1701153+00:00,1064175352,0.000000,138,1.000000,0.000000,0.033691,0.351118,SURVIVAL,SURVIVAL,NONE,H_t,reject_survival,phase=none;hMul=1.000;gMul=1.000;qMul=1.000;qAdd=0.000;rpiOff=0.000,1522,5397,"RacePacingRejected, RACE action=reject_survival:4584;RacePacingRejected, RACE action=reject_pacing:812;ReplacementNotAllowed:1"
2026-09-16T04:41:07.6705571+00:00,1065501912,0.000000,147,1.000000,0.000000,0.035889,0.351843,SURVIVAL,SURVIVAL,NONE,H_t,reject_survival,phase=none;hMul=1.000;gMul=1.000;qMul=1.000;qAdd=0.000;rpiOff=0.000,1531,5463,"RacePacingRejected, RACE action=reject_survival:4650;RacePacingRejected, RACE action=reject_pacing:812;ReplacementNotAllowed:1"
2026-09-16T04:41:08.1704258+00:00,1091336704,0.000000,134,1.000000,0.000000,0.032715,0.350796,SURVIVAL,SURVIVAL,NONE,H_t,reject_survival,phase=none;hMul=1.000;gMul=1.000;qMul=1.000;qAdd=0.000;rpiOff=0.000,1543,5526,"RacePacingRejected, RACE action=reject_survival:4713;RacePacingRejected, RACE action=reject_pacing:812;ReplacementNotAllowed:1"
2026-09-16T04:41:08.6702383+00:00,1092647376,0.000000,140,1.000000,0.000000,0.034180,0.351279,SURVIVAL,SURVIVAL,NONE,H_t,allow_survival,phase=none;hMul=1.000;gMul=1.000;qMul=1.000;qAdd=0.000;rpiOff=0.000,1549,5594,"RacePacingRejected, RACE action=reject_survival:4781;RacePacingRejected, RACE action=reject_pacing:812;ReplacementNotAllowed:1"
2026-09-16T04:41:09.1704034+00:00,1118264336,0.000000,125,1.000000,0.000000,0.030518,0.350071,SURVIVAL,SURVIVAL,NONE,H_t,reject_survival,phase=none;hMul=1.000;gMul=1.000;qMul=1.000;qAdd=0.000;rpiOff=0.000,1559,5660,"RacePacingRejected, RACE action=reject_survival:4847;RacePacingRejected, RACE action=reject_pacing:812;ReplacementNotAllowed:1"
2026-09-16T04:41:09.6698470+00:00,1119557480,0.000000,133,1.000000,0.000000,0.032471,0.350715,SURVIVAL,SURVIVAL,NONE,H_t,reject_survival,phase=none;hMul=1.000;gMul=1.000;qMul=1.000;qAdd=0.000;rpiOff=0.000,1567,5727,"RacePacingRejected, RACE action=reject_survival:4914;RacePacingRejected, RACE action=reject_pacing:812;ReplacementNotAllowed:1"
2026-09-16T04:41:10.1698886+00:00,1143670112,0.000000,121,1.000000,0.000000,0.029541,0.349749,SURVIVAL,SURVIVAL,NONE,H_t,reject_survival,phase=none;hMul=1.000;gMul=1.000;qMul=1.000;qAdd=0.000;rpiOff=0.000,1580,5789,"RacePacingRejected, RACE action=reject_survival:4976;RacePacingRejected, RACE action=reject_pacing:812;ReplacementNotAllowed:1"
2026-09-16T04:41:10.6700779+00:00,1144931376,0.000000,131,1.000000,0.000000,0.031982,0.350554,SURVIVAL,SURVIVAL,NONE,H_t,reject_survival,phase=none;hMul=1.000;gMul=1.000;qMul=1.000;qAdd=0.000;rpiOff=0.000,1590,5854,"RacePacingRejected, RACE action=reject_survival:5041;RacePacingRejected, RACE action=reject_pacing:812;ReplacementNotAllowed:1"
2026-09-16T04:41:11.1706678+00:00,1169416792,0.000000,116,1.000000,0.000000,0.028320,0.349346,SURVIVAL,SURVIVAL,NONE,H_t,reject_survival,phase=none;hMul=1.000;gMul=1.000;qMul=1.000;qAdd=0.000;rpiOff=0.000,1600,5919,"RacePacingRejected, RACE action=reject_survival:5106;RacePacingRejected, RACE action=reject_pacing:812;ReplacementNotAllowed:1"
2026-09-16T04:41:11.6702790+00:00,1170670176,0.000000,128,1.000000,0.000000,0.031250,0.350313,SURVIVAL,SURVIVAL,NONE,H_t,reject_survival,phase=none;hMul=1.000;gMul=1.000;qMul=1.000;qAdd=0.000;rpiOff=0.000,1612,5982,"RacePacingRejected, RACE action=reject_survival:5169;RacePacingRejected, RACE action=reject_pacing:812;ReplacementNotAllowed:1"
2026-09-16T04:41:12.1706650+00:00,1195506976,0.000000,113,1.000000,0.000000,0.027588,0.349104,SURVIVAL,SURVIVAL,NONE,H_t,reject_survival,phase=none;hMul=1.000;gMul=1.000;qMul=1.000;qAdd=0.000;rpiOff=0.000,1622,6047,"RacePacingRejected, RACE action=reject_survival:5234;RacePacingRejected, RACE action=reject_pacing:812;ReplacementNotAllowed:1"
2026-09-16T04:41:12.6703434+00:00,1196776832,0.000000,122,1.000000,0.000000,0.029785,0.349829,SURVIVAL,SURVIVAL,NONE,H_t,reject_survival,phase=none;hMul=1.000;gMul=1.000;qMul=1.000;qAdd=0.000;rpiOff=0.000,1631,6113,"RacePacingRejected, RACE action=reject_survival:5300;RacePacingRejected, RACE action=reject_pacing:812;ReplacementNotAllowed:1"
2026-09-16T04:41:13.1698824+00:00,1221989160,0.000000,102,1.000000,0.000000,0.024902,0.348218,SURVIVAL,SURVIVAL,NONE,H_t,reject_survival,phase=none;hMul=1.000;gMul=1.000;qMul=1.000;qAdd=0.000;rpiOff=0.000,1636,6183,"RacePacingRejected, RACE action=reject_survival:5370;RacePacingRejected, RACE action=reject_pacing:812;ReplacementNotAllowed:1"
2026-09-16T04:41:13.6698157+00:00,1223266272,0.000000,110,1.000000,0.000000,0.026855,0.348862,SURVIVAL,SURVIVAL,NONE,H_t,allow_survival,phase=none;hMul=1.000;gMul=1.000;qMul=1.000;qAdd=0.000;rpiOff=0.000,1644,6250,"RacePacingRejected, RACE action=reject_survival:5437;RacePacingRejected, RACE action=reject_pacing:812;ReplacementNotAllowed:1"
2026-09-16T04:41:14.1707123+00:00,1249258488,0.000000,89,1.000000,0.000000,0.021729,0.347170,SURVIVAL,SURVIVAL,NONE,H_t,reject_survival,phase=none;hMul=1.000;gMul=1.000;qMul=1.000;qAdd=0.000;rpiOff=0.000,1648,6321,"RacePacingRejected, RACE action=reject_survival:5508;RacePacingRejected, RACE action=reject_pacing:812;ReplacementNotAllowed:1"
2026-09-16T04:41:14.6699067+00:00,1250429720,0.000000,109,1.000000,0.000000,0.026611,0.348782,SURVIVAL,SURVIVAL,NONE,H_t,allow_survival,phase=none;hMul=1.000;gMul=1.000;qMul=1.000;qAdd=0.000;rpiOff=0.000,1668,6376,"RacePacingRejected, RACE action=reject_survival:5563;RacePacingRejected, RACE action=reject_pacing:812;ReplacementNotAllowed:1"
2026-09-16T04:41:15.1703428+00:00,1277009104,0.000000,94,1.000000,0.000000,0.022949,0.347573,SURVIVAL,SURVIVAL,NONE,H_t,reject_survival,phase=none;hMul=1.000;gMul=1.000;qMul=1.000;qAdd=0.000;rpiOff=0.000,1678,6441,"RacePacingRejected, RACE action=reject_survival:5628;RacePacingRejected, RACE action=reject_pacing:812;ReplacementNotAllowed:1"
2026-09-16T04:41:15.6706118+00:00,1278295152,0.000000,102,1.000000,0.000000,0.024902,0.348218,SURVIVAL,SURVIVAL,NONE,H_t,reject_survival,phase=none;hMul=1.000;gMul=1.000;qMul=1.000;qAdd=0.000;rpiOff=0.000,1686,6508,"RacePacingRejected, RACE action=reject_survival:5695;RacePacingRejected, RACE action=reject_pacing:812;ReplacementNotAllowed:1"
2026-09-16T04:41:16.1701711+00:00,1304263920,0.000000,85,1.000000,0.000000,0.020752,0.346848,SURVIVAL,SURVIVAL,NONE,H_t,reject_survival,phase=none;hMul=1.000;gMul=1.000;qMul=1.000;qAdd=0.000;rpiOff=0.000,1694,6575,"RacePacingRejected, RACE action=reject_survival:5762;RacePacingRejected, RACE action=reject_pacing:812;ReplacementNotAllowed:1"
2026-09-16T04:41:16.6704035+00:00,1305508632,0.000000,98,1.000000,0.000000,0.023926,0.347896,SURVIVAL,SURVIVAL,NONE,H_t,reject_survival,phase=none;hMul=1.000;gMul=1.000;qMul=1.000;qAdd=0.000;rpiOff=0.000,1707,6637,"RacePacingRejected, RACE action=reject_survival:5824;RacePacingRejected, RACE action=reject_pacing:812;ReplacementNotAllowed:1"
2026-09-16T04:41:17.1703393+00:00,1332533904,0.000000,86,1.000000,0.000000,0.020996,0.346929,SURVIVAL,SURVIVAL,NONE,H_t,reject_survival,phase=none;hMul=1.000;gMul=1.000;qMul=1.000;qAdd=0.000;rpiOff=0.000,1720,6699,"RacePacingRejected, RACE action=reject_survival:5886;RacePacingRejected, RACE action=reject_pacing:812;ReplacementNotAllowed:1"
2026-09-16T04:41:17.6699517+00:00,1333803480,0.000000,95,1.000000,0.000000,0.023193,0.347654,SURVIVAL,SURVIVAL,NONE,H_t,reject_survival,phase=none;hMul=1.000;gMul=1.000;qMul=1.000;qAdd=0.000;rpiOff=0.000,1729,6765,"RacePacingRejected, RACE action=reject_survival:5952;RacePacingRejected, RACE action=reject_pacing:812;ReplacementNotAllowed:1"
2026-09-16T04:41:18.1703154+00:00,1361653216,0.000000,79,1.000000,0.000000,0.019287,0.346365,SURVIVAL,SURVIVAL,NONE,H_t,reject_survival,phase=none;hMul=1.000;gMul=1.000;qMul=1.000;qAdd=0.000;rpiOff=0.000,1738,6831,"RacePacingRejected, RACE action=reject_survival:6018;RacePacingRejected, RACE action=reject_pacing:812;ReplacementNotAllowed:1"
2026-09-16T04:41:18.6700999+00:00,1362931208,0.000000,85,1.000000,0.000000,0.020752,0.346848,SURVIVAL,SURVIVAL,NONE,H_t,reject_survival,phase=none;hMul=1.000;gMul=1.000;qMul=1.000;qAdd=0.000;rpiOff=0.000,1744,6900,"RacePacingRejected, RACE action=reject_survival:6087;RacePacingRejected, RACE action=reject_pacing:812;ReplacementNotAllowed:1"
2026-09-16T04:41:19.1700297+00:00,1395559584,0.000000,72,1.000000,0.000000,0.017578,0.345801,SURVIVAL,SURVIVAL,NONE,H_t,reject_survival,phase=none;hMul=1.000;gMul=1.000;qMul=1.000;qAdd=0.000;rpiOff=0.000,1756,6963,"RacePacingRejected, RACE action=reject_survival:6150;RacePacingRejected, RACE action=reject_pacing:812;ReplacementNotAllowed:1"
2026-09-16T04:41:19.6700942+00:00,1396780864,0.000000,80,1.000000,0.000000,0.019531,0.346445,SURVIVAL,SURVIVAL,NONE,H_t,reject_survival,phase=none;hMul=1.000;gMul=1.000;qMul=1.000;qAdd=0.000;rpiOff=0.000,1764,7030,"RacePacingRejected, RACE action=reject_survival:6217;RacePacingRejected, RACE action=reject_pacing:812;ReplacementNotAllowed:1"
2026-09-16T04:41:20.1706974+00:00,1431748440,0.000000,65,1.000000,0.000000,0.015869,0.345237,SURVIVAL,SURVIVAL,NONE,H_t,reject_survival,phase=none;hMul=1.000;gMul=1.000;qMul=1.000;qAdd=0.000;rpiOff=0.000,1774,7096,"RacePacingRejected, RACE action=reject_survival:6283;RacePacingRejected, RACE action=reject_pacing:812;ReplacementNotAllowed:1"
2026-09-16T04:41:20.6705908+00:00,1432952136,0.000000,74,1.000000,0.000000,0.018066,0.345962,SURVIVAL,SURVIVAL,NONE,H_t,reject_survival,phase=none;hMul=1.000;gMul=1.000;qMul=1.000;qAdd=0.000;rpiOff=0.000,1783,7161,"RacePacingRejected, RACE action=reject_survival:6348;RacePacingRejected, RACE action=reject_pacing:812;ReplacementNotAllowed:1"
2026-09-16T04:41:21.1703900+00:00,1474181696,0.000000,60,1.000000,0.000000,0.014648,0.344834,SURVIVAL,SURVIVAL,NONE,H_t,reject_survival,phase=none;hMul=1.000;gMul=1.000;qMul=1.000;qAdd=0.000;rpiOff=0.000,1794,7225,"RacePacingRejected, RACE action=reject_survival:6412;RacePacingRejected, RACE action=reject_pacing:812;ReplacementNotAllowed:1"
2026-09-16T04:41:21.6704317+00:00,1475353096,0.000000,71,1.000000,0.000000,0.017334,0.345720,SURVIVAL,SURVIVAL,NONE,H_t,reject_survival,phase=none;hMul=1.000;gMul=1.000;qMul=1.000;qAdd=0.000;rpiOff=0.000,1805,7289,"RacePacingRejected, RACE action=reject_survival:6476;RacePacingRejected, RACE action=reject_pacing:812;ReplacementNotAllowed:1"
2026-09-16T04:41:22.1704164+00:00,1516644672,0.000000,58,1.000000,0.000000,0.014160,0.344673,SURVIVAL,SURVIVAL,NONE,H_t,reject_survival,phase=none;hMul=1.000;gMul=1.000;qMul=1.000;qAdd=0.000;rpiOff=0.000,1817,7352,"RacePacingRejected, RACE action=reject_survival:6539;RacePacingRejected, RACE action=reject_pacing:812;ReplacementNotAllowed:1"
2026-09-16T04:41:22.6702904+00:00,1517831096,0.000000,66,1.000000,0.000000,0.016113,0.345317,SURVIVAL,SURVIVAL,NONE,H_t,reject_survival,phase=none;hMul=1.000;gMul=1.000;qMul=1.000;qAdd=0.000;rpiOff=0.000,1825,7419,"RacePacingRejected, RACE action=reject_survival:6606;RacePacingRejected, RACE action=reject_pacing:812;ReplacementNotAllowed:1"
2026-09-16T04:41:23.1699992+00:00,1567731024,0.000000,50,1.000000,0.000000,0.012207,0.344028,SURVIVAL,SURVIVAL,NONE,H_t,reject_survival,phase=none;hMul=1.000;gMul=1.000;qMul=1.000;qAdd=0.000;rpiOff=0.000,1834,7485,"RacePacingRejected, RACE action=reject_survival:6672;RacePacingRejected, RACE action=reject_pacing:812;ReplacementNotAllowed:1"
2026-09-16T04:41:23.6706129+00:00,1568017360,0.000000,50,1.000000,0.000000,0.012207,0.344028,SURVIVAL,SURVIVAL,NONE,H_t,reject_survival,phase=none;hMul=1.000;gMul=1.000;qMul=1.000;qAdd=0.000;rpiOff=0.000,1834,7498,"RacePacingRejected, RACE action=reject_survival:6685;RacePacingRejected, RACE action=reject_pacing:812;ReplacementNotAllowed:1"
2026-09-16T04:41:24.1705858+00:00,1610784696,0.000000,25,1.000000,0.000000,0.006104,0.342014,SURVIVAL,SURVIVAL,NONE,H_t,reject_survival,phase=none;hMul=1.000;gMul=1.000;qMul=1.000;qAdd=0.000;rpiOff=0.000,1834,7498,"RacePacingRejected, RACE action=reject_survival:6685;RacePacingRejected, RACE action=reject_pacing:812;ReplacementNotAllowed:1"
2026-09-16T04:41:24.6707380+00:00,1610849976,0.000000,25,1.000000,0.000000,0.006104,0.342014,SURVIVAL,SURVIVAL,NONE,H_t,reject_survival,phase=none;hMul=1.000;gMul=1.000;qMul=1.000;qAdd=0.000;rpiOff=0.000,1834,7498,"RacePacingRejected, RACE action=reject_survival:6685;RacePacingRejected, RACE action=reject_pacing:812;ReplacementNotAllowed:1"
2026-09-16T04:41:25.1710421+00:00,1648716456,0.000000,0,1.000000,0.000000,0.000000,0.340000,SURVIVAL,SURVIVAL,NONE,H_t,reject_survival,phase=none;hMul=1.000;gMul=1.000;qMul=1.000;qAdd=0.000;rpiOff=0.000,1834,7498,"RacePacingRejected, RACE action=reject_survival:6685;RacePacingRejected, RACE action=reject_pacing:812;ReplacementNotAllowed:1"
2026-09-16T04:41:25.6702278+00:00,1648765464,0.000000,0,1.000000,0.000000,0.000000,0.340000,SURVIVAL,SURVIVAL,NONE,H_t,reject_survival,phase=none;hMul=1.000;gMul=1.000;qMul=1.000;qAdd=0.000;rpiOff=0.000,1834,7498,"RacePacingRejected, RACE action=reject_survival:6685;RacePacingRejected, RACE action=reject_pacing:812;ReplacementNotAllowed:1"
2026-09-16T04:41:26.1705754+00:00,1648888312,0.000000,0,1.000000,0.000000,0.000000,0.340000,SURVIVAL,SURVIVAL,NONE,H_t,reject_survival,phase=none;hMul=1.000;gMul=1.000;qMul=1.000;qAdd=0.000;rpiOff=0.000,1834,7498,"RacePacingRejected, RACE action=reject_survival:6685;RacePacingRejected, RACE action=reject_pacing:812;ReplacementNotAllowed:1"
2026-09-16T04:41:26.6699484+00:00,1648888312,0.000000,0,1.000000,0.000000,0.000000,0.340000,SURVIVAL,SURVIVAL,NONE,H_t,reject_survival,phase=none;hMul=1.000;gMul=1.000;qMul=1.000;qAdd=0.000;rpiOff=0.000,1834,7498,"RacePacingRejected, RACE action=reject_survival:6685;RacePacingRejected, RACE action=reject_pacing:812;ReplacementNotAllowed:1"
2026-09-16T04:41:27.1697580+00:00,1648945312,0.000000,0,1.000000,0.000000,0.000000,0.340000,SURVIVAL,SURVIVAL,NONE,H_t,reject_survival,phase=none;hMul=1.000;gMul=1.000;qMul=1.000;qAdd=0.000;rpiOff=0.000,1834,7498,"RacePacingRejected, RACE action=reject_survival:6685;RacePacingRejected, RACE action=reject_pacing:812;ReplacementNotAllowed:1"
2026-09-16T04:41:27.6700258+00:00,1648953536,0.000000,0,1.000000,0.000000,0.000000,0.340000,SURVIVAL,SURVIVAL,NONE,H_t,reject_survival,phase=none;hMul=1.000;gMul=1.000;qMul=1.000;qAdd=0.000;rpiOff=0.000,1834,7498,"RacePacingRejected, RACE action=reject_survival:6685;RacePacingRejected, RACE action=reject_pacing:812;ReplacementNotAllowed:1"
2026-09-16T04:41:28.1699972+00:00,1649027040,0.000000,0,1.000000,0.000000,0.000000,0.340000,SURVIVAL,SURVIVAL,NONE,H_t,reject_survival,phase=none;hMul=1.000;gMul=1.000;qMul=1.000;qAdd=0.000;rpiOff=0.000,1834,7498,"RacePacingRejected, RACE action=reject_survival:6685;RacePacingRejected, RACE action=reject_pacing:812;ReplacementNotAllowed:1"
2026-09-16T04:41:28.6703223+00:00,1649027040,0.000000,0,1.000000,0.000000,0.000000,0.340000,SURVIVAL,SURVIVAL,NONE,H_t,reject_survival,phase=none;hMul=1.000;gMul=1.000;qMul=1.000;qAdd=0.000;rpiOff=0.000,1834,7498,"RacePacingRejected, RACE action=reject_survival:6685;RacePacingRejected, RACE action=reject_pacing:812;ReplacementNotAllowed:1"
2026-09-16T04:41:29.1697540+00:00,1649100800,0.000000,0,1.000000,0.000000,0.000000,0.340000,SURVIVAL,SURVIVAL,NONE,H_t,reject_survival,phase=none;hMul=1.000;gMul=1.000;qMul=1.000;qAdd=0.000;rpiOff=0.000,1834,7498,"RacePacingRejected, RACE action=reject_survival:6685;RacePacingRejected, RACE action=reject_pacing:812;ReplacementNotAllowed:1"
2026-09-16T04:41:29.6698948+00:00,1649100800,0.000000,0,1.000000,0.000000,0.000000,0.340000,SURVIVAL,SURVIVAL,NONE,H_t,reject_survival,phase=none;hMul=1.000;gMul=1.000;qMul=1.000;qAdd=0.000;rpiOff=0.000,1834,7498,"RacePacingRejected, RACE action=reject_survival:6685;RacePacingRejected, RACE action=reject_pacing:812;ReplacementNotAllowed:1"
2026-09-16T04:41:30.1700927+00:00,1649518432,0.000000,0,1.000000,0.000000,0.000000,0.340000,SURVIVAL,SURVIVAL,NONE,H_t,reject_survival,phase=none;hMul=1.000;gMul=1.000;qMul=1.000;qAdd=0.000;rpiOff=0.000,1834,7498,"RacePacingRejected, RACE action=reject_survival:6685;RacePacingRejected, RACE action=reject_pacing:812;ReplacementNotAllowed:1"
2026-09-16T04:41:30.6702959+00:00,1649526656,0.000000,0,1.000000,0.000000,0.000000,0.340000,SURVIVAL,SURVIVAL,NONE,H_t,reject_survival,phase=none;hMul=1.000;gMul=1.000;qMul=1.000;qAdd=0.000;rpiOff=0.000,1834,7498,"RacePacingRejected, RACE action=reject_survival:6685;RacePacingRejected, RACE action=reject_pacing:812;ReplacementNotAllowed:1"
2026-09-16T04:41:31.1700204+00:00,1649665952,0.000000,0,1.000000,0.000000,0.000000,0.340000,SURVIVAL,SURVIVAL,NONE,H_t,reject_survival,phase=none;hMul=1.000;gMul=1.000;qMul=1.000;qAdd=0.000;rpiOff=0.000,1834,7498,"RacePacingRejected, RACE action=reject_survival:6685;RacePacingRejected, RACE action=reject_pacing:812;ReplacementNotAllowed:1"
2026-09-16T04:41:31.6698670+00:00,1649674176,0.000000,0,1.000000,0.000000,0.000000,0.340000,SURVIVAL,SURVIVAL,NONE,H_t,reject_survival,phase=none;hMul=1.000;gMul=1.000;qMul=1.000;qAdd=0.000;rpiOff=0.000,1834,7498,"RacePacingRejected, RACE action=reject_survival:6685;RacePacingRejected, RACE action=reject_pacing:812;ReplacementNotAllowed:1"
2026-09-16T04:41:32.1702246+00:00,1649723520,0.000000,0,1.000000,0.000000,0.000000,0.340000,SURVIVAL,SURVIVAL,NONE,H_t,reject_survival,phase=none;hMul=1.000;gMul=1.000;qMul=1.000;qAdd=0.000;rpiOff=0.000,1834,7498,"RacePacingRejected, RACE action=reject_survival:6685;RacePacingRejected, RACE action=reject_pacing:812;ReplacementNotAllowed:1"
2026-09-16T04:41:32.6706251+00:00,1649723520,0.000000,0,1.000000,0.000000,0.000000,0.340000,SURVIVAL,SURVIVAL,NONE,H_t,reject_survival,phase=none;hMul=1.000;gMul=1.000;qMul=1.000;qAdd=0.000;rpiOff=0.000,1834,7498,"RacePacingRejected, RACE action=reject_survival:6685;RacePacingRejected, RACE action=reject_pacing:812;ReplacementNotAllowed:1"
2026-09-16T04:41:33.1699756+00:00,1649792672,0.000000,0,1.000000,0.000000,0.000000,0.340000,SURVIVAL,SURVIVAL,NONE,H_t,reject_survival,phase=none;hMul=1.000;gMul=1.000;qMul=1.000;qAdd=0.000;rpiOff=0.000,1834,7498,"RacePacingRejected, RACE action=reject_survival:6685;RacePacingRejected, RACE action=reject_pacing:812;ReplacementNotAllowed:1"
2026-09-16T04:41:33.6702615+00:00,1649792672,0.000000,0,1.000000,0.000000,0.000000,0.340000,SURVIVAL,SURVIVAL,NONE,H_t,reject_survival,phase=none;hMul=1.000;gMul=1.000;qMul=1.000;qAdd=0.000;rpiOff=0.000,1834,7498,"RacePacingRejected, RACE action=reject_survival:6685;RacePacingRejected, RACE action=reject_pacing:812;ReplacementNotAllowed:1"
2026-09-16T04:41:34.1705957+00:00,1649873000,0.000000,0,1.000000,0.000000,0.000000,0.340000,SURVIVAL,SURVIVAL,NONE,H_t,reject_survival,phase=none;hMul=1.000;gMul=1.000;qMul=1.000;qAdd=0.000;rpiOff=0.000,1834,7498,"RacePacingRejected, RACE action=reject_survival:6685;RacePacingRejected, RACE action=reject_pacing:812;ReplacementNotAllowed:1"
2026-09-16T04:41:34.6707524+00:00,1649881224,0.000000,0,1.000000,0.000000,0.000000,0.340000,SURVIVAL,SURVIVAL,NONE,H_t,reject_survival,phase=none;hMul=1.000;gMul=1.000;qMul=1.000;qAdd=0.000;rpiOff=0.000,1834,7498,"RacePacingRejected, RACE action=reject_survival:6685;RacePacingRejected, RACE action=reject_pacing:812;ReplacementNotAllowed:1"
2026-09-16T04:41:35.1702317+00:00,1650290888,0.000000,0,1.000000,0.000000,0.000000,0.340000,SURVIVAL,SURVIVAL,NONE,H_t,reject_survival,phase=none;hMul=1.000;gMul=1.000;qMul=1.000;qAdd=0.000;rpiOff=0.000,1834,7498,"RacePacingRejected, RACE action=reject_survival:6685;RacePacingRejected, RACE action=reject_pacing:812;ReplacementNotAllowed:1"
2026-09-16T04:41:35.6703998+00:00,1650290888,0.000000,0,1.000000,0.000000,0.000000,0.340000,SURVIVAL,SURVIVAL,NONE,H_t,reject_survival,phase=none;hMul=1.000;gMul=1.000;qMul=1.000;qAdd=0.000;rpiOff=0.000,1834,7498,"RacePacingRejected, RACE action=reject_survival:6685;RacePacingRejected, RACE action=reject_pacing:812;ReplacementNotAllowed:1"
2026-09-16T04:41:36.1697532+00:00,1650356424,0.000000,0,1.000000,0.000000,0.000000,0.340000,SURVIVAL,SURVIVAL,NONE,H_t,reject_survival,phase=none;hMul=1.000;gMul=1.000;qMul=1.000;qAdd=0.000;rpiOff=0.000,1834,7498,"RacePacingRejected, RACE action=reject_survival:6685;RacePacingRejected, RACE action=reject_pacing:812;ReplacementNotAllowed:1"
2026-09-16T04:41:36.6700213+00:00,1650356424,0.000000,0,1.000000,0.000000,0.000000,0.340000,SURVIVAL,SURVIVAL,NONE,H_t,reject_survival,phase=none;hMul=1.000;gMul=1.000;qMul=1.000;qAdd=0.000;rpiOff=0.000,1834,7498,"RacePacingRejected, RACE action=reject_survival:6685;RacePacingRejected, RACE action=reject_pacing:812;ReplacementNotAllowed:1"
2026-09-16T04:41:37.1707217+00:00,1650429856,0.000000,0,1.000000,0.000000,0.000000,0.340000,SURVIVAL,SURVIVAL,NONE,H_t,reject_survival,phase=none;hMul=1.000;gMul=1.000;qMul=1.000;qAdd=0.000;rpiOff=0.000,1834,7499,"RacePacingRejected, RACE action=reject_survival:6686;RacePacingRejected, RACE action=reject_pacing:812;ReplacementNotAllowed:1"
2026-09-16T04:41:37.6703572+00:00,1650470720,0.000000,0,1.000000,0.000000,0.000000,0.340000,SURVIVAL,SURVIVAL,NONE,H_t,reject_survival,phase=none;hMul=1.000;gMul=1.000;qMul=1.000;qAdd=0.000;rpiOff=0.000,1834,7501,"RacePacingRejected, RACE action=reject_survival:6688;RacePacingRejected, RACE action=reject_pacing:812;ReplacementNotAllowed:1"
2026-09-16T04:41:38.1704876+00:00,1650786072,0.000000,0,1.000000,0.000000,0.000000,0.340000,SURVIVAL,SURVIVAL,NONE,H_t,reject_survival,phase=none;hMul=1.000;gMul=1.000;qMul=1.000;qAdd=0.000;rpiOff=0.000,1835,7503,"RacePacingRejected, RACE action=reject_survival:6690;RacePacingRejected, RACE action=reject_pacing:812;ReplacementNotAllowed:1"
2026-09-16T04:41:38.6707748+00:00,1650802520,0.000000,2,1.000000,0.000000,0.000488,0.340161,SURVIVAL,SURVIVAL,NONE,H_t,allow_survival,phase=none;hMul=1.000;gMul=1.000;qMul=1.000;qAdd=0.000;rpiOff=0.000,1837,7503,"RacePacingRejected, RACE action=reject_survival:6690;RacePacingRejected, RACE action=reject_pacing:812;ReplacementNotAllowed:1"
2026-09-16T04:41:39.1700213+00:00,1651269624,0.000000,1,1.000000,0.000000,0.000244,0.340081,SURVIVAL,SURVIVAL,NONE,H_t,allow_survival,phase=none;hMul=1.000;gMul=1.000;qMul=1.000;qAdd=0.000;rpiOff=0.000,1838,7505,"RacePacingRejected, RACE action=reject_survival:6692;RacePacingRejected, RACE action=reject_pacing:812;ReplacementNotAllowed:1"
2026-09-16T04:41:39.6707803+00:00,1651310488,0.000000,2,1.000000,0.000000,0.000488,0.340161,SURVIVAL,SURVIVAL,NONE,H_t,reject_survival,phase=none;hMul=1.000;gMul=1.000;qMul=1.000;qAdd=0.000;rpiOff=0.000,1839,7506,"RacePacingRejected, RACE action=reject_survival:6693;RacePacingRejected, RACE action=reject_pacing:812;ReplacementNotAllowed:1"
2026-09-16T04:41:40.1703177+00:00,1652728872,0.000000,1,1.000000,0.000000,0.000244,0.340081,SURVIVAL,SURVIVAL,NONE,H_t,allow_survival,phase=none;hMul=1.000;gMul=1.000;qMul=1.000;qAdd=0.000;rpiOff=0.000,1841,7507,"RacePacingRejected, RACE action=reject_survival:6694;RacePacingRejected, RACE action=reject_pacing:812;ReplacementNotAllowed:1"
2026-09-16T04:41:40.6700692+00:00,1652761768,0.000000,2,1.000000,0.000000,0.000488,0.340161,SURVIVAL,SURVIVAL,NONE,H_t,reject_survival,phase=none;hMul=1.000;gMul=1.000;qMul=1.000;qAdd=0.000;rpiOff=0.000,1842,7508,"RacePacingRejected, RACE action=reject_survival:6695;RacePacingRejected, RACE action=reject_pacing:812;ReplacementNotAllowed:1"
2026-09-16T04:41:41.1700175+00:00,1653403816,0.000000,0,1.000000,0.000000,0.000000,0.340000,SURVIVAL,SURVIVAL,NONE,H_t,reject_survival,phase=none;hMul=1.000;gMul=1.000;qMul=1.000;qAdd=0.000;rpiOff=0.000,1842,7511,"RacePacingRejected, RACE action=reject_survival:6698;RacePacingRejected, RACE action=reject_pacing:812;ReplacementNotAllowed:1"
2026-09-16T04:41:41.6698821+00:00,1653436456,0.000000,0,1.000000,0.000000,0.000000,0.340000,SURVIVAL,SURVIVAL,NONE,H_t,reject_survival,phase=none;hMul=1.000;gMul=1.000;qMul=1.000;qAdd=0.000;rpiOff=0.000,1842,7513,"RacePacingRejected, RACE action=reject_survival:6700;RacePacingRejected, RACE action=reject_pacing:812;ReplacementNotAllowed:1"
2026-09-16T04:41:42.1706864+00:00,1653851448,0.000000,0,1.000000,0.000000,0.000000,0.340000,SURVIVAL,SURVIVAL,NONE,H_t,reject_survival,phase=none;hMul=1.000;gMul=1.000;qMul=1.000;qAdd=0.000;rpiOff=0.000,1843,7515,"RacePacingRejected, RACE action=reject_survival:6702;RacePacingRejected, RACE action=reject_pacing:812;ReplacementNotAllowed:1"
2026-09-16T04:41:42.6700545+00:00,1653876120,0.000000,0,1.000000,0.000000,0.000000,0.340000,SURVIVAL,SURVIVAL,NONE,H_t,reject_survival,phase=none;hMul=1.000;gMul=1.000;qMul=1.000;qAdd=0.000;rpiOff=0.000,1843,7517,"RacePacingRejected, RACE action=reject_survival:6704;RacePacingRejected, RACE action=reject_pacing:812;ReplacementNotAllowed:1"
2026-09-16T04:41:43.1702649+00:00,1653982264,0.000000,0,1.000000,0.000000,0.000000,0.340000,SURVIVAL,SURVIVAL,NONE,H_t,reject_survival,phase=none;hMul=1.000;gMul=1.000;qMul=1.000;qAdd=0.000;rpiOff=0.000,1843,7520,"RacePacingRejected, RACE action=reject_survival:6707;RacePacingRejected, RACE action=reject_pacing:812;ReplacementNotAllowed:1"
2026-09-16T04:41:43.6701129+00:00,1654006936,0.000000,1,1.000000,0.000000,0.000244,0.340081,SURVIVAL,SURVIVAL,NONE,H_t,reject_survival,phase=none;hMul=1.000;gMul=1.000;qMul=1.000;qAdd=0.000;rpiOff=0.000,1844,7521,"RacePacingRejected, RACE action=reject_survival:6708;RacePacingRejected, RACE action=reject_pacing:812;ReplacementNotAllowed:1"
2026-09-16T04:41:44.1704030+00:00,1654707400,0.000000,1,1.000000,0.000000,0.000244,0.340081,SURVIVAL,SURVIVAL,NONE,H_t,allow_survival,phase=none;hMul=1.000;gMul=1.000;qMul=1.000;qAdd=0.000;rpiOff=0.000,1846,7522,"RacePacingRejected, RACE action=reject_survival:6709;RacePacingRejected, RACE action=reject_pacing:812;ReplacementNotAllowed:1"
2026-09-16T04:41:44.6702693+00:00,1654745048,0.000000,1,1.000000,0.000000,0.000244,0.340081,SURVIVAL,SURVIVAL,NONE,H_t,reject_survival,phase=none;hMul=1.000;gMul=1.000;qMul=1.000;qAdd=0.000;rpiOff=0.000,1846,7524,"RacePacingRejected, RACE action=reject_survival:6711;RacePacingRejected, RACE action=reject_pacing:812;ReplacementNotAllowed:1"
2026-09-16T04:41:45.1701439+00:00,1655460440,0.000000,0,1.000000,0.000000,0.000000,0.340000,SURVIVAL,SURVIVAL,NONE,H_t,reject_survival,phase=none;hMul=1.000;gMul=1.000;qMul=1.000;qAdd=0.000;rpiOff=0.000,1847,7526,"RacePacingRejected, RACE action=reject_survival:6713;RacePacingRejected, RACE action=reject_pacing:812;ReplacementNotAllowed:1"
2026-09-16T04:41:45.6701164+00:00,1655481896,0.000000,1,1.000000,0.000000,0.000244,0.340081,SURVIVAL,SURVIVAL,NONE,H_t,reject_survival,phase=none;hMul=1.000;gMul=1.000;qMul=1.000;qAdd=0.000;rpiOff=0.000,1848,7527,"RacePacingRejected, RACE action=reject_survival:6714;RacePacingRejected, RACE action=reject_pacing:812;ReplacementNotAllowed:1"
2026-09-16T04:41:46.1705933+00:00,1655896200,0.000000,0,1.000000,0.000000,0.000000,0.340000,SURVIVAL,SURVIVAL,NONE,H_t,reject_survival,phase=none;hMul=1.000;gMul=1.000;qMul=1.000;qAdd=0.000;rpiOff=0.000,1848,7530,"RacePacingRejected, RACE action=reject_survival:6717;RacePacingRejected, RACE action=reject_pacing:812;ReplacementNotAllowed:1"
2026-09-16T04:41:46.6706399+00:00,1655928872,0.000000,1,1.000000,0.000000,0.000244,0.340081,SURVIVAL,SURVIVAL,NONE,H_t,allow_survival,phase=none;hMul=1.000;gMul=1.000;qMul=1.000;qAdd=0.000;rpiOff=0.000,1849,7531,"RacePacingRejected, RACE action=reject_survival:6718;RacePacingRejected, RACE action=reject_pacing:812;ReplacementNotAllowed:1"
2026-09-16T04:41:47.1699170+00:00,1656350176,0.000000,0,1.000000,0.000000,0.000000,0.340000,SURVIVAL,SURVIVAL,NONE,H_t,reject_survival,phase=none;hMul=1.000;gMul=1.000;qMul=1.000;qAdd=0.000;rpiOff=0.000,1849,7534,"RacePacingRejected, RACE action=reject_survival:6721;RacePacingRejected, RACE action=reject_pacing:812;ReplacementNotAllowed:1"
2026-09-16T04:41:47.6697994+00:00,1656374848,0.000000,0,1.000000,0.000000,0.000000,0.340000,SURVIVAL,SURVIVAL,NONE,H_t,reject_survival,phase=none;hMul=1.000;gMul=1.000;qMul=1.000;qAdd=0.000;rpiOff=0.000,1849,7536,"RacePacingRejected, RACE action=reject_survival:6723;RacePacingRejected, RACE action=reject_pacing:812;ReplacementNotAllowed:1"
2026-09-16T04:41:48.1706130+00:00,1656767608,0.000000,0,1.000000,0.000000,0.000000,0.340000,SURVIVAL,SURVIVAL,NONE,H_t,reject_survival,phase=none;hMul=1.000;gMul=1.000;qMul=1.000;qAdd=0.000;rpiOff=0.000,1850,7538,"RacePacingRejected, RACE action=reject_survival:6725;RacePacingRejected, RACE action=reject_pacing:812;ReplacementNotAllowed:1"
2026-09-16T04:41:48.6703973+00:00,1656800504,0.000000,0,1.000000,0.000000,0.000000,0.340000,SURVIVAL,SURVIVAL,NONE,H_t,reject_survival,phase=none;hMul=1.000;gMul=1.000;qMul=1.000;qAdd=0.000;rpiOff=0.000,1850,7540,"RacePacingRejected, RACE action=reject_survival:6727;RacePacingRejected, RACE action=reject_pacing:812;ReplacementNotAllowed:1"
2026-09-16T04:41:49.1699720+00:00,1657507264,0.000000,0,1.000000,0.000000,0.000000,0.340000,SURVIVAL,SURVIVAL,NONE,H_t,reject_survival,phase=none;hMul=1.000;gMul=1.000;qMul=1.000;qAdd=0.000;rpiOff=0.000,1852,7541,"RacePacingRejected, RACE action=reject_survival:6728;RacePacingRejected, RACE action=reject_pacing:812;ReplacementNotAllowed:1"
2026-09-16T04:41:49.6699655+00:00,1657523712,0.000000,1,1.000000,0.000000,0.000244,0.340081,SURVIVAL,SURVIVAL,NONE,H_t,reject_survival,phase=none;hMul=1.000;gMul=1.000;qMul=1.000;qAdd=0.000;rpiOff=0.000,1853,7542,"RacePacingRejected, RACE action=reject_survival:6729;RacePacingRejected, RACE action=reject_pacing:812;ReplacementNotAllowed:1"
2026-09-16T04:41:50.1697624+00:00,1658219000,0.000000,0,1.000000,0.000000,0.000000,0.340000,SURVIVAL,SURVIVAL,NONE,H_t,reject_survival,phase=none;hMul=1.000;gMul=1.000;qMul=1.000;qAdd=0.000;rpiOff=0.000,1854,7544,"RacePacingRejected, RACE action=reject_survival:6731;RacePacingRejected, RACE action=reject_pacing:812;ReplacementNotAllowed:1"
2026-09-16T04:41:50.6703382+00:00,1658255904,0.000000,1,1.000000,0.000000,0.000244,0.340081,SURVIVAL,SURVIVAL,NONE,H_t,allow_survival,phase=none;hMul=1.000;gMul=1.000;qMul=1.000;qAdd=0.000;rpiOff=0.000,1855,7545,"RacePacingRejected, RACE action=reject_survival:6732;RacePacingRejected, RACE action=reject_pacing:812;ReplacementNotAllowed:1"
2026-09-16T04:41:51.1707137+00:00,1658684232,0.000000,0,1.000000,0.000000,0.000000,0.340000,SURVIVAL,SURVIVAL,NONE,H_t,reject_survival,phase=none;hMul=1.000;gMul=1.000;qMul=1.000;qAdd=0.000;rpiOff=0.000,1855,7548,"RacePacingRejected, RACE action=reject_survival:6735;RacePacingRejected, RACE action=reject_pacing:812;ReplacementNotAllowed:1"
2026-09-16T04:41:51.6706463+00:00,1658716872,0.000000,0,1.000000,0.000000,0.000000,0.340000,SURVIVAL,SURVIVAL,NONE,H_t,reject_survival,phase=none;hMul=1.000;gMul=1.000;qMul=1.000;qAdd=0.000;rpiOff=0.000,1855,7550,"RacePacingRejected, RACE action=reject_survival:6737;RacePacingRejected, RACE action=reject_pacing:812;ReplacementNotAllowed:1"
2026-09-16T04:41:52.1699417+00:00,1658812024,0.000000,0,1.000000,0.000000,0.000000,0.340000,SURVIVAL,SURVIVAL,NONE,H_t,reject_survival,phase=none;hMul=1.000;gMul=1.000;qMul=1.000;qAdd=0.000;rpiOff=0.000,1855,7553,"RacePacingRejected, RACE action=reject_survival:6740;RacePacingRejected, RACE action=reject_pacing:812;ReplacementNotAllowed:1"
2026-09-16T04:41:52.6702302+00:00,1658844920,0.000000,0,1.000000,0.000000,0.000000,0.340000,SURVIVAL,SURVIVAL,NONE,H_t,reject_survival,phase=none;hMul=1.000;gMul=1.000;qMul=1.000;qAdd=0.000;rpiOff=0.000,1855,7555,"RacePacingRejected, RACE action=reject_survival:6742;RacePacingRejected, RACE action=reject_pacing:812;ReplacementNotAllowed:1"
2026-09-16T04:41:53.1704731+00:00,1659262112,0.000000,0,1.000000,0.000000,0.000000,0.340000,SURVIVAL,SURVIVAL,NONE,H_t,reject_survival,phase=none;hMul=1.000;gMul=1.000;qMul=1.000;qAdd=0.000;rpiOff=0.000,1856,7557,"RacePacingRejected, RACE action=reject_survival:6744;RacePacingRejected, RACE action=reject_pacing:812;ReplacementNotAllowed:1"
2026-09-16T04:41:53.6704562+00:00,1659295008,0.000000,0,1.000000,0.000000,0.000000,0.340000,SURVIVAL,SURVIVAL,NONE,H_t,reject_survival,phase=none;hMul=1.000;gMul=1.000;qMul=1.000;qAdd=0.000;rpiOff=0.000,1856,7559,"RacePacingRejected, RACE action=reject_survival:6746;RacePacingRejected, RACE action=reject_pacing:812;ReplacementNotAllowed:1"
2026-09-16T04:41:54.1699960+00:00,1659384960,0.000000,0,1.000000,0.000000,0.000000,0.340000,SURVIVAL,SURVIVAL,NONE,H_t,reject_survival,phase=none;hMul=1.000;gMul=1.000;qMul=1.000;qAdd=0.000;rpiOff=0.000,1856,7562,"RacePacingRejected, RACE action=reject_survival:6749;RacePacingRejected, RACE action=reject_pacing:812;ReplacementNotAllowed:1"
2026-09-16T04:41:54.6699405+00:00,1659417856,0.000000,0,1.000000,0.000000,0.000000,0.340000,SURVIVAL,SURVIVAL,NONE,H_t,reject_survival,phase=none;hMul=1.000;gMul=1.000;qMul=1.000;qAdd=0.000;rpiOff=0.000,1856,7564,"RacePacingRejected, RACE action=reject_survival:6751;RacePacingRejected, RACE action=reject_pacing:812;ReplacementNotAllowed:1"
2026-09-16T04:41:55.1698842+00:00,1659840184,0.000000,0,1.000000,0.000000,0.000000,0.340000,SURVIVAL,SURVIVAL,NONE,H_t,reject_survival,phase=none;hMul=1.000;gMul=1.000;qMul=1.000;qAdd=0.000;rpiOff=0.000,1857,7566,"RacePacingRejected, RACE action=reject_survival:6753;RacePacingRejected, RACE action=reject_pacing:812;ReplacementNotAllowed:1"
2026-09-16T04:41:55.6702970+00:00,1659880952,0.000000,0,1.000000,0.000000,0.000000,0.340000,SURVIVAL,SURVIVAL,NONE,H_t,reject_survival,phase=none;hMul=1.000;gMul=1.000;qMul=1.000;qAdd=0.000;rpiOff=0.000,1857,7568,"RacePacingRejected, RACE action=reject_survival:6755;RacePacingRejected, RACE action=reject_pacing:812;ReplacementNotAllowed:1"
2026-09-16T04:41:56.1699308+00:00,1660283376,0.000000,0,1.000000,0.000000,0.000000,0.340000,SURVIVAL,SURVIVAL,NONE,H_t,reject_survival,phase=none;hMul=1.000;gMul=1.000;qMul=1.000;qAdd=0.000;rpiOff=0.000,1858,7570,"RacePacingRejected, RACE action=reject_survival:6757;RacePacingRejected, RACE action=reject_pacing:812;ReplacementNotAllowed:1"
2026-09-16T04:41:56.6699514+00:00,1660320448,0.000000,0,1.000000,0.000000,0.000000,0.340000,SURVIVAL,SURVIVAL,NONE,H_t,reject_survival,phase=none;hMul=1.000;gMul=1.000;qMul=1.000;qAdd=0.000;rpiOff=0.000,1858,7572,"RacePacingRejected, RACE action=reject_survival:6759;RacePacingRejected, RACE action=reject_pacing:812;ReplacementNotAllowed:1"
2026-09-16T04:41:57.1700409+00:00,1660431136,0.000000,0,1.000000,0.000000,0.000000,0.340000,SURVIVAL,SURVIVAL,NONE,H_t,reject_survival,phase=none;hMul=1.000;gMul=1.000;qMul=1.000;qAdd=0.000;rpiOff=0.000,1858,7575,"RacePacingRejected, RACE action=reject_survival:6762;RacePacingRejected, RACE action=reject_pacing:812;ReplacementNotAllowed:1"
2026-09-16T04:41:57.6703220+00:00,1660464032,0.000000,0,1.000000,0.000000,0.000000,0.340000,SURVIVAL,SURVIVAL,NONE,H_t,reject_survival,phase=none;hMul=1.000;gMul=1.000;qMul=1.000;qAdd=0.000;rpiOff=0.000,1858,7577,"RacePacingRejected, RACE action=reject_survival:6764;RacePacingRejected, RACE action=reject_pacing:812;ReplacementNotAllowed:1"
2026-09-16T04:41:58.1704010+00:00,1660586880,0.000000,0,1.000000,0.000000,0.000000,0.340000,SURVIVAL,SURVIVAL,NONE,H_t,reject_survival,phase=none;hMul=1.000;gMul=1.000;qMul=1.000;qAdd=0.000;rpiOff=0.000,1858,7580,"RacePacingRejected, RACE action=reject_survival:6767;RacePacingRejected, RACE action=reject_pacing:812;ReplacementNotAllowed:1"
2026-09-16T04:41:58.6704732+00:00,1660619776,0.000000,1,1.000000,0.000000,0.000244,0.340081,SURVIVAL,SURVIVAL,NONE,H_t,allow_survival,phase=none;hMul=1.000;gMul=1.000;qMul=1.000;qAdd=0.000;rpiOff=0.000,1859,7581,"RacePacingRejected, RACE action=reject_survival:6768;RacePacingRejected, RACE action=reject_pacing:812;ReplacementNotAllowed:1"
2026-09-16T04:41:59.1707460+00:00,1661023856,0.000000,0,1.000000,0.000000,0.000000,0.340000,SURVIVAL,SURVIVAL,NONE,H_t,reject_survival,phase=none;hMul=1.000;gMul=1.000;qMul=1.000;qAdd=0.000;rpiOff=0.000,1859,7584,"RacePacingRejected, RACE action=reject_survival:6771;RacePacingRejected, RACE action=reject_pacing:812;ReplacementNotAllowed:1"
2026-09-16T04:41:59.6705798+00:00,1661056752,0.000000,0,1.000000,0.000000,0.000000,0.340000,SURVIVAL,SURVIVAL,NONE,H_t,reject_survival,phase=none;hMul=1.000;gMul=1.000;qMul=1.000;qAdd=0.000;rpiOff=0.000,1859,7586,"RacePacingRejected, RACE action=reject_survival:6773;RacePacingRejected, RACE action=reject_pacing:812;ReplacementNotAllowed:1"
2026-09-16T04:42:00.1704302+00:00,1661146960,0.000000,1,1.000000,0.000000,0.000244,0.340081,SURVIVAL,SURVIVAL,NONE,H_t,allow_survival,phase=none;hMul=1.000;gMul=1.000;qMul=1.000;qAdd=0.000;rpiOff=0.000,1860,7588,"RacePacingRejected, RACE action=reject_survival:6775;RacePacingRejected, RACE action=reject_pacing:812;ReplacementNotAllowed:1"
2026-09-16T04:42:00.6707498+00:00,1661171632,0.000000,2,1.000000,0.000000,0.000488,0.340161,SURVIVAL,SURVIVAL,NONE,H_t,reject_survival,phase=none;hMul=1.000;gMul=1.000;qMul=1.000;qAdd=0.000;rpiOff=0.000,1861,7589,"RacePacingRejected, RACE action=reject_survival:6776;RacePacingRejected, RACE action=reject_pacing:812;ReplacementNotAllowed:1"
2026-09-16T04:42:01.1705505+00:00,1661897176,0.000000,0,1.000000,0.000000,0.000000,0.340000,SURVIVAL,SURVIVAL,NONE,H_t,reject_survival,phase=none;hMul=1.000;gMul=1.000;qMul=1.000;qAdd=0.000;rpiOff=0.000,1861,7592,"RacePacingRejected, RACE action=reject_survival:6779;RacePacingRejected, RACE action=reject_pacing:812;ReplacementNotAllowed:1"
2026-09-16T04:42:01.6699021+00:00,1661929816,0.000000,0,1.000000,0.000000,0.000000,0.340000,SURVIVAL,SURVIVAL,NONE,H_t,reject_survival,phase=none;hMul=1.000;gMul=1.000;qMul=1.000;qAdd=0.000;rpiOff=0.000,1861,7594,"RacePacingRejected, RACE action=reject_survival:6781;RacePacingRejected, RACE action=reject_pacing:812;ReplacementNotAllowed:1"
2026-09-16T04:42:02.1700127+00:00,1662020024,0.000000,0,1.000000,0.000000,0.000000,0.340000,SURVIVAL,SURVIVAL,NONE,H_t,reject_survival,phase=none;hMul=1.000;gMul=1.000;qMul=1.000;qAdd=0.000;rpiOff=0.000,1861,7597,"RacePacingRejected, RACE action=reject_survival:6784;RacePacingRejected, RACE action=reject_pacing:812;ReplacementNotAllowed:1"
2026-09-16T04:42:02.6704775+00:00,1662061208,0.000000,0,1.000000,0.000000,0.000000,0.340000,SURVIVAL,SURVIVAL,NONE,H_t,reject_survival,phase=none;hMul=1.000;gMul=1.000;qMul=1.000;qAdd=0.000;rpiOff=0.000,1861,7599,"RacePacingRejected, RACE action=reject_survival:6786;RacePacingRejected, RACE action=reject_pacing:812;ReplacementNotAllowed:1"
2026-09-16T04:42:03.1699135+00:00,1662165152,0.000000,0,1.000000,0.000000,0.000000,0.340000,SURVIVAL,SURVIVAL,NONE,H_t,reject_survival,phase=none;hMul=1.000;gMul=1.000;qMul=1.000;qAdd=0.000;rpiOff=0.000,1861,7602,"RacePacingRejected, RACE action=reject_survival:6789;RacePacingRejected, RACE action=reject_pacing:812;ReplacementNotAllowed:1"
2026-09-16T04:42:03.6699309+00:00,1662205944,0.000000,0,1.000000,0.000000,0.000000,0.340000,SURVIVAL,SURVIVAL,NONE,H_t,reject_survival,phase=none;hMul=1.000;gMul=1.000;qMul=1.000;qAdd=0.000;rpiOff=0.000,1861,7604,"RacePacingRejected, RACE action=reject_survival:6791;RacePacingRejected, RACE action=reject_pacing:812;ReplacementNotAllowed:1"
2026-09-16T04:42:04.1707428+00:00,1662300272,0.000000,0,1.000000,0.000000,0.000000,0.340000,SURVIVAL,SURVIVAL,NONE,H_t,reject_survival,phase=none;hMul=1.000;gMul=1.000;qMul=1.000;qAdd=0.000;rpiOff=0.000,1861,7607,"RacePacingRejected, RACE action=reject_survival:6794;RacePacingRejected, RACE action=reject_pacing:812;ReplacementNotAllowed:1"
2026-09-16T04:42:04.6703184+00:00,1662324688,0.000000,0,1.000000,0.000000,0.000000,0.340000,SURVIVAL,SURVIVAL,NONE,H_t,reject_survival,phase=none;hMul=1.000;gMul=1.000;qMul=1.000;qAdd=0.000;rpiOff=0.000,1861,7609,"RacePacingRejected, RACE action=reject_survival:6796;RacePacingRejected, RACE action=reject_pacing:812;ReplacementNotAllowed:1"
2026-09-16T04:42:05.1704396+00:00,1662444408,0.000000,0,1.000000,0.000000,0.000000,0.340000,SURVIVAL,SURVIVAL,NONE,H_t,reject_survival,phase=none;hMul=1.000;gMul=1.000;qMul=1.000;qAdd=0.000;rpiOff=0.000,1861,7612,"RacePacingRejected, RACE action=reject_survival:6799;RacePacingRejected, RACE action=reject_pacing:812;ReplacementNotAllowed:1"
2026-09-16T04:42:05.6702871+00:00,1662477048,0.000000,1,1.000000,0.000000,0.000244,0.340081,SURVIVAL,SURVIVAL,NONE,H_t,allow_survival,phase=none;hMul=1.000;gMul=1.000;qMul=1.000;qAdd=0.000;rpiOff=0.000,1862,7613,"RacePacingRejected, RACE action=reject_survival:6800;RacePacingRejected, RACE action=reject_pacing:812;ReplacementNotAllowed:1"
2026-09-16T04:42:06.1701360+00:00,1662897832,0.000000,0,1.000000,0.000000,0.000000,0.340000,SURVIVAL,SURVIVAL,NONE,H_t,reject_survival,phase=none;hMul=1.000;gMul=1.000;qMul=1.000;qAdd=0.000;rpiOff=0.000,1862,7616,"RacePacingRejected, RACE action=reject_survival:6803;RacePacingRejected, RACE action=reject_pacing:812;ReplacementNotAllowed:1"
2026-09-16T04:42:06.6700907+00:00,1662930216,0.000000,0,1.000000,0.000000,0.000000,0.340000,SURVIVAL,SURVIVAL,NONE,H_t,reject_survival,phase=none;hMul=1.000;gMul=1.000;qMul=1.000;qAdd=0.000;rpiOff=0.000,1862,7618,"RacePacingRejected, RACE action=reject_survival:6805;RacePacingRejected, RACE action=reject_pacing:812;ReplacementNotAllowed:1"
2026-09-16T04:42:07.1700669+00:00,1663020744,0.000000,0,1.000000,0.000000,0.000000,0.340000,SURVIVAL,SURVIVAL,NONE,H_t,reject_survival,phase=none;hMul=1.000;gMul=1.000;qMul=1.000;qAdd=0.000;rpiOff=0.000,1862,7621,"RacePacingRejected, RACE action=reject_survival:6808;RacePacingRejected, RACE action=reject_pacing:812;ReplacementNotAllowed:1"
2026-09-16T04:42:07.6702599+00:00,1663061864,0.000000,1,1.000000,0.000000,0.000244,0.340081,SURVIVAL,SURVIVAL,NONE,H_t,allow_survival,phase=none;hMul=1.000;gMul=1.000;qMul=1.000;qAdd=0.000;rpiOff=0.000,1863,7622,"RacePacingRejected, RACE action=reject_survival:6809;RacePacingRejected, RACE action=reject_pacing:812;ReplacementNotAllowed:1"
2026-09-16T04:42:08.1703111+00:00,1663470888,0.000000,0,1.000000,0.000000,0.000000,0.340000,SURVIVAL,SURVIVAL,NONE,H_t,reject_survival,phase=none;hMul=1.000;gMul=1.000;qMul=1.000;qAdd=0.000;rpiOff=0.000,1863,7625,"RacePacingRejected, RACE action=reject_survival:6812;RacePacingRejected, RACE action=reject_pacing:812;ReplacementNotAllowed:1"
2026-09-16T04:42:08.6704837+00:00,1663512328,0.000000,0,1.000000,0.000000,0.000000,0.340000,SURVIVAL,SURVIVAL,NONE,H_t,reject_survival,phase=none;hMul=1.000;gMul=1.000;qMul=1.000;qAdd=0.000;rpiOff=0.000,1863,7627,"RacePacingRejected, RACE action=reject_survival:6814;RacePacingRejected, RACE action=reject_pacing:812;ReplacementNotAllowed:1"
2026-09-16T04:42:09.1701200+00:00,1663607488,0.000000,0,1.000000,0.000000,0.000000,0.340000,SURVIVAL,SURVIVAL,NONE,H_t,reject_survival,phase=none;hMul=1.000;gMul=1.000;qMul=1.000;qAdd=0.000;rpiOff=0.000,1863,7630,"RacePacingRejected, RACE action=reject_survival:6817;RacePacingRejected, RACE action=reject_pacing:812;ReplacementNotAllowed:1"
2026-09-16T04:42:09.6703541+00:00,1663631904,0.000000,0,1.000000,0.000000,0.000000,0.340000,SURVIVAL,SURVIVAL,NONE,H_t,reject_survival,phase=none;hMul=1.000;gMul=1.000;qMul=1.000;qAdd=0.000;rpiOff=0.000,1863,7632,"RacePacingRejected, RACE action=reject_survival:6819;RacePacingRejected, RACE action=reject_pacing:812;ReplacementNotAllowed:1"
2026-09-16T04:42:10.1697893+00:00,1663746528,0.000000,0,1.000000,0.000000,0.000000,0.340000,SURVIVAL,SURVIVAL,NONE,H_t,reject_survival,phase=none;hMul=1.000;gMul=1.000;qMul=1.000;qAdd=0.000;rpiOff=0.000,1863,7635,"RacePacingRejected, RACE action=reject_survival:6822;RacePacingRejected, RACE action=reject_pacing:812;ReplacementNotAllowed:1"
2026-09-16T04:42:10.6707166+00:00,1663779424,0.000000,0,1.000000,0.000000,0.000000,0.340000,SURVIVAL,SURVIVAL,NONE,H_t,reject_survival,phase=none;hMul=1.000;gMul=1.000;qMul=1.000;qAdd=0.000;rpiOff=0.000,1863,7637,"RacePacingRejected, RACE action=reject_survival:6824;RacePacingRejected, RACE action=reject_pacing:812;ReplacementNotAllowed:1"
2026-09-16T04:42:11.1701682+00:00,1663861408,0.000000,0,1.000000,0.000000,0.000000,0.340000,SURVIVAL,SURVIVAL,NONE,H_t,reject_survival,phase=none;hMul=1.000;gMul=1.000;qMul=1.000;qAdd=0.000;rpiOff=0.000,1863,7640,"RacePacingRejected, RACE action=reject_survival:6827;RacePacingRejected, RACE action=reject_pacing:812;ReplacementNotAllowed:1"
2026-09-16T04:42:11.6705799+00:00,1663902528,0.000000,0,1.000000,0.000000,0.000000,0.340000,SURVIVAL,SURVIVAL,NONE,H_t,reject_survival,phase=none;hMul=1.000;gMul=1.000;qMul=1.000;qAdd=0.000;rpiOff=0.000,1863,7642,"RacePacingRejected, RACE action=reject_survival:6829;RacePacingRejected, RACE action=reject_pacing:812;ReplacementNotAllowed:1"
2026-09-16T04:42:12.1698053+00:00,1664017152,0.000000,0,1.000000,0.000000,0.000000,0.340000,SURVIVAL,SURVIVAL,NONE,H_t,reject_survival,phase=none;hMul=1.000;gMul=1.000;qMul=1.000;qAdd=0.000;rpiOff=0.000,1863,7645,"RacePacingRejected, RACE action=reject_survival:6832;RacePacingRejected, RACE action=reject_pacing:812;ReplacementNotAllowed:1"
2026-09-16T04:42:12.6699167+00:00,1664049792,0.000000,0,1.000000,0.000000,0.000000,0.340000,SURVIVAL,SURVIVAL,NONE,H_t,reject_survival,phase=none;hMul=1.000;gMul=1.000;qMul=1.000;qAdd=0.000;rpiOff=0.000,1863,7647,"RacePacingRejected, RACE action=reject_survival:6834;RacePacingRejected, RACE action=reject_pacing:812;ReplacementNotAllowed:1"
2026-09-16T04:42:13.1703223+00:00,1664470064,0.000000,0,1.000000,0.000000,0.000000,0.340000,SURVIVAL,SURVIVAL,NONE,H_t,reject_survival,phase=none;hMul=1.000;gMul=1.000;qMul=1.000;qAdd=0.000;rpiOff=0.000,1864,7649,"RacePacingRejected, RACE action=reject_survival:6836;RacePacingRejected, RACE action=reject_pacing:812;ReplacementNotAllowed:1"
2026-09-16T04:42:13.6699585+00:00,1664499744,0.000000,1,1.000000,0.000000,0.000244,0.340081,SURVIVAL,SURVIVAL,NONE,H_t,allow_survival,phase=none;hMul=1.000;gMul=1.000;qMul=1.000;qAdd=0.000;rpiOff=0.000,1865,7650,"RacePacingRejected, RACE action=reject_survival:6837;RacePacingRejected, RACE action=reject_pacing:812;ReplacementNotAllowed:1"
2026-09-16T04:42:14.1703739+00:00,1664904984,0.000000,0,1.000000,0.000000,0.000000,0.340000,SURVIVAL,SURVIVAL,NONE,H_t,reject_survival,phase=none;hMul=1.000;gMul=1.000;qMul=1.000;qAdd=0.000;rpiOff=0.000,1865,7653,"RacePacingRejected, RACE action=reject_survival:6840;RacePacingRejected, RACE action=reject_pacing:812;ReplacementNotAllowed:1"
2026-09-16T04:42:14.6699510+00:00,1664929528,0.000000,0,1.000000,0.000000,0.000000,0.340000,SURVIVAL,SURVIVAL,NONE,H_t,reject_survival,phase=none;hMul=1.000;gMul=1.000;qMul=1.000;qAdd=0.000;rpiOff=0.000,1865,7655,"RacePacingRejected, RACE action=reject_survival:6842;RacePacingRejected, RACE action=reject_pacing:812;ReplacementNotAllowed:1"
2026-09-16T04:42:15.1707472+00:00,1665355896,0.000000,0,1.000000,0.000000,0.000000,0.340000,SURVIVAL,SURVIVAL,NONE,H_t,reject_survival,phase=none;hMul=1.000;gMul=1.000;qMul=1.000;qAdd=0.000;rpiOff=0.000,1866,7657,"RacePacingRejected, RACE action=reject_survival:6844;RacePacingRejected, RACE action=reject_pacing:812;ReplacementNotAllowed:1"
2026-09-16T04:42:15.6700904+00:00,1665388536,0.000000,0,1.000000,0.000000,0.000000,0.340000,SURVIVAL,SURVIVAL,NONE,H_t,reject_survival,phase=none;hMul=1.000;gMul=1.000;qMul=1.000;qAdd=0.000;rpiOff=0.000,1866,7659,"RacePacingRejected, RACE action=reject_survival:6846;RacePacingRejected, RACE action=reject_pacing:812;ReplacementNotAllowed:1"
2026-09-16T04:42:16.1701938+00:00,1665777064,0.000000,0,1.000000,0.000000,0.000000,0.340000,SURVIVAL,SURVIVAL,NONE,H_t,reject_survival,phase=none;hMul=1.000;gMul=1.000;qMul=1.000;qAdd=0.000;rpiOff=0.000,1867,7661,"RacePacingRejected, RACE action=reject_survival:6848;RacePacingRejected, RACE action=reject_pacing:812;ReplacementNotAllowed:1"
2026-09-16T04:42:16.6706417+00:00,1665793512,0.000000,1,1.000000,0.000000,0.000244,0.340081,SURVIVAL,SURVIVAL,NONE,H_t,allow_survival,phase=none;hMul=1.000;gMul=1.000;qMul=1.000;qAdd=0.000;rpiOff=0.000,1868,7662,"RacePacingRejected, RACE action=reject_survival:6849;RacePacingRejected, RACE action=reject_pacing:812;ReplacementNotAllowed:1"
2026-09-16T04:42:17.1702752+00:00,1666219896,0.000000,0,1.000000,0.000000,0.000000,0.340000,SURVIVAL,SURVIVAL,NONE,H_t,reject_survival,phase=none;hMul=1.000;gMul=1.000;qMul=1.000;qAdd=0.000;rpiOff=0.000,1868,7665,"RacePacingRejected, RACE action=reject_survival:6852;RacePacingRejected, RACE action=reject_pacing:812;ReplacementNotAllowed:1"
2026-09-16T04:42:17.6704227+00:00,1666252792,0.000000,1,1.000000,0.000000,0.000244,0.340081,SURVIVAL,SURVIVAL,NONE,H_t,reject_survival,phase=none;hMul=1.000;gMul=1.000;qMul=1.000;qAdd=0.000;rpiOff=0.000,1869,7666,"RacePacingRejected, RACE action=reject_survival:6853;RacePacingRejected, RACE action=reject_pacing:812;ReplacementNotAllowed:1"
2026-09-16T04:42:18.1703476+00:00,1666673640,0.000000,0,1.000000,0.000000,0.000000,0.340000,SURVIVAL,SURVIVAL,NONE,H_t,reject_survival,phase=none;hMul=1.000;gMul=1.000;qMul=1.000;qAdd=0.000;rpiOff=0.000,1869,7669,"RacePacingRejected, RACE action=reject_survival:6856;RacePacingRejected, RACE action=reject_pacing:812;ReplacementNotAllowed:1"
2026-09-16T04:42:18.6705410+00:00,1666706536,0.000000,0,1.000000,0.000000,0.000000,0.340000,SURVIVAL,SURVIVAL,NONE,H_t,reject_survival,phase=none;hMul=1.000;gMul=1.000;qMul=1.000;qAdd=0.000;rpiOff=0.000,1869,7671,"RacePacingRejected, RACE action=reject_survival:6858;RacePacingRejected, RACE action=reject_pacing:812;ReplacementNotAllowed:1"
2026-09-16T04:42:19.1703294+00:00,1666804712,0.000000,0,1.000000,0.000000,0.000000,0.340000,SURVIVAL,SURVIVAL,NONE,H_t,reject_survival,phase=none;hMul=1.000;gMul=1.000;qMul=1.000;qAdd=0.000;rpiOff=0.000,1869,7674,"RacePacingRejected, RACE action=reject_survival:6861;RacePacingRejected, RACE action=reject_pacing:812;ReplacementNotAllowed:1"
2026-09-16T04:42:19.6707865+00:00,1666812936,0.000000,2,1.000000,0.000000,0.000488,0.340161,SURVIVAL,SURVIVAL,NONE,H_t,allow_survival,phase=none;hMul=1.000;gMul=1.000;qMul=1.000;qAdd=0.000;rpiOff=0.000,1871,7674,"RacePacingRejected, RACE action=reject_survival:6861;RacePacingRejected, RACE action=reject_pacing:812;ReplacementNotAllowed:1"
2026-09-16T04:42:20.1700958+00:00,1667532680,0.000000,0,1.000000,0.000000,0.000000,0.340000,SURVIVAL,SURVIVAL,NONE,H_t,reject_survival,phase=none;hMul=1.000;gMul=1.000;qMul=1.000;qAdd=0.000;rpiOff=0.000,1871,7677,"RacePacingRejected, RACE action=reject_survival:6864;RacePacingRejected, RACE action=reject_pacing:812;ReplacementNotAllowed:1"
2026-09-16T04:42:20.6705171+00:00,1667572752,0.000000,0,1.000000,0.000000,0.000000,0.340000,SURVIVAL,SURVIVAL,NONE,H_t,reject_survival,phase=none;hMul=1.000;gMul=1.000;qMul=1.000;qAdd=0.000;rpiOff=0.000,1871,7679,"RacePacingRejected, RACE action=reject_survival:6866;RacePacingRejected, RACE action=reject_pacing:812;ReplacementNotAllowed:1"
2026-09-16T04:42:21.1706183+00:00,1667949520,0.000000,0,1.000000,0.000000,0.000000,0.340000,SURVIVAL,SURVIVAL,NONE,H_t,reject_survival,phase=none;hMul=1.000;gMul=1.000;qMul=1.000;qAdd=0.000;rpiOff=0.000,1872,7681,"RacePacingRejected, RACE action=reject_survival:6868;RacePacingRejected, RACE action=reject_pacing:812;ReplacementNotAllowed:1"
2026-09-16T04:42:21.6703319+00:00,1667982416,0.000000,1,1.000000,0.000000,0.000244,0.340081,SURVIVAL,SURVIVAL,NONE,H_t,reject_survival,phase=none;hMul=1.000;gMul=1.000;qMul=1.000;qAdd=0.000;rpiOff=0.000,1873,7682,"RacePacingRejected, RACE action=reject_survival:6869;RacePacingRejected, RACE action=reject_pacing:812;ReplacementNotAllowed:1"
2026-09-16T04:42:22.1701155+00:00,1668685888,0.000000,0,1.000000,0.000000,0.000000,0.340000,SURVIVAL,SURVIVAL,NONE,H_t,reject_survival,phase=none;hMul=1.000;gMul=1.000;qMul=1.000;qAdd=0.000;rpiOff=0.000,1874,7684,"RacePacingRejected, RACE action=reject_survival:6871;RacePacingRejected, RACE action=reject_pacing:812;ReplacementNotAllowed:1"
2026-09-16T04:42:22.6699335+00:00,1668723536,0.000000,0,1.000000,0.000000,0.000000,0.340000,SURVIVAL,SURVIVAL,NONE,H_t,reject_survival,phase=none;hMul=1.000;gMul=1.000;qMul=1.000;qAdd=0.000;rpiOff=0.000,1874,7686,"RacePacingRejected, RACE action=reject_survival:6873;RacePacingRejected, RACE action=reject_pacing:812;ReplacementNotAllowed:1"
2026-09-16T04:42:23.1706072+00:00,1668814896,0.000000,0,1.000000,0.000000,0.000000,0.340000,SURVIVAL,SURVIVAL,NONE,H_t,reject_survival,phase=none;hMul=1.000;gMul=1.000;qMul=1.000;qAdd=0.000;rpiOff=0.000,1874,7689,"RacePacingRejected, RACE action=reject_survival:6876;RacePacingRejected, RACE action=reject_pacing:812;ReplacementNotAllowed:1"
2026-09-16T04:42:23.6707400+00:00,1668839312,0.000000,0,1.000000,0.000000,0.000000,0.340000,SURVIVAL,SURVIVAL,NONE,H_t,reject_survival,phase=none;hMul=1.000;gMul=1.000;qMul=1.000;qAdd=0.000;rpiOff=0.000,1874,7691,"RacePacingRejected, RACE action=reject_survival:6878;RacePacingRejected, RACE action=reject_pacing:812;ReplacementNotAllowed:1"
2026-09-16T04:42:24.1704283+00:00,1668974760,0.000000,0,1.000000,0.000000,0.000000,0.340000,SURVIVAL,SURVIVAL,NONE,H_t,reject_survival,phase=none;hMul=1.000;gMul=1.000;qMul=1.000;qAdd=0.000;rpiOff=0.000,1874,7694,"RacePacingRejected, RACE action=reject_survival:6881;RacePacingRejected, RACE action=reject_pacing:812;ReplacementNotAllowed:1"
2026-09-16T04:42:24.6705750+00:00,1668999432,0.000000,0,1.000000,0.000000,0.000000,0.340000,SURVIVAL,SURVIVAL,NONE,H_t,reject_survival,phase=none;hMul=1.000;gMul=1.000;qMul=1.000;qAdd=0.000;rpiOff=0.000,1874,7696,"RacePacingRejected, RACE action=reject_survival:6883;RacePacingRejected, RACE action=reject_pacing:812;ReplacementNotAllowed:1"
2026-09-16T04:42:25.1700763+00:00,1669088768,0.000000,0,1.000000,0.000000,0.000000,0.340000,SURVIVAL,SURVIVAL,NONE,H_t,reject_survival,phase=none;hMul=1.000;gMul=1.000;qMul=1.000;qAdd=0.000;rpiOff=0.000,1874,7699,"RacePacingRejected, RACE action=reject_survival:6886;RacePacingRejected, RACE action=reject_pacing:812;ReplacementNotAllowed:1"
2026-09-16T04:42:25.6698666+00:00,1669121664,0.000000,0,1.000000,0.000000,0.000000,0.340000,SURVIVAL,SURVIVAL,NONE,H_t,reject_survival,phase=none;hMul=1.000;gMul=1.000;qMul=1.000;qAdd=0.000;rpiOff=0.000,1874,7701,"RacePacingRejected, RACE action=reject_survival:6888;RacePacingRejected, RACE action=reject_pacing:812;ReplacementNotAllowed:1"
2026-09-16T04:42:26.1704776+00:00,1669245024,0.000000,0,1.000000,0.000000,0.000000,0.340000,SURVIVAL,SURVIVAL,NONE,H_t,reject_survival,phase=none;hMul=1.000;gMul=1.000;qMul=1.000;qAdd=0.000;rpiOff=0.000,1874,7704,"RacePacingRejected, RACE action=reject_survival:6891;RacePacingRejected, RACE action=reject_pacing:812;ReplacementNotAllowed:1"
2026-09-16T04:42:26.6706047+00:00,1669277664,0.000000,1,1.000000,0.000000,0.000244,0.340081,SURVIVAL,SURVIVAL,NONE,H_t,allow_survival,phase=none;hMul=1.000;gMul=1.000;qMul=1.000;qAdd=0.000;rpiOff=0.000,1875,7705,"RacePacingRejected, RACE action=reject_survival:6892;RacePacingRejected, RACE action=reject_pacing:812;ReplacementNotAllowed:1"
2026-09-16T04:42:27.1705188+00:00,1669707056,0.000000,0,1.000000,0.000000,0.000000,0.340000,SURVIVAL,SURVIVAL,NONE,H_t,reject_survival,phase=none;hMul=1.000;gMul=1.000;qMul=1.000;qAdd=0.000;rpiOff=0.000,1875,7708,"RacePacingRejected, RACE action=reject_survival:6895;RacePacingRejected, RACE action=reject_pacing:812;ReplacementNotAllowed:1"
2026-09-16T04:42:27.6700840+00:00,1669731728,0.000000,1,1.000000,0.000000,0.000244,0.340081,SURVIVAL,SURVIVAL,NONE,H_t,reject_survival,phase=none;hMul=1.000;gMul=1.000;qMul=1.000;qAdd=0.000;rpiOff=0.000,1876,7709,"RacePacingRejected, RACE action=reject_survival:6896;RacePacingRejected, RACE action=reject_pacing:812;ReplacementNotAllowed:1"
2026-09-16T04:42:28.1702584+00:00,1671421320,0.000000,0,1.000000,0.000000,0.000000,0.340000,SURVIVAL,SURVIVAL,NONE,H_t,reject_survival,phase=none;hMul=1.000;gMul=1.000;qMul=1.000;qAdd=0.000;rpiOff=0.000,1876,7712,"RacePacingRejected, RACE action=reject_survival:6899;RacePacingRejected, RACE action=reject_pacing:812;ReplacementNotAllowed:1"
2026-09-16T04:42:28.6698703+00:00,1671450112,0.000000,1,1.000000,0.000000,0.000244,0.340081,SURVIVAL,SURVIVAL,NONE,H_t,reject_survival,phase=none;hMul=1.000;gMul=1.000;qMul=1.000;qAdd=0.000;rpiOff=0.000,1877,7713,"RacePacingRejected, RACE action=reject_survival:6900;RacePacingRejected, RACE action=reject_pacing:812;ReplacementNotAllowed:1"
2026-09-16T04:42:29.1704364+00:00,1673032416,0.000000,0,1.000000,0.000000,0.000000,0.340000,SURVIVAL,SURVIVAL,NONE,H_t,reject_survival,phase=none;hMul=1.000;gMul=1.000;qMul=1.000;qAdd=0.000;rpiOff=0.000,1877,7716,"RacePacingRejected, RACE action=reject_survival:6903;RacePacingRejected, RACE action=reject_pacing:812;ReplacementNotAllowed:1"
2026-09-16T04:42:29.6704434+00:00,1673065312,0.000000,0,1.000000,0.000000,0.000000,0.340000,SURVIVAL,SURVIVAL,NONE,H_t,reject_survival,phase=none;hMul=1.000;gMul=1.000;qMul=1.000;qAdd=0.000;rpiOff=0.000,1877,7718,"RacePacingRejected, RACE action=reject_survival:6905;RacePacingRejected, RACE action=reject_pacing:812;ReplacementNotAllowed:1"
2026-09-16T04:42:30.1707457+00:00,1673188160,0.000000,0,1.000000,0.000000,0.000000,0.340000,SURVIVAL,SURVIVAL,NONE,H_t,reject_survival,phase=none;hMul=1.000;gMul=1.000;qMul=1.000;qAdd=0.000;rpiOff=0.000,1877,7721,"RacePacingRejected, RACE action=reject_survival:6908;RacePacingRejected, RACE action=reject_pacing:812;ReplacementNotAllowed:1"
2026-09-16T04:42:30.6707131+00:00,1673220800,0.000000,0,1.000000,0.000000,0.000000,0.340000,SURVIVAL,SURVIVAL,NONE,H_t,reject_survival,phase=none;hMul=1.000;gMul=1.000;qMul=1.000;qAdd=0.000;rpiOff=0.000,1877,7723,"RacePacingRejected, RACE action=reject_survival:6910;RacePacingRejected, RACE action=reject_pacing:812;ReplacementNotAllowed:1"
2026-09-16T04:42:31.1700119+00:00,1673343232,0.000000,1,1.000000,0.000000,0.000244,0.340081,SURVIVAL,SURVIVAL,NONE,H_t,allow_survival,phase=none;hMul=1.000;gMul=1.000;qMul=1.000;qAdd=0.000;rpiOff=0.000,1878,7725,"RacePacingRejected, RACE action=reject_survival:6912;RacePacingRejected, RACE action=reject_pacing:812;ReplacementNotAllowed:1"
2026-09-16T04:42:31.6705262+00:00,1673359680,0.000000,1,1.000000,0.000000,0.000244,0.340081,SURVIVAL,SURVIVAL,NONE,H_t,reject_survival,phase=none;hMul=1.000;gMul=1.000;qMul=1.000;qAdd=0.000;rpiOff=0.000,1878,7727,"RacePacingRejected, RACE action=reject_survival:6914;RacePacingRejected, RACE action=reject_pacing:812;ReplacementNotAllowed:1"
2026-09-16T04:42:32.1704338+00:00,1675177688,0.000000,0,1.000000,0.000000,0.000000,0.340000,SURVIVAL,SURVIVAL,NONE,H_t,reject_survival,phase=none;hMul=1.000;gMul=1.000;qMul=1.000;qAdd=0.000;rpiOff=0.000,1879,7729,"RacePacingRejected, RACE action=reject_survival:6916;RacePacingRejected, RACE action=reject_pacing:812;ReplacementNotAllowed:1"
2026-09-16T04:42:32.6702291+00:00,1675210584,0.000000,1,1.000000,0.000000,0.000244,0.340081,SURVIVAL,SURVIVAL,NONE,H_t,allow_survival,phase=none;hMul=1.000;gMul=1.000;qMul=1.000;qAdd=0.000;rpiOff=0.000,1880,7730,"RacePacingRejected, RACE action=reject_survival:6917;RacePacingRejected, RACE action=reject_pacing:812;ReplacementNotAllowed:1"
2026-09-16T04:42:33.1703130+00:00,1675679016,0.000000,0,1.000000,0.000000,0.000000,0.340000,SURVIVAL,SURVIVAL,NONE,H_t,reject_survival,phase=none;hMul=1.000;gMul=1.000;qMul=1.000;qAdd=0.000;rpiOff=0.000,1880,7733,"RacePacingRejected, RACE action=reject_survival:6920;RacePacingRejected, RACE action=reject_pacing:812;ReplacementNotAllowed:1"
2026-09-16T04:42:33.6702176+00:00,1675711912,0.000000,0,1.000000,0.000000,0.000000,0.340000,SURVIVAL,SURVIVAL,NONE,H_t,reject_survival,phase=none;hMul=1.000;gMul=1.000;qMul=1.000;qAdd=0.000;rpiOff=0.000,1880,7735,"RacePacingRejected, RACE action=reject_survival:6922;RacePacingRejected, RACE action=reject_pacing:812;ReplacementNotAllowed:1"
2026-09-16T04:42:34.1697738+00:00,1675834760,0.000000,0,1.000000,0.000000,0.000000,0.340000,SURVIVAL,SURVIVAL,NONE,H_t,reject_survival,phase=none;hMul=1.000;gMul=1.000;qMul=1.000;qAdd=0.000;rpiOff=0.000,1880,7738,"RacePacingRejected, RACE action=reject_survival:6925;RacePacingRejected, RACE action=reject_pacing:812;ReplacementNotAllowed:1"
2026-09-16T04:42:34.6699351+00:00,1675859432,0.000000,0,1.000000,0.000000,0.000000,0.340000,SURVIVAL,SURVIVAL,NONE,H_t,reject_survival,phase=none;hMul=1.000;gMul=1.000;qMul=1.000;qAdd=0.000;rpiOff=0.000,1880,7740,"RacePacingRejected, RACE action=reject_survival:6927;RacePacingRejected, RACE action=reject_pacing:812;ReplacementNotAllowed:1"
2026-09-16T04:42:35.1702765+00:00,1675974056,0.000000,0,1.000000,0.000000,0.000000,0.340000,SURVIVAL,SURVIVAL,NONE,H_t,reject_survival,phase=none;hMul=1.000;gMul=1.000;qMul=1.000;qAdd=0.000;rpiOff=0.000,1880,7743,"RacePacingRejected, RACE action=reject_survival:6930;RacePacingRejected, RACE action=reject_pacing:812;ReplacementNotAllowed:1"
2026-09-16T04:42:35.6702307+00:00,1676006696,0.000000,1,1.000000,0.000000,0.000244,0.340081,SURVIVAL,SURVIVAL,NONE,H_t,allow_survival,phase=none;hMul=1.000;gMul=1.000;qMul=1.000;qAdd=0.000;rpiOff=0.000,1881,7744,"RacePacingRejected, RACE action=reject_survival:6931;RacePacingRejected, RACE action=reject_pacing:812;ReplacementNotAllowed:1"
2026-09-16T04:42:36.1705794+00:00,1678607136,0.000000,0,1.000000,0.000000,0.000000,0.340000,SURVIVAL,SURVIVAL,NONE,H_t,reject_survival,phase=none;hMul=1.000;gMul=1.000;qMul=1.000;qAdd=0.000;rpiOff=0.000,1881,7747,"RacePacingRejected, RACE action=reject_survival:6934;RacePacingRejected, RACE action=reject_pacing:812;ReplacementNotAllowed:1"
2026-09-16T04:42:36.6707681+00:00,1678648000,0.000000,0,1.000000,0.000000,0.000000,0.340000,SURVIVAL,SURVIVAL,NONE,H_t,reject_survival,phase=none;hMul=1.000;gMul=1.000;qMul=1.000;qAdd=0.000;rpiOff=0.000,1881,7749,"RacePacingRejected, RACE action=reject_survival:6936;RacePacingRejected, RACE action=reject_pacing:812;ReplacementNotAllowed:1"
2026-09-16T04:42:37.1706384+00:00,1679229648,0.000000,0,1.000000,0.000000,0.000000,0.340000,SURVIVAL,SURVIVAL,NONE,H_t,reject_survival,phase=none;hMul=1.000;gMul=1.000;qMul=1.000;qAdd=0.000;rpiOff=0.000,1881,7752,"RacePacingRejected, RACE action=reject_survival:6939;RacePacingRejected, RACE action=reject_pacing:812;ReplacementNotAllowed:1"
2026-09-16T04:42:37.6705654+00:00,1679270728,0.000000,0,1.000000,0.000000,0.000000,0.340000,SURVIVAL,SURVIVAL,NONE,H_t,reject_survival,phase=none;hMul=1.000;gMul=1.000;qMul=1.000;qAdd=0.000;rpiOff=0.000,1881,7754,"RacePacingRejected, RACE action=reject_survival:6941;RacePacingRejected, RACE action=reject_pacing:812;ReplacementNotAllowed:1"
2026-09-16T04:42:38.1700478+00:00,1680343896,0.000000,0,1.000000,0.000000,0.000000,0.340000,SURVIVAL,SURVIVAL,NONE,H_t,reject_survival,phase=none;hMul=1.000;gMul=1.000;qMul=1.000;qAdd=0.000;rpiOff=0.000,1882,7756,"RacePacingRejected, RACE action=reject_survival:6943;RacePacingRejected, RACE action=reject_pacing:812;ReplacementNotAllowed:1"
2026-09-16T04:42:38.6743373+00:00,1680384760,0.000000,0,1.000000,0.000000,0.000000,0.340000,SURVIVAL,SURVIVAL,NONE,H_t,reject_survival,phase=none;hMul=1.000;gMul=1.000;qMul=1.000;qAdd=0.000;rpiOff=0.000,1882,7758,"RacePacingRejected, RACE action=reject_survival:6945;RacePacingRejected, RACE action=reject_pacing:812;ReplacementNotAllowed:1"
2026-09-16T04:42:39.1699647+00:00,1681842448,0.000000,0,1.000000,0.000000,0.000000,0.340000,SURVIVAL,SURVIVAL,NONE,H_t,reject_survival,phase=none;hMul=1.000;gMul=1.000;qMul=1.000;qAdd=0.000;rpiOff=0.000,1883,7760,"RacePacingRejected, RACE action=reject_survival:6947;RacePacingRejected, RACE action=reject_pacing:812;ReplacementNotAllowed:1"
2026-09-16T04:42:39.6701419+00:00,1681875312,0.000000,0,1.000000,0.000000,0.000000,0.340000,SURVIVAL,SURVIVAL,NONE,H_t,reject_survival,phase=none;hMul=1.000;gMul=1.000;qMul=1.000;qAdd=0.000;rpiOff=0.000,1883,7762,"RacePacingRejected, RACE action=reject_survival:6949;RacePacingRejected, RACE action=reject_pacing:812;ReplacementNotAllowed:1"
2026-09-16T04:42:40.1706812+00:00,1681998160,0.000000,0,1.000000,0.000000,0.000000,0.340000,SURVIVAL,SURVIVAL,NONE,H_t,reject_survival,phase=none;hMul=1.000;gMul=1.000;qMul=1.000;qAdd=0.000;rpiOff=0.000,1883,7765,"RacePacingRejected, RACE action=reject_survival:6952;RacePacingRejected, RACE action=reject_pacing:812;ReplacementNotAllowed:1"
2026-09-16T04:42:40.6706125+00:00,1682031056,0.000000,0,1.000000,0.000000,0.000000,0.340000,SURVIVAL,SURVIVAL,NONE,H_t,reject_survival,phase=none;hMul=1.000;gMul=1.000;qMul=1.000;qAdd=0.000;rpiOff=0.000,1883,7767,"RacePacingRejected, RACE action=reject_survival:6954;RacePacingRejected, RACE action=reject_pacing:812;ReplacementNotAllowed:1"
2026-09-16T04:42:41.1699616+00:00,1682121264,0.000000,0,1.000000,0.000000,0.000000,0.340000,SURVIVAL,SURVIVAL,NONE,H_t,reject_survival,phase=none;hMul=1.000;gMul=1.000;qMul=1.000;qAdd=0.000;rpiOff=0.000,1883,7770,"RacePacingRejected, RACE action=reject_survival:6957;RacePacingRejected, RACE action=reject_pacing:812;ReplacementNotAllowed:1"
2026-09-16T04:42:41.6698228+00:00,1682153856,0.000000,0,1.000000,0.000000,0.000000,0.340000,SURVIVAL,SURVIVAL,NONE,H_t,reject_survival,phase=none;hMul=1.000;gMul=1.000;qMul=1.000;qAdd=0.000;rpiOff=0.000,1883,7772,"RacePacingRejected, RACE action=reject_survival:6959;RacePacingRejected, RACE action=reject_pacing:812;ReplacementNotAllowed:1"
2026-09-16T04:42:42.1697663+00:00,1682268736,0.000000,1,1.000000,0.000000,0.000244,0.340081,SURVIVAL,SURVIVAL,NONE,H_t,allow_survival,phase=none;hMul=1.000;gMul=1.000;qMul=1.000;qAdd=0.000;rpiOff=0.000,1884,7774,"RacePacingRejected, RACE action=reject_survival:6961;RacePacingRejected, RACE action=reject_pacing:812;ReplacementNotAllowed:1"
2026-09-16T04:42:42.6698539+00:00,1682301120,0.000000,1,1.000000,0.000000,0.000244,0.340081,SURVIVAL,SURVIVAL,NONE,H_t,reject_survival,phase=none;hMul=1.000;gMul=1.000;qMul=1.000;qAdd=0.000;rpiOff=0.000,1884,7776,"RacePacingRejected, RACE action=reject_survival:6963;RacePacingRejected, RACE action=reject_pacing:812;ReplacementNotAllowed:1"
2026-09-16T04:42:43.1699639+00:00,1682733616,0.000000,0,1.000000,0.000000,0.000000,0.340000,SURVIVAL,SURVIVAL,NONE,H_t,reject_survival,phase=none;hMul=1.000;gMul=1.000;qMul=1.000;qAdd=0.000;rpiOff=0.000,1884,7779,"RacePacingRejected, RACE action=reject_survival:6966;RacePacingRejected, RACE action=reject_pacing:812;ReplacementNotAllowed:1"
2026-09-16T04:42:43.6705258+00:00,1682758032,0.000000,1,1.000000,0.000000,0.000244,0.340081,SURVIVAL,SURVIVAL,NONE,H_t,allow_survival,phase=none;hMul=1.000;gMul=1.000;qMul=1.000;qAdd=0.000;rpiOff=0.000,1885,7780,"RacePacingRejected, RACE action=reject_survival:6967;RacePacingRejected, RACE action=reject_pacing:812;ReplacementNotAllowed:1"
2026-09-16T04:42:44.1705329+00:00,1683871808,0.000000,1,1.000000,0.000000,0.000244,0.340081,SURVIVAL,SURVIVAL,NONE,H_t,allow_survival,phase=none;hMul=1.000;gMul=1.000;qMul=1.000;qAdd=0.000;rpiOff=0.000,1886,7782,"RacePacingRejected, RACE action=reject_survival:6969;RacePacingRejected, RACE action=reject_pacing:812;ReplacementNotAllowed:1"
2026-09-16T04:42:44.6705232+00:00,1683912888,0.000000,1,1.000000,0.000000,0.000244,0.340081,SURVIVAL,SURVIVAL,NONE,H_t,reject_survival,phase=none;hMul=1.000;gMul=1.000;qMul=1.000;qAdd=0.000;rpiOff=0.000,1886,7784,"RacePacingRejected, RACE action=reject_survival:6971;RacePacingRejected, RACE action=reject_pacing:812;ReplacementNotAllowed:1"
2026-09-16T04:42:45.1699831+00:00,1686964096,0.000000,0,1.000000,0.000000,0.000000,0.340000,SURVIVAL,SURVIVAL,NONE,H_t,reject_survival,phase=none;hMul=1.000;gMul=1.000;qMul=1.000;qAdd=0.000;rpiOff=0.000,1887,7786,"RacePacingRejected, RACE action=reject_survival:6973;RacePacingRejected, RACE action=reject_pacing:812;ReplacementNotAllowed:1"
2026-09-16T04:42:45.6707395+00:00,1686996736,0.000000,0,1.000000,0.000000,0.000000,0.340000,SURVIVAL,SURVIVAL,NONE,H_t,reject_survival,phase=none;hMul=1.000;gMul=1.000;qMul=1.000;qAdd=0.000;rpiOff=0.000,1887,7788,"RacePacingRejected, RACE action=reject_survival:6975;RacePacingRejected, RACE action=reject_pacing:812;ReplacementNotAllowed:1"
2026-09-16T04:42:46.1705217+00:00,1687516576,0.000000,0,1.000000,0.000000,0.000000,0.340000,SURVIVAL,SURVIVAL,NONE,H_t,reject_survival,phase=none;hMul=1.000;gMul=1.000;qMul=1.000;qAdd=0.000;rpiOff=0.000,1887,7791,"RacePacingRejected, RACE action=reject_survival:6978;RacePacingRejected, RACE action=reject_pacing:812;ReplacementNotAllowed:1"
2026-09-16T04:42:46.6704818+00:00,1687557440,0.000000,0,1.000000,0.000000,0.000000,0.340000,SURVIVAL,SURVIVAL,NONE,H_t,reject_survival,phase=none;hMul=1.000;gMul=1.000;qMul=1.000;qAdd=0.000;rpiOff=0.000,1887,7793,"RacePacingRejected, RACE action=reject_survival:6980;RacePacingRejected, RACE action=reject_pacing:812;ReplacementNotAllowed:1"
2026-09-16T04:42:47.1698626+00:00,1687672272,0.000000,0,1.000000,0.000000,0.000000,0.340000,SURVIVAL,SURVIVAL,NONE,H_t,reject_survival,phase=none;hMul=1.000;gMul=1.000;qMul=1.000;qAdd=0.000;rpiOff=0.000,1887,7796,"RacePacingRejected, RACE action=reject_survival:6983;RacePacingRejected, RACE action=reject_pacing:812;ReplacementNotAllowed:1"
2026-09-16T04:42:47.6703958+00:00,1687696688,0.000000,0,1.000000,0.000000,0.000000,0.340000,SURVIVAL,SURVIVAL,NONE,H_t,reject_survival,phase=none;hMul=1.000;gMul=1.000;qMul=1.000;qAdd=0.000;rpiOff=0.000,1887,7798,"RacePacingRejected, RACE action=reject_survival:6985;RacePacingRejected, RACE action=reject_pacing:812;ReplacementNotAllowed:1"
2026-09-16T04:42:48.1764512+00:00,1687828016,0.000000,0,1.000000,0.000000,0.000000,0.340000,SURVIVAL,SURVIVAL,NONE,H_t,reject_survival,phase=none;hMul=1.000;gMul=1.000;qMul=1.000;qAdd=0.000;rpiOff=0.000,1887,7801,"RacePacingRejected, RACE action=reject_survival:6988;RacePacingRejected, RACE action=reject_pacing:812;ReplacementNotAllowed:1"
2026-09-16T04:42:48.6705619+00:00,1687852384,0.000000,0,1.000000,0.000000,0.000000,0.340000,SURVIVAL,SURVIVAL,NONE,H_t,reject_survival,phase=none;hMul=1.000;gMul=1.000;qMul=1.000;qAdd=0.000;rpiOff=0.000,1887,7803,"RacePacingRejected, RACE action=reject_survival:6990;RacePacingRejected, RACE action=reject_pacing:812;ReplacementNotAllowed:1"
2026-09-16T04:42:49.1699182+00:00,1687942848,0.000000,0,1.000000,0.000000,0.000000,0.340000,SURVIVAL,SURVIVAL,NONE,H_t,reject_survival,phase=none;hMul=1.000;gMul=1.000;qMul=1.000;qAdd=0.000;rpiOff=0.000,1887,7806,"RacePacingRejected, RACE action=reject_survival:6993;RacePacingRejected, RACE action=reject_pacing:812;ReplacementNotAllowed:1"
2026-09-16T04:42:49.6705702+00:00,1687983456,0.000000,1,1.000000,0.000000,0.000244,0.340081,SURVIVAL,SURVIVAL,NONE,H_t,reject_survival,phase=none;hMul=1.000;gMul=1.000;qMul=1.000;qAdd=0.000;rpiOff=0.000,1888,7807,"RacePacingRejected, RACE action=reject_survival:6994;RacePacingRejected, RACE action=reject_pacing:812;ReplacementNotAllowed:1"
2026-09-16T04:42:50.1697493+00:00,1689335152,0.000000,0,1.000000,0.000000,0.000000,0.340000,SURVIVAL,SURVIVAL,NONE,H_t,reject_survival,phase=none;hMul=1.000;gMul=1.000;qMul=1.000;qAdd=0.000;rpiOff=0.000,1889,7809,"RacePacingRejected, RACE action=reject_survival:6996;RacePacingRejected, RACE action=reject_pacing:812;ReplacementNotAllowed:1"
2026-09-16T04:42:50.6698974+00:00,1689376200,0.000000,0,1.000000,0.000000,0.000000,0.340000,SURVIVAL,SURVIVAL,NONE,H_t,reject_survival,phase=none;hMul=1.000;gMul=1.000;qMul=1.000;qAdd=0.000;rpiOff=0.000,1889,7811,"RacePacingRejected, RACE action=reject_survival:6998;RacePacingRejected, RACE action=reject_pacing:812;ReplacementNotAllowed:1"
2026-09-16T04:42:51.1707406+00:00,1689507480,0.000000,0,1.000000,0.000000,0.000000,0.340000,SURVIVAL,SURVIVAL,NONE,H_t,reject_survival,phase=none;hMul=1.000;gMul=1.000;qMul=1.000;qAdd=0.000;rpiOff=0.000,1889,7814,"RacePacingRejected, RACE action=reject_survival:7001;RacePacingRejected, RACE action=reject_pacing:812;ReplacementNotAllowed:1"
2026-09-16T04:42:51.6698336+00:00,1689532152,0.000000,1,1.000000,0.000000,0.000244,0.340081,SURVIVAL,SURVIVAL,NONE,H_t,allow_survival,phase=none;hMul=1.000;gMul=1.000;qMul=1.000;qAdd=0.000;rpiOff=0.000,1890,7815,"RacePacingRejected, RACE action=reject_survival:7002;RacePacingRejected, RACE action=reject_pacing:812;ReplacementNotAllowed:1"
2026-09-16T04:42:52.1699833+00:00,1691898272,0.000000,0,1.000000,0.000000,0.000000,0.340000,SURVIVAL,SURVIVAL,NONE,H_t,reject_survival,phase=none;hMul=1.000;gMul=1.000;qMul=1.000;qAdd=0.000;rpiOff=0.000,1891,7817,"RacePacingRejected, RACE action=reject_survival:7004;RacePacingRejected, RACE action=reject_pacing:812;ReplacementNotAllowed:1"
2026-09-16T04:42:52.6699641+00:00,1691943000,0.000000,0,1.000000,0.000000,0.000000,0.340000,SURVIVAL,SURVIVAL,NONE,H_t,reject_survival,phase=none;hMul=1.000;gMul=1.000;qMul=1.000;qAdd=0.000;rpiOff=0.000,1891,7819,"RacePacingRejected, RACE action=reject_survival:7006;RacePacingRejected, RACE action=reject_pacing:812;ReplacementNotAllowed:1"
2026-09-16T04:42:53.1697414+00:00,1692041432,0.000000,0,1.000000,0.000000,0.000000,0.340000,SURVIVAL,SURVIVAL,NONE,H_t,reject_survival,phase=none;hMul=1.000;gMul=1.000;qMul=1.000;qAdd=0.000;rpiOff=0.000,1891,7822,"RacePacingRejected, RACE action=reject_survival:7009;RacePacingRejected, RACE action=reject_pacing:812;ReplacementNotAllowed:1"
2026-09-16T04:42:53.6701418+00:00,1692066104,0.000000,1,1.000000,0.000000,0.000244,0.340081,SURVIVAL,SURVIVAL,NONE,H_t,reject_survival,phase=none;hMul=1.000;gMul=1.000;qMul=1.000;qAdd=0.000;rpiOff=0.000,1892,7823,"RacePacingRejected, RACE action=reject_survival:7010;RacePacingRejected, RACE action=reject_pacing:812;ReplacementNotAllowed:1"
2026-09-16T04:42:54.1704479+00:00,1693253320,0.000000,1,1.000000,0.000000,0.000244,0.340081,SURVIVAL,SURVIVAL,NONE,H_t,allow_survival,phase=none;hMul=1.000;gMul=1.000;qMul=1.000;qAdd=0.000;rpiOff=0.000,1893,7825,"RacePacingRejected, RACE action=reject_survival:7012;RacePacingRejected, RACE action=reject_pacing:812;ReplacementNotAllowed:1"
2026-09-16T04:42:54.6698354+00:00,1693286216,0.000000,1,1.000000,0.000000,0.000244,0.340081,SURVIVAL,SURVIVAL,NONE,H_t,reject_survival,phase=none;hMul=1.000;gMul=1.000;qMul=1.000;qAdd=0.000;rpiOff=0.000,1893,7827,"RacePacingRejected, RACE action=reject_survival:7014;RacePacingRejected, RACE action=reject_pacing:812;ReplacementNotAllowed:1"
2026-09-16T04:42:55.1697487+00:00,1694120592,0.000000,0,1.000000,0.000000,0.000000,0.340000,SURVIVAL,SURVIVAL,NONE,H_t,reject_survival,phase=none;hMul=1.000;gMul=1.000;qMul=1.000;qAdd=0.000;rpiOff=0.000,1893,7830,"RacePacingRejected, RACE action=reject_survival:7017;RacePacingRejected, RACE action=reject_pacing:812;ReplacementNotAllowed:1"
2026-09-16T04:42:55.6707961+00:00,1694153488,0.000000,0,1.000000,0.000000,0.000000,0.340000,SURVIVAL,SURVIVAL,NONE,H_t,reject_survival,phase=none;hMul=1.000;gMul=1.000;qMul=1.000;qAdd=0.000;rpiOff=0.000,1893,7832,"RacePacingRejected, RACE action=reject_survival:7019;RacePacingRejected, RACE action=reject_pacing:812;ReplacementNotAllowed:1"
2026-09-16T04:42:56.1700181+00:00,1694272864,0.000000,0,1.000000,0.000000,0.000000,0.340000,SURVIVAL,SURVIVAL,NONE,H_t,reject_survival,phase=none;hMul=1.000;gMul=1.000;qMul=1.000;qAdd=0.000;rpiOff=0.000,1893,7835,"RacePacingRejected, RACE action=reject_survival:7022;RacePacingRejected, RACE action=reject_pacing:812;ReplacementNotAllowed:1"
2026-09-16T04:42:56.6707458+00:00,1694305760,0.000000,0,1.000000,0.000000,0.000000,0.340000,SURVIVAL,SURVIVAL,NONE,H_t,reject_survival,phase=none;hMul=1.000;gMul=1.000;qMul=1.000;qAdd=0.000;rpiOff=0.000,1893,7837,"RacePacingRejected, RACE action=reject_survival:7024;RacePacingRejected, RACE action=reject_pacing:812;ReplacementNotAllowed:1"
2026-09-16T04:42:57.1707428+00:00,1694387744,0.000000,0,1.000000,0.000000,0.000000,0.340000,SURVIVAL,SURVIVAL,NONE,H_t,reject_survival,phase=none;hMul=1.000;gMul=1.000;qMul=1.000;qAdd=0.000;rpiOff=0.000,1893,7840,"RacePacingRejected, RACE action=reject_survival:7027;RacePacingRejected, RACE action=reject_pacing:812;ReplacementNotAllowed:1"
2026-09-16T04:42:57.6706838+00:00,1694420384,0.000000,0,1.000000,0.000000,0.000000,0.340000,SURVIVAL,SURVIVAL,NONE,H_t,reject_survival,phase=none;hMul=1.000;gMul=1.000;qMul=1.000;qAdd=0.000;rpiOff=0.000,1893,7842,"RacePacingRejected, RACE action=reject_survival:7029;RacePacingRejected, RACE action=reject_pacing:812;ReplacementNotAllowed:1"
2026-09-16T04:42:58.1697976+00:00,1696050304,0.000000,0,1.000000,0.000000,0.000000,0.340000,SURVIVAL,SURVIVAL,NONE,H_t,reject_survival,phase=none;hMul=1.000;gMul=1.000;qMul=1.000;qAdd=0.000;rpiOff=0.000,1894,7844,"RacePacingRejected, RACE action=reject_survival:7031;RacePacingRejected, RACE action=reject_pacing:812;ReplacementNotAllowed:1"
2026-09-16T04:42:58.6698468+00:00,1696074976,0.000000,1,1.000000,0.000000,0.000244,0.340081,SURVIVAL,SURVIVAL,NONE,H_t,allow_survival,phase=none;hMul=1.000;gMul=1.000;qMul=1.000;qAdd=0.000;rpiOff=0.000,1895,7845,"RacePacingRejected, RACE action=reject_survival:7032;RacePacingRejected, RACE action=reject_pacing:812;ReplacementNotAllowed:1"
2026-09-16T04:42:59.1703452+00:00,1697578640,0.000000,0,1.000000,0.000000,0.000000,0.340000,SURVIVAL,SURVIVAL,NONE,H_t,reject_survival,phase=none;hMul=1.000;gMul=1.000;qMul=1.000;qAdd=0.000;rpiOff=0.000,1895,7848,"RacePacingRejected, RACE action=reject_survival:7035;RacePacingRejected, RACE action=reject_pacing:812;ReplacementNotAllowed:1"
2026-09-16T04:42:59.6703815+00:00,1697611536,0.000000,0,1.000000,0.000000,0.000000,0.340000,SURVIVAL,SURVIVAL,NONE,H_t,reject_survival,phase=none;hMul=1.000;gMul=1.000;qMul=1.000;qAdd=0.000;rpiOff=0.000,1895,7850,"RacePacingRejected, RACE action=reject_survival:7037;RacePacingRejected, RACE action=reject_pacing:812;ReplacementNotAllowed:1"
2026-09-16T04:43:00.1705789+00:00,1698684784,0.000000,0,1.000000,0.000000,0.000000,0.340000,SURVIVAL,SURVIVAL,NONE,H_t,reject_survival,phase=none;hMul=1.000;gMul=1.000;qMul=1.000;qAdd=0.000;rpiOff=0.000,1896,7852,"RacePacingRejected, RACE action=reject_survival:7039;RacePacingRejected, RACE action=reject_pacing:812;ReplacementNotAllowed:1"
2026-09-16T04:43:00.6703905+00:00,1698709200,0.000000,1,1.000000,0.000000,0.000244,0.340081,SURVIVAL,SURVIVAL,NONE,H_t,allow_survival,phase=none;hMul=1.000;gMul=1.000;qMul=1.000;qAdd=0.000;rpiOff=0.000,1897,7853,"RacePacingRejected, RACE action=reject_survival:7040;RacePacingRejected, RACE action=reject_pacing:812;ReplacementNotAllowed:1"
2026-09-16T04:43:01.1704203+00:00,1701364680,0.000000,0,1.000000,0.000000,0.000000,0.340000,SURVIVAL,SURVIVAL,NONE,H_t,reject_survival,phase=none;hMul=1.000;gMul=1.000;qMul=1.000;qAdd=0.000;rpiOff=0.000,1898,7855,"RacePacingRejected, RACE action=reject_survival:7042;RacePacingRejected, RACE action=reject_pacing:812;ReplacementNotAllowed:1"
2026-09-16T04:43:01.6699772+00:00,1701405800,0.000000,0,1.000000,0.000000,0.000000,0.340000,SURVIVAL,SURVIVAL,NONE,H_t,reject_survival,phase=none;hMul=1.000;gMul=1.000;qMul=1.000;qAdd=0.000;rpiOff=0.000,1898,7857,"RacePacingRejected, RACE action=reject_survival:7044;RacePacingRejected, RACE action=reject_pacing:812;ReplacementNotAllowed:1"
2026-09-16T04:43:02.1701588+00:00,1701496008,0.000000,1,1.000000,0.000000,0.000244,0.340081,SURVIVAL,SURVIVAL,NONE,H_t,allow_survival,phase=none;hMul=1.000;gMul=1.000;qMul=1.000;qAdd=0.000;rpiOff=0.000,1899,7859,"RacePacingRejected, RACE action=reject_survival:7046;RacePacingRejected, RACE action=reject_pacing:812;ReplacementNotAllowed:1"
2026-09-16T04:43:02.6707717+00:00,1701528648,0.000000,1,1.000000,0.000000,0.000244,0.340081,SURVIVAL,SURVIVAL,NONE,H_t,reject_survival,phase=none;hMul=1.000;gMul=1.000;qMul=1.000;qAdd=0.000;rpiOff=0.000,1899,7861,"RacePacingRejected, RACE action=reject_survival:7048;RacePacingRejected, RACE action=reject_pacing:812;ReplacementNotAllowed:1"
2026-09-16T04:43:03.1705960+00:00,1702231560,0.000000,1,1.000000,0.000000,0.000244,0.340081,SURVIVAL,SURVIVAL,NONE,H_t,allow_survival,phase=none;hMul=1.000;gMul=1.000;qMul=1.000;qAdd=0.000;rpiOff=0.000,1901,7862,"RacePacingRejected, RACE action=reject_survival:7049;RacePacingRejected, RACE action=reject_pacing:812;ReplacementNotAllowed:1"
2026-09-16T04:43:03.6699898+00:00,1702264456,0.000000,1,1.000000,0.000000,0.000244,0.340081,SURVIVAL,SURVIVAL,NONE,H_t,reject_survival,phase=none;hMul=1.000;gMul=1.000;qMul=1.000;qAdd=0.000;rpiOff=0.000,1901,7864,"RacePacingRejected, RACE action=reject_survival:7051;RacePacingRejected, RACE action=reject_pacing:812;ReplacementNotAllowed:1"
2026-09-16T04:43:04.1704743+00:00,1702727680,0.000000,0,1.000000,0.000000,0.000000,0.340000,SURVIVAL,SURVIVAL,NONE,H_t,reject_survival,phase=none;hMul=1.000;gMul=1.000;qMul=1.000;qAdd=0.000;rpiOff=0.000,1901,7867,"RacePacingRejected, RACE action=reject_survival:7054;RacePacingRejected, RACE action=reject_pacing:812;ReplacementNotAllowed:1"
2026-09-16T04:43:04.6704716+00:00,1702765752,0.000000,0,1.000000,0.000000,0.000000,0.340000,SURVIVAL,SURVIVAL,NONE,H_t,reject_survival,phase=none;hMul=1.000;gMul=1.000;qMul=1.000;qAdd=0.000;rpiOff=0.000,1901,7869,"RacePacingRejected, RACE action=reject_survival:7056;RacePacingRejected, RACE action=reject_pacing:812;ReplacementNotAllowed:1"
2026-09-16T04:43:05.1704628+00:00,1702880632,0.000000,0,1.000000,0.000000,0.000000,0.340000,SURVIVAL,SURVIVAL,NONE,H_t,reject_survival,phase=none;hMul=1.000;gMul=1.000;qMul=1.000;qAdd=0.000;rpiOff=0.000,1901,7872,"RacePacingRejected, RACE action=reject_survival:7059;RacePacingRejected, RACE action=reject_pacing:812;ReplacementNotAllowed:1"
2026-09-16T04:43:05.6702699+00:00,1702913272,0.000000,0,1.000000,0.000000,0.000000,0.340000,SURVIVAL,SURVIVAL,NONE,H_t,reject_survival,phase=none;hMul=1.000;gMul=1.000;qMul=1.000;qAdd=0.000;rpiOff=0.000,1901,7874,"RacePacingRejected, RACE action=reject_survival:7061;RacePacingRejected, RACE action=reject_pacing:812;ReplacementNotAllowed:1"
2026-09-16T04:43:06.1697533+00:00,1703011448,0.000000,0,1.000000,0.000000,0.000000,0.340000,SURVIVAL,SURVIVAL,NONE,H_t,reject_survival,phase=none;hMul=1.000;gMul=1.000;qMul=1.000;qAdd=0.000;rpiOff=0.000,1901,7877,"RacePacingRejected, RACE action=reject_survival:7064;RacePacingRejected, RACE action=reject_pacing:812;ReplacementNotAllowed:1"
2026-09-16T04:43:06.6706990+00:00,1703036120,0.000000,0,1.000000,0.000000,0.000000,0.340000,SURVIVAL,SURVIVAL,NONE,H_t,reject_survival,phase=none;hMul=1.000;gMul=1.000;qMul=1.000;qAdd=0.000;rpiOff=0.000,1901,7879,"RacePacingRejected, RACE action=reject_survival:7066;RacePacingRejected, RACE action=reject_pacing:812;ReplacementNotAllowed:1"
2026-09-16T04:43:07.1706572+00:00,1703167448,0.000000,0,1.000000,0.000000,0.000000,0.340000,SURVIVAL,SURVIVAL,NONE,H_t,reject_survival,phase=none;hMul=1.000;gMul=1.000;qMul=1.000;qAdd=0.000;rpiOff=0.000,1901,7882,"RacePacingRejected, RACE action=reject_survival:7069;RacePacingRejected, RACE action=reject_pacing:812;ReplacementNotAllowed:1"
2026-09-16T04:43:07.6700135+00:00,1703167448,0.000000,0,1.000000,0.000000,0.000000,0.340000,SURVIVAL,SURVIVAL,NONE,H_t,reject_survival,phase=none;hMul=1.000;gMul=1.000;qMul=1.000;qAdd=0.000;rpiOff=0.000,1901,7882,"RacePacingRejected, RACE action=reject_survival:7069;RacePacingRejected, RACE action=reject_pacing:812;ReplacementNotAllowed:1"
2026-09-16T04:43:08.1701565+00:00,1703216536,0.000000,0,1.000000,0.000000,0.000000,0.340000,SURVIVAL,SURVIVAL,NONE,H_t,reject_survival,phase=none;hMul=1.000;gMul=1.000;qMul=1.000;qAdd=0.000;rpiOff=0.000,1901,7882,"RacePacingRejected, RACE action=reject_survival:7069;RacePacingRejected, RACE action=reject_pacing:812;ReplacementNotAllowed:1"
2026-09-16T04:43:08.6704423+00:00,1703216536,0.000000,0,1.000000,0.000000,0.000000,0.340000,SURVIVAL,SURVIVAL,NONE,H_t,reject_survival,phase=none;hMul=1.000;gMul=1.000;qMul=1.000;qAdd=0.000;rpiOff=0.000,1901,7882,"RacePacingRejected, RACE action=reject_survival:7069;RacePacingRejected, RACE action=reject_pacing:812;ReplacementNotAllowed:1"
2026-09-16T04:43:09.1701735+00:00,1703298264,0.000000,0,1.000000,0.000000,0.000000,0.340000,SURVIVAL,SURVIVAL,NONE,H_t,reject_survival,phase=none;hMul=1.000;gMul=1.000;qMul=1.000;qAdd=0.000;rpiOff=0.000,1901,7882,"RacePacingRejected, RACE action=reject_survival:7069;RacePacingRejected, RACE action=reject_pacing:812;ReplacementNotAllowed:1"
2026-09-16T04:43:09.6705995+00:00,1703298264,0.000000,0,1.000000,0.000000,0.000000,0.340000,SURVIVAL,SURVIVAL,NONE,H_t,reject_survival,phase=none;hMul=1.000;gMul=1.000;qMul=1.000;qAdd=0.000;rpiOff=0.000,1901,7882,"RacePacingRejected, RACE action=reject_survival:7069;RacePacingRejected, RACE action=reject_pacing:812;ReplacementNotAllowed:1"
2026-09-16T04:43:10.1703993+00:00,1703347352,0.000000,0,1.000000,0.000000,0.000000,0.340000,SURVIVAL,SURVIVAL,NONE,H_t,reject_survival,phase=none;hMul=1.000;gMul=1.000;qMul=1.000;qAdd=0.000;rpiOff=0.000,1901,7882,"RacePacingRejected, RACE action=reject_survival:7069;RacePacingRejected, RACE action=reject_pacing:812;ReplacementNotAllowed:1"
2026-09-16T04:43:10.6707489+00:00,1703347352,0.000000,0,1.000000,0.000000,0.000000,0.340000,SURVIVAL,SURVIVAL,NONE,H_t,reject_survival,phase=none;hMul=1.000;gMul=1.000;qMul=1.000;qAdd=0.000;rpiOff=0.000,1901,7882,"RacePacingRejected, RACE action=reject_survival:7069;RacePacingRejected, RACE action=reject_pacing:812;ReplacementNotAllowed:1"
2026-09-16T04:43:11.1702332+00:00,1703420856,0.000000,0,1.000000,0.000000,0.000000,0.340000,SURVIVAL,SURVIVAL,NONE,H_t,reject_survival,phase=none;hMul=1.000;gMul=1.000;qMul=1.000;qAdd=0.000;rpiOff=0.000,1901,7882,"RacePacingRejected, RACE action=reject_survival:7069;RacePacingRejected, RACE action=reject_pacing:812;ReplacementNotAllowed:1"
2026-09-16T04:43:11.6706867+00:00,1703420856,0.000000,0,1.000000,0.000000,0.000000,0.340000,SURVIVAL,SURVIVAL,NONE,H_t,reject_survival,phase=none;hMul=1.000;gMul=1.000;qMul=1.000;qAdd=0.000;rpiOff=0.000,1901,7882,"RacePacingRejected, RACE action=reject_survival:7069;RacePacingRejected, RACE action=reject_pacing:812;ReplacementNotAllowed:1"
2026-09-16T04:43:12.1705731+00:00,1703470200,0.000000,0,1.000000,0.000000,0.000000,0.340000,SURVIVAL,SURVIVAL,NONE,H_t,reject_survival,phase=none;hMul=1.000;gMul=1.000;qMul=1.000;qAdd=0.000;rpiOff=0.000,1901,7882,"RacePacingRejected, RACE action=reject_survival:7069;RacePacingRejected, RACE action=reject_pacing:812;ReplacementNotAllowed:1"
2026-09-16T04:43:12.6700233+00:00,1703470200,0.000000,0,1.000000,0.000000,0.000000,0.340000,SURVIVAL,SURVIVAL,NONE,H_t,reject_survival,phase=none;hMul=1.000;gMul=1.000;qMul=1.000;qAdd=0.000;rpiOff=0.000,1901,7882,"RacePacingRejected, RACE action=reject_survival:7069;RacePacingRejected, RACE action=reject_pacing:812;ReplacementNotAllowed:1"
2026-09-16T04:43:13.1705731+00:00,1703904536,0.000000,0,1.000000,0.000000,0.000000,0.340000,SURVIVAL,SURVIVAL,NONE,H_t,reject_survival,phase=none;hMul=1.000;gMul=1.000;qMul=1.000;qAdd=0.000;rpiOff=0.000,1901,7882,"RacePacingRejected, RACE action=reject_survival:7069;RacePacingRejected, RACE action=reject_pacing:812;ReplacementNotAllowed:1"
2026-09-16T04:43:13.6698690+00:00,1703912760,0.000000,0,1.000000,0.000000,0.000000,0.340000,SURVIVAL,SURVIVAL,NONE,H_t,reject_survival,phase=none;hMul=1.000;gMul=1.000;qMul=1.000;qAdd=0.000;rpiOff=0.000,1901,7882,"RacePacingRejected, RACE action=reject_survival:7069;RacePacingRejected, RACE action=reject_pacing:812;ReplacementNotAllowed:1"
2026-09-16T04:43:14.1697596+00:00,1703945656,0.000000,0,1.000000,0.000000,0.000000,0.340000,SURVIVAL,SURVIVAL,NONE,H_t,reject_survival,phase=none;hMul=1.000;gMul=1.000;qMul=1.000;qAdd=0.000;rpiOff=0.000,1901,7882,"RacePacingRejected, RACE action=reject_survival:7069;RacePacingRejected, RACE action=reject_pacing:812;ReplacementNotAllowed:1"
2026-09-16T04:43:14.6700298+00:00,1703953880,0.000000,0,1.000000,0.000000,0.000000,0.340000,SURVIVAL,SURVIVAL,NONE,H_t,reject_survival,phase=none;hMul=1.000;gMul=1.000;qMul=1.000;qAdd=0.000;rpiOff=0.000,1901,7882,"RacePacingRejected, RACE action=reject_survival:7069;RacePacingRejected, RACE action=reject_pacing:812;ReplacementNotAllowed:1"
2026-09-16T04:43:15.1707524+00:00,1704043576,0.000000,0,1.000000,0.000000,0.000000,0.340000,SURVIVAL,SURVIVAL,NONE,H_t,reject_survival,phase=none;hMul=1.000;gMul=1.000;qMul=1.000;qAdd=0.000;rpiOff=0.000,1901,7882,"RacePacingRejected, RACE action=reject_survival:7069;RacePacingRejected, RACE action=reject_pacing:812;ReplacementNotAllowed:1"
2026-09-16T04:43:15.6700307+00:00,1704051800,0.000000,0,1.000000,0.000000,0.000000,0.340000,SURVIVAL,SURVIVAL,NONE,H_t,reject_survival,phase=none;hMul=1.000;gMul=1.000;qMul=1.000;qAdd=0.000;rpiOff=0.000,1901,7882,"RacePacingRejected, RACE action=reject_survival:7069;RacePacingRejected, RACE action=reject_pacing:812;ReplacementNotAllowed:1"
2026-09-16T04:43:16.1701969+00:00,1704084696,0.000000,0,1.000000,0.000000,0.000000,0.340000,SURVIVAL,SURVIVAL,NONE,H_t,reject_survival,phase=none;hMul=1.000;gMul=1.000;qMul=1.000;qAdd=0.000;rpiOff=0.000,1901,7882,"RacePacingRejected, RACE action=reject_survival:7069;RacePacingRejected, RACE action=reject_pacing:812;ReplacementNotAllowed:1"
2026-09-16T04:43:16.6704686+00:00,1704092920,0.000000,0,1.000000,0.000000,0.000000,0.340000,SURVIVAL,SURVIVAL,NONE,H_t,reject_survival,phase=none;hMul=1.000;gMul=1.000;qMul=1.000;qAdd=0.000;rpiOff=0.000,1901,7882,"RacePacingRejected, RACE action=reject_survival:7069;RacePacingRejected, RACE action=reject_pacing:812;ReplacementNotAllowed:1"
2026-09-16T04:43:17.1699061+00:00,1704166424,0.000000,0,1.000000,0.000000,0.000000,0.340000,SURVIVAL,SURVIVAL,NONE,H_t,reject_survival,phase=none;hMul=1.000;gMul=1.000;qMul=1.000;qAdd=0.000;rpiOff=0.000,1901,7882,"RacePacingRejected, RACE action=reject_survival:7069;RacePacingRejected, RACE action=reject_pacing:812;ReplacementNotAllowed:1"
2026-09-16T04:43:17.6702551+00:00,1704174648,0.000000,0,1.000000,0.000000,0.000000,0.340000,SURVIVAL,SURVIVAL,NONE,H_t,reject_survival,phase=none;hMul=1.000;gMul=1.000;qMul=1.000;qAdd=0.000;rpiOff=0.000,1901,7882,"RacePacingRejected, RACE action=reject_survival:7069;RacePacingRejected, RACE action=reject_pacing:812;ReplacementNotAllowed:1"
2026-09-16T04:43:18.1707109+00:00,1704215768,0.000000,0,1.000000,0.000000,0.000000,0.340000,SURVIVAL,SURVIVAL,NONE,H_t,reject_survival,phase=none;hMul=1.000;gMul=1.000;qMul=1.000;qAdd=0.000;rpiOff=0.000,1901,7882,"RacePacingRejected, RACE action=reject_survival:7069;RacePacingRejected, RACE action=reject_pacing:812;ReplacementNotAllowed:1"
2026-09-16T04:43:18.6707429+00:00,1705157704,0.000000,12,1.000000,0.000000,0.002930,0.340967,SURVIVAL,SURVIVAL,NONE,H_t,reject_survival,phase=none;hMul=1.000;gMul=1.000;qMul=1.000;qAdd=0.000;rpiOff=0.000,1913,7939,"RacePacingRejected, RACE action=reject_survival:7126;RacePacingRejected, RACE action=reject_pacing:812;ReplacementNotAllowed:1"
2026-09-16T04:43:19.1700921+00:00,1714134216,0.000000,2,1.000000,0.000000,0.000488,0.340161,SURVIVAL,SURVIVAL,NONE,H_t,reject_survival,phase=none;hMul=1.000;gMul=1.000;qMul=1.000;qAdd=0.000;rpiOff=0.000,1924,8003,"RacePacingRejected, RACE action=reject_survival:7190;RacePacingRejected, RACE action=reject_pacing:812;ReplacementNotAllowed:1"
2026-09-16T04:43:19.6701601+00:00,1715170464,0.000000,19,1.000000,0.000000,0.004639,0.341531,SURVIVAL,SURVIVAL,NONE,H_t,reject_survival,phase=none;hMul=1.000;gMul=1.000;qMul=1.000;qAdd=0.000;rpiOff=0.000,1941,8061,"RacePacingRejected, RACE action=reject_survival:7248;RacePacingRejected, RACE action=reject_pacing:812;ReplacementNotAllowed:1"
2026-09-16T04:43:20.1707473+00:00,1726637832,0.000000,7,1.000000,0.000000,0.001709,0.340564,SURVIVAL,SURVIVAL,NONE,H_t,reject_survival,phase=none;hMul=1.000;gMul=1.000;qMul=1.000;qAdd=0.000;rpiOff=0.000,1952,8125,"RacePacingRejected, RACE action=reject_survival:7311;RacePacingRejected, RACE action=reject_pacing:812;ReplacementNotAllowed:2"
2026-09-16T04:43:20.6706839+00:00,1727892824,0.000000,22,1.000000,0.000000,0.005371,0.341772,SURVIVAL,SURVIVAL,NONE,H_t,reject_survival,phase=none;hMul=1.000;gMul=1.000;qMul=1.000;qAdd=0.000;rpiOff=0.000,1967,8185,"RacePacingRejected, RACE action=reject_survival:7371;RacePacingRejected, RACE action=reject_pacing:812;ReplacementNotAllowed:2"
2026-09-16T04:43:21.1704509+00:00,1744278840,0.000000,10,1.000000,0.000000,0.002441,0.340806,SURVIVAL,SURVIVAL,NONE,H_t,reject_survival,phase=none;hMul=1.000;gMul=1.000;qMul=1.000;qAdd=0.000;rpiOff=0.000,1980,8247,"RacePacingRejected, RACE action=reject_survival:7433;RacePacingRejected, RACE action=reject_pacing:812;ReplacementNotAllowed:2"
2026-09-16T04:43:21.6698350+00:00,1745380624,0.000000,22,1.000000,0.000000,0.005371,0.341772,SURVIVAL,SURVIVAL,NONE,H_t,allow_survival,phase=none;hMul=1.000;gMul=1.000;qMul=1.000;qAdd=0.000;rpiOff=0.000,1992,8310,"RacePacingRejected, RACE action=reject_survival:7496;RacePacingRejected, RACE action=reject_pacing:812;ReplacementNotAllowed:2"
2026-09-16T04:43:22.1707649+00:00,1772502496,0.000000,4,1.000000,0.000000,0.000977,0.340322,SURVIVAL,SURVIVAL,NONE,H_t,allow_survival,phase=none;hMul=1.000;gMul=1.000;qMul=1.000;qAdd=0.000;rpiOff=0.000,1999,8378,"RacePacingRejected, RACE action=reject_survival:7564;RacePacingRejected, RACE action=reject_pacing:812;ReplacementNotAllowed:2"
2026-09-16T04:43:22.6697427+00:00,1773567520,0.000000,19,1.000000,0.000000,0.004639,0.341531,SURVIVAL,SURVIVAL,NONE,H_t,reject_survival,phase=none;hMul=1.000;gMul=1.000;qMul=1.000;qAdd=0.000;rpiOff=0.000,2014,8438,"RacePacingRejected, RACE action=reject_survival:7624;RacePacingRejected, RACE action=reject_pacing:812;ReplacementNotAllowed:2"
2026-09-16T04:43:23.1706609+00:00,1798135960,0.000000,9,1.000000,0.000000,0.002197,0.340725,SURVIVAL,SURVIVAL,NONE,H_t,reject_survival,phase=none;hMul=1.000;gMul=1.000;qMul=1.000;qAdd=0.000;rpiOff=0.000,2029,8498,"RacePacingRejected, RACE action=reject_survival:7684;RacePacingRejected, RACE action=reject_pacing:812;ReplacementNotAllowed:2"
2026-09-16T04:43:23.6703043+00:00,1799201240,0.000000,24,1.000000,0.000000,0.005859,0.341934,SURVIVAL,SURVIVAL,NONE,H_t,reject_survival,phase=none;hMul=1.000;gMul=1.000;qMul=1.000;qAdd=0.000;rpiOff=0.000,2044,8558,"RacePacingRejected, RACE action=reject_survival:7744;RacePacingRejected, RACE action=reject_pacing:812;ReplacementNotAllowed:2"
2026-09-16T04:43:24.1701520+00:00,1825037256,0.000000,11,1.000000,0.000000,0.002686,0.340886,SURVIVAL,SURVIVAL,NONE,H_t,reject_survival,phase=none;hMul=1.000;gMul=1.000;qMul=1.000;qAdd=0.000;rpiOff=0.000,2056,8621,"RacePacingRejected, RACE action=reject_survival:7807;RacePacingRejected, RACE action=reject_pacing:812;ReplacementNotAllowed:2"
2026-09-16T04:43:24.6701619+00:00,1826160440,0.000000,17,1.000000,0.000000,0.004150,0.341370,SURVIVAL,SURVIVAL,NONE,H_t,reject_survival,phase=none;hMul=1.000;gMul=1.000;qMul=1.000;qAdd=0.000;rpiOff=0.000,2062,8690,"RacePacingRejected, RACE action=reject_survival:7876;RacePacingRejected, RACE action=reject_pacing:812;ReplacementNotAllowed:2"
2026-09-16T04:43:25.1701320+00:00,1848321088,0.000000,6,1.000000,0.000000,0.001465,0.340483,SURVIVAL,SURVIVAL,NONE,H_t,reject_survival,phase=none;hMul=1.000;gMul=1.000;qMul=1.000;qAdd=0.000;rpiOff=0.000,2076,8751,"RacePacingRejected, RACE action=reject_survival:7937;RacePacingRejected, RACE action=reject_pacing:812;ReplacementNotAllowed:2"
2026-09-16T04:43:25.6707107+00:00,1849386304,0.000000,19,1.000000,0.000000,0.004639,0.341531,SURVIVAL,SURVIVAL,NONE,H_t,allow_survival,phase=none;hMul=1.000;gMul=1.000;qMul=1.000;qAdd=0.000;rpiOff=0.000,2089,8813,"RacePacingRejected, RACE action=reject_survival:7999;RacePacingRejected, RACE action=reject_pacing:812;ReplacementNotAllowed:2"
2026-09-16T04:43:26.1703927+00:00,1872499136,0.000000,11,1.000000,0.000000,0.002686,0.340886,SURVIVAL,SURVIVAL,NONE,H_t,allow_survival,phase=none;hMul=1.000;gMul=1.000;qMul=1.000;qAdd=0.000;rpiOff=0.000,2106,8871,"RacePacingRejected, RACE action=reject_survival:8057;RacePacingRejected, RACE action=reject_pacing:812;ReplacementNotAllowed:2"
2026-09-16T04:43:26.6702352+00:00,1873572544,0.000000,25,1.000000,0.000000,0.006104,0.342014,SURVIVAL,SURVIVAL,NONE,H_t,reject_survival,phase=none;hMul=1.000;gMul=1.000;qMul=1.000;qAdd=0.000;rpiOff=0.000,2120,8932,"RacePacingRejected, RACE action=reject_survival:8118;RacePacingRejected, RACE action=reject_pacing:812;ReplacementNotAllowed:2"
2026-09-16T04:43:27.1700196+00:00,1897997688,0.000000,9,1.000000,0.000000,0.002197,0.340725,SURVIVAL,SURVIVAL,NONE,H_t,reject_survival,phase=none;hMul=1.000;gMul=1.000;qMul=1.000;qAdd=0.000;rpiOff=0.000,2129,8998,"RacePacingRejected, RACE action=reject_survival:8184;RacePacingRejected, RACE action=reject_pacing:812;ReplacementNotAllowed:2"
2026-09-16T04:43:27.6700243+00:00,1899136472,0.000000,15,1.000000,0.000000,0.003662,0.341208,SURVIVAL,SURVIVAL,NONE,H_t,reject_survival,phase=none;hMul=1.000;gMul=1.000;qMul=1.000;qAdd=0.000;rpiOff=0.000,2135,9067,"RacePacingRejected, RACE action=reject_survival:8253;RacePacingRejected, RACE action=reject_pacing:812;ReplacementNotAllowed:2"
2026-09-16T04:43:28.1700664+00:00,1922334824,0.000000,5,1.000000,0.000000,0.001221,0.340403,SURVIVAL,SURVIVAL,NONE,H_t,allow_survival,phase=none;hMul=1.000;gMul=1.000;qMul=1.000;qAdd=0.000;rpiOff=0.000,2150,9127,"RacePacingRejected, RACE action=reject_survival:8313;RacePacingRejected, RACE action=reject_pacing:812;ReplacementNotAllowed:2"
2026-09-16T04:43:28.6706430+00:00,1923424232,0.000000,13,1.000000,0.000000,0.003174,0.341047,SURVIVAL,SURVIVAL,NONE,H_t,reject_survival,phase=none;hMul=1.000;gMul=1.000;qMul=1.000;qAdd=0.000;rpiOff=0.000,2158,9194,"RacePacingRejected, RACE action=reject_survival:8380;RacePacingRejected, RACE action=reject_pacing:812;ReplacementNotAllowed:2"
2026-09-16T04:43:29.1701629+00:00,1945921104,0.000000,2,1.000000,0.000000,0.000488,0.340161,SURVIVAL,SURVIVAL,NONE,H_t,allow_survival,phase=none;hMul=1.000;gMul=1.000;qMul=1.000;qAdd=0.000;rpiOff=0.000,2168,9259,"RacePacingRejected, RACE action=reject_survival:8445;RacePacingRejected, RACE action=reject_pacing:812;ReplacementNotAllowed:2"
2026-09-16T04:43:29.6702374+00:00,1946985696,0.000000,14,1.000000,0.000000,0.003418,0.341128,SURVIVAL,SURVIVAL,NONE,H_t,reject_survival,phase=none;hMul=1.000;gMul=1.000;qMul=1.000;qAdd=0.000;rpiOff=0.000,2180,9322,"RacePacingRejected, RACE action=reject_survival:8508;RacePacingRejected, RACE action=reject_pacing:812;ReplacementNotAllowed:2"
2026-09-16T04:43:30.1702376+00:00,1968892480,0.000000,8,1.000000,0.000000,0.001953,0.340645,SURVIVAL,SURVIVAL,NONE,H_t,allow_survival,phase=none;hMul=1.000;gMul=1.000;qMul=1.000;qAdd=0.000;rpiOff=0.000,2196,9381,"RacePacingRejected, RACE action=reject_survival:8567;RacePacingRejected, RACE action=reject_pacing:812;ReplacementNotAllowed:2"
2026-09-16T04:43:30.6699113+00:00,1969924432,0.000000,26,1.000000,0.000000,0.006348,0.342095,SURVIVAL,SURVIVAL,NONE,H_t,reject_survival,phase=none;hMul=1.000;gMul=1.000;qMul=1.000;qAdd=0.000;rpiOff=0.000,2214,9438,"RacePacingRejected, RACE action=reject_survival:8624;RacePacingRejected, RACE action=reject_pacing:812;ReplacementNotAllowed:2"
2026-09-16T04:43:31.1700740+00:00,1994817040,0.000000,12,1.000000,0.000000,0.002930,0.340967,SURVIVAL,SURVIVAL,NONE,H_t,allow_survival,phase=none;hMul=1.000;gMul=1.000;qMul=1.000;qAdd=0.000;rpiOff=0.000,2225,9502,"RacePacingRejected, RACE action=reject_survival:8688;RacePacingRejected, RACE action=reject_pacing:812;ReplacementNotAllowed:2"
2026-09-16T04:43:31.6698067+00:00,1995865480,0.000000,32,1.000000,0.000000,0.007812,0.342578,SURVIVAL,SURVIVAL,NONE,H_t,reject_survival,phase=none;hMul=1.000;gMul=1.000;qMul=1.000;qAdd=0.000;rpiOff=0.000,2245,9557,"RacePacingRejected, RACE action=reject_survival:8743;RacePacingRejected, RACE action=reject_pacing:812;ReplacementNotAllowed:2"
2026-09-16T04:43:32.1701375+00:00,2020942592,0.000000,15,1.000000,0.000000,0.003662,0.341208,SURVIVAL,SURVIVAL,NONE,H_t,reject_survival,phase=none;hMul=1.000;gMul=1.000;qMul=1.000;qAdd=0.000;rpiOff=0.000,2253,9624,"RacePacingRejected, RACE action=reject_survival:8810;RacePacingRejected, RACE action=reject_pacing:812;ReplacementNotAllowed:2"
2026-09-16T04:43:32.6701066+00:00,2022032128,0.000000,28,1.000000,0.000000,0.006836,0.342256,SURVIVAL,SURVIVAL,NONE,H_t,reject_survival,phase=none;hMul=1.000;gMul=1.000;qMul=1.000;qAdd=0.000;rpiOff=0.000,2266,9686,"RacePacingRejected, RACE action=reject_survival:8872;RacePacingRejected, RACE action=reject_pacing:812;ReplacementNotAllowed:2"
2026-09-16T04:43:33.1698752+00:00,2045939352,0.000000,12,1.000000,0.000000,0.002930,0.340967,SURVIVAL,SURVIVAL,NONE,H_t,reject_survival,phase=none;hMul=1.000;gMul=1.000;qMul=1.000;qAdd=0.000;rpiOff=0.000,2275,9752,"RacePacingRejected, RACE action=reject_survival:8938;RacePacingRejected, RACE action=reject_pacing:812;ReplacementNotAllowed:2"
2026-09-16T04:43:33.6700175+00:00,2047049512,0.000000,24,1.000000,0.000000,0.005859,0.341934,SURVIVAL,SURVIVAL,NONE,H_t,allow_survival,phase=none;hMul=1.000;gMul=1.000;qMul=1.000;qAdd=0.000;rpiOff=0.000,2287,9815,"RacePacingRejected, RACE action=reject_survival:9001;RacePacingRejected, RACE action=reject_pacing:812;ReplacementNotAllowed:2"
2026-09-16T04:43:34.1703081+00:00,2070937232,0.000000,8,1.000000,0.000000,0.001953,0.340645,SURVIVAL,SURVIVAL,NONE,H_t,reject_survival,phase=none;hMul=1.000;gMul=1.000;qMul=1.000;qAdd=0.000;rpiOff=0.000,2296,9881,"RacePacingRejected, RACE action=reject_survival:9067;RacePacingRejected, RACE action=reject_pacing:812;ReplacementNotAllowed:2"
2026-09-16T04:43:34.6698241+00:00,2072047312,0.000000,17,1.000000,0.000000,0.004150,0.341370,SURVIVAL,SURVIVAL,NONE,H_t,reject_survival,phase=none;hMul=1.000;gMul=1.000;qMul=1.000;qAdd=0.000;rpiOff=0.000,2305,9947,"RacePacingRejected, RACE action=reject_survival:9133;RacePacingRejected, RACE action=reject_pacing:812;ReplacementNotAllowed:2"
2026-09-16T04:43:35.1700930+00:00,2090702320,0.000000,5,1.000000,0.000000,0.001221,0.340403,SURVIVAL,SURVIVAL,NONE,H_t,reject_survival,phase=none;hMul=1.000;gMul=1.000;qMul=1.000;qAdd=0.000;rpiOff=0.000,2318,10009,"RacePacingRejected, RACE action=reject_survival:9195;RacePacingRejected, RACE action=reject_pacing:812;ReplacementNotAllowed:2"
2026-09-16T04:43:35.6704620+00:00,2091800008,0.000000,14,1.000000,0.000000,0.003418,0.341128,SURVIVAL,SURVIVAL,NONE,H_t,reject_survival,phase=none;hMul=1.000;gMul=1.000;qMul=1.000;qAdd=0.000;rpiOff=0.000,2327,10075,"RacePacingRejected, RACE action=reject_survival:9261;RacePacingRejected, RACE action=reject_pacing:812;ReplacementNotAllowed:2"
2026-09-16T04:43:36.1698735+00:00,2105724000,0.000000,4,1.000000,0.000000,0.000977,0.340322,SURVIVAL,SURVIVAL,NONE,H_t,reject_survival,phase=none;hMul=1.000;gMul=1.000;qMul=1.000;qAdd=0.000;rpiOff=0.000,2333,10144,"RacePacingRejected, RACE action=reject_survival:9330;RacePacingRejected, RACE action=reject_pacing:812;ReplacementNotAllowed:2"
2026-09-16T04:43:36.6699461+00:00,2106772576,0.000000,20,1.000000,0.000000,0.004883,0.341611,SURVIVAL,SURVIVAL,NONE,H_t,reject_survival,phase=none;hMul=1.000;gMul=1.000;qMul=1.000;qAdd=0.000;rpiOff=0.000,2349,10203,"RacePacingRejected, RACE action=reject_survival:9389;RacePacingRejected, RACE action=reject_pacing:812;ReplacementNotAllowed:2"
2026-09-16T04:43:37.1704766+00:00,2125411976,0.000000,8,1.000000,0.000000,0.001953,0.340645,SURVIVAL,SURVIVAL,NONE,H_t,reject_survival,phase=none;hMul=1.000;gMul=1.000;qMul=1.000;qAdd=0.000;rpiOff=0.000,2362,10265,"RacePacingRejected, RACE action=reject_survival:9451;RacePacingRejected, RACE action=reject_pacing:812;ReplacementNotAllowed:2"
2026-09-16T04:43:37.6699464+00:00,2126526088,0.000000,16,1.000000,0.000000,0.003906,0.341289,SURVIVAL,SURVIVAL,NONE,H_t,reject_survival,phase=none;hMul=1.000;gMul=1.000;qMul=1.000;qAdd=0.000;rpiOff=0.000,2370,10332,"RacePacingRejected, RACE action=reject_survival:9518;RacePacingRejected, RACE action=reject_pacing:812;ReplacementNotAllowed:2"
2026-09-16T04:43:38.1703389+00:00,2148619640,0.000000,9,1.000000,0.000000,0.002197,0.340725,SURVIVAL,SURVIVAL,NONE,H_t,reject_survival,phase=none;hMul=1.000;gMul=1.000;qMul=1.000;qAdd=0.000;rpiOff=0.000,2388,10389,"RacePacingRejected, RACE action=reject_survival:9575;RacePacingRejected, RACE action=reject_pacing:812;ReplacementNotAllowed:2"
2026-09-16T04:43:38.6698431+00:00,2149700696,0.000000,19,1.000000,0.000000,0.004639,0.341531,SURVIVAL,SURVIVAL,NONE,H_t,reject_survival,phase=none;hMul=1.000;gMul=1.000;qMul=1.000;qAdd=0.000;rpiOff=0.000,2398,10454,"RacePacingRejected, RACE action=reject_survival:9640;RacePacingRejected, RACE action=reject_pacing:812;ReplacementNotAllowed:2"
2026-09-16T04:43:39.1699072+00:00,2176726712,0.000000,9,1.000000,0.000000,0.002197,0.340725,SURVIVAL,SURVIVAL,NONE,H_t,reject_survival,phase=none;hMul=1.000;gMul=1.000;qMul=1.000;qAdd=0.000;rpiOff=0.000,2413,10514,"RacePacingRejected, RACE action=reject_survival:9700;RacePacingRejected, RACE action=reject_pacing:812;ReplacementNotAllowed:2"
2026-09-16T04:43:39.6707591+00:00,2177791096,0.000000,24,1.000000,0.000000,0.005859,0.341934,SURVIVAL,SURVIVAL,NONE,H_t,reject_survival,phase=none;hMul=1.000;gMul=1.000;qMul=1.000;qAdd=0.000;rpiOff=0.000,2428,10574,"RacePacingRejected, RACE action=reject_survival:9760;RacePacingRejected, RACE action=reject_pacing:812;ReplacementNotAllowed:2"
2026-09-16T04:43:40.1705352+00:00,2202132640,0.000000,8,1.000000,0.000000,0.001953,0.340645,SURVIVAL,SURVIVAL,NONE,H_t,allow_survival,phase=none;hMul=1.000;gMul=1.000;qMul=1.000;qAdd=0.000;rpiOff=0.000,2437,10640,"RacePacingRejected, RACE action=reject_survival:9826;RacePacingRejected, RACE action=reject_pacing:812;ReplacementNotAllowed:2"
2026-09-16T04:43:40.6706579+00:00,2203221560,0.000000,20,1.000000,0.000000,0.004883,0.341611,SURVIVAL,SURVIVAL,NONE,H_t,allow_survival,phase=none;hMul=1.000;gMul=1.000;qMul=1.000;qAdd=0.000;rpiOff=0.000,2449,10703,"RacePacingRejected, RACE action=reject_survival:9889;RacePacingRejected, RACE action=reject_pacing:812;ReplacementNotAllowed:2"
2026-09-16T04:43:41.1705601+00:00,2225373976,0.000000,3,1.000000,0.000000,0.000732,0.340242,SURVIVAL,SURVIVAL,NONE,H_t,reject_survival,phase=none;hMul=1.000;gMul=1.000;qMul=1.000;qAdd=0.000;rpiOff=0.000,2457,10770,"RacePacingRejected, RACE action=reject_survival:9956;RacePacingRejected, RACE action=reject_pacing:812;ReplacementNotAllowed:2"
2026-09-16T04:43:41.6703599+00:00,2226487944,0.000000,12,1.000000,0.000000,0.002930,0.340967,SURVIVAL,SURVIVAL,NONE,H_t,reject_survival,phase=none;hMul=1.000;gMul=1.000;qMul=1.000;qAdd=0.000;rpiOff=0.000,2466,10836,"RacePacingRejected, RACE action=reject_survival:10022;RacePacingRejected, RACE action=reject_pacing:812;ReplacementNotAllowed:2"
2026-09-16T04:43:42.1699230+00:00,2251079072,0.000000,3,1.000000,0.000000,0.000732,0.340242,SURVIVAL,SURVIVAL,NONE,H_t,allow_survival,phase=none;hMul=1.000;gMul=1.000;qMul=1.000;qAdd=0.000;rpiOff=0.000,2480,10897,"RacePacingRejected, RACE action=reject_survival:10083;RacePacingRejected, RACE action=reject_pacing:812;ReplacementNotAllowed:2"
2026-09-16T04:43:42.6701449+00:00,2252160424,0.000000,12,1.000000,0.000000,0.002930,0.340967,SURVIVAL,SURVIVAL,NONE,H_t,reject_survival,phase=none;hMul=1.000;gMul=1.000;qMul=1.000;qAdd=0.000;rpiOff=0.000,2489,10963,"RacePacingRejected, RACE action=reject_survival:10149;RacePacingRejected, RACE action=reject_pacing:812;ReplacementNotAllowed:2"
2026-09-16T04:43:43.1703502+00:00,2273042216,0.000000,5,1.000000,0.000000,0.001221,0.340403,SURVIVAL,SURVIVAL,NONE,H_t,reject_survival,phase=none;hMul=1.000;gMul=1.000;qMul=1.000;qAdd=0.000;rpiOff=0.000,2503,11024,"RacePacingRejected, RACE action=reject_survival:10210;RacePacingRejected, RACE action=reject_pacing:812;ReplacementNotAllowed:2"
2026-09-16T04:43:43.6704182+00:00,2274106984,0.000000,19,1.000000,0.000000,0.004639,0.341531,SURVIVAL,SURVIVAL,NONE,H_t,allow_survival,phase=none;hMul=1.000;gMul=1.000;qMul=1.000;qAdd=0.000;rpiOff=0.000,2517,11085,"RacePacingRejected, RACE action=reject_survival:10271;RacePacingRejected, RACE action=reject_pacing:812;ReplacementNotAllowed:2"
2026-09-16T04:43:44.1697538+00:00,2298365448,0.000000,7,1.000000,0.000000,0.001709,0.340564,SURVIVAL,SURVIVAL,NONE,H_t,reject_survival,phase=none;hMul=1.000;gMul=1.000;qMul=1.000;qAdd=0.000;rpiOff=0.000,2530,11147,"RacePacingRejected, RACE action=reject_survival:10333;RacePacingRejected, RACE action=reject_pacing:812;ReplacementNotAllowed:2"
2026-09-16T04:43:44.6697476+00:00,2299479080,0.000000,15,1.000000,0.000000,0.003662,0.341208,SURVIVAL,SURVIVAL,NONE,H_t,reject_survival,phase=none;hMul=1.000;gMul=1.000;qMul=1.000;qAdd=0.000;rpiOff=0.000,2538,11214,"RacePacingRejected, RACE action=reject_survival:10400;RacePacingRejected, RACE action=reject_pacing:812;ReplacementNotAllowed:2"
2026-09-16T04:43:45.1697445+00:00,2319190328,0.000000,1,1.000000,0.000000,0.000244,0.340081,SURVIVAL,SURVIVAL,NONE,H_t,reject_survival,phase=none;hMul=1.000;gMul=1.000;qMul=1.000;qAdd=0.000;rpiOff=0.000,2545,11282,"RacePacingRejected, RACE action=reject_survival:10468;RacePacingRejected, RACE action=reject_pacing:812;ReplacementNotAllowed:2"
2026-09-16T04:43:45.6703829+00:00,2320230680,0.000000,13,1.000000,0.000000,0.003174,0.341047,SURVIVAL,SURVIVAL,NONE,H_t,reject_survival,phase=none;hMul=1.000;gMul=1.000;qMul=1.000;qAdd=0.000;rpiOff=0.000,2557,11345,"RacePacingRejected, RACE action=reject_survival:10531;RacePacingRejected, RACE action=reject_pacing:812;ReplacementNotAllowed:2"
2026-09-16T04:43:46.1697833+00:00,2342297928,0.000000,3,1.000000,0.000000,0.000732,0.340242,SURVIVAL,SURVIVAL,NONE,H_t,allow_survival,phase=none;hMul=1.000;gMul=1.000;qMul=1.000;qAdd=0.000;rpiOff=0.000,2567,11410,"RacePacingRejected, RACE action=reject_survival:10596;RacePacingRejected, RACE action=reject_pacing:812;ReplacementNotAllowed:2"
2026-09-16T04:43:46.6703651+00:00,2343330056,0.000000,21,1.000000,0.000000,0.005127,0.341692,SURVIVAL,SURVIVAL,NONE,H_t,allow_survival,phase=none;hMul=1.000;gMul=1.000;qMul=1.000;qAdd=0.000;rpiOff=0.000,2585,11467,"RacePacingRejected, RACE action=reject_survival:10653;RacePacingRejected, RACE action=reject_pacing:812;ReplacementNotAllowed:2"
2026-09-16T04:43:47.1707438+00:00,2367386928,0.000000,8,1.000000,0.000000,0.001953,0.340645,SURVIVAL,SURVIVAL,NONE,H_t,allow_survival,phase=none;hMul=1.000;gMul=1.000;qMul=1.000;qAdd=0.000;rpiOff=0.000,2597,11530,"RacePacingRejected, RACE action=reject_survival:10716;RacePacingRejected, RACE action=reject_pacing:812;ReplacementNotAllowed:2"
2026-09-16T04:43:47.6707542+00:00,2368484592,0.000000,19,1.000000,0.000000,0.004639,0.341531,SURVIVAL,SURVIVAL,NONE,H_t,reject_survival,phase=none;hMul=1.000;gMul=1.000;qMul=1.000;qAdd=0.000;rpiOff=0.000,2608,11594,"RacePacingRejected, RACE action=reject_survival:10780;RacePacingRejected, RACE action=reject_pacing:812;ReplacementNotAllowed:2"
2026-09-16T04:43:48.1705271+00:00,2392143696,0.000000,7,1.000000,0.000000,0.001709,0.340564,SURVIVAL,SURVIVAL,NONE,H_t,reject_survival,phase=none;hMul=1.000;gMul=1.000;qMul=1.000;qAdd=0.000;rpiOff=0.000,2621,11656,"RacePacingRejected, RACE action=reject_survival:10842;RacePacingRejected, RACE action=reject_pacing:812;ReplacementNotAllowed:2"
2026-09-16T04:43:48.6703593+00:00,2393265784,0.000000,14,1.000000,0.000000,0.003418,0.341128,SURVIVAL,SURVIVAL,NONE,H_t,allow_survival,phase=none;hMul=1.000;gMul=1.000;qMul=1.000;qAdd=0.000;rpiOff=0.000,2628,11724,"RacePacingRejected, RACE action=reject_survival:10910;RacePacingRejected, RACE action=reject_pacing:812;ReplacementNotAllowed:2"
2026-09-16T04:43:49.1707479+00:00,2418650232,0.000000,3,1.000000,0.000000,0.000732,0.340242,SURVIVAL,SURVIVAL,NONE,H_t,reject_survival,phase=none;hMul=1.000;gMul=1.000;qMul=1.000;qAdd=0.000;rpiOff=0.000,2642,11785,"RacePacingRejected, RACE action=reject_survival:10971;RacePacingRejected, RACE action=reject_pacing:812;ReplacementNotAllowed:2"
2026-09-16T04:43:49.6706622+00:00,2419698808,0.000000,16,1.000000,0.000000,0.003906,0.341289,SURVIVAL,SURVIVAL,NONE,H_t,reject_survival,phase=none;hMul=1.000;gMul=1.000;qMul=1.000;qAdd=0.000;rpiOff=0.000,2655,11847,"RacePacingRejected, RACE action=reject_survival:11033;RacePacingRejected, RACE action=reject_pacing:812;ReplacementNotAllowed:2"
2026-09-16T04:43:50.1701405+00:00,2437569800,0.000000,2,1.000000,0.000000,0.000488,0.340161,SURVIVAL,SURVIVAL,NONE,H_t,reject_survival,phase=none;hMul=1.000;gMul=1.000;qMul=1.000;qAdd=0.000;rpiOff=0.000,2661,11916,"RacePacingRejected, RACE action=reject_survival:11102;RacePacingRejected, RACE action=reject_pacing:812;ReplacementNotAllowed:2"
2026-09-16T04:43:50.6703749+00:00,2438626072,0.000000,18,1.000000,0.000000,0.004395,0.341450,SURVIVAL,SURVIVAL,NONE,H_t,reject_survival,phase=none;hMul=1.000;gMul=1.000;qMul=1.000;qAdd=0.000;rpiOff=0.000,2677,11975,"RacePacingRejected, RACE action=reject_survival:11161;RacePacingRejected, RACE action=reject_pacing:812;ReplacementNotAllowed:2"
2026-09-16T04:43:51.1703672+00:00,2459975272,0.000000,5,1.000000,0.000000,0.001221,0.340403,SURVIVAL,SURVIVAL,NONE,H_t,allow_survival,phase=none;hMul=1.000;gMul=1.000;qMul=1.000;qAdd=0.000;rpiOff=0.000,2688,12039,"RacePacingRejected, RACE action=reject_survival:11225;RacePacingRejected, RACE action=reject_pacing:812;ReplacementNotAllowed:2"
2026-09-16T04:43:51.6699120+00:00,2461040040,0.000000,21,1.000000,0.000000,0.005127,0.341692,SURVIVAL,SURVIVAL,NONE,H_t,reject_survival,phase=none;hMul=1.000;gMul=1.000;qMul=1.000;qAdd=0.000;rpiOff=0.000,2704,12098,"RacePacingRejected, RACE action=reject_survival:11284;RacePacingRejected, RACE action=reject_pacing:812;ReplacementNotAllowed:2"
2026-09-16T04:43:52.1700005+00:00,2483681696,0.000000,15,1.000000,0.000000,0.003662,0.341208,SURVIVAL,SURVIVAL,NONE,H_t,reject_survival,phase=none;hMul=1.000;gMul=1.000;qMul=1.000;qAdd=0.000;rpiOff=0.000,2723,12154,"RacePacingRejected, RACE action=reject_survival:11340;RacePacingRejected, RACE action=reject_pacing:812;ReplacementNotAllowed:2"
2026-09-16T04:43:52.6698909+00:00,2484779688,0.000000,27,1.000000,0.000000,0.006592,0.342175,SURVIVAL,SURVIVAL,NONE,H_t,reject_survival,phase=none;hMul=1.000;gMul=1.000;qMul=1.000;qAdd=0.000;rpiOff=0.000,2735,12217,"RacePacingRejected, RACE action=reject_survival:11403;RacePacingRejected, RACE action=reject_pacing:812;ReplacementNotAllowed:2"
2026-09-16T04:43:53.1700128+00:00,2506797168,0.000000,17,1.000000,0.000000,0.004150,0.341370,SURVIVAL,SURVIVAL,NONE,H_t,reject_survival,phase=none;hMul=1.000;gMul=1.000;qMul=1.000;qAdd=0.000;rpiOff=0.000,2750,12277,"RacePacingRejected, RACE action=reject_survival:11463;RacePacingRejected, RACE action=reject_pacing:812;ReplacementNotAllowed:2"
2026-09-16T04:43:53.6707451+00:00,2507751688,0.000000,24,1.000000,0.000000,0.005859,0.341934,SURVIVAL,SURVIVAL,NONE,H_t,reject_survival,phase=none;hMul=1.000;gMul=1.000;qMul=1.000;qAdd=0.000;rpiOff=0.000,2757,12333,"RacePacingRejected, RACE action=reject_survival:11519;RacePacingRejected, RACE action=reject_pacing:812;ReplacementNotAllowed:2"
2026-09-16T04:43:54.1698569+00:00,2530117824,0.000000,11,1.000000,0.000000,0.002686,0.340886,SURVIVAL,SURVIVAL,NONE,H_t,reject_survival,phase=none;hMul=1.000;gMul=1.000;qMul=1.000;qAdd=0.000;rpiOff=0.000,2769,12408,"RacePacingRejected, RACE action=reject_survival:11594;RacePacingRejected, RACE action=reject_pacing:812;ReplacementNotAllowed:2"
2026-09-16T04:43:54.6702603+00:00,2531166616,0.000000,27,1.000000,0.000000,0.006592,0.342175,SURVIVAL,SURVIVAL,NONE,H_t,allow_survival,phase=none;hMul=1.000;gMul=1.000;qMul=1.000;qAdd=0.000;rpiOff=0.000,2785,12467,"RacePacingRejected, RACE action=reject_survival:11653;RacePacingRejected, RACE action=reject_pacing:812;ReplacementNotAllowed:2"
2026-09-16T04:43:55.1702315+00:00,2554763280,0.000000,10,1.000000,0.000000,0.002441,0.340806,SURVIVAL,SURVIVAL,NONE,H_t,reject_survival,phase=none;hMul=1.000;gMul=1.000;qMul=1.000;qAdd=0.000;rpiOff=0.000,2793,12534,"RacePacingRejected, RACE action=reject_survival:11720;RacePacingRejected, RACE action=reject_pacing:812;ReplacementNotAllowed:2"
2026-09-16T04:43:55.6698563+00:00,2555902136,0.000000,15,1.000000,0.000000,0.003662,0.341208,SURVIVAL,SURVIVAL,NONE,H_t,reject_survival,phase=none;hMul=1.000;gMul=1.000;qMul=1.000;qAdd=0.000;rpiOff=0.000,2798,12604,"RacePacingRejected, RACE action=reject_survival:11790;RacePacingRejected, RACE action=reject_pacing:812;ReplacementNotAllowed:2"
2026-09-16T04:43:56.1701039+00:00,2581136472,0.000000,1,1.000000,0.000000,0.000244,0.340081,SURVIVAL,SURVIVAL,NONE,H_t,reject_survival,phase=none;hMul=1.000;gMul=1.000;qMul=1.000;qAdd=0.000;rpiOff=0.000,2809,12668,"RacePacingRejected, RACE action=reject_survival:11854;RacePacingRejected, RACE action=reject_pacing:812;ReplacementNotAllowed:2"
2026-09-16T04:43:56.6705675+00:00,2582152408,0.000000,21,1.000000,0.000000,0.005127,0.341692,SURVIVAL,SURVIVAL,NONE,H_t,allow_survival,phase=none;hMul=1.000;gMul=1.000;qMul=1.000;qAdd=0.000;rpiOff=0.000,2829,12723,"RacePacingRejected, RACE action=reject_survival:11909;RacePacingRejected, RACE action=reject_pacing:812;ReplacementNotAllowed:2"
2026-09-16T04:43:57.1704152+00:00,2610541408,0.000000,4,1.000000,0.000000,0.000977,0.340322,SURVIVAL,SURVIVAL,NONE,H_t,allow_survival,phase=none;hMul=1.000;gMul=1.000;qMul=1.000;qAdd=0.000;rpiOff=0.000,2837,12790,"RacePacingRejected, RACE action=reject_survival:11976;RacePacingRejected, RACE action=reject_pacing:812;ReplacementNotAllowed:2"
2026-09-16T04:43:57.6707003+00:00,2611679936,0.000000,11,1.000000,0.000000,0.002686,0.340886,SURVIVAL,SURVIVAL,NONE,H_t,reject_survival,phase=none;hMul=1.000;gMul=1.000;qMul=1.000;qAdd=0.000;rpiOff=0.000,2844,12858,"RacePacingRejected, RACE action=reject_survival:12044;RacePacingRejected, RACE action=reject_pacing:812;ReplacementNotAllowed:2"
2026-09-16T04:43:58.1705999+00:00,2630871112,0.000000,8,1.000000,0.000000,0.001953,0.340645,SURVIVAL,SURVIVAL,NONE,H_t,reject_survival,phase=none;hMul=1.000;gMul=1.000;qMul=1.000;qAdd=0.000;rpiOff=0.000,2860,12917,"RacePacingRejected, RACE action=reject_survival:12103;RacePacingRejected, RACE action=reject_pacing:812;ReplacementNotAllowed:2"
2026-09-16T04:43:58.6702609+00:00,2631935904,0.000000,17,1.000000,0.000000,0.004150,0.341370,SURVIVAL,SURVIVAL,NONE,H_t,reject_survival,phase=none;hMul=1.000;gMul=1.000;qMul=1.000;qAdd=0.000;rpiOff=0.000,2869,12983,"RacePacingRejected, RACE action=reject_survival:12169;RacePacingRejected, RACE action=reject_pacing:812;ReplacementNotAllowed:2"
2026-09-16T04:43:59.1699317+00:00,2656524536,0.000000,2,1.000000,0.000000,0.000488,0.340161,SURVIVAL,SURVIVAL,NONE,H_t,reject_survival,phase=none;hMul=1.000;gMul=1.000;qMul=1.000;qAdd=0.000;rpiOff=0.000,2877,13050,"RacePacingRejected, RACE action=reject_survival:12236;RacePacingRejected, RACE action=reject_pacing:812;ReplacementNotAllowed:2"
2026-09-16T04:43:59.6703158+00:00,2657597664,0.000000,13,1.000000,0.000000,0.003174,0.341047,SURVIVAL,SURVIVAL,NONE,H_t,reject_survival,phase=none;hMul=1.000;gMul=1.000;qMul=1.000;qAdd=0.000;rpiOff=0.000,2888,13114,"RacePacingRejected, RACE action=reject_survival:12300;RacePacingRejected, RACE action=reject_pacing:812;ReplacementNotAllowed:2"
2026-09-16T04:44:00.1704371+00:00,2676037168,0.000000,5,1.000000,0.000000,0.001221,0.340403,SURVIVAL,SURVIVAL,NONE,H_t,allow_survival,phase=none;hMul=1.000;gMul=1.000;qMul=1.000;qAdd=0.000;rpiOff=0.000,2898,13179,"RacePacingRejected, RACE action=reject_survival:12365;RacePacingRejected, RACE action=reject_pacing:812;ReplacementNotAllowed:2"
2026-09-16T04:44:00.6702655+00:00,2677121224,0.000000,15,1.000000,0.000000,0.003662,0.341208,SURVIVAL,SURVIVAL,NONE,H_t,reject_survival,phase=none;hMul=1.000;gMul=1.000;qMul=1.000;qAdd=0.000;rpiOff=0.000,2908,13244,"RacePacingRejected, RACE action=reject_survival:12430;RacePacingRejected, RACE action=reject_pacing:812;ReplacementNotAllowed:2"
2026-09-16T04:44:01.1698629+00:00,2702205400,0.000000,8,1.000000,0.000000,0.001953,0.340645,SURVIVAL,SURVIVAL,NONE,H_t,reject_survival,phase=none;hMul=1.000;gMul=1.000;qMul=1.000;qAdd=0.000;rpiOff=0.000,2926,13301,"RacePacingRejected, RACE action=reject_survival:12487;RacePacingRejected, RACE action=reject_pacing:812;ReplacementNotAllowed:2"
2026-09-16T04:44:01.6701702+00:00,2703295352,0.000000,20,1.000000,0.000000,0.004883,0.341611,SURVIVAL,SURVIVAL,NONE,H_t,reject_survival,phase=none;hMul=1.000;gMul=1.000;qMul=1.000;qAdd=0.000;rpiOff=0.000,2938,13364,"RacePacingRejected, RACE action=reject_survival:12550;RacePacingRejected, RACE action=reject_pacing:812;ReplacementNotAllowed:2"
2026-09-16T04:44:02.1704443+00:00,2731852304,0.000000,9,1.000000,0.000000,0.002197,0.340725,SURVIVAL,SURVIVAL,NONE,H_t,reject_survival,phase=none;hMul=1.000;gMul=1.000;qMul=1.000;qAdd=0.000;rpiOff=0.000,2952,13425,"RacePacingRejected, RACE action=reject_survival:12611;RacePacingRejected, RACE action=reject_pacing:812;ReplacementNotAllowed:2"
2026-09-16T04:44:02.6707424+00:00,2732932808,0.000000,22,1.000000,0.000000,0.005371,0.341772,SURVIVAL,SURVIVAL,NONE,H_t,reject_survival,phase=none;hMul=1.000;gMul=1.000;qMul=1.000;qAdd=0.000;rpiOff=0.000,2965,13487,"RacePacingRejected, RACE action=reject_survival:12673;RacePacingRejected, RACE action=reject_pacing:812;ReplacementNotAllowed:2"
2026-09-16T04:44:03.1705894+00:00,2760875952,0.000000,7,1.000000,0.000000,0.001709,0.340564,SURVIVAL,SURVIVAL,NONE,H_t,reject_survival,phase=none;hMul=1.000;gMul=1.000;qMul=1.000;qAdd=0.000;rpiOff=0.000,2975,13552,"RacePacingRejected, RACE action=reject_survival:12738;RacePacingRejected, RACE action=reject_pacing:812;ReplacementNotAllowed:2"
2026-09-16T04:44:03.6706410+00:00,2761969920,0.000000,18,1.000000,0.000000,0.004395,0.341450,SURVIVAL,SURVIVAL,NONE,H_t,reject_survival,phase=none;hMul=1.000;gMul=1.000;qMul=1.000;qAdd=0.000;rpiOff=0.000,2986,13616,"RacePacingRejected, RACE action=reject_survival:12802;RacePacingRejected, RACE action=reject_pacing:812;ReplacementNotAllowed:2"
2026-09-16T04:44:04.1700902+00:00,2786358464,0.000000,2,1.000000,0.000000,0.000488,0.340161,SURVIVAL,SURVIVAL,NONE,H_t,reject_survival,phase=none;hMul=1.000;gMul=1.000;qMul=1.000;qAdd=0.000;rpiOff=0.000,2995,13682,"RacePacingRejected, RACE action=reject_survival:12868;RacePacingRejected, RACE action=reject_pacing:812;ReplacementNotAllowed:2"
2026-09-16T04:44:04.6698197+00:00,2787472424,0.000000,8,1.000000,0.000000,0.001953,0.340645,SURVIVAL,SURVIVAL,NONE,H_t,reject_survival,phase=none;hMul=1.000;gMul=1.000;qMul=1.000;qAdd=0.000;rpiOff=0.000,3001,13751,"RacePacingRejected, RACE action=reject_survival:12937;RacePacingRejected, RACE action=reject_pacing:812;ReplacementNotAllowed:2"
2026-09-16T04:44:05.1697417+00:00,2806116992,0.000000,7,1.000000,0.000000,0.001709,0.340564,SURVIVAL,SURVIVAL,NONE,H_t,reject_survival,phase=none;hMul=1.000;gMul=1.000;qMul=1.000;qAdd=0.000;rpiOff=0.000,3016,13811,"RacePacingRejected, RACE action=reject_survival:12997;RacePacingRejected, RACE action=reject_pacing:812;ReplacementNotAllowed:2"
2026-09-16T04:44:05.6706175+00:00,2807206688,0.000000,15,1.000000,0.000000,0.003662,0.341208,SURVIVAL,SURVIVAL,NONE,H_t,reject_survival,phase=none;hMul=1.000;gMul=1.000;qMul=1.000;qAdd=0.000;rpiOff=0.000,3024,13878,"RacePacingRejected, RACE action=reject_survival:13064;RacePacingRejected, RACE action=reject_pacing:812;ReplacementNotAllowed:2"
2026-09-16T04:44:06.1704937+00:00,2825091680,0.000000,9,1.000000,0.000000,0.002197,0.340725,SURVIVAL,SURVIVAL,NONE,H_t,reject_survival,phase=none;hMul=1.000;gMul=1.000;qMul=1.000;qAdd=0.000;rpiOff=0.000,3036,13941,"RacePacingRejected, RACE action=reject_survival:13127;RacePacingRejected, RACE action=reject_pacing:812;ReplacementNotAllowed:2"
2026-09-16T04:44:06.6700301+00:00,2826140256,0.000000,23,1.000000,0.000000,0.005615,0.341853,SURVIVAL,SURVIVAL,NONE,H_t,reject_survival,phase=none;hMul=1.000;gMul=1.000;qMul=1.000;qAdd=0.000;rpiOff=0.000,3050,14002,"RacePacingRejected, RACE action=reject_survival:13188;RacePacingRejected, RACE action=reject_pacing:812;ReplacementNotAllowed:2"
2026-09-16T04:44:07.1705198+00:00,2848662224,0.000000,12,1.000000,0.000000,0.002930,0.340967,SURVIVAL,SURVIVAL,NONE,H_t,reject_survival,phase=none;hMul=1.000;gMul=1.000;qMul=1.000;qAdd=0.000;rpiOff=0.000,3064,14063,"RacePacingRejected, RACE action=reject_survival:13249;RacePacingRejected, RACE action=reject_pacing:812;ReplacementNotAllowed:2"
2026-09-16T04:44:07.6705019+00:00,2849800752,0.000000,17,1.000000,0.000000,0.004150,0.341370,SURVIVAL,SURVIVAL,NONE,H_t,reject_survival,phase=none;hMul=1.000;gMul=1.000;qMul=1.000;qAdd=0.000;rpiOff=0.000,3069,14133,"RacePacingRejected, RACE action=reject_survival:13319;RacePacingRejected, RACE action=reject_pacing:812;ReplacementNotAllowed:2"
2026-09-16T04:44:08.1700588+00:00,2875069688,0.000000,1,1.000000,0.000000,0.000244,0.340081,SURVIVAL,SURVIVAL,NONE,H_t,reject_survival,phase=none;hMul=1.000;gMul=1.000;qMul=1.000;qAdd=0.000;rpiOff=0.000,3078,14199,"RacePacingRejected, RACE action=reject_survival:13385;RacePacingRejected, RACE action=reject_pacing:812;ReplacementNotAllowed:2"
2026-09-16T04:44:08.6703211+00:00,2876102072,0.000000,13,1.000000,0.000000,0.003174,0.341047,SURVIVAL,SURVIVAL,NONE,H_t,reject_survival,phase=none;hMul=1.000;gMul=1.000;qMul=1.000;qAdd=0.000;rpiOff=0.000,3090,14262,"RacePacingRejected, RACE action=reject_survival:13448;RacePacingRejected, RACE action=reject_pacing:812;ReplacementNotAllowed:2"
2026-09-16T04:44:09.1705723+00:00,2894153768,0.000000,3,1.000000,0.000000,0.000732,0.340242,SURVIVAL,SURVIVAL,NONE,H_t,reject_survival,phase=none;hMul=1.000;gMul=1.000;qMul=1.000;qAdd=0.000;rpiOff=0.000,3098,14329,"RacePacingRejected, RACE action=reject_survival:13514;RacePacingRejected, RACE action=reject_pacing:812;ReplacementNotAllowed:3"
2026-09-16T04:44:09.6702972+00:00,2895250640,0.000000,12,1.000000,0.000000,0.002930,0.340967,SURVIVAL,SURVIVAL,NONE,H_t,reject_survival,phase=none;hMul=1.000;gMul=1.000;qMul=1.000;qAdd=0.000;rpiOff=0.000,3107,14395,"RacePacingRejected, RACE action=reject_survival:13580;RacePacingRejected, RACE action=reject_pacing:812;ReplacementNotAllowed:3"
2026-09-16T04:44:10.1703832+00:00,2912124800,0.000000,3,1.000000,0.000000,0.000732,0.340242,SURVIVAL,SURVIVAL,NONE,H_t,allow_survival,phase=none;hMul=1.000;gMul=1.000;qMul=1.000;qAdd=0.000;rpiOff=0.000,3116,14461,"RacePacingRejected, RACE action=reject_survival:13646;RacePacingRejected, RACE action=reject_pacing:812;ReplacementNotAllowed:3"
2026-09-16T04:44:10.6707444+00:00,2913173264,0.000000,18,1.000000,0.000000,0.004395,0.341450,SURVIVAL,SURVIVAL,NONE,H_t,reject_survival,phase=none;hMul=1.000;gMul=1.000;qMul=1.000;qAdd=0.000;rpiOff=0.000,3131,14521,"RacePacingRejected, RACE action=reject_survival:13706;RacePacingRejected, RACE action=reject_pacing:812;ReplacementNotAllowed:3"
2026-09-16T04:44:11.1702025+00:00,2937553664,0.000000,5,1.000000,0.000000,0.001221,0.340403,SURVIVAL,SURVIVAL,NONE,H_t,reject_survival,phase=none;hMul=1.000;gMul=1.000;qMul=1.000;qAdd=0.000;rpiOff=0.000,3141,14586,"RacePacingRejected, RACE action=reject_survival:13771;RacePacingRejected, RACE action=reject_pacing:812;ReplacementNotAllowed:3"
2026-09-16T04:44:11.6703128+00:00,2938651072,0.000000,13,1.000000,0.000000,0.003174,0.341047,SURVIVAL,SURVIVAL,NONE,H_t,reject_survival,phase=none;hMul=1.000;gMul=1.000;qMul=1.000;qAdd=0.000;rpiOff=0.000,3149,14653,"RacePacingRejected, RACE action=reject_survival:13838;RacePacingRejected, RACE action=reject_pacing:812;ReplacementNotAllowed:3"
2026-09-16T04:44:12.1699740+00:00,2959454400,0.000000,6,1.000000,0.000000,0.001465,0.340483,SURVIVAL,SURVIVAL,NONE,H_t,reject_survival,phase=none;hMul=1.000;gMul=1.000;qMul=1.000;qAdd=0.000;rpiOff=0.000,3161,14716,"RacePacingRejected, RACE action=reject_survival:13901;RacePacingRejected, RACE action=reject_pacing:812;ReplacementNotAllowed:3"
2026-09-16T04:44:12.6700811+00:00,2960535616,0.000000,16,1.000000,0.000000,0.003906,0.341289,SURVIVAL,SURVIVAL,NONE,H_t,reject_survival,phase=none;hMul=1.000;gMul=1.000;qMul=1.000;qAdd=0.000;rpiOff=0.000,3171,14781,"RacePacingRejected, RACE action=reject_survival:13966;RacePacingRejected, RACE action=reject_pacing:812;ReplacementNotAllowed:3"
2026-09-16T04:44:13.1705227+00:00,2983934472,0.000000,4,1.000000,0.000000,0.000977,0.340322,SURVIVAL,SURVIVAL,NONE,H_t,allow_survival,phase=none;hMul=1.000;gMul=1.000;qMul=1.000;qAdd=0.000;rpiOff=0.000,3184,14843,"RacePacingRejected, RACE action=reject_survival:14028;RacePacingRejected, RACE action=reject_pacing:812;ReplacementNotAllowed:3"
2026-09-16T04:44:13.6707466+00:00,2985031928,0.000000,14,1.000000,0.000000,0.003418,0.341128,SURVIVAL,SURVIVAL,NONE,H_t,reject_survival,phase=none;hMul=1.000;gMul=1.000;qMul=1.000;qAdd=0.000;rpiOff=0.000,3194,14908,"RacePacingRejected, RACE action=reject_survival:14093;RacePacingRejected, RACE action=reject_pacing:812;ReplacementNotAllowed:3"
2026-09-16T04:44:14.1702994+00:00,3005308784,0.000000,3,1.000000,0.000000,0.000732,0.340242,SURVIVAL,SURVIVAL,NONE,H_t,allow_survival,phase=none;hMul=1.000;gMul=1.000;qMul=1.000;qAdd=0.000;rpiOff=0.000,3203,14974,"RacePacingRejected, RACE action=reject_survival:14159;RacePacingRejected, RACE action=reject_pacing:812;ReplacementNotAllowed:3"
2026-09-16T04:44:14.6698036+00:00,3006410152,0.000000,13,1.000000,0.000000,0.003174,0.341047,SURVIVAL,SURVIVAL,NONE,H_t,reject_survival,phase=none;hMul=1.000;gMul=1.000;qMul=1.000;qAdd=0.000;rpiOff=0.000,3213,15039,"RacePacingRejected, RACE action=reject_survival:14224;RacePacingRejected, RACE action=reject_pacing:812;ReplacementNotAllowed:3"
2026-09-16T04:44:15.1694661+00:00,3024826760,0.000000,3,1.000000,0.000000,0.000732,0.340242,SURVIVAL,SURVIVAL,NONE,H_t,reject_survival,phase=none;hMul=1.000;gMul=1.000;qMul=1.000;qAdd=0.000;rpiOff=0.000,3222,15105,"RacePacingRejected, RACE action=reject_survival:14290;RacePacingRejected, RACE action=reject_pacing:812;ReplacementNotAllowed:3"
2026-09-16T04:44:15.6698209+00:00,3025898784,0.000000,16,1.000000,0.000000,0.003906,0.341289,SURVIVAL,SURVIVAL,NONE,H_t,reject_survival,phase=none;hMul=1.000;gMul=1.000;qMul=1.000;qAdd=0.000;rpiOff=0.000,3235,15167,"RacePacingRejected, RACE action=reject_survival:14352;RacePacingRejected, RACE action=reject_pacing:812;ReplacementNotAllowed:3"
2026-09-16T04:44:16.1704554+00:00,3046996584,0.000000,3,1.000000,0.000000,0.000732,0.340242,SURVIVAL,SURVIVAL,NONE,H_t,reject_survival,phase=none;hMul=1.000;gMul=1.000;qMul=1.000;qAdd=0.000;rpiOff=0.000,3242,15235,"RacePacingRejected, RACE action=reject_survival:14420;RacePacingRejected, RACE action=reject_pacing:812;ReplacementNotAllowed:3"
2026-09-16T04:44:16.6702781+00:00,3048044904,0.000000,19,1.000000,0.000000,0.004639,0.341531,SURVIVAL,SURVIVAL,NONE,H_t,reject_survival,phase=none;hMul=1.000;gMul=1.000;qMul=1.000;qAdd=0.000;rpiOff=0.000,3258,15294,"RacePacingRejected, RACE action=reject_survival:14479;RacePacingRejected, RACE action=reject_pacing:812;ReplacementNotAllowed:3"
2026-09-16T04:44:17.1698994+00:00,3075718016,0.000000,3,1.000000,0.000000,0.000732,0.340242,SURVIVAL,SURVIVAL,NONE,H_t,reject_survival,phase=none;hMul=1.000;gMul=1.000;qMul=1.000;qAdd=0.000;rpiOff=0.000,3267,15360,"RacePacingRejected, RACE action=reject_survival:14545;RacePacingRejected, RACE action=reject_pacing:812;ReplacementNotAllowed:3"
2026-09-16T04:44:17.6700921+00:00,3076807304,0.000000,15,1.000000,0.000000,0.003662,0.341208,SURVIVAL,SURVIVAL,NONE,H_t,reject_survival,phase=none;hMul=1.000;gMul=1.000;qMul=1.000;qAdd=0.000;rpiOff=0.000,3279,15423,"RacePacingRejected, RACE action=reject_survival:14608;RacePacingRejected, RACE action=reject_pacing:812;ReplacementNotAllowed:3"
2026-09-16T04:44:18.1705994+00:00,3097358528,0.000000,5,1.000000,0.000000,0.001221,0.340403,SURVIVAL,SURVIVAL,NONE,H_t,reject_survival,phase=none;hMul=1.000;gMul=1.000;qMul=1.000;qAdd=0.000;rpiOff=0.000,3289,15488,"RacePacingRejected, RACE action=reject_survival:14673;RacePacingRejected, RACE action=reject_pacing:812;ReplacementNotAllowed:3"
2026-09-16T04:44:18.6701582+00:00,3097514272,0.000000,5,1.000000,0.000000,0.001221,0.340403,SURVIVAL,SURVIVAL,NONE,H_t,reject_survival,phase=none;hMul=1.000;gMul=1.000;qMul=1.000;qAdd=0.000;rpiOff=0.000,3289,15495,"RacePacingRejected, RACE action=reject_survival:14680;RacePacingRejected, RACE action=reject_pacing:812;ReplacementNotAllowed:3"
2026-09-16T04:44:19.1701498+00:00,3103497392,0.000000,0,1.000000,0.000000,0.000000,0.340000,SURVIVAL,SURVIVAL,NONE,H_t,reject_survival,phase=none;hMul=1.000;gMul=1.000;qMul=1.000;qAdd=0.000;rpiOff=0.000,3289,15495,"RacePacingRejected, RACE action=reject_survival:14680;RacePacingRejected, RACE action=reject_pacing:812;ReplacementNotAllowed:3"
2026-09-16T04:44:19.6704335+00:00,3103497392,0.000000,0,1.000000,0.000000,0.000000,0.340000,SURVIVAL,SURVIVAL,NONE,H_t,reject_survival,phase=none;hMul=1.000;gMul=1.000;qMul=1.000;qAdd=0.000;rpiOff=0.000,3289,15495,"RacePacingRejected, RACE action=reject_survival:14680;RacePacingRejected, RACE action=reject_pacing:812;ReplacementNotAllowed:3"
2026-09-16T04:44:20.1701098+00:00,3103956192,0.000000,0,1.000000,0.000000,0.000000,0.340000,SURVIVAL,SURVIVAL,NONE,H_t,reject_survival,phase=none;hMul=1.000;gMul=1.000;qMul=1.000;qAdd=0.000;rpiOff=0.000,3289,15495,"RacePacingRejected, RACE action=reject_survival:14680;RacePacingRejected, RACE action=reject_pacing:812;ReplacementNotAllowed:3"
2026-09-16T04:44:20.6703944+00:00,3103964416,0.000000,0,1.000000,0.000000,0.000000,0.340000,SURVIVAL,SURVIVAL,NONE,H_t,reject_survival,phase=none;hMul=1.000;gMul=1.000;qMul=1.000;qAdd=0.000;rpiOff=0.000,3289,15495,"RacePacingRejected, RACE action=reject_survival:14680;RacePacingRejected, RACE action=reject_pacing:812;ReplacementNotAllowed:3"
2026-09-16T04:44:21.1702738+00:00,3104054320,0.000000,0,1.000000,0.000000,0.000000,0.340000,SURVIVAL,SURVIVAL,NONE,H_t,reject_survival,phase=none;hMul=1.000;gMul=1.000;qMul=1.000;qAdd=0.000;rpiOff=0.000,3289,15495,"RacePacingRejected, RACE action=reject_survival:14680;RacePacingRejected, RACE action=reject_pacing:812;ReplacementNotAllowed:3"
2026-09-16T04:44:21.6707345+00:00,3104054320,0.000000,0,1.000000,0.000000,0.000000,0.340000,SURVIVAL,SURVIVAL,NONE,H_t,reject_survival,phase=none;hMul=1.000;gMul=1.000;qMul=1.000;qAdd=0.000;rpiOff=0.000,3289,15495,"RacePacingRejected, RACE action=reject_survival:14680;RacePacingRejected, RACE action=reject_pacing:812;ReplacementNotAllowed:3"
2026-09-16T04:44:22.1703959+00:00,3104458824,0.000000,0,1.000000,0.000000,0.000000,0.340000,SURVIVAL,SURVIVAL,NONE,H_t,reject_survival,phase=none;hMul=1.000;gMul=1.000;qMul=1.000;qAdd=0.000;rpiOff=0.000,3289,15495,"RacePacingRejected, RACE action=reject_survival:14680;RacePacingRejected, RACE action=reject_pacing:812;ReplacementNotAllowed:3"
2026-09-16T04:44:22.6700989+00:00,3104467048,0.000000,0,1.000000,0.000000,0.000000,0.340000,SURVIVAL,SURVIVAL,NONE,H_t,reject_survival,phase=none;hMul=1.000;gMul=1.000;qMul=1.000;qAdd=0.000;rpiOff=0.000,3289,15495,"RacePacingRejected, RACE action=reject_survival:14680;RacePacingRejected, RACE action=reject_pacing:812;ReplacementNotAllowed:3"
2026-09-16T04:44:23.1707152+00:00,3104549032,0.000000,0,1.000000,0.000000,0.000000,0.340000,SURVIVAL,SURVIVAL,NONE,H_t,reject_survival,phase=none;hMul=1.000;gMul=1.000;qMul=1.000;qAdd=0.000;rpiOff=0.000,3289,15495,"RacePacingRejected, RACE action=reject_survival:14680;RacePacingRejected, RACE action=reject_pacing:812;ReplacementNotAllowed:3"
2026-09-16T04:44:23.6700493+00:00,3104557000,0.000000,0,1.000000,0.000000,0.000000,0.340000,SURVIVAL,SURVIVAL,NONE,H_t,reject_survival,phase=none;hMul=1.000;gMul=1.000;qMul=1.000;qAdd=0.000;rpiOff=0.000,3289,15495,"RacePacingRejected, RACE action=reject_survival:14680;RacePacingRejected, RACE action=reject_pacing:812;ReplacementNotAllowed:3"
2026-09-16T04:44:24.1697950+00:00,3104606088,0.000000,0,1.000000,0.000000,0.000000,0.340000,SURVIVAL,SURVIVAL,NONE,H_t,reject_survival,phase=none;hMul=1.000;gMul=1.000;qMul=1.000;qAdd=0.000;rpiOff=0.000,3289,15495,"RacePacingRejected, RACE action=reject_survival:14680;RacePacingRejected, RACE action=reject_pacing:812;ReplacementNotAllowed:3"
2026-09-16T04:44:24.6701406+00:00,3104606088,0.000000,0,1.000000,0.000000,0.000000,0.340000,SURVIVAL,SURVIVAL,NONE,H_t,reject_survival,phase=none;hMul=1.000;gMul=1.000;qMul=1.000;qAdd=0.000;rpiOff=0.000,3289,15495,"RacePacingRejected, RACE action=reject_survival:14680;RacePacingRejected, RACE action=reject_pacing:812;ReplacementNotAllowed:3"
2026-09-16T04:44:25.1706103+00:00,3104680104,0.000000,0,1.000000,0.000000,0.000000,0.340000,SURVIVAL,SURVIVAL,NONE,H_t,reject_survival,phase=none;hMul=1.000;gMul=1.000;qMul=1.000;qAdd=0.000;rpiOff=0.000,3289,15495,"RacePacingRejected, RACE action=reject_survival:14680;RacePacingRejected, RACE action=reject_pacing:812;ReplacementNotAllowed:3"
2026-09-16T04:44:25.6707887+00:00,3104688328,0.000000,0,1.000000,0.000000,0.000000,0.340000,SURVIVAL,SURVIVAL,NONE,H_t,reject_survival,phase=none;hMul=1.000;gMul=1.000;qMul=1.000;qAdd=0.000;rpiOff=0.000,3289,15495,"RacePacingRejected, RACE action=reject_survival:14680;RacePacingRejected, RACE action=reject_pacing:812;ReplacementNotAllowed:3"
2026-09-16T04:44:26.1703460+00:00,3104729448,0.000000,0,1.000000,0.000000,0.000000,0.340000,SURVIVAL,SURVIVAL,NONE,H_t,reject_survival,phase=none;hMul=1.000;gMul=1.000;qMul=1.000;qAdd=0.000;rpiOff=0.000,3289,15495,"RacePacingRejected, RACE action=reject_survival:14680;RacePacingRejected, RACE action=reject_pacing:812;ReplacementNotAllowed:3"
2026-09-16T04:44:26.6706668+00:00,3104729448,0.000000,0,1.000000,0.000000,0.000000,0.340000,SURVIVAL,SURVIVAL,NONE,H_t,reject_survival,phase=none;hMul=1.000;gMul=1.000;qMul=1.000;qAdd=0.000;rpiOff=0.000,3289,15495,"RacePacingRejected, RACE action=reject_survival:14680;RacePacingRejected, RACE action=reject_pacing:812;ReplacementNotAllowed:3"
2026-09-16T04:44:27.1701801+00:00,3104818272,0.000000,0,1.000000,0.000000,0.000000,0.340000,SURVIVAL,SURVIVAL,NONE,H_t,reject_survival,phase=none;hMul=1.000;gMul=1.000;qMul=1.000;qAdd=0.000;rpiOff=0.000,3289,15495,"RacePacingRejected, RACE action=reject_survival:14680;RacePacingRejected, RACE action=reject_pacing:812;ReplacementNotAllowed:3"
2026-09-16T04:44:27.6705274+00:00,3104818272,0.000000,0,1.000000,0.000000,0.000000,0.340000,SURVIVAL,SURVIVAL,NONE,H_t,reject_survival,phase=none;hMul=1.000;gMul=1.000;qMul=1.000;qAdd=0.000;rpiOff=0.000,3289,15495,"RacePacingRejected, RACE action=reject_survival:14680;RacePacingRejected, RACE action=reject_pacing:812;ReplacementNotAllowed:3"
2026-09-16T04:44:28.1701981+00:00,3104867360,0.000000,0,1.000000,0.000000,0.000000,0.340000,SURVIVAL,SURVIVAL,NONE,H_t,reject_survival,phase=none;hMul=1.000;gMul=1.000;qMul=1.000;qAdd=0.000;rpiOff=0.000,3289,15495,"RacePacingRejected, RACE action=reject_survival:14680;RacePacingRejected, RACE action=reject_pacing:812;ReplacementNotAllowed:3"
2026-09-16T04:44:28.6705418+00:00,3104867360,0.000000,0,1.000000,0.000000,0.000000,0.340000,SURVIVAL,SURVIVAL,NONE,H_t,reject_survival,phase=none;hMul=1.000;gMul=1.000;qMul=1.000;qAdd=0.000;rpiOff=0.000,3289,15495,"RacePacingRejected, RACE action=reject_survival:14680;RacePacingRejected, RACE action=reject_pacing:812;ReplacementNotAllowed:3"
2026-09-16T04:44:29.1700763+00:00,3104949344,0.000000,0,1.000000,0.000000,0.000000,0.340000,SURVIVAL,SURVIVAL,NONE,H_t,reject_survival,phase=none;hMul=1.000;gMul=1.000;qMul=1.000;qAdd=0.000;rpiOff=0.000,3289,15495,"RacePacingRejected, RACE action=reject_survival:14680;RacePacingRejected, RACE action=reject_pacing:812;ReplacementNotAllowed:3"
2026-09-16T04:44:29.6704178+00:00,3104949344,0.000000,0,1.000000,0.000000,0.000000,0.340000,SURVIVAL,SURVIVAL,NONE,H_t,reject_survival,phase=none;hMul=1.000;gMul=1.000;qMul=1.000;qAdd=0.000;rpiOff=0.000,3289,15495,"RacePacingRejected, RACE action=reject_survival:14680;RacePacingRejected, RACE action=reject_pacing:812;ReplacementNotAllowed:3"
2026-09-16T04:44:30.1700225+00:00,3105031584,0.000000,0,1.000000,0.000000,0.000000,0.340000,SURVIVAL,SURVIVAL,NONE,H_t,reject_survival,phase=none;hMul=1.000;gMul=1.000;qMul=1.000;qAdd=0.000;rpiOff=0.000,3289,15495,"RacePacingRejected, RACE action=reject_survival:14680;RacePacingRejected, RACE action=reject_pacing:812;ReplacementNotAllowed:3"
2026-09-16T04:44:30.6704693+00:00,3105158296,0.000000,1,1.000000,0.000000,0.000244,0.340081,SURVIVAL,SURVIVAL,NONE,H_t,reject_survival,phase=none;hMul=1.000;gMul=1.000;qMul=1.000;qAdd=0.000;rpiOff=0.000,3290,15497,"RacePacingRejected, RACE action=reject_survival:14682;RacePacingRejected, RACE action=reject_pacing:812;ReplacementNotAllowed:3"
2026-09-16T04:44:31.1707237+00:00,3105756344,0.000000,1,1.000000,0.000000,0.000244,0.340081,SURVIVAL,SURVIVAL,NONE,H_t,allow_survival,phase=none;hMul=1.000;gMul=1.000;qMul=1.000;qAdd=0.000;rpiOff=0.000,3292,15497,"RacePacingRejected, RACE action=reject_survival:14682;RacePacingRejected, RACE action=reject_pacing:812;ReplacementNotAllowed:3"
2026-09-16T04:44:31.6707554+00:00,3105813400,0.000000,1,1.000000,0.000000,0.000244,0.340081,SURVIVAL,SURVIVAL,NONE,H_t,reject_survival,phase=none;hMul=1.000;gMul=1.000;qMul=1.000;qAdd=0.000;rpiOff=0.000,3292,15500,"RacePacingRejected, RACE action=reject_survival:14685;RacePacingRejected, RACE action=reject_pacing:812;ReplacementNotAllowed:3"
2026-09-16T04:44:32.1705546+00:00,3106201864,0.000000,0,1.000000,0.000000,0.000000,0.340000,SURVIVAL,SURVIVAL,NONE,H_t,reject_survival,phase=none;hMul=1.000;gMul=1.000;qMul=1.000;qAdd=0.000;rpiOff=0.000,3292,15502,"RacePacingRejected, RACE action=reject_survival:14687;RacePacingRejected, RACE action=reject_pacing:812;ReplacementNotAllowed:3"
2026-09-16T04:44:32.6704335+00:00,3106247736,0.000000,0,1.000000,0.000000,0.000000,0.340000,SURVIVAL,SURVIVAL,NONE,H_t,reject_survival,phase=none;hMul=1.000;gMul=1.000;qMul=1.000;qAdd=0.000;rpiOff=0.000,3292,15505,"RacePacingRejected, RACE action=reject_survival:14690;RacePacingRejected, RACE action=reject_pacing:812;ReplacementNotAllowed:3"
2026-09-16T04:44:33.1706291+00:00,3106346168,0.000000,0,1.000000,0.000000,0.000000,0.340000,SURVIVAL,SURVIVAL,NONE,H_t,reject_survival,phase=none;hMul=1.000;gMul=1.000;qMul=1.000;qAdd=0.000;rpiOff=0.000,3292,15507,"RacePacingRejected, RACE action=reject_survival:14692;RacePacingRejected, RACE action=reject_pacing:812;ReplacementNotAllowed:3"
2026-09-16T04:44:33.6701156+00:00,3106407816,0.000000,0,1.000000,0.000000,0.000000,0.340000,SURVIVAL,SURVIVAL,NONE,H_t,reject_survival,phase=none;hMul=1.000;gMul=1.000;qMul=1.000;qAdd=0.000;rpiOff=0.000,3292,15510,"RacePacingRejected, RACE action=reject_survival:14695;RacePacingRejected, RACE action=reject_pacing:812;ReplacementNotAllowed:3"
2026-09-16T04:44:34.1707466+00:00,3106489752,0.000000,0,1.000000,0.000000,0.000000,0.340000,SURVIVAL,SURVIVAL,NONE,H_t,reject_survival,phase=none;hMul=1.000;gMul=1.000;qMul=1.000;qAdd=0.000;rpiOff=0.000,3292,15512,"RacePacingRejected, RACE action=reject_survival:14697;RacePacingRejected, RACE action=reject_pacing:812;ReplacementNotAllowed:3"
2026-09-16T04:44:34.6700476+00:00,3106526768,0.000000,1,1.000000,0.000000,0.000244,0.340081,SURVIVAL,SURVIVAL,NONE,H_t,reject_survival,phase=none;hMul=1.000;gMul=1.000;qMul=1.000;qAdd=0.000;rpiOff=0.000,3293,15514,"RacePacingRejected, RACE action=reject_survival:14699;RacePacingRejected, RACE action=reject_pacing:812;ReplacementNotAllowed:3"
2026-09-16T04:44:35.1699938+00:00,3106949576,0.000000,0,1.000000,0.000000,0.000000,0.340000,SURVIVAL,SURVIVAL,NONE,H_t,reject_survival,phase=none;hMul=1.000;gMul=1.000;qMul=1.000;qAdd=0.000;rpiOff=0.000,3293,15516,"RacePacingRejected, RACE action=reject_survival:14701;RacePacingRejected, RACE action=reject_pacing:812;ReplacementNotAllowed:3"
2026-09-16T04:44:35.6699178+00:00,3106990480,0.000000,0,1.000000,0.000000,0.000000,0.340000,SURVIVAL,SURVIVAL,NONE,H_t,reject_survival,phase=none;hMul=1.000;gMul=1.000;qMul=1.000;qAdd=0.000;rpiOff=0.000,3293,15519,"RacePacingRejected, RACE action=reject_survival:14704;RacePacingRejected, RACE action=reject_pacing:812;ReplacementNotAllowed:3"
2026-09-16T04:44:36.1700866+00:00,3107072208,0.000000,0,1.000000,0.000000,0.000000,0.340000,SURVIVAL,SURVIVAL,NONE,H_t,reject_survival,phase=none;hMul=1.000;gMul=1.000;qMul=1.000;qAdd=0.000;rpiOff=0.000,3293,15521,"RacePacingRejected, RACE action=reject_survival:14706;RacePacingRejected, RACE action=reject_pacing:812;ReplacementNotAllowed:3"
2026-09-16T04:44:36.6701105+00:00,3107113328,0.000000,1,1.000000,0.000000,0.000244,0.340081,SURVIVAL,SURVIVAL,NONE,H_t,reject_survival,phase=none;hMul=1.000;gMul=1.000;qMul=1.000;qAdd=0.000;rpiOff=0.000,3294,15523,"RacePacingRejected, RACE action=reject_survival:14708;RacePacingRejected, RACE action=reject_pacing:812;ReplacementNotAllowed:3"
2026-09-16T04:44:37.1702139+00:00,3107534112,0.000000,0,1.000000,0.000000,0.000000,0.340000,SURVIVAL,SURVIVAL,NONE,H_t,reject_survival,phase=none;hMul=1.000;gMul=1.000;qMul=1.000;qAdd=0.000;rpiOff=0.000,3294,15525,"RacePacingRejected, RACE action=reject_survival:14710;RacePacingRejected, RACE action=reject_pacing:812;ReplacementNotAllowed:3"
2026-09-16T04:44:37.6703341+00:00,3107574976,0.000000,1,1.000000,0.000000,0.000244,0.340081,SURVIVAL,SURVIVAL,NONE,H_t,allow_survival,phase=none;hMul=1.000;gMul=1.000;qMul=1.000;qAdd=0.000;rpiOff=0.000,3295,15527,"RacePacingRejected, RACE action=reject_survival:14712;RacePacingRejected, RACE action=reject_pacing:812;ReplacementNotAllowed:3"
2026-09-16T04:44:38.1699866+00:00,3107954960,0.000000,0,1.000000,0.000000,0.000000,0.340000,SURVIVAL,SURVIVAL,NONE,H_t,reject_survival,phase=none;hMul=1.000;gMul=1.000;qMul=1.000;qAdd=0.000;rpiOff=0.000,3295,15529,"RacePacingRejected, RACE action=reject_survival:14714;RacePacingRejected, RACE action=reject_pacing:812;ReplacementNotAllowed:3"
2026-09-16T04:44:38.6703493+00:00,3108009632,0.000000,0,1.000000,0.000000,0.000000,0.340000,SURVIVAL,SURVIVAL,NONE,H_t,reject_survival,phase=none;hMul=1.000;gMul=1.000;qMul=1.000;qAdd=0.000;rpiOff=0.000,3295,15532,"RacePacingRejected, RACE action=reject_survival:14717;RacePacingRejected, RACE action=reject_pacing:812;ReplacementNotAllowed:3"
2026-09-16T04:44:39.1706890+00:00,3108129224,0.000000,0,1.000000,0.000000,0.000000,0.340000,SURVIVAL,SURVIVAL,NONE,H_t,reject_survival,phase=none;hMul=1.000;gMul=1.000;qMul=1.000;qAdd=0.000;rpiOff=0.000,3295,15534,"RacePacingRejected, RACE action=reject_survival:14719;RacePacingRejected, RACE action=reject_pacing:812;ReplacementNotAllowed:3"
2026-09-16T04:44:39.6701927+00:00,3108178312,0.000000,0,1.000000,0.000000,0.000000,0.340000,SURVIVAL,SURVIVAL,NONE,H_t,reject_survival,phase=none;hMul=1.000;gMul=1.000;qMul=1.000;qAdd=0.000;rpiOff=0.000,3295,15537,"RacePacingRejected, RACE action=reject_survival:14722;RacePacingRejected, RACE action=reject_pacing:812;ReplacementNotAllowed:3"
2026-09-16T04:44:40.1705322+00:00,3108268520,0.000000,1,1.000000,0.000000,0.000244,0.340081,SURVIVAL,SURVIVAL,NONE,H_t,allow_survival,phase=none;hMul=1.000;gMul=1.000;qMul=1.000;qAdd=0.000;rpiOff=0.000,3296,15538,"RacePacingRejected, RACE action=reject_survival:14723;RacePacingRejected, RACE action=reject_pacing:812;ReplacementNotAllowed:3"
2026-09-16T04:44:40.6703080+00:00,3108317864,0.000000,2,1.000000,0.000000,0.000488,0.340161,SURVIVAL,SURVIVAL,NONE,H_t,allow_survival,phase=none;hMul=1.000;gMul=1.000;qMul=1.000;qAdd=0.000;rpiOff=0.000,3297,15540,"RacePacingRejected, RACE action=reject_survival:14725;RacePacingRejected, RACE action=reject_pacing:812;ReplacementNotAllowed:3"
2026-09-16T04:44:41.1699115+00:00,3109045320,0.000000,0,1.000000,0.000000,0.000000,0.340000,SURVIVAL,SURVIVAL,NONE,H_t,reject_survival,phase=none;hMul=1.000;gMul=1.000;qMul=1.000;qAdd=0.000;rpiOff=0.000,3297,15542,"RacePacingRejected, RACE action=reject_survival:14727;RacePacingRejected, RACE action=reject_pacing:812;ReplacementNotAllowed:3"
2026-09-16T04:44:41.6698363+00:00,3109095816,0.000000,0,1.000000,0.000000,0.000000,0.340000,SURVIVAL,SURVIVAL,NONE,H_t,reject_survival,phase=none;hMul=1.000;gMul=1.000;qMul=1.000;qAdd=0.000;rpiOff=0.000,3297,15545,"RacePacingRejected, RACE action=reject_survival:14730;RacePacingRejected, RACE action=reject_pacing:812;ReplacementNotAllowed:3"
2026-09-16T04:44:42.1707062+00:00,3109169576,0.000000,0,1.000000,0.000000,0.000000,0.340000,SURVIVAL,SURVIVAL,NONE,H_t,reject_survival,phase=none;hMul=1.000;gMul=1.000;qMul=1.000;qAdd=0.000;rpiOff=0.000,3297,15547,"RacePacingRejected, RACE action=reject_survival:14732;RacePacingRejected, RACE action=reject_pacing:812;ReplacementNotAllowed:3"
2026-09-16T04:44:42.6702169+00:00,3109218664,0.000000,0,1.000000,0.000000,0.000000,0.340000,SURVIVAL,SURVIVAL,NONE,H_t,reject_survival,phase=none;hMul=1.000;gMul=1.000;qMul=1.000;qAdd=0.000;rpiOff=0.000,3297,15550,"RacePacingRejected, RACE action=reject_survival:14735;RacePacingRejected, RACE action=reject_pacing:812;ReplacementNotAllowed:3"
2026-09-16T04:44:43.1701003+00:00,3109325576,0.000000,0,1.000000,0.000000,0.000000,0.340000,SURVIVAL,SURVIVAL,NONE,H_t,reject_survival,phase=none;hMul=1.000;gMul=1.000;qMul=1.000;qAdd=0.000;rpiOff=0.000,3297,15552,"RacePacingRejected, RACE action=reject_survival:14737;RacePacingRejected, RACE action=reject_pacing:812;ReplacementNotAllowed:3"
2026-09-16T04:44:43.6705619+00:00,3109378528,0.000000,0,1.000000,0.000000,0.000000,0.340000,SURVIVAL,SURVIVAL,NONE,H_t,reject_survival,phase=none;hMul=1.000;gMul=1.000;qMul=1.000;qAdd=0.000;rpiOff=0.000,3297,15555,"RacePacingRejected, RACE action=reject_survival:14740;RacePacingRejected, RACE action=reject_pacing:812;ReplacementNotAllowed:3"
2026-09-16T04:44:44.1706336+00:00,3109452288,0.000000,0,1.000000,0.000000,0.000000,0.340000,SURVIVAL,SURVIVAL,NONE,H_t,reject_survival,phase=none;hMul=1.000;gMul=1.000;qMul=1.000;qAdd=0.000;rpiOff=0.000,3297,15557,"RacePacingRejected, RACE action=reject_survival:14742;RacePacingRejected, RACE action=reject_pacing:812;ReplacementNotAllowed:3"
2026-09-16T04:44:44.6703974+00:00,3109493152,0.000000,1,1.000000,0.000000,0.000244,0.340081,SURVIVAL,SURVIVAL,NONE,H_t,allow_survival,phase=none;hMul=1.000;gMul=1.000;qMul=1.000;qAdd=0.000;rpiOff=0.000,3298,15559,"RacePacingRejected, RACE action=reject_survival:14744;RacePacingRejected, RACE action=reject_pacing:812;ReplacementNotAllowed:3"
2026-09-16T04:44:45.1701425+00:00,3109915368,0.000000,0,1.000000,0.000000,0.000000,0.340000,SURVIVAL,SURVIVAL,NONE,H_t,reject_survival,phase=none;hMul=1.000;gMul=1.000;qMul=1.000;qAdd=0.000;rpiOff=0.000,3298,15561,"RacePacingRejected, RACE action=reject_survival:14746;RacePacingRejected, RACE action=reject_pacing:812;ReplacementNotAllowed:3"
2026-09-16T04:44:45.6703771+00:00,3109956808,0.000000,0,1.000000,0.000000,0.000000,0.340000,SURVIVAL,SURVIVAL,NONE,H_t,reject_survival,phase=none;hMul=1.000;gMul=1.000;qMul=1.000;qAdd=0.000;rpiOff=0.000,3298,15564,"RacePacingRejected, RACE action=reject_survival:14749;RacePacingRejected, RACE action=reject_pacing:812;ReplacementNotAllowed:3"
2026-09-16T04:44:46.1700001+00:00,3110341544,0.000000,0,1.000000,0.000000,0.000000,0.340000,SURVIVAL,SURVIVAL,NONE,H_t,reject_survival,phase=none;hMul=1.000;gMul=1.000;qMul=1.000;qAdd=0.000;rpiOff=0.000,3299,15565,"RacePacingRejected, RACE action=reject_survival:14750;RacePacingRejected, RACE action=reject_pacing:812;ReplacementNotAllowed:3"
2026-09-16T04:44:46.6704502+00:00,3110390840,0.000000,1,1.000000,0.000000,0.000244,0.340081,SURVIVAL,SURVIVAL,NONE,H_t,allow_survival,phase=none;hMul=1.000;gMul=1.000;qMul=1.000;qAdd=0.000;rpiOff=0.000,3300,15567,"RacePacingRejected, RACE action=reject_survival:14752;RacePacingRejected, RACE action=reject_pacing:812;ReplacementNotAllowed:3"
2026-09-16T04:44:47.1699729+00:00,3110789496,0.000000,1,1.000000,0.000000,0.000244,0.340081,SURVIVAL,SURVIVAL,NONE,H_t,allow_survival,phase=none;hMul=1.000;gMul=1.000;qMul=1.000;qAdd=0.000;rpiOff=0.000,3301,15568,"RacePacingRejected, RACE action=reject_survival:14753;RacePacingRejected, RACE action=reject_pacing:812;ReplacementNotAllowed:3"
2026-09-16T04:44:47.6698343+00:00,3110831432,0.000000,2,1.000000,0.000000,0.000488,0.340161,SURVIVAL,SURVIVAL,NONE,H_t,reject_survival,phase=none;hMul=1.000;gMul=1.000;qMul=1.000;qAdd=0.000;rpiOff=0.000,3302,15570,"RacePacingRejected, RACE action=reject_survival:14755;RacePacingRejected, RACE action=reject_pacing:812;ReplacementNotAllowed:3"
2026-09-16T04:44:48.1704512+00:00,3111565464,0.000000,0,1.000000,0.000000,0.000000,0.340000,SURVIVAL,SURVIVAL,NONE,H_t,reject_survival,phase=none;hMul=1.000;gMul=1.000;qMul=1.000;qAdd=0.000;rpiOff=0.000,3302,15572,"RacePacingRejected, RACE action=reject_survival:14757;RacePacingRejected, RACE action=reject_pacing:812;ReplacementNotAllowed:3"
2026-09-16T04:44:48.6700931+00:00,3111606584,0.000000,0,1.000000,0.000000,0.000000,0.340000,SURVIVAL,SURVIVAL,NONE,H_t,reject_survival,phase=none;hMul=1.000;gMul=1.000;qMul=1.000;qAdd=0.000;rpiOff=0.000,3302,15575,"RacePacingRejected, RACE action=reject_survival:14760;RacePacingRejected, RACE action=reject_pacing:812;ReplacementNotAllowed:3"
2026-09-16T04:44:49.1706926+00:00,3111688312,0.000000,0,1.000000,0.000000,0.000000,0.340000,SURVIVAL,SURVIVAL,NONE,H_t,reject_survival,phase=none;hMul=1.000;gMul=1.000;qMul=1.000;qAdd=0.000;rpiOff=0.000,3302,15577,"RacePacingRejected, RACE action=reject_survival:14762;RacePacingRejected, RACE action=reject_pacing:812;ReplacementNotAllowed:3"
2026-09-16T04:44:49.6703075+00:00,3111737400,0.000000,1,1.000000,0.000000,0.000244,0.340081,SURVIVAL,SURVIVAL,NONE,H_t,allow_survival,phase=none;hMul=1.000;gMul=1.000;qMul=1.000;qAdd=0.000;rpiOff=0.000,3303,15579,"RacePacingRejected, RACE action=reject_survival:14764;RacePacingRejected, RACE action=reject_pacing:812;ReplacementNotAllowed:3"
2026-09-16T04:44:50.1704865+00:00,3112155288,0.000000,0,1.000000,0.000000,0.000000,0.340000,SURVIVAL,SURVIVAL,NONE,H_t,reject_survival,phase=none;hMul=1.000;gMul=1.000;qMul=1.000;qAdd=0.000;rpiOff=0.000,3303,15581,"RacePacingRejected, RACE action=reject_survival:14766;RacePacingRejected, RACE action=reject_pacing:812;ReplacementNotAllowed:3"
2026-09-16T04:44:50.6702172+00:00,3112196408,0.000000,0,1.000000,0.000000,0.000000,0.340000,SURVIVAL,SURVIVAL,NONE,H_t,reject_survival,phase=none;hMul=1.000;gMul=1.000;qMul=1.000;qAdd=0.000;rpiOff=0.000,3303,15584,"RacePacingRejected, RACE action=reject_survival:14769;RacePacingRejected, RACE action=reject_pacing:812;ReplacementNotAllowed:3"
2026-09-16T04:44:51.1698821+00:00,3112584584,0.000000,0,1.000000,0.000000,0.000000,0.340000,SURVIVAL,SURVIVAL,NONE,H_t,reject_survival,phase=none;hMul=1.000;gMul=1.000;qMul=1.000;qAdd=0.000;rpiOff=0.000,3304,15585,"RacePacingRejected, RACE action=reject_survival:14770;RacePacingRejected, RACE action=reject_pacing:812;ReplacementNotAllowed:3"
2026-09-16T04:44:51.6705384+00:00,3112633672,0.000000,0,1.000000,0.000000,0.000000,0.340000,SURVIVAL,SURVIVAL,NONE,H_t,reject_survival,phase=none;hMul=1.000;gMul=1.000;qMul=1.000;qAdd=0.000;rpiOff=0.000,3304,15588,"RacePacingRejected, RACE action=reject_survival:14773;RacePacingRejected, RACE action=reject_pacing:812;ReplacementNotAllowed:3"
2026-09-16T04:44:52.1700305+00:00,3113054848,0.000000,0,1.000000,0.000000,0.000000,0.340000,SURVIVAL,SURVIVAL,NONE,H_t,reject_survival,phase=none;hMul=1.000;gMul=1.000;qMul=1.000;qAdd=0.000;rpiOff=0.000,3305,15589,"RacePacingRejected, RACE action=reject_survival:14774;RacePacingRejected, RACE action=reject_pacing:812;ReplacementNotAllowed:3"
2026-09-16T04:44:52.6703124+00:00,3113087744,0.000000,0,1.000000,0.000000,0.000000,0.340000,SURVIVAL,SURVIVAL,NONE,H_t,reject_survival,phase=none;hMul=1.000;gMul=1.000;qMul=1.000;qAdd=0.000;rpiOff=0.000,3305,15592,"RacePacingRejected, RACE action=reject_survival:14777;RacePacingRejected, RACE action=reject_pacing:812;ReplacementNotAllowed:3"
2026-09-16T04:44:53.1703585+00:00,3113167040,0.000000,1,1.000000,0.000000,0.000244,0.340081,SURVIVAL,SURVIVAL,NONE,H_t,allow_survival,phase=none;hMul=1.000;gMul=1.000;qMul=1.000;qAdd=0.000;rpiOff=0.000,3306,15593,"RacePacingRejected, RACE action=reject_survival:14778;RacePacingRejected, RACE action=reject_pacing:812;ReplacementNotAllowed:3"
2026-09-16T04:44:53.6702891+00:00,3113207800,0.000000,2,1.000000,0.000000,0.000488,0.340161,SURVIVAL,SURVIVAL,NONE,H_t,reject_survival,phase=none;hMul=1.000;gMul=1.000;qMul=1.000;qAdd=0.000;rpiOff=0.000,3307,15595,"RacePacingRejected, RACE action=reject_survival:14780;RacePacingRejected, RACE action=reject_pacing:812;ReplacementNotAllowed:3"
2026-09-16T04:44:54.1707404+00:00,3113939584,0.000000,0,1.000000,0.000000,0.000000,0.340000,SURVIVAL,SURVIVAL,NONE,H_t,reject_survival,phase=none;hMul=1.000;gMul=1.000;qMul=1.000;qAdd=0.000;rpiOff=0.000,3307,15597,"RacePacingRejected, RACE action=reject_survival:14782;RacePacingRejected, RACE action=reject_pacing:812;ReplacementNotAllowed:3"
2026-09-16T04:44:54.6704865+00:00,3113990080,0.000000,0,1.000000,0.000000,0.000000,0.340000,SURVIVAL,SURVIVAL,NONE,H_t,reject_survival,phase=none;hMul=1.000;gMul=1.000;qMul=1.000;qAdd=0.000;rpiOff=0.000,3307,15600,"RacePacingRejected, RACE action=reject_survival:14785;RacePacingRejected, RACE action=reject_pacing:812;ReplacementNotAllowed:3"
2026-09-16T04:44:55.1707460+00:00,3114072320,0.000000,0,1.000000,0.000000,0.000000,0.340000,SURVIVAL,SURVIVAL,NONE,H_t,reject_survival,phase=none;hMul=1.000;gMul=1.000;qMul=1.000;qAdd=0.000;rpiOff=0.000,3307,15602,"RacePacingRejected, RACE action=reject_survival:14787;RacePacingRejected, RACE action=reject_pacing:812;ReplacementNotAllowed:3"
2026-09-16T04:44:55.6702429+00:00,3114113184,0.000000,0,1.000000,0.000000,0.000000,0.340000,SURVIVAL,SURVIVAL,NONE,H_t,reject_survival,phase=none;hMul=1.000;gMul=1.000;qMul=1.000;qAdd=0.000;rpiOff=0.000,3307,15605,"RacePacingRejected, RACE action=reject_survival:14790;RacePacingRejected, RACE action=reject_pacing:812;ReplacementNotAllowed:3"
2026-09-16T04:44:56.1701071+00:00,3114525232,0.000000,0,1.000000,0.000000,0.000000,0.340000,SURVIVAL,SURVIVAL,NONE,H_t,reject_survival,phase=none;hMul=1.000;gMul=1.000;qMul=1.000;qAdd=0.000;rpiOff=0.000,3308,15606,"RacePacingRejected, RACE action=reject_survival:14791;RacePacingRejected, RACE action=reject_pacing:812;ReplacementNotAllowed:3"
2026-09-16T04:44:56.6705515+00:00,3114571104,0.000000,1,1.000000,0.000000,0.000244,0.340081,SURVIVAL,SURVIVAL,NONE,H_t,allow_survival,phase=none;hMul=1.000;gMul=1.000;qMul=1.000;qAdd=0.000;rpiOff=0.000,3309,15608,"RacePacingRejected, RACE action=reject_survival:14793;RacePacingRejected, RACE action=reject_pacing:812;ReplacementNotAllowed:3"
2026-09-16T04:44:57.1704763+00:00,3114999320,0.000000,0,1.000000,0.000000,0.000000,0.340000,SURVIVAL,SURVIVAL,NONE,H_t,reject_survival,phase=none;hMul=1.000;gMul=1.000;qMul=1.000;qAdd=0.000;rpiOff=0.000,3309,15610,"RacePacingRejected, RACE action=reject_survival:14795;RacePacingRejected, RACE action=reject_pacing:812;ReplacementNotAllowed:3"
2026-09-16T04:44:57.6699939+00:00,3115040696,0.000000,0,1.000000,0.000000,0.000000,0.340000,SURVIVAL,SURVIVAL,NONE,H_t,reject_survival,phase=none;hMul=1.000;gMul=1.000;qMul=1.000;qAdd=0.000;rpiOff=0.000,3309,15613,"RacePacingRejected, RACE action=reject_survival:14798;RacePacingRejected, RACE action=reject_pacing:812;ReplacementNotAllowed:3"
2026-09-16T04:44:58.1702584+00:00,3115114712,0.000000,0,1.000000,0.000000,0.000000,0.340000,SURVIVAL,SURVIVAL,NONE,H_t,reject_survival,phase=none;hMul=1.000;gMul=1.000;qMul=1.000;qAdd=0.000;rpiOff=0.000,3309,15615,"RacePacingRejected, RACE action=reject_survival:14800;RacePacingRejected, RACE action=reject_pacing:812;ReplacementNotAllowed:3"
2026-09-16T04:44:58.6700628+00:00,3115164056,0.000000,0,1.000000,0.000000,0.000000,0.340000,SURVIVAL,SURVIVAL,NONE,H_t,reject_survival,phase=none;hMul=1.000;gMul=1.000;qMul=1.000;qAdd=0.000;rpiOff=0.000,3309,15618,"RacePacingRejected, RACE action=reject_survival:14803;RacePacingRejected, RACE action=reject_pacing:812;ReplacementNotAllowed:3"
2026-09-16T04:44:59.1697577+00:00,3115270456,0.000000,0,1.000000,0.000000,0.000000,0.340000,SURVIVAL,SURVIVAL,NONE,H_t,reject_survival,phase=none;hMul=1.000;gMul=1.000;qMul=1.000;qAdd=0.000;rpiOff=0.000,3309,15620,"RacePacingRejected, RACE action=reject_survival:14805;RacePacingRejected, RACE action=reject_pacing:812;ReplacementNotAllowed:3"
2026-09-16T04:44:59.6707485+00:00,3115302736,0.000000,1,1.000000,0.000000,0.000244,0.340081,SURVIVAL,SURVIVAL,NONE,H_t,reject_survival,phase=none;hMul=1.000;gMul=1.000;qMul=1.000;qAdd=0.000;rpiOff=0.000,3310,15622,"RacePacingRejected, RACE action=reject_survival:14807;RacePacingRejected, RACE action=reject_pacing:812;ReplacementNotAllowed:3"
2026-09-16T04:45:00.1701608+00:00,3115736624,0.000000,0,1.000000,0.000000,0.000000,0.340000,SURVIVAL,SURVIVAL,NONE,H_t,reject_survival,phase=none;hMul=1.000;gMul=1.000;qMul=1.000;qAdd=0.000;rpiOff=0.000,3310,15624,"RacePacingRejected, RACE action=reject_survival:14809;RacePacingRejected, RACE action=reject_pacing:812;ReplacementNotAllowed:3"
2026-09-16T04:45:00.6704841+00:00,3115793936,0.000000,0,1.000000,0.000000,0.000000,0.340000,SURVIVAL,SURVIVAL,NONE,H_t,reject_survival,phase=none;hMul=1.000;gMul=1.000;qMul=1.000;qAdd=0.000;rpiOff=0.000,3310,15627,"RacePacingRejected, RACE action=reject_survival:14812;RacePacingRejected, RACE action=reject_pacing:812;ReplacementNotAllowed:3"
2026-09-16T04:45:01.1702229+00:00,3115851824,0.000000,0,1.000000,0.000000,0.000000,0.340000,SURVIVAL,SURVIVAL,NONE,H_t,reject_survival,phase=none;hMul=1.000;gMul=1.000;qMul=1.000;qAdd=0.000;rpiOff=0.000,3310,15629,"RacePacingRejected, RACE action=reject_survival:14814;RacePacingRejected, RACE action=reject_pacing:812;ReplacementNotAllowed:3"
2026-09-16T04:45:01.6698748+00:00,3115909360,0.000000,2,1.000000,0.000000,0.000488,0.340161,SURVIVAL,SURVIVAL,NONE,H_t,allow_survival,phase=none;hMul=1.000;gMul=1.000;qMul=1.000;qAdd=0.000;rpiOff=0.000,3312,15630,"RacePacingRejected, RACE action=reject_survival:14815;RacePacingRejected, RACE action=reject_pacing:812;ReplacementNotAllowed:3"
2026-09-16T04:45:02.1700392+00:00,3116635712,0.000000,0,1.000000,0.000000,0.000000,0.340000,SURVIVAL,SURVIVAL,NONE,H_t,reject_survival,phase=none;hMul=1.000;gMul=1.000;qMul=1.000;qAdd=0.000;rpiOff=0.000,3312,15632,"RacePacingRejected, RACE action=reject_survival:14817;RacePacingRejected, RACE action=reject_pacing:812;ReplacementNotAllowed:3"
2026-09-16T04:45:02.6704196+00:00,3116682416,0.000000,0,1.000000,0.000000,0.000000,0.340000,SURVIVAL,SURVIVAL,NONE,H_t,reject_survival,phase=none;hMul=1.000;gMul=1.000;qMul=1.000;qAdd=0.000;rpiOff=0.000,3312,15635,"RacePacingRejected, RACE action=reject_survival:14820;RacePacingRejected, RACE action=reject_pacing:812;ReplacementNotAllowed:3"
2026-09-16T04:45:03.1704136+00:00,3116764656,0.000000,0,1.000000,0.000000,0.000000,0.340000,SURVIVAL,SURVIVAL,NONE,H_t,reject_survival,phase=none;hMul=1.000;gMul=1.000;qMul=1.000;qAdd=0.000;rpiOff=0.000,3312,15637,"RacePacingRejected, RACE action=reject_survival:14822;RacePacingRejected, RACE action=reject_pacing:812;ReplacementNotAllowed:3"
2026-09-16T04:45:03.6704534+00:00,3116821728,0.000000,0,1.000000,0.000000,0.000000,0.340000,SURVIVAL,SURVIVAL,NONE,H_t,reject_survival,phase=none;hMul=1.000;gMul=1.000;qMul=1.000;qAdd=0.000;rpiOff=0.000,3312,15640,"RacePacingRejected, RACE action=reject_survival:14825;RacePacingRejected, RACE action=reject_pacing:812;ReplacementNotAllowed:3"
2026-09-16T04:45:04.1705276+00:00,3116911936,0.000000,0,1.000000,0.000000,0.000000,0.340000,SURVIVAL,SURVIVAL,NONE,H_t,reject_survival,phase=none;hMul=1.000;gMul=1.000;qMul=1.000;qAdd=0.000;rpiOff=0.000,3312,15642,"RacePacingRejected, RACE action=reject_survival:14827;RacePacingRejected, RACE action=reject_pacing:812;ReplacementNotAllowed:3"
2026-09-16T04:45:04.6705572+00:00,3116961280,0.000000,0,1.000000,0.000000,0.000000,0.340000,SURVIVAL,SURVIVAL,NONE,H_t,reject_survival,phase=none;hMul=1.000;gMul=1.000;qMul=1.000;qAdd=0.000;rpiOff=0.000,3312,15645,"RacePacingRejected, RACE action=reject_survival:14830;RacePacingRejected, RACE action=reject_pacing:812;ReplacementNotAllowed:3"
2026-09-16T04:45:05.1706799+00:00,3117370000,0.000000,0,1.000000,0.000000,0.000000,0.340000,SURVIVAL,SURVIVAL,NONE,H_t,reject_survival,phase=none;hMul=1.000;gMul=1.000;qMul=1.000;qAdd=0.000;rpiOff=0.000,3313,15646,"RacePacingRejected, RACE action=reject_survival:14831;RacePacingRejected, RACE action=reject_pacing:812;ReplacementNotAllowed:3"
2026-09-16T04:45:05.6705922+00:00,3117403184,0.000000,1,1.000000,0.000000,0.000244,0.340081,SURVIVAL,SURVIVAL,NONE,H_t,reject_survival,phase=none;hMul=1.000;gMul=1.000;qMul=1.000;qAdd=0.000;rpiOff=0.000,3314,15648,"RacePacingRejected, RACE action=reject_survival:14833;RacePacingRejected, RACE action=reject_pacing:812;ReplacementNotAllowed:3"
2026-09-16T04:45:06.1701541+00:00,3117812792,0.000000,0,1.000000,0.000000,0.000000,0.340000,SURVIVAL,SURVIVAL,NONE,H_t,reject_survival,phase=none;hMul=1.000;gMul=1.000;qMul=1.000;qAdd=0.000;rpiOff=0.000,3314,15650,"RacePacingRejected, RACE action=reject_survival:14835;RacePacingRejected, RACE action=reject_pacing:812;ReplacementNotAllowed:3"
2026-09-16T04:45:06.6698137+00:00,3117861856,0.000000,0,1.000000,0.000000,0.000000,0.340000,SURVIVAL,SURVIVAL,NONE,H_t,reject_survival,phase=none;hMul=1.000;gMul=1.000;qMul=1.000;qAdd=0.000;rpiOff=0.000,3314,15653,"RacePacingRejected, RACE action=reject_survival:14838;RacePacingRejected, RACE action=reject_pacing:812;ReplacementNotAllowed:3"
2026-09-16T04:45:07.1707410+00:00,3117984960,0.000000,0,1.000000,0.000000,0.000000,0.340000,SURVIVAL,SURVIVAL,NONE,H_t,reject_survival,phase=none;hMul=1.000;gMul=1.000;qMul=1.000;qAdd=0.000;rpiOff=0.000,3314,15655,"RacePacingRejected, RACE action=reject_survival:14840;RacePacingRejected, RACE action=reject_pacing:812;ReplacementNotAllowed:3"
2026-09-16T04:45:07.6701261+00:00,3118020880,0.000000,1,1.000000,0.000000,0.000244,0.340081,SURVIVAL,SURVIVAL,NONE,H_t,reject_survival,phase=none;hMul=1.000;gMul=1.000;qMul=1.000;qAdd=0.000;rpiOff=0.000,3315,15657,"RacePacingRejected, RACE action=reject_survival:14842;RacePacingRejected, RACE action=reject_pacing:812;ReplacementNotAllowed:3"
2026-09-16T04:45:08.1700758+00:00,3118739688,0.000000,0,1.000000,0.000000,0.000000,0.340000,SURVIVAL,SURVIVAL,NONE,H_t,reject_survival,phase=none;hMul=1.000;gMul=1.000;qMul=1.000;qAdd=0.000;rpiOff=0.000,3316,15658,"RacePacingRejected, RACE action=reject_survival:14843;RacePacingRejected, RACE action=reject_pacing:812;ReplacementNotAllowed:3"
2026-09-16T04:45:08.6699881+00:00,3118788232,0.000000,0,1.000000,0.000000,0.000000,0.340000,SURVIVAL,SURVIVAL,NONE,H_t,reject_survival,phase=none;hMul=1.000;gMul=1.000;qMul=1.000;qAdd=0.000;rpiOff=0.000,3316,15661,"RacePacingRejected, RACE action=reject_survival:14846;RacePacingRejected, RACE action=reject_pacing:812;ReplacementNotAllowed:3"
2026-09-16T04:45:09.1706636+00:00,3118936056,0.000000,0,1.000000,0.000000,0.000000,0.340000,SURVIVAL,SURVIVAL,NONE,H_t,reject_survival,phase=none;hMul=1.000;gMul=1.000;qMul=1.000;qAdd=0.000;rpiOff=0.000,3316,15663,"RacePacingRejected, RACE action=reject_survival:14848;RacePacingRejected, RACE action=reject_pacing:812;ReplacementNotAllowed:3"
2026-09-16T04:45:09.6698068+00:00,3118993256,0.000000,0,1.000000,0.000000,0.000000,0.340000,SURVIVAL,SURVIVAL,NONE,H_t,reject_survival,phase=none;hMul=1.000;gMul=1.000;qMul=1.000;qAdd=0.000;rpiOff=0.000,3316,15666,"RacePacingRejected, RACE action=reject_survival:14851;RacePacingRejected, RACE action=reject_pacing:812;ReplacementNotAllowed:3"
2026-09-16T04:45:10.1707407+00:00,3119099352,0.000000,0,1.000000,0.000000,0.000000,0.340000,SURVIVAL,SURVIVAL,NONE,H_t,reject_survival,phase=none;hMul=1.000;gMul=1.000;qMul=1.000;qAdd=0.000;rpiOff=0.000,3316,15668,"RacePacingRejected, RACE action=reject_survival:14853;RacePacingRejected, RACE action=reject_pacing:812;ReplacementNotAllowed:3"
2026-09-16T04:45:10.6702885+00:00,3119140432,0.000000,1,1.000000,0.000000,0.000244,0.340081,SURVIVAL,SURVIVAL,NONE,H_t,reject_survival,phase=none;hMul=1.000;gMul=1.000;qMul=1.000;qAdd=0.000;rpiOff=0.000,3317,15670,"RacePacingRejected, RACE action=reject_survival:14855;RacePacingRejected, RACE action=reject_pacing:812;ReplacementNotAllowed:3"
2026-09-16T04:45:11.1704819+00:00,3119546048,0.000000,0,1.000000,0.000000,0.000000,0.340000,SURVIVAL,SURVIVAL,NONE,H_t,reject_survival,phase=none;hMul=1.000;gMul=1.000;qMul=1.000;qAdd=0.000;rpiOff=0.000,3317,15672,"RacePacingRejected, RACE action=reject_survival:14857;RacePacingRejected, RACE action=reject_pacing:812;ReplacementNotAllowed:3"
2026-09-16T04:45:11.6702295+00:00,3119603312,0.000000,1,1.000000,0.000000,0.000244,0.340081,SURVIVAL,SURVIVAL,NONE,H_t,allow_survival,phase=none;hMul=1.000;gMul=1.000;qMul=1.000;qAdd=0.000;rpiOff=0.000,3318,15674,"RacePacingRejected, RACE action=reject_survival:14859;RacePacingRejected, RACE action=reject_pacing:812;ReplacementNotAllowed:3"
2026-09-16T04:45:12.1704010+00:00,3120325896,0.000000,0,1.000000,0.000000,0.000000,0.340000,SURVIVAL,SURVIVAL,NONE,H_t,reject_survival,phase=none;hMul=1.000;gMul=1.000;qMul=1.000;qAdd=0.000;rpiOff=0.000,3319,15675,"RacePacingRejected, RACE action=reject_survival:14860;RacePacingRejected, RACE action=reject_pacing:812;ReplacementNotAllowed:3"
2026-09-16T04:45:12.6707751+00:00,3120367016,0.000000,0,1.000000,0.000000,0.000000,0.340000,SURVIVAL,SURVIVAL,NONE,H_t,reject_survival,phase=none;hMul=1.000;gMul=1.000;qMul=1.000;qAdd=0.000;rpiOff=0.000,3319,15678,"RacePacingRejected, RACE action=reject_survival:14863;RacePacingRejected, RACE action=reject_pacing:812;ReplacementNotAllowed:3"
2026-09-16T04:45:13.1702579+00:00,3120449576,0.000000,0,1.000000,0.000000,0.000000,0.340000,SURVIVAL,SURVIVAL,NONE,H_t,reject_survival,phase=none;hMul=1.000;gMul=1.000;qMul=1.000;qAdd=0.000;rpiOff=0.000,3319,15680,"RacePacingRejected, RACE action=reject_survival:14865;RacePacingRejected, RACE action=reject_pacing:812;ReplacementNotAllowed:3"
2026-09-16T04:45:13.6702657+00:00,3120494816,0.000000,1,1.000000,0.000000,0.000244,0.340081,SURVIVAL,SURVIVAL,NONE,H_t,reject_survival,phase=none;hMul=1.000;gMul=1.000;qMul=1.000;qAdd=0.000;rpiOff=0.000,3320,15682,"RacePacingRejected, RACE action=reject_survival:14867;RacePacingRejected, RACE action=reject_pacing:812;ReplacementNotAllowed:3"
2026-09-16T04:45:14.1701107+00:00,3120913640,0.000000,0,1.000000,0.000000,0.000000,0.340000,SURVIVAL,SURVIVAL,NONE,H_t,reject_survival,phase=none;hMul=1.000;gMul=1.000;qMul=1.000;qAdd=0.000;rpiOff=0.000,3320,15684,"RacePacingRejected, RACE action=reject_survival:14869;RacePacingRejected, RACE action=reject_pacing:812;ReplacementNotAllowed:3"
2026-09-16T04:45:14.6698495+00:00,3120962984,0.000000,0,1.000000,0.000000,0.000000,0.340000,SURVIVAL,SURVIVAL,NONE,H_t,reject_survival,phase=none;hMul=1.000;gMul=1.000;qMul=1.000;qAdd=0.000;rpiOff=0.000,3320,15687,"RacePacingRejected, RACE action=reject_survival:14872;RacePacingRejected, RACE action=reject_pacing:812;ReplacementNotAllowed:3"
2026-09-16T04:45:15.1697538+00:00,3121044968,0.000000,0,1.000000,0.000000,0.000000,0.340000,SURVIVAL,SURVIVAL,NONE,H_t,reject_survival,phase=none;hMul=1.000;gMul=1.000;qMul=1.000;qAdd=0.000;rpiOff=0.000,3320,15689,"RacePacingRejected, RACE action=reject_survival:14874;RacePacingRejected, RACE action=reject_pacing:812;ReplacementNotAllowed:3"
2026-09-16T04:45:15.6698970+00:00,3121094224,0.000000,0,1.000000,0.000000,0.000000,0.340000,SURVIVAL,SURVIVAL,NONE,H_t,reject_survival,phase=none;hMul=1.000;gMul=1.000;qMul=1.000;qAdd=0.000;rpiOff=0.000,3320,15692,"RacePacingRejected, RACE action=reject_survival:14877;RacePacingRejected, RACE action=reject_pacing:812;ReplacementNotAllowed:3"
2026-09-16T04:45:16.1703744+00:00,3121192400,0.000000,0,1.000000,0.000000,0.000000,0.340000,SURVIVAL,SURVIVAL,NONE,H_t,reject_survival,phase=none;hMul=1.000;gMul=1.000;qMul=1.000;qAdd=0.000;rpiOff=0.000,3320,15694,"RacePacingRejected, RACE action=reject_survival:14879;RacePacingRejected, RACE action=reject_pacing:812;ReplacementNotAllowed:3"
2026-09-16T04:45:16.6701115+00:00,3121234416,0.000000,0,1.000000,0.000000,0.000000,0.340000,SURVIVAL,SURVIVAL,NONE,H_t,reject_survival,phase=none;hMul=1.000;gMul=1.000;qMul=1.000;qAdd=0.000;rpiOff=0.000,3320,15697,"RacePacingRejected, RACE action=reject_survival:14882;RacePacingRejected, RACE action=reject_pacing:812;ReplacementNotAllowed:3"
2026-09-16T04:45:17.1700987+00:00,3121316400,0.000000,0,1.000000,0.000000,0.000000,0.340000,SURVIVAL,SURVIVAL,NONE,H_t,reject_survival,phase=none;hMul=1.000;gMul=1.000;qMul=1.000;qAdd=0.000;rpiOff=0.000,3320,15699,"RacePacingRejected, RACE action=reject_survival:14884;RacePacingRejected, RACE action=reject_pacing:812;ReplacementNotAllowed:3"
2026-09-16T04:45:17.6705065+00:00,3121365488,0.000000,0,1.000000,0.000000,0.000000,0.340000,SURVIVAL,SURVIVAL,NONE,H_t,reject_survival,phase=none;hMul=1.000;gMul=1.000;qMul=1.000;qAdd=0.000;rpiOff=0.000,3320,15702,"RacePacingRejected, RACE action=reject_survival:14887;RacePacingRejected, RACE action=reject_pacing:812;ReplacementNotAllowed:3"
2026-09-16T04:45:18.1707436+00:00,3121463920,0.000000,0,1.000000,0.000000,0.000000,0.340000,SURVIVAL,SURVIVAL,NONE,H_t,reject_survival,phase=none;hMul=1.000;gMul=1.000;qMul=1.000;qAdd=0.000;rpiOff=0.000,3320,15704,"RacePacingRejected, RACE action=reject_survival:14889;RacePacingRejected, RACE action=reject_pacing:812;ReplacementNotAllowed:3"
2026-09-16T04:45:18.6701706+00:00,3121504528,0.000000,1,1.000000,0.000000,0.000244,0.340081,SURVIVAL,SURVIVAL,NONE,H_t,reject_survival,phase=none;hMul=1.000;gMul=1.000;qMul=1.000;qAdd=0.000;rpiOff=0.000,3321,15706,"RacePacingRejected, RACE action=reject_survival:14891;RacePacingRejected, RACE action=reject_pacing:812;ReplacementNotAllowed:3"
2026-09-16T04:45:19.1702987+00:00,3121921496,0.000000,1,1.000000,0.000000,0.000244,0.340081,SURVIVAL,SURVIVAL,NONE,H_t,allow_survival,phase=none;hMul=1.000;gMul=1.000;qMul=1.000;qAdd=0.000;rpiOff=0.000,3322,15707,"RacePacingRejected, RACE action=reject_survival:14892;RacePacingRejected, RACE action=reject_pacing:812;ReplacementNotAllowed:3"
2026-09-16T04:45:19.6703646+00:00,3121970544,0.000000,1,1.000000,0.000000,0.000244,0.340081,SURVIVAL,SURVIVAL,NONE,H_t,reject_survival,phase=none;hMul=1.000;gMul=1.000;qMul=1.000;qAdd=0.000;rpiOff=0.000,3322,15710,"RacePacingRejected, RACE action=reject_survival:14895;RacePacingRejected, RACE action=reject_pacing:812;ReplacementNotAllowed:3"
2026-09-16T04:45:20.1703113+00:00,3122748712,0.000000,0,1.000000,0.000000,0.000000,0.340000,SURVIVAL,SURVIVAL,NONE,H_t,reject_survival,phase=none;hMul=1.000;gMul=1.000;qMul=1.000;qAdd=0.000;rpiOff=0.000,3322,15712,"RacePacingRejected, RACE action=reject_survival:14897;RacePacingRejected, RACE action=reject_pacing:812;ReplacementNotAllowed:3"
2026-09-16T04:45:20.6704836+00:00,3122806024,0.000000,0,1.000000,0.000000,0.000000,0.340000,SURVIVAL,SURVIVAL,NONE,H_t,reject_survival,phase=none;hMul=1.000;gMul=1.000;qMul=1.000;qAdd=0.000;rpiOff=0.000,3322,15715,"RacePacingRejected, RACE action=reject_survival:14900;RacePacingRejected, RACE action=reject_pacing:812;ReplacementNotAllowed:3"
2026-09-16T04:45:21.1702731+00:00,3122876568,0.000000,0,1.000000,0.000000,0.000000,0.340000,SURVIVAL,SURVIVAL,NONE,H_t,reject_survival,phase=none;hMul=1.000;gMul=1.000;qMul=1.000;qAdd=0.000;rpiOff=0.000,3322,15717,"RacePacingRejected, RACE action=reject_survival:14902;RacePacingRejected, RACE action=reject_pacing:812;ReplacementNotAllowed:3"
2026-09-16T04:45:21.6700794+00:00,3122934136,0.000000,0,1.000000,0.000000,0.000000,0.340000,SURVIVAL,SURVIVAL,NONE,H_t,reject_survival,phase=none;hMul=1.000;gMul=1.000;qMul=1.000;qAdd=0.000;rpiOff=0.000,3322,15720,"RacePacingRejected, RACE action=reject_survival:14905;RacePacingRejected, RACE action=reject_pacing:812;ReplacementNotAllowed:3"
2026-09-16T04:45:22.1707438+00:00,3123040160,0.000000,0,1.000000,0.000000,0.000000,0.340000,SURVIVAL,SURVIVAL,NONE,H_t,reject_survival,phase=none;hMul=1.000;gMul=1.000;qMul=1.000;qAdd=0.000;rpiOff=0.000,3322,15722,"RacePacingRejected, RACE action=reject_survival:14907;RacePacingRejected, RACE action=reject_pacing:812;ReplacementNotAllowed:3"
2026-09-16T04:45:22.6703214+00:00,3123081280,0.000000,0,1.000000,0.000000,0.000000,0.340000,SURVIVAL,SURVIVAL,NONE,H_t,reject_survival,phase=none;hMul=1.000;gMul=1.000;qMul=1.000;qAdd=0.000;rpiOff=0.000,3322,15725,"RacePacingRejected, RACE action=reject_survival:14910;RacePacingRejected, RACE action=reject_pacing:812;ReplacementNotAllowed:3"
2026-09-16T04:45:23.1697627+00:00,3123171488,0.000000,1,1.000000,0.000000,0.000244,0.340081,SURVIVAL,SURVIVAL,NONE,H_t,allow_survival,phase=none;hMul=1.000;gMul=1.000;qMul=1.000;qAdd=0.000;rpiOff=0.000,3323,15726,"RacePacingRejected, RACE action=reject_survival:14911;RacePacingRejected, RACE action=reject_pacing:812;ReplacementNotAllowed:3"
2026-09-16T04:45:23.6705544+00:00,3123228816,0.000000,1,1.000000,0.000000,0.000244,0.340081,SURVIVAL,SURVIVAL,NONE,H_t,reject_survival,phase=none;hMul=1.000;gMul=1.000;qMul=1.000;qAdd=0.000;rpiOff=0.000,3323,15729,"RacePacingRejected, RACE action=reject_survival:14914;RacePacingRejected, RACE action=reject_pacing:812;ReplacementNotAllowed:3"
2026-09-16T04:45:24.1707140+00:00,3124413328,0.000000,0,1.000000,0.000000,0.000000,0.340000,SURVIVAL,SURVIVAL,NONE,H_t,reject_survival,phase=none;hMul=1.000;gMul=1.000;qMul=1.000;qAdd=0.000;rpiOff=0.000,3323,15731,"RacePacingRejected, RACE action=reject_survival:14916;RacePacingRejected, RACE action=reject_pacing:812;ReplacementNotAllowed:3"
2026-09-16T04:45:24.6698918+00:00,3124470456,0.000000,0,1.000000,0.000000,0.000000,0.340000,SURVIVAL,SURVIVAL,NONE,H_t,reject_survival,phase=none;hMul=1.000;gMul=1.000;qMul=1.000;qAdd=0.000;rpiOff=0.000,3323,15734,"RacePacingRejected, RACE action=reject_survival:14919;RacePacingRejected, RACE action=reject_pacing:812;ReplacementNotAllowed:3"
2026-09-16T04:45:25.1707571+00:00,3124618280,0.000000,0,1.000000,0.000000,0.000000,0.340000,SURVIVAL,SURVIVAL,NONE,H_t,reject_survival,phase=none;hMul=1.000;gMul=1.000;qMul=1.000;qAdd=0.000;rpiOff=0.000,3323,15736,"RacePacingRejected, RACE action=reject_survival:14921;RacePacingRejected, RACE action=reject_pacing:812;ReplacementNotAllowed:3"
2026-09-16T04:45:25.6704658+00:00,3124659144,0.000000,0,1.000000,0.000000,0.000000,0.340000,SURVIVAL,SURVIVAL,NONE,H_t,reject_survival,phase=none;hMul=1.000;gMul=1.000;qMul=1.000;qAdd=0.000;rpiOff=0.000,3323,15739,"RacePacingRejected, RACE action=reject_survival:14924;RacePacingRejected, RACE action=reject_pacing:812;ReplacementNotAllowed:3"
2026-09-16T04:45:26.1706331+00:00,3125211960,0.000000,0,1.000000,0.000000,0.000000,0.340000,SURVIVAL,SURVIVAL,NONE,H_t,reject_survival,phase=none;hMul=1.000;gMul=1.000;qMul=1.000;qAdd=0.000;rpiOff=0.000,3323,15741,"RacePacingRejected, RACE action=reject_survival:14926;RacePacingRejected, RACE action=reject_pacing:812;ReplacementNotAllowed:3"
2026-09-16T04:45:26.6703923+00:00,3125248392,0.000000,0,1.000000,0.000000,0.000000,0.340000,SURVIVAL,SURVIVAL,NONE,H_t,reject_survival,phase=none;hMul=1.000;gMul=1.000;qMul=1.000;qAdd=0.000;rpiOff=0.000,3323,15744,"RacePacingRejected, RACE action=reject_survival:14929;RacePacingRejected, RACE action=reject_pacing:812;ReplacementNotAllowed:3"
2026-09-16T04:45:27.1697499+00:00,3125325344,0.000000,0,1.000000,0.000000,0.000000,0.340000,SURVIVAL,SURVIVAL,NONE,H_t,reject_survival,phase=none;hMul=1.000;gMul=1.000;qMul=1.000;qAdd=0.000;rpiOff=0.000,3323,15746,"RacePacingRejected, RACE action=reject_survival:14931;RacePacingRejected, RACE action=reject_pacing:812;ReplacementNotAllowed:3"
2026-09-16T04:45:27.6707878+00:00,3125374432,0.000000,0,1.000000,0.000000,0.000000,0.340000,SURVIVAL,SURVIVAL,NONE,H_t,reject_survival,phase=none;hMul=1.000;gMul=1.000;qMul=1.000;qAdd=0.000;rpiOff=0.000,3323,15749,"RacePacingRejected, RACE action=reject_survival:14934;RacePacingRejected, RACE action=reject_pacing:812;ReplacementNotAllowed:3"
2026-09-16T04:45:28.1700475+00:00,3125481088,0.000000,0,1.000000,0.000000,0.000000,0.340000,SURVIVAL,SURVIVAL,NONE,H_t,reject_survival,phase=none;hMul=1.000;gMul=1.000;qMul=1.000;qAdd=0.000;rpiOff=0.000,3323,15751,"RacePacingRejected, RACE action=reject_survival:14936;RacePacingRejected, RACE action=reject_pacing:812;ReplacementNotAllowed:3"
2026-09-16T04:45:28.6705515+00:00,3125513960,0.000000,0,1.000000,0.000000,0.000000,0.340000,SURVIVAL,SURVIVAL,NONE,H_t,reject_survival,phase=none;hMul=1.000;gMul=1.000;qMul=1.000;qAdd=0.000;rpiOff=0.000,3323,15754,"RacePacingRejected, RACE action=reject_survival:14939;RacePacingRejected, RACE action=reject_pacing:812;ReplacementNotAllowed:3"
2026-09-16T04:45:29.1707413+00:00,3125621512,0.000000,0,1.000000,0.000000,0.000000,0.340000,SURVIVAL,SURVIVAL,NONE,H_t,reject_survival,phase=none;hMul=1.000;gMul=1.000;qMul=1.000;qAdd=0.000;rpiOff=0.000,3323,15756,"RacePacingRejected, RACE action=reject_survival:14941;RacePacingRejected, RACE action=reject_pacing:812;ReplacementNotAllowed:3"
2026-09-16T04:45:29.6706834+00:00,3125662248,0.000000,1,1.000000,0.000000,0.000244,0.340081,SURVIVAL,SURVIVAL,NONE,H_t,reject_survival,phase=none;hMul=1.000;gMul=1.000;qMul=1.000;qAdd=0.000;rpiOff=0.000,3324,15758,"RacePacingRejected, RACE action=reject_survival:14943;RacePacingRejected, RACE action=reject_pacing:812;ReplacementNotAllowed:3"
2026-09-16T04:45:30.1702499+00:00,3126098608,0.000000,0,1.000000,0.000000,0.000000,0.340000,SURVIVAL,SURVIVAL,NONE,H_t,reject_survival,phase=none;hMul=1.000;gMul=1.000;qMul=1.000;qAdd=0.000;rpiOff=0.000,3324,15760,"RacePacingRejected, RACE action=reject_survival:14945;RacePacingRejected, RACE action=reject_pacing:812;ReplacementNotAllowed:3"
2026-09-16T04:45:30.6701773+00:00,3126131504,0.000000,1,1.000000,0.000000,0.000244,0.340081,SURVIVAL,SURVIVAL,NONE,H_t,reject_survival,phase=none;hMul=1.000;gMul=1.000;qMul=1.000;qAdd=0.000;rpiOff=0.000,3325,15762,"RacePacingRejected, RACE action=reject_survival:14947;RacePacingRejected, RACE action=reject_pacing:812;ReplacementNotAllowed:3"
2026-09-16T04:45:31.1699069+00:00,3127644840,0.000000,0,1.000000,0.000000,0.000000,0.340000,SURVIVAL,SURVIVAL,NONE,H_t,reject_survival,phase=none;hMul=1.000;gMul=1.000;qMul=1.000;qAdd=0.000;rpiOff=0.000,3325,15764,"RacePacingRejected, RACE action=reject_survival:14949;RacePacingRejected, RACE action=reject_pacing:812;ReplacementNotAllowed:3"
2026-09-16T04:45:31.6699092+00:00,3127685704,0.000000,0,1.000000,0.000000,0.000000,0.340000,SURVIVAL,SURVIVAL,NONE,H_t,reject_survival,phase=none;hMul=1.000;gMul=1.000;qMul=1.000;qAdd=0.000;rpiOff=0.000,3325,15767,"RacePacingRejected, RACE action=reject_survival:14952;RacePacingRejected, RACE action=reject_pacing:812;ReplacementNotAllowed:3"
2026-09-16T04:45:32.1702947+00:00,3128265728,0.000000,1,1.000000,0.000000,0.000244,0.340081,SURVIVAL,SURVIVAL,NONE,H_t,allow_survival,phase=none;hMul=1.000;gMul=1.000;qMul=1.000;qAdd=0.000;rpiOff=0.000,3326,15768,"RacePacingRejected, RACE action=reject_survival:14953;RacePacingRejected, RACE action=reject_pacing:812;ReplacementNotAllowed:3"
2026-09-16T04:45:32.6704051+00:00,3128315072,0.000000,1,1.000000,0.000000,0.000244,0.340081,SURVIVAL,SURVIVAL,NONE,H_t,reject_survival,phase=none;hMul=1.000;gMul=1.000;qMul=1.000;qAdd=0.000;rpiOff=0.000,3326,15771,"RacePacingRejected, RACE action=reject_survival:14956;RacePacingRejected, RACE action=reject_pacing:812;ReplacementNotAllowed:3"
2026-09-16T04:45:33.1707425+00:00,3129936448,0.000000,0,1.000000,0.000000,0.000000,0.340000,SURVIVAL,SURVIVAL,NONE,H_t,reject_survival,phase=none;hMul=1.000;gMul=1.000;qMul=1.000;qAdd=0.000;rpiOff=0.000,3326,15773,"RacePacingRejected, RACE action=reject_survival:14958;RacePacingRejected, RACE action=reject_pacing:812;ReplacementNotAllowed:3"
2026-09-16T04:45:33.6704217+00:00,3129977280,0.000000,0,1.000000,0.000000,0.000000,0.340000,SURVIVAL,SURVIVAL,NONE,H_t,reject_survival,phase=none;hMul=1.000;gMul=1.000;qMul=1.000;qAdd=0.000;rpiOff=0.000,3326,15776,"RacePacingRejected, RACE action=reject_survival:14961;RacePacingRejected, RACE action=reject_pacing:812;ReplacementNotAllowed:3"
2026-09-16T04:45:34.1705828+00:00,3130067672,0.000000,0,1.000000,0.000000,0.000000,0.340000,SURVIVAL,SURVIVAL,NONE,H_t,reject_survival,phase=none;hMul=1.000;gMul=1.000;qMul=1.000;qAdd=0.000;rpiOff=0.000,3326,15778,"RacePacingRejected, RACE action=reject_survival:14963;RacePacingRejected, RACE action=reject_pacing:812;ReplacementNotAllowed:3"
2026-09-16T04:45:34.6699021+00:00,3130116760,0.000000,0,1.000000,0.000000,0.000000,0.340000,SURVIVAL,SURVIVAL,NONE,H_t,reject_survival,phase=none;hMul=1.000;gMul=1.000;qMul=1.000;qAdd=0.000;rpiOff=0.000,3326,15781,"RacePacingRejected, RACE action=reject_survival:14966;RacePacingRejected, RACE action=reject_pacing:812;ReplacementNotAllowed:3"
2026-09-16T04:45:35.1705036+00:00,3130272552,0.000000,0,1.000000,0.000000,0.000000,0.340000,SURVIVAL,SURVIVAL,NONE,H_t,reject_survival,phase=none;hMul=1.000;gMul=1.000;qMul=1.000;qAdd=0.000;rpiOff=0.000,3326,15783,"RacePacingRejected, RACE action=reject_survival:14968;RacePacingRejected, RACE action=reject_pacing:812;ReplacementNotAllowed:3"
2026-09-16T04:45:35.6705787+00:00,3130329816,0.000000,0,1.000000,0.000000,0.000000,0.340000,SURVIVAL,SURVIVAL,NONE,H_t,reject_survival,phase=none;hMul=1.000;gMul=1.000;qMul=1.000;qAdd=0.000;rpiOff=0.000,3326,15786,"RacePacingRejected, RACE action=reject_survival:14971;RacePacingRejected, RACE action=reject_pacing:812;ReplacementNotAllowed:3"
2026-09-16T04:45:36.1706779+00:00,3130411288,0.000000,0,1.000000,0.000000,0.000000,0.340000,SURVIVAL,SURVIVAL,NONE,H_t,reject_survival,phase=none;hMul=1.000;gMul=1.000;qMul=1.000;qAdd=0.000;rpiOff=0.000,3326,15788,"RacePacingRejected, RACE action=reject_survival:14973;RacePacingRejected, RACE action=reject_pacing:812;ReplacementNotAllowed:3"
2026-09-16T04:45:36.6706018+00:00,3130452408,0.000000,0,1.000000,0.000000,0.000000,0.340000,SURVIVAL,SURVIVAL,NONE,H_t,reject_survival,phase=none;hMul=1.000;gMul=1.000;qMul=1.000;qAdd=0.000;rpiOff=0.000,3326,15791,"RacePacingRejected, RACE action=reject_survival:14976;RacePacingRejected, RACE action=reject_pacing:812;ReplacementNotAllowed:3"
2026-09-16T04:45:37.1701502+00:00,3130542616,0.000000,0,1.000000,0.000000,0.000000,0.340000,SURVIVAL,SURVIVAL,NONE,H_t,reject_survival,phase=none;hMul=1.000;gMul=1.000;qMul=1.000;qAdd=0.000;rpiOff=0.000,3326,15793,"RacePacingRejected, RACE action=reject_survival:14978;RacePacingRejected, RACE action=reject_pacing:812;ReplacementNotAllowed:3"
2026-09-16T04:45:37.6706369+00:00,3130591704,0.000000,0,1.000000,0.000000,0.000000,0.340000,SURVIVAL,SURVIVAL,NONE,H_t,reject_survival,phase=none;hMul=1.000;gMul=1.000;qMul=1.000;qAdd=0.000;rpiOff=0.000,3326,15796,"RacePacingRejected, RACE action=reject_survival:14981;RacePacingRejected, RACE action=reject_pacing:812;ReplacementNotAllowed:3"
2026-09-16T04:45:38.1697610+00:00,3131733992,0.000000,0,1.000000,0.000000,0.000000,0.340000,SURVIVAL,SURVIVAL,NONE,H_t,reject_survival,phase=none;hMul=1.000;gMul=1.000;qMul=1.000;qAdd=0.000;rpiOff=0.000,3327,15797,"RacePacingRejected, RACE action=reject_survival:14982;RacePacingRejected, RACE action=reject_pacing:812;ReplacementNotAllowed:3"
2026-09-16T04:45:38.6706046+00:00,3131791024,0.000000,0,1.000000,0.000000,0.000000,0.340000,SURVIVAL,SURVIVAL,NONE,H_t,reject_survival,phase=none;hMul=1.000;gMul=1.000;qMul=1.000;qAdd=0.000;rpiOff=0.000,3327,15800,"RacePacingRejected, RACE action=reject_survival:14985;RacePacingRejected, RACE action=reject_pacing:812;ReplacementNotAllowed:3"
2026-09-16T04:45:39.1705836+00:00,3132237128,0.000000,1,1.000000,0.000000,0.000244,0.340081,SURVIVAL,SURVIVAL,NONE,H_t,allow_survival,phase=none;hMul=1.000;gMul=1.000;qMul=1.000;qAdd=0.000;rpiOff=0.000,3329,15800,"RacePacingRejected, RACE action=reject_survival:14985;RacePacingRejected, RACE action=reject_pacing:812;ReplacementNotAllowed:3"
2026-09-16T04:45:39.6705863+00:00,3132291800,0.000000,1,1.000000,0.000000,0.000244,0.340081,SURVIVAL,SURVIVAL,NONE,H_t,reject_survival,phase=none;hMul=1.000;gMul=1.000;qMul=1.000;qAdd=0.000;rpiOff=0.000,3329,15803,"RacePacingRejected, RACE action=reject_survival:14988;RacePacingRejected, RACE action=reject_pacing:812;ReplacementNotAllowed:3"
2026-09-16T04:45:40.1706485+00:00,3132712192,0.000000,0,1.000000,0.000000,0.000000,0.340000,SURVIVAL,SURVIVAL,NONE,H_t,reject_survival,phase=none;hMul=1.000;gMul=1.000;qMul=1.000;qAdd=0.000;rpiOff=0.000,3329,15805,"RacePacingRejected, RACE action=reject_survival:14990;RacePacingRejected, RACE action=reject_pacing:812;ReplacementNotAllowed:3"
2026-09-16T04:45:40.6700682+00:00,3132760816,0.000000,0,1.000000,0.000000,0.000000,0.340000,SURVIVAL,SURVIVAL,NONE,H_t,reject_survival,phase=none;hMul=1.000;gMul=1.000;qMul=1.000;qAdd=0.000;rpiOff=0.000,3329,15808,"RacePacingRejected, RACE action=reject_survival:14993;RacePacingRejected, RACE action=reject_pacing:812;ReplacementNotAllowed:3"
2026-09-16T04:45:41.1704235+00:00,3132834832,0.000000,0,1.000000,0.000000,0.000000,0.340000,SURVIVAL,SURVIVAL,NONE,H_t,reject_survival,phase=none;hMul=1.000;gMul=1.000;qMul=1.000;qAdd=0.000;rpiOff=0.000,3329,15810,"RacePacingRejected, RACE action=reject_survival:14995;RacePacingRejected, RACE action=reject_pacing:812;ReplacementNotAllowed:3"
2026-09-16T04:45:41.6698940+00:00,3132884496,0.000000,1,1.000000,0.000000,0.000244,0.340081,SURVIVAL,SURVIVAL,NONE,H_t,allow_survival,phase=none;hMul=1.000;gMul=1.000;qMul=1.000;qAdd=0.000;rpiOff=0.000,3330,15812,"RacePacingRejected, RACE action=reject_survival:14997;RacePacingRejected, RACE action=reject_pacing:812;ReplacementNotAllowed:3"
2026-09-16T04:45:42.1702782+00:00,3133289472,0.000000,0,1.000000,0.000000,0.000000,0.340000,SURVIVAL,SURVIVAL,NONE,H_t,reject_survival,phase=none;hMul=1.000;gMul=1.000;qMul=1.000;qAdd=0.000;rpiOff=0.000,3330,15814,"RacePacingRejected, RACE action=reject_survival:14999;RacePacingRejected, RACE action=reject_pacing:812;ReplacementNotAllowed:3"
2026-09-16T04:45:42.6698052+00:00,3133338816,0.000000,0,1.000000,0.000000,0.000000,0.340000,SURVIVAL,SURVIVAL,NONE,H_t,reject_survival,phase=none;hMul=1.000;gMul=1.000;qMul=1.000;qAdd=0.000;rpiOff=0.000,3330,15817,"RacePacingRejected, RACE action=reject_survival:15002;RacePacingRejected, RACE action=reject_pacing:812;ReplacementNotAllowed:3"
2026-09-16T04:45:43.1701907+00:00,3133780944,0.000000,0,1.000000,0.000000,0.000000,0.340000,SURVIVAL,SURVIVAL,NONE,H_t,reject_survival,phase=none;hMul=1.000;gMul=1.000;qMul=1.000;qAdd=0.000;rpiOff=0.000,3330,15819,"RacePacingRejected, RACE action=reject_survival:15004;RacePacingRejected, RACE action=reject_pacing:812;ReplacementNotAllowed:3"
2026-09-16T04:45:43.6706819+00:00,3133838528,0.000000,0,1.000000,0.000000,0.000000,0.340000,SURVIVAL,SURVIVAL,NONE,H_t,reject_survival,phase=none;hMul=1.000;gMul=1.000;qMul=1.000;qAdd=0.000;rpiOff=0.000,3330,15822,"RacePacingRejected, RACE action=reject_survival:15007;RacePacingRejected, RACE action=reject_pacing:812;ReplacementNotAllowed:3"
2026-09-16T04:45:44.1705147+00:00,3134919304,0.000000,0,1.000000,0.000000,0.000000,0.340000,SURVIVAL,SURVIVAL,NONE,H_t,reject_survival,phase=none;hMul=1.000;gMul=1.000;qMul=1.000;qAdd=0.000;rpiOff=0.000,3331,15823,"RacePacingRejected, RACE action=reject_survival:15008;RacePacingRejected, RACE action=reject_pacing:812;ReplacementNotAllowed:3"
2026-09-16T04:45:44.6705044+00:00,3134973320,0.000000,0,1.000000,0.000000,0.000000,0.340000,SURVIVAL,SURVIVAL,NONE,H_t,reject_survival,phase=none;hMul=1.000;gMul=1.000;qMul=1.000;qAdd=0.000;rpiOff=0.000,3331,15826,"RacePacingRejected, RACE action=reject_survival:15011;RacePacingRejected, RACE action=reject_pacing:812;ReplacementNotAllowed:3"
2026-09-16T04:45:45.1703943+00:00,3135137288,0.000000,0,1.000000,0.000000,0.000000,0.340000,SURVIVAL,SURVIVAL,NONE,H_t,reject_survival,phase=none;hMul=1.000;gMul=1.000;qMul=1.000;qAdd=0.000;rpiOff=0.000,3331,15828,"RacePacingRejected, RACE action=reject_survival:15013;RacePacingRejected, RACE action=reject_pacing:812;ReplacementNotAllowed:3"
2026-09-16T04:45:45.6705392+00:00,3135178152,0.000000,1,1.000000,0.000000,0.000244,0.340081,SURVIVAL,SURVIVAL,NONE,H_t,reject_survival,phase=none;hMul=1.000;gMul=1.000;qMul=1.000;qAdd=0.000;rpiOff=0.000,3332,15830,"RacePacingRejected, RACE action=reject_survival:15015;RacePacingRejected, RACE action=reject_pacing:812;ReplacementNotAllowed:3"
2026-09-16T04:45:46.1701406+00:00,3135595440,0.000000,0,1.000000,0.000000,0.000000,0.340000,SURVIVAL,SURVIVAL,NONE,H_t,reject_survival,phase=none;hMul=1.000;gMul=1.000;qMul=1.000;qAdd=0.000;rpiOff=0.000,3332,15832,"RacePacingRejected, RACE action=reject_survival:15017;RacePacingRejected, RACE action=reject_pacing:812;ReplacementNotAllowed:3"
2026-09-16T04:45:46.6702792+00:00,3135636880,0.000000,1,1.000000,0.000000,0.000244,0.340081,SURVIVAL,SURVIVAL,NONE,H_t,reject_survival,phase=none;hMul=1.000;gMul=1.000;qMul=1.000;qAdd=0.000;rpiOff=0.000,3333,15834,"RacePacingRejected, RACE action=reject_survival:15019;RacePacingRejected, RACE action=reject_pacing:812;ReplacementNotAllowed:3"
2026-09-16T04:45:47.1703496+00:00,3136433760,0.000000,0,1.000000,0.000000,0.000000,0.340000,SURVIVAL,SURVIVAL,NONE,H_t,reject_survival,phase=none;hMul=1.000;gMul=1.000;qMul=1.000;qAdd=0.000;rpiOff=0.000,3334,15835,"RacePacingRejected, RACE action=reject_survival:15020;RacePacingRejected, RACE action=reject_pacing:812;ReplacementNotAllowed:3"
2026-09-16T04:45:47.6703272+00:00,3136480160,0.000000,2,1.000000,0.000000,0.000488,0.340161,SURVIVAL,SURVIVAL,NONE,H_t,allow_survival,phase=none;hMul=1.000;gMul=1.000;qMul=1.000;qAdd=0.000;rpiOff=0.000,3336,15836,"RacePacingRejected, RACE action=reject_survival:15021;RacePacingRejected, RACE action=reject_pacing:812;ReplacementNotAllowed:3"
2026-09-16T04:45:48.1701525+00:00,3137172904,0.000000,0,1.000000,0.000000,0.000000,0.340000,SURVIVAL,SURVIVAL,NONE,H_t,reject_survival,phase=none;hMul=1.000;gMul=1.000;qMul=1.000;qAdd=0.000;rpiOff=0.000,3336,15838,"RacePacingRejected, RACE action=reject_survival:15023;RacePacingRejected, RACE action=reject_pacing:812;ReplacementNotAllowed:3"
2026-09-16T04:45:48.6702918+00:00,3137221936,0.000000,1,1.000000,0.000000,0.000244,0.340081,SURVIVAL,SURVIVAL,NONE,H_t,reject_survival,phase=none;hMul=1.000;gMul=1.000;qMul=1.000;qAdd=0.000;rpiOff=0.000,3337,15840,"RacePacingRejected, RACE action=reject_survival:15025;RacePacingRejected, RACE action=reject_pacing:812;ReplacementNotAllowed:3"
2026-09-16T04:45:49.1707568+00:00,3137626016,0.000000,0,1.000000,0.000000,0.000000,0.340000,SURVIVAL,SURVIVAL,NONE,H_t,reject_survival,phase=none;hMul=1.000;gMul=1.000;qMul=1.000;qAdd=0.000;rpiOff=0.000,3337,15842,"RacePacingRejected, RACE action=reject_survival:15027;RacePacingRejected, RACE action=reject_pacing:812;ReplacementNotAllowed:3"
2026-09-16T04:45:49.6705554+00:00,3137675360,0.000000,0,1.000000,0.000000,0.000000,0.340000,SURVIVAL,SURVIVAL,NONE,H_t,reject_survival,phase=none;hMul=1.000;gMul=1.000;qMul=1.000;qAdd=0.000;rpiOff=0.000,3337,15845,"RacePacingRejected, RACE action=reject_survival:15030;RacePacingRejected, RACE action=reject_pacing:812;ReplacementNotAllowed:3"
2026-09-16T04:45:50.1703639+00:00,3137754384,0.000000,0,1.000000,0.000000,0.000000,0.340000,SURVIVAL,SURVIVAL,NONE,H_t,reject_survival,phase=none;hMul=1.000;gMul=1.000;qMul=1.000;qAdd=0.000;rpiOff=0.000,3337,15847,"RacePacingRejected, RACE action=reject_survival:15032;RacePacingRejected, RACE action=reject_pacing:812;ReplacementNotAllowed:3"
2026-09-16T04:45:50.6706244+00:00,3137795248,0.000000,1,1.000000,0.000000,0.000244,0.340081,SURVIVAL,SURVIVAL,NONE,H_t,allow_survival,phase=none;hMul=1.000;gMul=1.000;qMul=1.000;qAdd=0.000;rpiOff=0.000,3338,15849,"RacePacingRejected, RACE action=reject_survival:15034;RacePacingRejected, RACE action=reject_pacing:812;ReplacementNotAllowed:3"
2026-09-16T04:45:51.1699178+00:00,3138510080,0.000000,0,1.000000,0.000000,0.000000,0.340000,SURVIVAL,SURVIVAL,NONE,H_t,reject_survival,phase=none;hMul=1.000;gMul=1.000;qMul=1.000;qAdd=0.000;rpiOff=0.000,3339,15850,"RacePacingRejected, RACE action=reject_survival:15035;RacePacingRejected, RACE action=reject_pacing:812;ReplacementNotAllowed:3"
2026-09-16T04:45:51.6703793+00:00,3138559424,0.000000,0,1.000000,0.000000,0.000000,0.340000,SURVIVAL,SURVIVAL,NONE,H_t,reject_survival,phase=none;hMul=1.000;gMul=1.000;qMul=1.000;qAdd=0.000;rpiOff=0.000,3339,15853,"RacePacingRejected, RACE action=reject_survival:15038;RacePacingRejected, RACE action=reject_pacing:812;ReplacementNotAllowed:3"
2026-09-16T04:45:52.1699419+00:00,3138640048,0.000000,0,1.000000,0.000000,0.000000,0.340000,SURVIVAL,SURVIVAL,NONE,H_t,reject_survival,phase=none;hMul=1.000;gMul=1.000;qMul=1.000;qAdd=0.000;rpiOff=0.000,3339,15855,"RacePacingRejected, RACE action=reject_survival:15040;RacePacingRejected, RACE action=reject_pacing:812;ReplacementNotAllowed:3"
2026-09-16T04:45:52.6700677+00:00,3138689200,0.000000,0,1.000000,0.000000,0.000000,0.340000,SURVIVAL,SURVIVAL,NONE,H_t,reject_survival,phase=none;hMul=1.000;gMul=1.000;qMul=1.000;qAdd=0.000;rpiOff=0.000,3339,15858,"RacePacingRejected, RACE action=reject_survival:15043;RacePacingRejected, RACE action=reject_pacing:812;ReplacementNotAllowed:3"
2026-09-16T04:45:53.1705091+00:00,3139151744,0.000000,1,1.000000,0.000000,0.000244,0.340081,SURVIVAL,SURVIVAL,NONE,H_t,allow_survival,phase=none;hMul=1.000;gMul=1.000;qMul=1.000;qAdd=0.000;rpiOff=0.000,3340,15859,"RacePacingRejected, RACE action=reject_survival:15044;RacePacingRejected, RACE action=reject_pacing:812;ReplacementNotAllowed:3"
2026-09-16T04:45:53.6707043+00:00,3139192864,0.000000,1,1.000000,0.000000,0.000244,0.340081,SURVIVAL,SURVIVAL,NONE,H_t,reject_survival,phase=none;hMul=1.000;gMul=1.000;qMul=1.000;qAdd=0.000;rpiOff=0.000,3340,15862,"RacePacingRejected, RACE action=reject_survival:15047;RacePacingRejected, RACE action=reject_pacing:812;ReplacementNotAllowed:3"
2026-09-16T04:45:54.1697902+00:00,3139910808,0.000000,0,1.000000,0.000000,0.000000,0.340000,SURVIVAL,SURVIVAL,NONE,H_t,reject_survival,phase=none;hMul=1.000;gMul=1.000;qMul=1.000;qAdd=0.000;rpiOff=0.000,3341,15863,"RacePacingRejected, RACE action=reject_survival:15048;RacePacingRejected, RACE action=reject_pacing:812;ReplacementNotAllowed:3"
2026-09-16T04:45:54.6699695+00:00,3139959896,0.000000,0,1.000000,0.000000,0.000000,0.340000,SURVIVAL,SURVIVAL,NONE,H_t,reject_survival,phase=none;hMul=1.000;gMul=1.000;qMul=1.000;qAdd=0.000;rpiOff=0.000,3341,15866,"RacePacingRejected, RACE action=reject_survival:15051;RacePacingRejected, RACE action=reject_pacing:812;ReplacementNotAllowed:3"
2026-09-16T04:45:55.1699081+00:00,3140038408,0.000000,0,1.000000,0.000000,0.000000,0.340000,SURVIVAL,SURVIVAL,NONE,H_t,reject_survival,phase=none;hMul=1.000;gMul=1.000;qMul=1.000;qAdd=0.000;rpiOff=0.000,3341,15868,"RacePacingRejected, RACE action=reject_survival:15053;RacePacingRejected, RACE action=reject_pacing:812;ReplacementNotAllowed:3"
2026-09-16T04:45:55.6705343+00:00,3140079528,0.000000,1,1.000000,0.000000,0.000244,0.340081,SURVIVAL,SURVIVAL,NONE,H_t,reject_survival,phase=none;hMul=1.000;gMul=1.000;qMul=1.000;qAdd=0.000;rpiOff=0.000,3342,15870,"RacePacingRejected, RACE action=reject_survival:15055;RacePacingRejected, RACE action=reject_pacing:812;ReplacementNotAllowed:3"
2026-09-16T04:45:56.1697581+00:00,3141146384,0.000000,1,1.000000,0.000000,0.000244,0.340081,SURVIVAL,SURVIVAL,NONE,H_t,allow_survival,phase=none;hMul=1.000;gMul=1.000;qMul=1.000;qAdd=0.000;rpiOff=0.000,3344,15870,"RacePacingRejected, RACE action=reject_survival:15055;RacePacingRejected, RACE action=reject_pacing:812;ReplacementNotAllowed:3"
2026-09-16T04:45:56.6698923+00:00,3141196816,0.000000,1,1.000000,0.000000,0.000244,0.340081,SURVIVAL,SURVIVAL,NONE,H_t,reject_survival,phase=none;hMul=1.000;gMul=1.000;qMul=1.000;qAdd=0.000;rpiOff=0.000,3344,15873,"RacePacingRejected, RACE action=reject_survival:15058;RacePacingRejected, RACE action=reject_pacing:812;ReplacementNotAllowed:3"
2026-09-16T04:45:57.1699513+00:00,3141594056,0.000000,1,1.000000,0.000000,0.000244,0.340081,SURVIVAL,SURVIVAL,NONE,H_t,allow_survival,phase=none;hMul=1.000;gMul=1.000;qMul=1.000;qAdd=0.000;rpiOff=0.000,3345,15874,"RacePacingRejected, RACE action=reject_survival:15059;RacePacingRejected, RACE action=reject_pacing:812;ReplacementNotAllowed:3"
2026-09-16T04:45:57.6705130+00:00,3141627016,0.000000,1,1.000000,0.000000,0.000244,0.340081,SURVIVAL,SURVIVAL,NONE,H_t,reject_survival,phase=none;hMul=1.000;gMul=1.000;qMul=1.000;qAdd=0.000;rpiOff=0.000,3345,15877,"RacePacingRejected, RACE action=reject_survival:15062;RacePacingRejected, RACE action=reject_pacing:812;ReplacementNotAllowed:3"
2026-09-16T04:45:58.1705020+00:00,3142052552,0.000000,0,1.000000,0.000000,0.000000,0.340000,SURVIVAL,SURVIVAL,NONE,H_t,reject_survival,phase=none;hMul=1.000;gMul=1.000;qMul=1.000;qAdd=0.000;rpiOff=0.000,3345,15879,"RacePacingRejected, RACE action=reject_survival:15064;RacePacingRejected, RACE action=reject_pacing:812;ReplacementNotAllowed:3"
2026-09-16T04:45:58.6706808+00:00,3142102216,0.000000,0,1.000000,0.000000,0.000000,0.340000,SURVIVAL,SURVIVAL,NONE,H_t,reject_survival,phase=none;hMul=1.000;gMul=1.000;qMul=1.000;qAdd=0.000;rpiOff=0.000,3345,15882,"RacePacingRejected, RACE action=reject_survival:15067;RacePacingRejected, RACE action=reject_pacing:812;ReplacementNotAllowed:3"
2026-09-16T04:45:59.1705381+00:00,3143258216,0.000000,0,1.000000,0.000000,0.000000,0.340000,SURVIVAL,SURVIVAL,NONE,H_t,reject_survival,phase=none;hMul=1.000;gMul=1.000;qMul=1.000;qAdd=0.000;rpiOff=0.000,3346,15883,"RacePacingRejected, RACE action=reject_survival:15068;RacePacingRejected, RACE action=reject_pacing:812;ReplacementNotAllowed:3"
2026-09-16T04:45:59.6707539+00:00,3143307560,0.000000,0,1.000000,0.000000,0.000000,0.340000,SURVIVAL,SURVIVAL,NONE,H_t,reject_survival,phase=none;hMul=1.000;gMul=1.000;qMul=1.000;qAdd=0.000;rpiOff=0.000,3346,15886,"RacePacingRejected, RACE action=reject_survival:15071;RacePacingRejected, RACE action=reject_pacing:812;ReplacementNotAllowed:3"
2026-09-16T04:46:00.1707420+00:00,3143404360,0.000000,0,1.000000,0.000000,0.000000,0.340000,SURVIVAL,SURVIVAL,NONE,H_t,reject_survival,phase=none;hMul=1.000;gMul=1.000;qMul=1.000;qAdd=0.000;rpiOff=0.000,3346,15888,"RacePacingRejected, RACE action=reject_survival:15073;RacePacingRejected, RACE action=reject_pacing:812;ReplacementNotAllowed:3"
2026-09-16T04:46:00.6702108+00:00,3143420808,0.000000,0,1.000000,0.000000,0.000000,0.340000,SURVIVAL,SURVIVAL,NONE,H_t,reject_survival,phase=none;hMul=1.000;gMul=1.000;qMul=1.000;qAdd=0.000;rpiOff=0.000,3346,15889,"RacePacingRejected, RACE action=reject_survival:15074;RacePacingRejected, RACE action=reject_pacing:812;ReplacementNotAllowed:3"
2026-09-16T04:46:01.1706922+00:00,3143486600,0.000000,0,1.000000,0.000000,0.000000,0.340000,SURVIVAL,SURVIVAL,NONE,H_t,reject_survival,phase=none;hMul=1.000;gMul=1.000;qMul=1.000;qAdd=0.000;rpiOff=0.000,3346,15889,"RacePacingRejected, RACE action=reject_survival:15074;RacePacingRejected, RACE action=reject_pacing:812;ReplacementNotAllowed:3"
2026-09-16T04:46:01.6701126+00:00,3143494824,0.000000,0,1.000000,0.000000,0.000000,0.340000,SURVIVAL,SURVIVAL,NONE,H_t,reject_survival,phase=none;hMul=1.000;gMul=1.000;qMul=1.000;qAdd=0.000;rpiOff=0.000,3346,15889,"RacePacingRejected, RACE action=reject_survival:15074;RacePacingRejected, RACE action=reject_pacing:812;ReplacementNotAllowed:3"
2026-09-16T04:46:02.1697938+00:00,3143541376,0.000000,0,1.000000,0.000000,0.000000,0.340000,SURVIVAL,SURVIVAL,NONE,H_t,reject_survival,phase=none;hMul=1.000;gMul=1.000;qMul=1.000;qAdd=0.000;rpiOff=0.000,3346,15889,"RacePacingRejected, RACE action=reject_survival:15074;RacePacingRejected, RACE action=reject_pacing:812;ReplacementNotAllowed:3"
2026-09-16T04:46:02.6702994+00:00,3143549600,0.000000,0,1.000000,0.000000,0.000000,0.340000,SURVIVAL,SURVIVAL,NONE,H_t,reject_survival,phase=none;hMul=1.000;gMul=1.000;qMul=1.000;qAdd=0.000;rpiOff=0.000,3346,15889,"RacePacingRejected, RACE action=reject_survival:15074;RacePacingRejected, RACE action=reject_pacing:812;ReplacementNotAllowed:3"
2026-09-16T04:46:03.1706521+00:00,3143623104,0.000000,0,1.000000,0.000000,0.000000,0.340000,SURVIVAL,SURVIVAL,NONE,H_t,reject_survival,phase=none;hMul=1.000;gMul=1.000;qMul=1.000;qAdd=0.000;rpiOff=0.000,3346,15889,"RacePacingRejected, RACE action=reject_survival:15074;RacePacingRejected, RACE action=reject_pacing:812;ReplacementNotAllowed:3"
2026-09-16T04:46:03.6699441+00:00,3143623104,0.000000,0,1.000000,0.000000,0.000000,0.340000,SURVIVAL,SURVIVAL,NONE,H_t,reject_survival,phase=none;hMul=1.000;gMul=1.000;qMul=1.000;qAdd=0.000;rpiOff=0.000,3346,15889,"RacePacingRejected, RACE action=reject_survival:15074;RacePacingRejected, RACE action=reject_pacing:812;ReplacementNotAllowed:3"
2026-09-16T04:46:04.1701240+00:00,3143664224,0.000000,0,1.000000,0.000000,0.000000,0.340000,SURVIVAL,SURVIVAL,NONE,H_t,reject_survival,phase=none;hMul=1.000;gMul=1.000;qMul=1.000;qAdd=0.000;rpiOff=0.000,3346,15889,"RacePacingRejected, RACE action=reject_survival:15074;RacePacingRejected, RACE action=reject_pacing:812;ReplacementNotAllowed:3"
2026-09-16T04:46:04.6704553+00:00,3143664224,0.000000,0,1.000000,0.000000,0.000000,0.340000,SURVIVAL,SURVIVAL,NONE,H_t,reject_survival,phase=none;hMul=1.000;gMul=1.000;qMul=1.000;qAdd=0.000;rpiOff=0.000,3346,15889,"RacePacingRejected, RACE action=reject_survival:15074;RacePacingRejected, RACE action=reject_pacing:812;ReplacementNotAllowed:3"
2026-09-16T04:46:05.1701440+00:00,3143746152,0.000000,0,1.000000,0.000000,0.000000,0.340000,SURVIVAL,SURVIVAL,NONE,H_t,reject_survival,phase=none;hMul=1.000;gMul=1.000;qMul=1.000;qAdd=0.000;rpiOff=0.000,3346,15889,"RacePacingRejected, RACE action=reject_survival:15074;RacePacingRejected, RACE action=reject_pacing:812;ReplacementNotAllowed:3"
2026-09-16T04:46:05.6704225+00:00,3143754376,0.000000,0,1.000000,0.000000,0.000000,0.340000,SURVIVAL,SURVIVAL,NONE,H_t,reject_survival,phase=none;hMul=1.000;gMul=1.000;qMul=1.000;qAdd=0.000;rpiOff=0.000,3346,15889,"RacePacingRejected, RACE action=reject_survival:15074;RacePacingRejected, RACE action=reject_pacing:812;ReplacementNotAllowed:3"
2026-09-16T04:46:06.1700408+00:00,3143795240,0.000000,0,1.000000,0.000000,0.000000,0.340000,SURVIVAL,SURVIVAL,NONE,H_t,reject_survival,phase=none;hMul=1.000;gMul=1.000;qMul=1.000;qAdd=0.000;rpiOff=0.000,3346,15889,"RacePacingRejected, RACE action=reject_survival:15074;RacePacingRejected, RACE action=reject_pacing:812;ReplacementNotAllowed:3"
2026-09-16T04:46:06.6703150+00:00,3143807600,0.000000,0,1.000000,0.000000,0.000000,0.340000,SURVIVAL,SURVIVAL,NONE,H_t,reject_survival,phase=none;hMul=1.000;gMul=1.000;qMul=1.000;qAdd=0.000;rpiOff=0.000,3346,15889,"RacePacingRejected, RACE action=reject_survival:15074;RacePacingRejected, RACE action=reject_pacing:812;ReplacementNotAllowed:3"
2026-09-16T04:46:07.1702869+00:00,3144316424,0.000000,0,1.000000,0.000000,0.000000,0.340000,SURVIVAL,SURVIVAL,NONE,H_t,reject_survival,phase=none;hMul=1.000;gMul=1.000;qMul=1.000;qAdd=0.000;rpiOff=0.000,3346,15889,"RacePacingRejected, RACE action=reject_survival:15074;RacePacingRejected, RACE action=reject_pacing:812;ReplacementNotAllowed:3"
2026-09-16T04:46:07.6706325+00:00,3144324648,0.000000,0,1.000000,0.000000,0.000000,0.340000,SURVIVAL,SURVIVAL,NONE,H_t,reject_survival,phase=none;hMul=1.000;gMul=1.000;qMul=1.000;qAdd=0.000;rpiOff=0.000,3346,15889,"RacePacingRejected, RACE action=reject_survival:15074;RacePacingRejected, RACE action=reject_pacing:812;ReplacementNotAllowed:3"
2026-09-16T04:46:08.1701964+00:00,3144728064,0.000000,0,1.000000,0.000000,0.000000,0.340000,SURVIVAL,SURVIVAL,NONE,H_t,reject_survival,phase=none;hMul=1.000;gMul=1.000;qMul=1.000;qAdd=0.000;rpiOff=0.000,3346,15889,"RacePacingRejected, RACE action=reject_survival:15074;RacePacingRejected, RACE action=reject_pacing:812;ReplacementNotAllowed:3"
2026-09-16T04:46:08.6704819+00:00,3144736288,0.000000,0,1.000000,0.000000,0.000000,0.340000,SURVIVAL,SURVIVAL,NONE,H_t,reject_survival,phase=none;hMul=1.000;gMul=1.000;qMul=1.000;qAdd=0.000;rpiOff=0.000,3346,15889,"RacePacingRejected, RACE action=reject_survival:15074;RacePacingRejected, RACE action=reject_pacing:812;ReplacementNotAllowed:3"
2026-09-16T04:46:09.1700798+00:00,3144810000,0.000000,0,1.000000,0.000000,0.000000,0.340000,SURVIVAL,SURVIVAL,NONE,H_t,reject_survival,phase=none;hMul=1.000;gMul=1.000;qMul=1.000;qAdd=0.000;rpiOff=0.000,3346,15889,"RacePacingRejected, RACE action=reject_survival:15074;RacePacingRejected, RACE action=reject_pacing:812;ReplacementNotAllowed:3"
2026-09-16T04:46:09.6703845+00:00,3144810000,0.000000,0,1.000000,0.000000,0.000000,0.340000,SURVIVAL,SURVIVAL,NONE,H_t,reject_survival,phase=none;hMul=1.000;gMul=1.000;qMul=1.000;qAdd=0.000;rpiOff=0.000,3346,15889,"RacePacingRejected, RACE action=reject_survival:15074;RacePacingRejected, RACE action=reject_pacing:812;ReplacementNotAllowed:3"
2026-09-16T04:46:10.1702730+00:00,3144858832,0.000000,0,1.000000,0.000000,0.000000,0.340000,SURVIVAL,SURVIVAL,NONE,H_t,reject_survival,phase=none;hMul=1.000;gMul=1.000;qMul=1.000;qAdd=0.000;rpiOff=0.000,3346,15889,"RacePacingRejected, RACE action=reject_survival:15074;RacePacingRejected, RACE action=reject_pacing:812;ReplacementNotAllowed:3"
2026-09-16T04:46:10.6706038+00:00,3144867056,0.000000,0,1.000000,0.000000,0.000000,0.340000,SURVIVAL,SURVIVAL,NONE,H_t,reject_survival,phase=none;hMul=1.000;gMul=1.000;qMul=1.000;qAdd=0.000;rpiOff=0.000,3346,15889,"RacePacingRejected, RACE action=reject_survival:15074;RacePacingRejected, RACE action=reject_pacing:812;ReplacementNotAllowed:3"
2026-09-16T04:46:11.1701312+00:00,3144940744,0.000000,0,1.000000,0.000000,0.000000,0.340000,SURVIVAL,SURVIVAL,NONE,H_t,reject_survival,phase=none;hMul=1.000;gMul=1.000;qMul=1.000;qAdd=0.000;rpiOff=0.000,3346,15889,"RacePacingRejected, RACE action=reject_survival:15074;RacePacingRejected, RACE action=reject_pacing:812;ReplacementNotAllowed:3"
2026-09-16T04:46:11.6706327+00:00,3145374536,0.000000,0,1.000000,0.000000,0.000000,0.340000,SURVIVAL,SURVIVAL,NONE,H_t,reject_survival,phase=none;hMul=1.000;gMul=1.000;qMul=1.000;qAdd=0.000;rpiOff=0.000,3346,15889,"RacePacingRejected, RACE action=reject_survival:15074;RacePacingRejected, RACE action=reject_pacing:812;ReplacementNotAllowed:3"
