timestamp,raw_heap_metric,raw_gc_metric,raw_mempool_size,normalized_H_t,normalized_G_t,normalized_Q_mem,RPI,current_mode,previous_mode,transition_event,dominant_cause,applied_action,debug_control,accepted_tx_count,rejected_tx_count,rejection_reason_breakdown
2026-09-16T04:46:56.8152172+00:00,30212432,5.686221,0,0.059009,1.000000,0.000000,0.350063,PACING,NORMAL,NORMAL->PACING,G_t,allow_normal,phase=none;hMul=1.000;gMul=1.000;qMul=1.000;qAdd=0.000;rpiOff=0.000,0,0,none
2026-09-16T04:46:57.3142760+00:00,49838208,0.000000,0,0.097340,0.000000,0.000000,0.033096,NORMAL,PACING,PACING->NORMAL,H_t,allow_normal,phase=none;hMul=1.000;gMul=1.000;qMul=1.000;qAdd=0.000;rpiOff=0.000,0,0,none
2026-09-16T04:46:57.8145328+00:00,49846432,0.000000,0,0.097356,0.000000,0.000000,0.033101,NORMAL,NORMAL,NONE,H_t,allow_normal,phase=none;hMul=1.000;gMul=1.000;qMul=1.000;qAdd=0.000;rpiOff=0.000,0,0,none
2026-09-16T04:46:58.3138191+00:00,54671792,0.000000,0,0.106781,0.000000,0.000000,0.036305,NORMAL,NORMAL,NONE,H_t,allow_normal,phase=none;hMul=1.000;gMul=1.000;qMul=1.000;qAdd=0.000;rpiOff=0.000,0,0,none
2026-09-16T04:46:58.8141909+00:00,54679952,0.000000,0,0.106797,0.000000,0.000000,0.036311,NORMAL,NORMAL,NONE,H_t,allow_normal,phase=none;hMul=1.000;gMul=1.000;qMul=1.000;qAdd=0.000;rpiOff=0.000,0,0,none
2026-09-16T04:46:59.3141309+00:00,59448696,0.000000,0,0.116111,0.000000,0.000000,0.039478,NORMAL,NORMAL,NONE,H_t,allow_normal,phase=none;hMul=1.000;gMul=1.000;qMul=1.000;qAdd=0.000;rpiOff=0.000,0,0,none
2026-09-16T04:46:59.8142588+00:00,59448696,0.000000,0,0.116111,0.000000,0.000000,0.039478,NORMAL,NORMAL,NONE,H_t,allow_normal,phase=none;hMul=1.000;gMul=1.000;qMul=1.000;qAdd=0.000;rpiOff=0.000,0,0,none
2026-09-16T04:47:00.3140326+00:00,59539016,0.000000,0,0.116287,0.000000,0.000000,0.039538,NORMAL,NORMAL,NONE,H_t,allow_normal,phase=none;hMul=1.000;gMul=1.000;qMul=1.000;qAdd=0.000;rpiOff=0.000,0,0,none
2026-09-16T04:47:00.8143735+00:00,59539016,0.000000,0,0.116287,0.000000,0.000000,0.039538,NORMAL,NORMAL,NONE,H_t,allow_normal,phase=none;hMul=1.000;gMul=1.000;qMul=1.000;qAdd=0.000;rpiOff=0.000,0,0,none
2026-09-16T04:47:01.3138946+00:00,64160464,0.000000,0,0.125313,0.000000,0.000000,0.042607,NORMAL,NORMAL,NONE,H_t,allow_normal,phase=none;hMul=1.000;gMul=1.000;qMul=1.000;qAdd=0.000;rpiOff=0.000,0,0,none
2026-09-16T04:47:01.8139808+00:00,64176656,0.000000,0,0.125345,0.000000,0.000000,0.042617,NORMAL,NORMAL,NONE,H_t,allow_normal,phase=none;hMul=1.000;gMul=1.000;qMul=1.000;qAdd=0.000;rpiOff=0.000,0,0,none
2026-09-16T04:47:02.3145698+00:00,68872424,0.000000,0,0.134516,0.000000,0.000000,0.045736,NORMAL,NORMAL,NONE,H_t,allow_normal,phase=none;hMul=1.000;gMul=1.000;qMul=1.000;qAdd=0.000;rpiOff=0.000,0,0,none
2026-09-16T04:47:02.8139017+00:00,101637288,0.000000,0,0.198510,0.000000,0.000000,0.067494,NORMAL,NORMAL,NONE,H_t,allow_normal,phase=none;hMul=1.000;gMul=1.000;qMul=1.000;qAdd=0.000;rpiOff=0.000,0,0,none
2026-09-16T04:47:03.3145424+00:00,111272840,0.000000,20,0.217330,0.000000,0.004883,0.075503,NORMAL,NORMAL,NONE,H_t,allow_normal,phase=none;hMul=1.000;gMul=1.000;qMul=1.000;qAdd=0.000;rpiOff=0.000,26,0,none
2026-09-16T04:47:03.8147469+00:00,111461128,0.000000,24,0.217698,0.000000,0.005859,0.075951,NORMAL,NORMAL,NONE,H_t,allow_normal,phase=none;hMul=1.000;gMul=1.000;qMul=1.000;qAdd=0.000;rpiOff=0.000,30,0,none
2026-09-16T04:47:04.3143557+00:00,112891536,0.000000,0,0.220491,0.000000,0.000000,0.074967,NORMAL,NORMAL,NONE,H_t,allow_normal,phase=none;hMul=1.000;gMul=1.000;qMul=1.000;qAdd=0.000;rpiOff=0.000,30,0,none
2026-09-16T04:47:04.8146965+00:00,112899760,0.000000,0,0.220507,0.000000,0.000000,0.074972,NORMAL,NORMAL,NONE,H_t,allow_normal,phase=none;hMul=1.000;gMul=1.000;qMul=1.000;qAdd=0.000;rpiOff=0.000,30,0,none
2026-09-16T04:47:05.3140076+00:00,113507856,0.000000,0,0.221695,0.000000,0.000000,0.075376,NORMAL,NORMAL,NONE,H_t,allow_normal,phase=none;hMul=1.000;gMul=1.000;qMul=1.000;qAdd=0.000;rpiOff=0.000,30,0,none
2026-09-16T04:47:05.8142233+00:00,113516080,0.000000,0,0.221711,0.000000,0.000000,0.075382,NORMAL,NORMAL,NONE,H_t,allow_normal,phase=none;hMul=1.000;gMul=1.000;qMul=1.000;qAdd=0.000;rpiOff=0.000,30,0,none
2026-09-16T04:47:06.3144326+00:00,114051040,0.000000,0,0.222756,0.000000,0.000000,0.075737,NORMAL,NORMAL,NONE,H_t,allow_normal,phase=none;hMul=1.000;gMul=1.000;qMul=1.000;qAdd=0.000;rpiOff=0.000,30,0,none
2026-09-16T04:47:06.8140798+00:00,114051040,0.000000,0,0.222756,0.000000,0.000000,0.075737,NORMAL,NORMAL,NONE,H_t,allow_normal,phase=none;hMul=1.000;gMul=1.000;qMul=1.000;qAdd=0.000;rpiOff=0.000,30,0,none
2026-09-16T04:47:07.3147060+00:00,114502224,0.000000,0,0.223637,0.000000,0.000000,0.076037,NORMAL,NORMAL,NONE,H_t,allow_normal,phase=none;hMul=1.000;gMul=1.000;qMul=1.000;qAdd=0.000;rpiOff=0.000,30,0,none
2026-09-16T04:47:07.8140157+00:00,114657848,0.000000,0,0.223941,0.000000,0.000000,0.076140,NORMAL,NORMAL,NONE,H_t,allow_normal,phase=none;hMul=1.000;gMul=1.000;qMul=1.000;qAdd=0.000;rpiOff=0.000,30,0,none
2026-09-16T04:47:08.3146126+00:00,114731560,0.000000,0,0.224085,0.000000,0.000000,0.076189,NORMAL,NORMAL,NONE,H_t,allow_normal,phase=none;hMul=1.000;gMul=1.000;qMul=1.000;qAdd=0.000;rpiOff=0.000,30,0,none
2026-09-16T04:47:08.8138817+00:00,114731560,0.000000,0,0.224085,0.000000,0.000000,0.076189,NORMAL,NORMAL,NONE,H_t,allow_normal,phase=none;hMul=1.000;gMul=1.000;qMul=1.000;qAdd=0.000;rpiOff=0.000,30,0,none
2026-09-16T04:47:09.3144779+00:00,114780904,0.000000,0,0.224181,0.000000,0.000000,0.076222,NORMAL,NORMAL,NONE,H_t,allow_normal,phase=none;hMul=1.000;gMul=1.000;qMul=1.000;qAdd=0.000;rpiOff=0.000,30,0,none
2026-09-16T04:47:09.8138178+00:00,114780904,0.000000,0,0.224181,0.000000,0.000000,0.076222,NORMAL,NORMAL,NONE,H_t,allow_normal,phase=none;hMul=1.000;gMul=1.000;qMul=1.000;qAdd=0.000;rpiOff=0.000,30,0,none
2026-09-16T04:47:10.3142100+00:00,114854264,0.000000,0,0.224325,0.000000,0.000000,0.076270,NORMAL,NORMAL,NONE,H_t,allow_normal,phase=none;hMul=1.000;gMul=1.000;qMul=1.000;qAdd=0.000;rpiOff=0.000,30,0,none
2026-09-16T04:47:10.8143998+00:00,114854264,0.000000,0,0.224325,0.000000,0.000000,0.076270,NORMAL,NORMAL,NONE,H_t,allow_normal,phase=none;hMul=1.000;gMul=1.000;qMul=1.000;qAdd=0.000;rpiOff=0.000,30,0,none
2026-09-16T04:47:11.3137614+00:00,115360136,0.000000,0,0.225313,0.000000,0.000000,0.076606,NORMAL,NORMAL,NONE,H_t,allow_normal,phase=none;hMul=1.000;gMul=1.000;qMul=1.000;qAdd=0.000;rpiOff=0.000,30,0,none
2026-09-16T04:47:11.8139901+00:00,115360136,0.000000,0,0.225313,0.000000,0.000000,0.076606,NORMAL,NORMAL,NONE,H_t,allow_normal,phase=none;hMul=1.000;gMul=1.000;qMul=1.000;qAdd=0.000;rpiOff=0.000,30,0,none
2026-09-16T04:47:12.3145494+00:00,115797992,0.000000,0,0.226168,0.000000,0.000000,0.076897,NORMAL,NORMAL,NONE,H_t,allow_normal,phase=none;hMul=1.000;gMul=1.000;qMul=1.000;qAdd=0.000;rpiOff=0.000,30,0,none
2026-09-16T04:47:12.8147523+00:00,115797992,0.000000,0,0.226168,0.000000,0.000000,0.076897,NORMAL,NORMAL,NONE,H_t,allow_normal,phase=none;hMul=1.000;gMul=1.000;qMul=1.000;qAdd=0.000;rpiOff=0.000,30,0,none
2026-09-16T04:47:13.3142732+00:00,116269656,0.000000,0,0.227089,0.000000,0.000000,0.077210,NORMAL,NORMAL,NONE,H_t,allow_normal,phase=none;hMul=1.000;gMul=1.000;qMul=1.000;qAdd=0.000;rpiOff=0.000,30,0,none
2026-09-16T04:47:13.8144628+00:00,116277880,0.000000,0,0.227105,0.000000,0.000000,0.077216,NORMAL,NORMAL,NONE,H_t,allow_normal,phase=none;hMul=1.000;gMul=1.000;qMul=1.000;qAdd=0.000;rpiOff=0.000,30,0,none
2026-09-16T04:47:14.3138652+00:00,116343112,0.000000,0,0.227233,0.000000,0.000000,0.077259,NORMAL,NORMAL,NONE,H_t,allow_normal,phase=none;hMul=1.000;gMul=1.000;qMul=1.000;qAdd=0.000;rpiOff=0.000,30,0,none
2026-09-16T04:47:14.8140589+00:00,116343112,0.000000,0,0.227233,0.000000,0.000000,0.077259,NORMAL,NORMAL,NONE,H_t,allow_normal,phase=none;hMul=1.000;gMul=1.000;qMul=1.000;qAdd=0.000;rpiOff=0.000,30,0,none
2026-09-16T04:47:15.3142101+00:00,116503176,0.000000,3,0.227545,0.000000,0.000732,0.077607,NORMAL,NORMAL,NONE,H_t,allow_normal,phase=none;hMul=1.000;gMul=1.000;qMul=1.000;qAdd=0.000;rpiOff=0.000,33,0,none
2026-09-16T04:47:15.8144002+00:00,116544040,0.000000,8,0.227625,0.000000,0.001953,0.078037,NORMAL,NORMAL,NONE,H_t,allow_normal,phase=none;hMul=1.000;gMul=1.000;qMul=1.000;qAdd=0.000;rpiOff=0.000,38,0,none
2026-09-16T04:47:16.3141856+00:00,126900656,0.000000,3,0.247853,0.000000,0.000732,0.084512,NORMAL,NORMAL,NONE,H_t,allow_normal,phase=none;hMul=1.000;gMul=1.000;qMul=1.000;qAdd=0.000;rpiOff=0.000,43,0,none
2026-09-16T04:47:16.8139676+00:00,126958224,0.000000,8,0.247965,0.000000,0.001953,0.084953,NORMAL,NORMAL,NONE,H_t,allow_normal,phase=none;hMul=1.000;gMul=1.000;qMul=1.000;qAdd=0.000;rpiOff=0.000,48,0,none
2026-09-16T04:47:17.3139170+00:00,133677232,0.000000,3,0.261088,0.000000,0.000732,0.089012,NORMAL,NORMAL,NONE,H_t,allow_normal,phase=none;hMul=1.000;gMul=1.000;qMul=1.000;qAdd=0.000;rpiOff=0.000,53,0,none
2026-09-16T04:47:17.8141319+00:00,133755112,0.000000,8,0.261240,0.000000,0.001953,0.089466,NORMAL,NORMAL,NONE,H_t,allow_normal,phase=none;hMul=1.000;gMul=1.000;qMul=1.000;qAdd=0.000;rpiOff=0.000,58,0,none
2026-09-16T04:47:18.3145426+00:00,140820416,0.000000,3,0.275040,0.000000,0.000732,0.093755,NORMAL,NORMAL,NONE,H_t,allow_normal,phase=none;hMul=1.000;gMul=1.000;qMul=1.000;qAdd=0.000;rpiOff=0.000,63,0,none
2026-09-16T04:47:18.8152618+00:00,140885928,0.000000,8,0.275168,0.000000,0.001953,0.094202,NORMAL,NORMAL,NONE,H_t,allow_normal,phase=none;hMul=1.000;gMul=1.000;qMul=1.000;qAdd=0.000;rpiOff=0.000,68,0,none
2026-09-16T04:47:19.3146506+00:00,148499256,0.000000,3,0.290038,0.000000,0.000732,0.098854,NORMAL,NORMAL,NONE,H_t,allow_normal,phase=none;hMul=1.000;gMul=1.000;qMul=1.000;qAdd=0.000;rpiOff=0.000,73,0,none
2026-09-16T04:47:19.8138223+00:00,148564792,0.000000,8,0.290166,0.000000,0.001953,0.099301,NORMAL,NORMAL,NONE,H_t,allow_normal,phase=none;hMul=1.000;gMul=1.000;qMul=1.000;qAdd=0.000;rpiOff=0.000,78,0,none
2026-09-16T04:47:20.3144667+00:00,156662024,0.000000,3,0.305981,0.000000,0.000732,0.104275,NORMAL,NORMAL,NONE,H_t,allow_normal,phase=none;hMul=1.000;gMul=1.000;qMul=1.000;qAdd=0.000;rpiOff=0.000,83,0,none
2026-09-16T04:47:20.8146659+00:00,156735528,0.000000,8,0.306124,0.000000,0.001953,0.104727,NORMAL,NORMAL,NONE,H_t,allow_normal,phase=none;hMul=1.000;gMul=1.000;qMul=1.000;qAdd=0.000;rpiOff=0.000,88,0,none
2026-09-16T04:47:21.3145171+00:00,163330168,0.000000,3,0.319004,0.000000,0.000732,0.108703,NORMAL,NORMAL,NONE,H_t,allow_normal,phase=none;hMul=1.000;gMul=1.000;qMul=1.000;qAdd=0.000;rpiOff=0.000,93,0,none
2026-09-16T04:47:21.8147338+00:00,163395960,0.000000,8,0.319133,0.000000,0.001953,0.109150,NORMAL,NORMAL,NONE,H_t,allow_normal,phase=none;hMul=1.000;gMul=1.000;qMul=1.000;qAdd=0.000;rpiOff=0.000,98,0,none
2026-09-16T04:47:22.3144298+00:00,173367120,0.000000,3,0.338608,0.000000,0.000732,0.115368,NORMAL,NORMAL,NONE,H_t,allow_normal,phase=none;hMul=1.000;gMul=1.000;qMul=1.000;qAdd=0.000;rpiOff=0.000,103,0,none
2026-09-16T04:47:22.8146031+00:00,173424432,0.000000,8,0.338720,0.000000,0.001953,0.115809,NORMAL,NORMAL,NONE,H_t,allow_normal,phase=none;hMul=1.000;gMul=1.000;qMul=1.000;qAdd=0.000;rpiOff=0.000,108,0,none
2026-09-16T04:47:23.3140431+00:00,182036536,0.000000,3,0.355540,0.000000,0.000732,0.121125,NORMAL,NORMAL,NONE,H_t,allow_normal,phase=none;hMul=1.000;gMul=1.000;qMul=1.000;qAdd=0.000;rpiOff=0.000,113,0,none
2026-09-16T04:47:23.8142092+00:00,182093536,0.000000,8,0.355651,0.000000,0.001953,0.121566,NORMAL,NORMAL,NONE,H_t,allow_normal,phase=none;hMul=1.000;gMul=1.000;qMul=1.000;qAdd=0.000;rpiOff=0.000,118,0,none
2026-09-16T04:47:24.3141860+00:00,190820984,0.000000,3,0.372697,0.000000,0.000732,0.126959,NORMAL,NORMAL,NONE,H_t,allow_normal,phase=none;hMul=1.000;gMul=1.000;qMul=1.000;qAdd=0.000;rpiOff=0.000,123,0,none
2026-09-16T04:47:24.8143465+00:00,190878552,0.000000,8,0.372810,0.000000,0.001953,0.127400,NORMAL,NORMAL,NONE,H_t,allow_normal,phase=none;hMul=1.000;gMul=1.000;qMul=1.000;qAdd=0.000;rpiOff=0.000,128,0,none
2026-09-16T04:47:25.3147338+00:00,198600600,0.000000,3,0.387892,0.000000,0.000732,0.132125,NORMAL,NORMAL,NONE,H_t,allow_normal,phase=none;hMul=1.000;gMul=1.000;qMul=1.000;qAdd=0.000;rpiOff=0.000,133,0,none
2026-09-16T04:47:25.8139176+00:00,198666392,0.000000,8,0.388020,0.000000,0.001953,0.132571,NORMAL,NORMAL,NONE,H_t,allow_normal,phase=none;hMul=1.000;gMul=1.000;qMul=1.000;qAdd=0.000;rpiOff=0.000,138,0,none
2026-09-16T04:47:26.3142643+00:00,207023744,0.000000,3,0.404343,0.000000,0.000732,0.137718,NORMAL,NORMAL,NONE,H_t,allow_normal,phase=none;hMul=1.000;gMul=1.000;qMul=1.000;qAdd=0.000;rpiOff=0.000,143,0,none
2026-09-16T04:47:26.8138753+00:00,207081056,0.000000,8,0.404455,0.000000,0.001953,0.138159,NORMAL,NORMAL,NONE,H_t,allow_normal,phase=none;hMul=1.000;gMul=1.000;qMul=1.000;qAdd=0.000;rpiOff=0.000,148,0,none
2026-09-16T04:47:27.3144124+00:00,214534080,0.000000,3,0.419012,0.000000,0.000732,0.142706,NORMAL,NORMAL,NONE,H_t,allow_normal,phase=none;hMul=1.000;gMul=1.000;qMul=1.000;qAdd=0.000;rpiOff=0.000,153,0,none
2026-09-16T04:47:27.8139118+00:00,214591344,0.000000,8,0.419124,0.000000,0.001953,0.143147,NORMAL,NORMAL,NONE,H_t,allow_normal,phase=none;hMul=1.000;gMul=1.000;qMul=1.000;qAdd=0.000;rpiOff=0.000,158,0,none
2026-09-16T04:47:28.3144564+00:00,223187256,0.000000,3,0.435913,0.000000,0.000732,0.148452,NORMAL,NORMAL,NONE,H_t,allow_normal,phase=none;hMul=1.000;gMul=1.000;qMul=1.000;qAdd=0.000;rpiOff=0.000,163,0,none
2026-09-16T04:47:28.8172131+00:00,223256912,0.000000,8,0.436049,0.000000,0.001953,0.148901,NORMAL,NORMAL,NONE,H_t,allow_normal,phase=none;hMul=1.000;gMul=1.000;qMul=1.000;qAdd=0.000;rpiOff=0.000,168,0,none
2026-09-16T04:47:29.3138877+00:00,231232168,0.000000,3,0.451625,0.000000,0.000732,0.153794,NORMAL,NORMAL,NONE,H_t,allow_normal,phase=none;hMul=1.000;gMul=1.000;qMul=1.000;qAdd=0.000;rpiOff=0.000,173,0,none
2026-09-16T04:47:29.8142884+00:00,231289456,0.000000,8,0.451737,0.000000,0.001953,0.154235,NORMAL,NORMAL,NONE,H_t,allow_normal,phase=none;hMul=1.000;gMul=1.000;qMul=1.000;qAdd=0.000;rpiOff=0.000,178,0,none
2026-09-16T04:47:30.3138542+00:00,240930536,0.000000,3,0.470567,0.000000,0.000732,0.160235,NORMAL,NORMAL,NONE,H_t,allow_normal,phase=none;hMul=1.000;gMul=1.000;qMul=1.000;qAdd=0.000;rpiOff=0.000,183,0,none
2026-09-16T04:47:30.8140960+00:00,240987592,0.000000,8,0.470679,0.000000,0.001953,0.160675,NORMAL,NORMAL,NONE,H_t,allow_normal,phase=none;hMul=1.000;gMul=1.000;qMul=1.000;qAdd=0.000;rpiOff=0.000,188,0,none
2026-09-16T04:47:31.3140260+00:00,250038800,0.000000,3,0.488357,0.000000,0.000732,0.166283,NORMAL,NORMAL,NONE,H_t,allow_normal,phase=none;hMul=1.000;gMul=1.000;qMul=1.000;qAdd=0.000;rpiOff=0.000,193,0,none
2026-09-16T04:47:31.8144813+00:00,250104336,0.000000,8,0.488485,0.000000,0.001953,0.166729,NORMAL,NORMAL,NONE,H_t,allow_normal,phase=none;hMul=1.000;gMul=1.000;qMul=1.000;qAdd=0.000;rpiOff=0.000,198,0,none
2026-09-16T04:47:32.3144233+00:00,259297648,0.000000,3,0.506441,0.000000,0.000732,0.172432,NORMAL,NORMAL,NONE,H_t,allow_normal,phase=none;hMul=1.000;gMul=1.000;qMul=1.000;qAdd=0.000;rpiOff=0.000,203,0,none
2026-09-16T04:47:32.8146776+00:00,259363184,0.000000,8,0.506569,0.000000,0.001953,0.172878,NORMAL,NORMAL,NONE,H_t,allow_normal,phase=none;hMul=1.000;gMul=1.000;qMul=1.000;qAdd=0.000;rpiOff=0.000,208,0,none
2026-09-16T04:47:33.3145284+00:00,268154984,0.000000,3,0.523740,0.000000,0.000732,0.178313,NORMAL,NORMAL,NONE,H_t,allow_normal,phase=none;hMul=1.000;gMul=1.000;qMul=1.000;qAdd=0.000;rpiOff=0.000,213,0,none
2026-09-16T04:47:33.8138781+00:00,268220776,0.000000,8,0.523869,0.000000,0.001953,0.178760,NORMAL,NORMAL,NONE,H_t,allow_normal,phase=none;hMul=1.000;gMul=1.000;qMul=1.000;qAdd=0.000;rpiOff=0.000,218,0,none
2026-09-16T04:47:34.3139336+00:00,277310320,0.000000,3,0.541622,0.000000,0.000732,0.184393,NORMAL,NORMAL,NONE,H_t,allow_normal,phase=none;hMul=1.000;gMul=1.000;qMul=1.000;qAdd=0.000;rpiOff=0.000,223,0,none
2026-09-16T04:47:34.8141916+00:00,277384664,0.000000,8,0.541767,0.000000,0.001953,0.184845,NORMAL,NORMAL,NONE,H_t,allow_normal,phase=none;hMul=1.000;gMul=1.000;qMul=1.000;qAdd=0.000;rpiOff=0.000,228,0,none
2026-09-16T04:47:35.3145796+00:00,285878088,0.000000,3,0.558356,0.000000,0.000732,0.190083,NORMAL,NORMAL,NONE,H_t,allow_normal,phase=none;hMul=1.000;gMul=1.000;qMul=1.000;qAdd=0.000;rpiOff=0.000,233,0,none
2026-09-16T04:47:35.8139655+00:00,285927432,0.000000,8,0.558452,0.000000,0.001953,0.190518,NORMAL,NORMAL,NONE,H_t,allow_normal,phase=none;hMul=1.000;gMul=1.000;qMul=1.000;qAdd=0.000;rpiOff=0.000,238,0,none
2026-09-16T04:47:36.3138291+00:00,293934552,0.000000,3,0.574091,0.000000,0.000732,0.195433,NORMAL,NORMAL,NONE,H_t,allow_normal,phase=none;hMul=1.000;gMul=1.000;qMul=1.000;qAdd=0.000;rpiOff=0.000,243,0,none
2026-09-16T04:47:36.8144261+00:00,293991864,0.000000,8,0.574203,0.000000,0.001953,0.195874,NORMAL,NORMAL,NONE,H_t,allow_normal,phase=none;hMul=1.000;gMul=1.000;qMul=1.000;qAdd=0.000;rpiOff=0.000,248,0,none
2026-09-16T04:47:37.3145794+00:00,301749280,0.000000,3,0.589354,0.000000,0.000732,0.200622,PACING,NORMAL,NORMAL->PACING,H_t,allow_normal,phase=none;hMul=1.000;gMul=1.000;qMul=1.000;qAdd=0.000;rpiOff=0.000,253,0,none
2026-09-16T04:47:37.8140490+00:00,301843352,0.000000,5,0.589538,0.000000,0.001221,0.200846,PACING,PACING,NONE,H_t,allow_pacing,phase=none;hMul=1.000;gMul=1.000;qMul=1.000;qAdd=0.000;rpiOff=0.000,255,3,"RacePacingRejected, RACE action=reject_pacing:3"
2026-09-16T04:47:38.3143540+00:00,306827736,0.000000,2,0.599273,0.000000,0.000488,0.203914,PACING,PACING,NONE,H_t,reject_pacing,phase=none;hMul=1.000;gMul=1.000;qMul=1.000;qAdd=0.000;rpiOff=0.000,258,5,"RacePacingRejected, RACE action=reject_pacing:5"
2026-09-16T04:47:38.8142742+00:00,306909464,0.000000,4,0.599433,0.000000,0.000977,0.204129,PACING,PACING,NONE,H_t,allow_pacing,phase=none;hMul=1.000;gMul=1.000;qMul=1.000;qAdd=0.000;rpiOff=0.000,260,8,"RacePacingRejected, RACE action=reject_pacing:8"
2026-09-16T04:47:39.3145314+00:00,310582304,0.000000,1,0.606606,0.000000,0.000244,0.206327,PACING,PACING,NONE,H_t,reject_pacing,phase=none;hMul=1.000;gMul=1.000;qMul=1.000;qAdd=0.000;rpiOff=0.000,261,12,"RacePacingRejected, RACE action=reject_pacing:12"
2026-09-16T04:47:39.8145109+00:00,310656064,0.000000,2,0.606750,0.000000,0.000488,0.206456,PACING,PACING,NONE,H_t,reject_pacing,phase=none;hMul=1.000;gMul=1.000;qMul=1.000;qAdd=0.000;rpiOff=0.000,262,16,"RacePacingRejected, RACE action=reject_pacing:16"
2026-09-16T04:47:40.3139276+00:00,313367120,0.000000,2,0.612045,0.000000,0.000488,0.208256,PACING,PACING,NONE,H_t,reject_pacing,phase=none;hMul=1.000;gMul=1.000;qMul=1.000;qAdd=0.000;rpiOff=0.000,265,18,"RacePacingRejected, RACE action=reject_pacing:18"
2026-09-16T04:47:40.8144812+00:00,313441136,0.000000,4,0.612190,0.000000,0.000977,0.208467,PACING,PACING,NONE,H_t,reject_pacing,phase=none;hMul=1.000;gMul=1.000;qMul=1.000;qAdd=0.000;rpiOff=0.000,267,21,"RacePacingRejected, RACE action=reject_pacing:21"
2026-09-16T04:47:41.3140963+00:00,317199280,0.000000,2,0.619530,0.000000,0.000488,0.210801,PACING,PACING,NONE,H_t,allow_pacing,phase=none;hMul=1.000;gMul=1.000;qMul=1.000;qAdd=0.000;rpiOff=0.000,269,24,"RacePacingRejected, RACE action=reject_pacing:24"
2026-09-16T04:47:41.8143257+00:00,317281264,0.000000,3,0.619690,0.000000,0.000732,0.210936,PACING,PACING,NONE,H_t,allow_pacing,phase=none;hMul=1.000;gMul=1.000;qMul=1.000;qAdd=0.000;rpiOff=0.000,270,28,"RacePacingRejected, RACE action=reject_pacing:28"
2026-09-16T04:47:42.3143904+00:00,322174448,0.000000,1,0.629247,0.000000,0.000244,0.214025,PACING,PACING,NONE,H_t,reject_pacing,phase=none;hMul=1.000;gMul=1.000;qMul=1.000;qAdd=0.000;rpiOff=0.000,273,30,"RacePacingRejected, RACE action=reject_pacing:30"
2026-09-16T04:47:42.8140486+00:00,322264912,0.000000,1,0.629424,0.000000,0.000244,0.214085,PACING,PACING,NONE,H_t,reject_pacing,phase=none;hMul=1.000;gMul=1.000;qMul=1.000;qAdd=0.000;rpiOff=0.000,273,35,"RacePacingRejected, RACE action=reject_pacing:35"
2026-09-16T04:47:43.3139470+00:00,323844368,0.000000,1,0.632509,0.000000,0.000244,0.215133,PACING,PACING,NONE,H_t,reject_pacing,phase=none;hMul=1.000;gMul=1.000;qMul=1.000;qAdd=0.000;rpiOff=0.000,275,38,"RacePacingRejected, RACE action=reject_pacing:38"
2026-09-16T04:47:43.8147836+00:00,323893200,0.000000,4,0.632604,0.000000,0.000977,0.215408,PACING,PACING,NONE,H_t,reject_pacing,phase=none;hMul=1.000;gMul=1.000;qMul=1.000;qAdd=0.000;rpiOff=0.000,278,40,"RacePacingRejected, RACE action=reject_pacing:40"
2026-09-16T04:47:44.3146696+00:00,328014192,0.000000,1,0.640653,0.000000,0.000244,0.217902,PACING,PACING,NONE,H_t,allow_pacing,phase=none;hMul=1.000;gMul=1.000;qMul=1.000;qAdd=0.000;rpiOff=0.000,280,43,"RacePacingRejected, RACE action=reject_pacing:43"
2026-09-16T04:47:44.8144340+00:00,328079728,0.000000,4,0.640781,0.000000,0.000977,0.218188,PACING,PACING,NONE,H_t,allow_pacing,phase=none;hMul=1.000;gMul=1.000;qMul=1.000;qAdd=0.000;rpiOff=0.000,283,45,"RacePacingRejected, RACE action=reject_pacing:45"
2026-09-16T04:47:45.3147199+00:00,334077056,0.000000,1,0.652494,0.000000,0.000244,0.221929,PACING,PACING,NONE,H_t,allow_pacing,phase=none;hMul=1.000;gMul=1.000;qMul=1.000;qAdd=0.000;rpiOff=0.000,286,45,"RacePacingRejected, RACE action=reject_pacing:45"
2026-09-16T04:47:45.8141038+00:00,334093480,0.000000,1,0.652526,0.000000,0.000244,0.221940,PACING,PACING,NONE,H_t,allow_pacing,phase=none;hMul=1.000;gMul=1.000;qMul=1.000;qAdd=0.000;rpiOff=0.000,286,45,"RacePacingRejected, RACE action=reject_pacing:45"
2026-09-16T04:47:46.3147208+00:00,334814736,0.000000,0,0.653935,0.000000,0.000000,0.222338,PACING,PACING,NONE,H_t,allow_pacing,phase=none;hMul=1.000;gMul=1.000;qMul=1.000;qAdd=0.000;rpiOff=0.000,286,45,"RacePacingRejected, RACE action=reject_pacing:45"
2026-09-16T04:47:46.8142252+00:00,334814736,0.000000,0,0.653935,0.000000,0.000000,0.222338,PACING,PACING,NONE,H_t,allow_pacing,phase=none;hMul=1.000;gMul=1.000;qMul=1.000;qAdd=0.000;rpiOff=0.000,286,45,"RacePacingRejected, RACE action=reject_pacing:45"
2026-09-16T04:47:47.3142746+00:00,334896552,0.000000,0,0.654095,0.000000,0.000000,0.222392,PACING,PACING,NONE,H_t,allow_pacing,phase=none;hMul=1.000;gMul=1.000;qMul=1.000;qAdd=0.000;rpiOff=0.000,286,45,"RacePacingRejected, RACE action=reject_pacing:45"
2026-09-16T04:47:47.8146432+00:00,334896552,0.000000,0,0.654095,0.000000,0.000000,0.222392,PACING,PACING,NONE,H_t,allow_pacing,phase=none;hMul=1.000;gMul=1.000;qMul=1.000;qAdd=0.000;rpiOff=0.000,286,45,"RacePacingRejected, RACE action=reject_pacing:45"
2026-09-16T04:47:48.3141194+00:00,335011480,0.000000,0,0.654319,0.000000,0.000000,0.222469,PACING,PACING,NONE,H_t,allow_pacing,phase=none;hMul=1.000;gMul=1.000;qMul=1.000;qAdd=0.000;rpiOff=0.000,286,45,"RacePacingRejected, RACE action=reject_pacing:45"
2026-09-16T04:47:48.8143943+00:00,335019400,0.000000,0,0.654335,0.000000,0.000000,0.222474,PACING,PACING,NONE,H_t,allow_pacing,phase=none;hMul=1.000;gMul=1.000;qMul=1.000;qAdd=0.000;rpiOff=0.000,286,45,"RacePacingRejected, RACE action=reject_pacing:45"
2026-09-16T04:47:49.3138942+00:00,335084680,0.000000,0,0.654462,0.000000,0.000000,0.222517,PACING,PACING,NONE,H_t,allow_pacing,phase=none;hMul=1.000;gMul=1.000;qMul=1.000;qAdd=0.000;rpiOff=0.000,286,45,"RacePacingRejected, RACE action=reject_pacing:45"
2026-09-16T04:47:49.8142920+00:00,335084680,0.000000,0,0.654462,0.000000,0.000000,0.222517,PACING,PACING,NONE,H_t,allow_pacing,phase=none;hMul=1.000;gMul=1.000;qMul=1.000;qAdd=0.000;rpiOff=0.000,286,45,"RacePacingRejected, RACE action=reject_pacing:45"
2026-09-16T04:47:50.3147407+00:00,335502568,0.000000,0,0.655278,0.000000,0.000000,0.222795,PACING,PACING,NONE,H_t,allow_pacing,phase=none;hMul=1.000;gMul=1.000;qMul=1.000;qAdd=0.000;rpiOff=0.000,286,45,"RacePacingRejected, RACE action=reject_pacing:45"
2026-09-16T04:47:50.8141107+00:00,335502568,0.000000,0,0.655278,0.000000,0.000000,0.222795,PACING,PACING,NONE,H_t,allow_pacing,phase=none;hMul=1.000;gMul=1.000;qMul=1.000;qAdd=0.000;rpiOff=0.000,286,45,"RacePacingRejected, RACE action=reject_pacing:45"
2026-09-16T04:47:51.3141920+00:00,335592776,0.000000,0,0.655455,0.000000,0.000000,0.222855,PACING,PACING,NONE,H_t,allow_pacing,phase=none;hMul=1.000;gMul=1.000;qMul=1.000;qAdd=0.000;rpiOff=0.000,286,45,"RacePacingRejected, RACE action=reject_pacing:45"
2026-09-16T04:47:51.8144878+00:00,335592776,0.000000,0,0.655455,0.000000,0.000000,0.222855,PACING,PACING,NONE,H_t,allow_pacing,phase=none;hMul=1.000;gMul=1.000;qMul=1.000;qAdd=0.000;rpiOff=0.000,286,45,"RacePacingRejected, RACE action=reject_pacing:45"
2026-09-16T04:47:52.3140858+00:00,335666536,0.000000,0,0.655599,0.000000,0.000000,0.222904,PACING,PACING,NONE,H_t,allow_pacing,phase=none;hMul=1.000;gMul=1.000;qMul=1.000;qAdd=0.000;rpiOff=0.000,286,45,"RacePacingRejected, RACE action=reject_pacing:45"
2026-09-16T04:47:52.8144971+00:00,335666536,0.000000,0,0.655599,0.000000,0.000000,0.222904,PACING,PACING,NONE,H_t,allow_pacing,phase=none;hMul=1.000;gMul=1.000;qMul=1.000;qAdd=0.000;rpiOff=0.000,286,45,"RacePacingRejected, RACE action=reject_pacing:45"
2026-09-16T04:47:53.3140043+00:00,335707976,0.000000,0,0.655680,0.000000,0.000000,0.222931,PACING,PACING,NONE,H_t,allow_pacing,phase=none;hMul=1.000;gMul=1.000;qMul=1.000;qAdd=0.000;rpiOff=0.000,286,45,"RacePacingRejected, RACE action=reject_pacing:45"
2026-09-16T04:47:53.8144969+00:00,335707976,0.000000,0,0.655680,0.000000,0.000000,0.222931,PACING,PACING,NONE,H_t,allow_pacing,phase=none;hMul=1.000;gMul=1.000;qMul=1.000;qAdd=0.000;rpiOff=0.000,286,45,"RacePacingRejected, RACE action=reject_pacing:45"
2026-09-16T04:47:54.3139803+00:00,335790216,0.000000,0,0.655840,0.000000,0.000000,0.222986,PACING,PACING,NONE,H_t,allow_pacing,phase=none;hMul=1.000;gMul=1.000;qMul=1.000;qAdd=0.000;rpiOff=0.000,286,45,"RacePacingRejected, RACE action=reject_pacing:45"
2026-09-16T04:47:54.8142616+00:00,335790216,0.000000,0,0.655840,0.000000,0.000000,0.222986,PACING,PACING,NONE,H_t,allow_pacing,phase=none;hMul=1.000;gMul=1.000;qMul=1.000;qAdd=0.000;rpiOff=0.000,286,45,"RacePacingRejected, RACE action=reject_pacing:45"
2026-09-16T04:47:55.3147670+00:00,335823112,0.000000,0,0.655905,0.000000,0.000000,0.223008,PACING,PACING,NONE,H_t,allow_pacing,phase=none;hMul=1.000;gMul=1.000;qMul=1.000;qAdd=0.000;rpiOff=0.000,286,45,"RacePacingRejected, RACE action=reject_pacing:45"
2026-09-16T04:47:55.8141772+00:00,335831336,0.000000,0,0.655921,0.000000,0.000000,0.223013,PACING,PACING,NONE,H_t,allow_pacing,phase=none;hMul=1.000;gMul=1.000;qMul=1.000;qAdd=0.000;rpiOff=0.000,286,45,"RacePacingRejected, RACE action=reject_pacing:45"
2026-09-16T04:47:56.3144069+00:00,335904744,0.000000,0,0.656064,0.000000,0.000000,0.223062,PACING,PACING,NONE,H_t,allow_pacing,phase=none;hMul=1.000;gMul=1.000;qMul=1.000;qAdd=0.000;rpiOff=0.000,286,45,"RacePacingRejected, RACE action=reject_pacing:45"
2026-09-16T04:47:56.8139497+00:00,335904744,0.000000,0,0.656064,0.000000,0.000000,0.223062,PACING,PACING,NONE,H_t,allow_pacing,phase=none;hMul=1.000;gMul=1.000;qMul=1.000;qAdd=0.000;rpiOff=0.000,286,45,"RacePacingRejected, RACE action=reject_pacing:45"
2026-09-16T04:47:57.3142201+00:00,336187472,0.000000,6,0.656616,0.000000,0.001465,0.223733,PACING,PACING,NONE,H_t,reject_pacing,phase=none;hMul=1.000;gMul=1.000;qMul=1.000;qAdd=0.000;rpiOff=0.000,292,57,"RacePacingRejected, RACE action=reject_pacing:57"
2026-09-16T04:47:57.8143975+00:00,337169736,0.000000,27,0.658535,0.000000,0.006592,0.226077,PACING,PACING,NONE,H_t,reject_pacing,phase=none;hMul=1.000;gMul=1.000;qMul=1.000;qAdd=0.000;rpiOff=0.000,313,112,"RacePacingRejected, RACE action=reject_pacing:111"
2026-09-16T04:47:58.3138262+00:00,348727376,0.000000,29,0.681108,0.000000,0.007080,0.233913,PACING,PACING,NONE,H_t,reject_pacing,phase=none;hMul=1.000;gMul=1.000;qMul=1.000;qAdd=0.000;rpiOff=0.000,340,159,"RacePacingRejected, RACE action=reject_pacing:159"
2026-09-16T04:47:58.8143801+00:00,349784432,0.000000,54,0.683173,0.000000,0.013184,0.236629,PACING,PACING,NONE,H_t,reject_pacing,phase=none;hMul=1.000;gMul=1.000;qMul=1.000;qAdd=0.000;rpiOff=0.000,365,209,"RacePacingRejected, RACE action=reject_pacing:208;ReplacementNotAllowed:1"
2026-09-16T04:47:59.3142674+00:00,359923640,0.000000,54,0.702976,0.000000,0.013184,0.243362,PACING,PACING,NONE,H_t,allow_pacing,phase=none;hMul=1.000;gMul=1.000;qMul=1.000;qAdd=0.000;rpiOff=0.000,390,259,"RacePacingRejected, RACE action=reject_pacing:258;ReplacementNotAllowed:1"
2026-09-16T04:47:59.8143926+00:00,360993120,0.000000,74,0.705065,0.000000,0.018066,0.245684,PACING,PACING,NONE,H_t,reject_pacing,phase=none;hMul=1.000;gMul=1.000;qMul=1.000;qAdd=0.000;rpiOff=0.000,410,314,"RacePacingRejected, RACE action=reject_pacing:313;ReplacementNotAllowed:1"
2026-09-16T04:48:00.3143005+00:00,370483176,0.000000,71,0.723600,0.000000,0.017334,0.251744,PACING,PACING,NONE,H_t,reject_pacing,phase=none;hMul=1.000;gMul=1.000;qMul=1.000;qAdd=0.000;rpiOff=0.000,432,368,"RacePacingRejected, RACE action=reject_pacing:367;ReplacementNotAllowed:1"
2026-09-16T04:48:00.8143568+00:00,371629640,0.000000,100,0.725839,0.000000,0.024414,0.254842,PACING,PACING,NONE,H_t,allow_pacing,phase=none;hMul=1.000;gMul=1.000;qMul=1.000;qAdd=0.000;rpiOff=0.000,461,413,"RacePacingRejected, RACE action=reject_pacing:412;ReplacementNotAllowed:1"
2026-09-16T04:48:01.3142231+00:00,390543824,0.000000,101,0.762781,0.000000,0.024658,0.267483,SURVIVAL,PACING,PACING->SURVIVAL,H_t,reject_pacing,phase=none;hMul=1.000;gMul=1.000;qMul=1.000;qAdd=0.000;rpiOff=0.000,487,463,"RacePacingRejected, RACE action=reject_pacing:462;ReplacementNotAllowed:1"
2026-09-16T04:48:01.8140283+00:00,391763952,0.000000,113,0.765164,0.000000,0.027588,0.269260,SURVIVAL,SURVIVAL,NONE,H_t,reject_survival,phase=none;hMul=1.000;gMul=1.000;qMul=1.000;qAdd=0.000;rpiOff=0.000,499,526,"RacePacingRejected, RACE action=reject_pacing:462;RacePacingRejected, RACE action=reject_survival:63;ReplacementNotAllowed:1"
2026-09-16T04:48:02.3143997+00:00,413502296,0.000000,100,0.807622,0.000000,0.024414,0.282648,SURVIVAL,SURVIVAL,NONE,H_t,reject_survival,phase=none;hMul=1.000;gMul=1.000;qMul=1.000;qAdd=0.000;rpiOff=0.000,511,589,"RacePacingRejected, RACE action=reject_pacing:462;RacePacingRejected, RACE action=reject_survival:126;ReplacementNotAllowed:1"
2026-09-16T04:48:02.8139317+00:00,414771624,0.000000,113,0.810101,0.000000,0.027588,0.284538,SURVIVAL,SURVIVAL,NONE,H_t,reject_survival,phase=none;hMul=1.000;gMul=1.000;qMul=1.000;qAdd=0.000;rpiOff=0.000,524,651,"RacePacingRejected, RACE action=reject_pacing:462;RacePacingRejected, RACE action=reject_survival:188;ReplacementNotAllowed:1"
2026-09-16T04:48:03.3143654+00:00,436262800,0.000000,98,0.852076,0.000000,0.023926,0.297601,SURVIVAL,SURVIVAL,NONE,H_t,reject_survival,phase=none;hMul=1.000;gMul=1.000;qMul=1.000;qAdd=0.000;rpiOff=0.000,534,715,"RacePacingRejected, RACE action=reject_pacing:462;RacePacingRejected, RACE action=reject_survival:252;ReplacementNotAllowed:1"
2026-09-16T04:48:03.8143999+00:00,437507208,0.000000,110,0.854506,0.000000,0.026855,0.299394,SURVIVAL,SURVIVAL,NONE,H_t,reject_survival,phase=none;hMul=1.000;gMul=1.000;qMul=1.000;qAdd=0.000;rpiOff=0.000,546,779,"RacePacingRejected, RACE action=reject_pacing:462;RacePacingRejected, RACE action=reject_survival:316;ReplacementNotAllowed:1"
2026-09-16T04:48:04.3144299+00:00,461253544,0.000000,96,0.900886,0.000000,0.023438,0.314036,SURVIVAL,SURVIVAL,NONE,H_t,reject_survival,phase=none;hMul=1.000;gMul=1.000;qMul=1.000;qAdd=0.000;rpiOff=0.000,557,842,"RacePacingRejected, RACE action=reject_pacing:462;RacePacingRejected, RACE action=reject_survival:379;ReplacementNotAllowed:1"
2026-09-16T04:48:04.8141713+00:00,462510816,0.000000,111,0.903341,0.000000,0.027100,0.316079,SURVIVAL,SURVIVAL,NONE,H_t,reject_survival,phase=none;hMul=1.000;gMul=1.000;qMul=1.000;qAdd=0.000;rpiOff=0.000,572,902,"RacePacingRejected, RACE action=reject_pacing:462;RacePacingRejected, RACE action=reject_survival:439;ReplacementNotAllowed:1"
2026-09-16T04:48:05.3147533+00:00,490824504,0.000000,96,0.958642,0.000000,0.023438,0.333673,SURVIVAL,SURVIVAL,NONE,H_t,allow_survival,phase=none;hMul=1.000;gMul=1.000;qMul=1.000;qAdd=0.000;rpiOff=0.000,582,968,"RacePacingRejected, RACE action=reject_survival:505;RacePacingRejected, RACE action=reject_pacing:462;ReplacementNotAllowed:1"
2026-09-16T04:48:05.8140885+00:00,491994712,0.000000,113,0.960927,0.000000,0.027588,0.335819,SURVIVAL,SURVIVAL,NONE,H_t,reject_survival,phase=none;hMul=1.000;gMul=1.000;qMul=1.000;qAdd=0.000;rpiOff=0.000,599,1025,"RacePacingRejected, RACE action=reject_survival:561;RacePacingRejected, RACE action=reject_pacing:462;ReplacementNotAllowed:2"
2026-09-16T04:48:06.3139940+00:00,519847312,0.000000,93,1.000000,0.000000,0.022705,0.347493,SURVIVAL,SURVIVAL,NONE,H_t,reject_survival,phase=none;hMul=1.000;gMul=1.000;qMul=1.000;qAdd=0.000;rpiOff=0.000,604,1095,"RacePacingRejected, RACE action=reject_survival:631;RacePacingRejected, RACE action=reject_pacing:462;ReplacementNotAllowed:2"
2026-09-16T04:48:06.8143654+00:00,521108608,0.000000,106,1.000000,0.000000,0.025879,0.348540,SURVIVAL,SURVIVAL,NONE,H_t,reject_survival,phase=none;hMul=1.000;gMul=1.000;qMul=1.000;qAdd=0.000;rpiOff=0.000,617,1157,"RacePacingRejected, RACE action=reject_survival:693;RacePacingRejected, RACE action=reject_pacing:462;ReplacementNotAllowed:2"
2026-09-16T04:48:07.3139074+00:00,546284680,0.000000,96,1.000000,0.000000,0.023438,0.347734,SURVIVAL,SURVIVAL,NONE,H_t,allow_survival,phase=none;hMul=1.000;gMul=1.000;qMul=1.000;qAdd=0.000;rpiOff=0.000,632,1217,"RacePacingRejected, RACE action=reject_survival:753;RacePacingRejected, RACE action=reject_pacing:462;ReplacementNotAllowed:2"
2026-09-16T04:48:07.8140364+00:00,547545368,0.000000,108,1.000000,0.000000,0.026367,0.348701,SURVIVAL,SURVIVAL,NONE,H_t,reject_survival,phase=none;hMul=1.000;gMul=1.000;qMul=1.000;qAdd=0.000;rpiOff=0.000,644,1280,"RacePacingRejected, RACE action=reject_survival:816;RacePacingRejected, RACE action=reject_pacing:462;ReplacementNotAllowed:2"
2026-09-16T04:48:08.3141672+00:00,568199656,0.000000,101,1.000000,0.000000,0.024658,0.348137,SURVIVAL,SURVIVAL,NONE,H_t,reject_survival,phase=none;hMul=1.000;gMul=1.000;qMul=1.000;qAdd=0.000;rpiOff=0.000,662,1338,"RacePacingRejected, RACE action=reject_survival:874;RacePacingRejected, RACE action=reject_pacing:462;ReplacementNotAllowed:2"
2026-09-16T04:48:08.8140129+00:00,569473624,0.000000,112,1.000000,0.000000,0.027344,0.349023,SURVIVAL,SURVIVAL,NONE,H_t,reject_survival,phase=none;hMul=1.000;gMul=1.000;qMul=1.000;qAdd=0.000;rpiOff=0.000,673,1401,"RacePacingRejected, RACE action=reject_survival:937;RacePacingRejected, RACE action=reject_pacing:462;ReplacementNotAllowed:2"
2026-09-16T04:48:09.3140829+00:00,591502304,0.000000,103,1.000000,0.000000,0.025146,0.348298,SURVIVAL,SURVIVAL,NONE,H_t,reject_survival,phase=none;hMul=1.000;gMul=1.000;qMul=1.000;qAdd=0.000;rpiOff=0.000,689,1461,"RacePacingRejected, RACE action=reject_survival:997;RacePacingRejected, RACE action=reject_pacing:462;ReplacementNotAllowed:2"
2026-09-16T04:48:09.8143239+00:00,592804040,0.000000,110,1.000000,0.000000,0.026855,0.348862,SURVIVAL,SURVIVAL,NONE,H_t,reject_survival,phase=none;hMul=1.000;gMul=1.000;qMul=1.000;qAdd=0.000;rpiOff=0.000,696,1528,"RacePacingRejected, RACE action=reject_survival:1064;RacePacingRejected, RACE action=reject_pacing:462;ReplacementNotAllowed:2"
2026-09-16T04:48:10.3138404+00:00,614692416,0.000000,99,1.000000,0.000000,0.024170,0.347976,SURVIVAL,SURVIVAL,NONE,H_t,reject_survival,phase=none;hMul=1.000;gMul=1.000;qMul=1.000;qAdd=0.000;rpiOff=0.000,710,1590,"RacePacingRejected, RACE action=reject_survival:1126;RacePacingRejected, RACE action=reject_pacing:462;ReplacementNotAllowed:2"
2026-09-16T04:48:10.8146587+00:00,615952872,0.000000,108,1.000000,0.000000,0.026367,0.348701,SURVIVAL,SURVIVAL,NONE,H_t,allow_survival,phase=none;hMul=1.000;gMul=1.000;qMul=1.000;qAdd=0.000;rpiOff=0.000,719,1655,"RacePacingRejected, RACE action=reject_survival:1191;RacePacingRejected, RACE action=reject_pacing:462;ReplacementNotAllowed:2"
2026-09-16T04:48:11.3138281+00:00,269662088,8.013312,99,0.526684,1.000000,0.024170,0.517049,SURVIVAL,SURVIVAL,NONE,G_t,reject_survival,phase=none;hMul=1.000;gMul=1.000;qMul=1.000;qAdd=0.000;rpiOff=0.000,735,1714,"RacePacingRejected, RACE action=reject_survival:1250;RacePacingRejected, RACE action=reject_pacing:462;ReplacementNotAllowed:2"
2026-09-16T04:48:11.8140398+00:00,270920168,0.000000,106,0.529141,0.000000,0.025879,0.188448,PACING,SURVIVAL,SURVIVAL->PACING,H_t,reject_survival,phase=none;hMul=1.000;gMul=1.000;qMul=1.000;qAdd=0.000;rpiOff=0.000,742,1782,"RacePacingRejected, RACE action=reject_survival:1317;RacePacingRejected, RACE action=reject_pacing:462;ReplacementNotAllowed:3"
2026-09-16T04:48:12.3138217+00:00,292515664,0.000000,105,0.571320,0.000000,0.025635,0.202708,PACING,PACING,NONE,H_t,reject_pacing,phase=none;hMul=1.000;gMul=1.000;qMul=1.000;qAdd=0.000;rpiOff=0.000,766,1834,"RacePacingRejected, RACE action=reject_survival:1317;RacePacingRejected, RACE action=reject_pacing:514;ReplacementNotAllowed:3"
2026-09-16T04:48:12.8145460+00:00,293624904,0.000000,133,0.573486,0.000000,0.032471,0.205701,PACING,PACING,NONE,H_t,allow_pacing,phase=none;hMul=1.000;gMul=1.000;qMul=1.000;qAdd=0.000;rpiOff=0.000,794,1881,"RacePacingRejected, RACE action=reject_survival:1317;RacePacingRejected, RACE action=reject_pacing:561;ReplacementNotAllowed:3"
2026-09-16T04:48:13.3138825+00:00,316067096,0.000000,137,0.617319,0.000000,0.033447,0.220926,PACING,PACING,NONE,H_t,allow_pacing,phase=none;hMul=1.000;gMul=1.000;qMul=1.000;qAdd=0.000;rpiOff=0.000,823,1927,"RacePacingRejected, RACE action=reject_survival:1317;RacePacingRejected, RACE action=reject_pacing:607;ReplacementNotAllowed:3"
2026-09-16T04:48:13.8138858+00:00,317228384,0.000000,163,0.619587,0.000000,0.039795,0.223792,PACING,PACING,NONE,H_t,allow_pacing,phase=none;hMul=1.000;gMul=1.000;qMul=1.000;qAdd=0.000;rpiOff=0.000,849,1976,"RacePacingRejected, RACE action=reject_survival:1317;RacePacingRejected, RACE action=reject_pacing:656;ReplacementNotAllowed:3"
2026-09-16T04:48:14.3146716+00:00,344776232,0.000000,164,0.673391,0.000000,0.040039,0.242166,PACING,PACING,NONE,H_t,allow_pacing,phase=none;hMul=1.000;gMul=1.000;qMul=1.000;qAdd=0.000;rpiOff=0.000,875,2024,"RacePacingRejected, RACE action=reject_survival:1317;RacePacingRejected, RACE action=reject_pacing:704;ReplacementNotAllowed:3"
2026-09-16T04:48:14.8140910+00:00,345960488,0.000000,195,0.675704,0.000000,0.047607,0.245450,PACING,PACING,NONE,H_t,reject_pacing,phase=none;hMul=1.000;gMul=1.000;qMul=1.000;qAdd=0.000;rpiOff=0.000,906,2068,"RacePacingRejected, RACE action=reject_survival:1317;RacePacingRejected, RACE action=reject_pacing:748;ReplacementNotAllowed:3"
2026-09-16T04:48:15.3145394+00:00,370039312,0.000000,192,0.722733,0.000000,0.046875,0.261198,SURVIVAL,PACING,PACING->SURVIVAL,H_t,reject_pacing,phase=none;hMul=1.000;gMul=1.000;qMul=1.000;qAdd=0.000;rpiOff=0.000,928,2121,"RacePacingRejected, RACE action=reject_survival:1317;RacePacingRejected, RACE action=reject_pacing:801;ReplacementNotAllowed:3"
2026-09-16T04:48:15.8139298+00:00,371470288,0.000000,202,0.725528,0.000000,0.049316,0.262954,SURVIVAL,SURVIVAL,NONE,H_t,reject_survival,phase=none;hMul=1.000;gMul=1.000;qMul=1.000;qAdd=0.000;rpiOff=0.000,938,2187,"RacePacingRejected, RACE action=reject_survival:1383;RacePacingRejected, RACE action=reject_pacing:801;ReplacementNotAllowed:3"
2026-09-16T04:48:16.3142962+00:00,393562264,0.000000,189,0.768676,0.000000,0.046143,0.276577,SURVIVAL,SURVIVAL,NONE,H_t,reject_survival,phase=none;hMul=1.000;gMul=1.000;qMul=1.000;qAdd=0.000;rpiOff=0.000,950,2250,"RacePacingRejected, RACE action=reject_survival:1446;RacePacingRejected, RACE action=reject_pacing:801;ReplacementNotAllowed:3"
2026-09-16T04:48:16.8144441+00:00,394968480,0.000000,198,0.771423,0.000000,0.048340,0.278236,SURVIVAL,SURVIVAL,NONE,H_t,reject_survival,phase=none;hMul=1.000;gMul=1.000;qMul=1.000;qAdd=0.000;rpiOff=0.000,959,2315,"RacePacingRejected, RACE action=reject_survival:1511;RacePacingRejected, RACE action=reject_pacing:801;ReplacementNotAllowed:3"
2026-09-16T04:48:17.3140613+00:00,417849320,0.000000,188,0.816112,0.000000,0.045898,0.292625,SURVIVAL,SURVIVAL,NONE,H_t,reject_survival,phase=none;hMul=1.000;gMul=1.000;qMul=1.000;qAdd=0.000;rpiOff=0.000,974,2376,"RacePacingRejected, RACE action=reject_survival:1572;RacePacingRejected, RACE action=reject_pacing:801;ReplacementNotAllowed:3"
2026-09-16T04:48:17.8138875+00:00,419230720,0.000000,204,0.818810,0.000000,0.049805,0.294831,SURVIVAL,SURVIVAL,NONE,H_t,reject_survival,phase=none;hMul=1.000;gMul=1.000;qMul=1.000;qAdd=0.000;rpiOff=0.000,990,2434,"RacePacingRejected, RACE action=reject_survival:1630;RacePacingRejected, RACE action=reject_pacing:801;ReplacementNotAllowed:3"
2026-09-16T04:48:18.3141841+00:00,442532248,0.000000,184,0.864321,0.000000,0.044922,0.308693,SURVIVAL,SURVIVAL,NONE,H_t,reject_survival,phase=none;hMul=1.000;gMul=1.000;qMul=1.000;qAdd=0.000;rpiOff=0.000,995,2504,"RacePacingRejected, RACE action=reject_survival:1700;RacePacingRejected, RACE action=reject_pacing:801;ReplacementNotAllowed:3"
2026-09-16T04:48:18.8141465+00:00,443922056,0.000000,198,0.867035,0.000000,0.048340,0.310744,SURVIVAL,SURVIVAL,NONE,H_t,reject_survival,phase=none;hMul=1.000;gMul=1.000;qMul=1.000;qAdd=0.000;rpiOff=0.000,1009,2566,"RacePacingRejected, RACE action=reject_survival:1762;RacePacingRejected, RACE action=reject_pacing:801;ReplacementNotAllowed:3"
2026-09-16T04:48:19.3144541+00:00,474008048,0.000000,189,0.925797,0.000000,0.046143,0.329998,SURVIVAL,SURVIVAL,NONE,H_t,allow_survival,phase=none;hMul=1.000;gMul=1.000;qMul=1.000;qAdd=0.000;rpiOff=0.000,1025,2625,"RacePacingRejected, RACE action=reject_survival:1821;RacePacingRejected, RACE action=reject_pacing:801;ReplacementNotAllowed:3"
2026-09-16T04:48:19.8145647+00:00,475397904,0.000000,205,0.928512,0.000000,0.050049,0.332210,SURVIVAL,SURVIVAL,NONE,H_t,allow_survival,phase=none;hMul=1.000;gMul=1.000;qMul=1.000;qAdd=0.000;rpiOff=0.000,1041,2683,"RacePacingRejected, RACE action=reject_survival:1879;RacePacingRejected, RACE action=reject_pacing:801;ReplacementNotAllowed:3"
2026-09-16T04:48:20.3147761+00:00,506423384,0.000000,192,0.989108,0.000000,0.046875,0.351766,SURVIVAL,SURVIVAL,NONE,H_t,reject_survival,phase=none;hMul=1.000;gMul=1.000;qMul=1.000;qAdd=0.000;rpiOff=0.000,1053,2747,"RacePacingRejected, RACE action=reject_survival:1943;RacePacingRejected, RACE action=reject_pacing:801;ReplacementNotAllowed:3"
2026-09-16T04:48:20.8138732+00:00,507868792,0.000000,198,0.991931,0.000000,0.048340,0.353209,SURVIVAL,SURVIVAL,NONE,H_t,reject_survival,phase=none;hMul=1.000;gMul=1.000;qMul=1.000;qAdd=0.000;rpiOff=0.000,1059,2815,"RacePacingRejected, RACE action=reject_survival:2011;RacePacingRejected, RACE action=reject_pacing:801;ReplacementNotAllowed:3"
2026-09-16T04:48:21.3137643+00:00,539665216,0.000000,187,1.000000,0.000000,0.045654,0.355066,SURVIVAL,SURVIVAL,NONE,H_t,reject_survival,phase=none;hMul=1.000;gMul=1.000;qMul=1.000;qAdd=0.000;rpiOff=0.000,1073,2877,"RacePacingRejected, RACE action=reject_survival:2073;RacePacingRejected, RACE action=reject_pacing:801;ReplacementNotAllowed:3"
2026-09-16T04:48:21.8146722+00:00,541104344,0.000000,194,1.000000,0.000000,0.047363,0.355630,SURVIVAL,SURVIVAL,NONE,H_t,allow_survival,phase=none;hMul=1.000;gMul=1.000;qMul=1.000;qAdd=0.000;rpiOff=0.000,1080,2944,"RacePacingRejected, RACE action=reject_survival:2140;RacePacingRejected, RACE action=reject_pacing:801;ReplacementNotAllowed:3"
2026-09-16T04:48:22.3138064+00:00,575512504,0.000000,177,1.000000,0.000000,0.043213,0.354260,SURVIVAL,SURVIVAL,NONE,H_t,reject_survival,phase=none;hMul=1.000;gMul=1.000;qMul=1.000;qAdd=0.000;rpiOff=0.000,1088,3011,"RacePacingRejected, RACE action=reject_survival:2207;RacePacingRejected, RACE action=reject_pacing:801;ReplacementNotAllowed:3"
2026-09-16T04:48:22.8141440+00:00,576925056,0.000000,188,1.000000,0.000000,0.045898,0.355146,SURVIVAL,SURVIVAL,NONE,H_t,reject_survival,phase=none;hMul=1.000;gMul=1.000;qMul=1.000;qAdd=0.000;rpiOff=0.000,1099,3075,"RacePacingRejected, RACE action=reject_survival:2271;RacePacingRejected, RACE action=reject_pacing:801;ReplacementNotAllowed:3"
2026-09-16T04:48:23.3147587+00:00,615532232,0.000000,173,1.000000,0.000000,0.042236,0.353938,SURVIVAL,SURVIVAL,NONE,H_t,reject_survival,phase=none;hMul=1.000;gMul=1.000;qMul=1.000;qAdd=0.000;rpiOff=0.000,1109,3140,"RacePacingRejected, RACE action=reject_survival:2336;RacePacingRejected, RACE action=reject_pacing:801;ReplacementNotAllowed:3"
2026-09-16T04:48:23.8145441+00:00,616901448,0.000000,185,1.000000,0.000000,0.045166,0.354905,SURVIVAL,SURVIVAL,NONE,H_t,allow_survival,phase=none;hMul=1.000;gMul=1.000;qMul=1.000;qAdd=0.000;rpiOff=0.000,1121,3204,"RacePacingRejected, RACE action=reject_survival:2400;RacePacingRejected, RACE action=reject_pacing:801;ReplacementNotAllowed:3"
2026-09-16T04:48:24.3138272+00:00,649757784,0.000000,168,1.000000,0.000000,0.041016,0.353535,SURVIVAL,SURVIVAL,NONE,H_t,reject_survival,phase=none;hMul=1.000;gMul=1.000;qMul=1.000;qAdd=0.000;rpiOff=0.000,1129,3270,"RacePacingRejected, RACE action=reject_survival:2466;RacePacingRejected, RACE action=reject_pacing:801;ReplacementNotAllowed:3"
2026-09-16T04:48:24.8145415+00:00,651162416,0.000000,176,1.000000,0.000000,0.042969,0.354180,SURVIVAL,SURVIVAL,NONE,H_t,reject_survival,phase=none;hMul=1.000;gMul=1.000;qMul=1.000;qAdd=0.000;rpiOff=0.000,1137,3338,"RacePacingRejected, RACE action=reject_survival:2533;RacePacingRejected, RACE action=reject_pacing:801;ReplacementNotAllowed:3"
2026-09-16T04:48:25.3144803+00:00,679129272,0.000000,165,1.000000,0.000000,0.040283,0.353293,SURVIVAL,SURVIVAL,NONE,H_t,reject_survival,phase=none;hMul=1.000;gMul=1.000;qMul=1.000;qAdd=0.000;rpiOff=0.000,1151,3398,"RacePacingRejected, RACE action=reject_survival:2594;RacePacingRejected, RACE action=reject_pacing:801;ReplacementNotAllowed:3"
2026-09-16T04:48:25.8146546+00:00,680490104,0.000000,177,1.000000,0.000000,0.043213,0.354260,SURVIVAL,SURVIVAL,NONE,H_t,reject_survival,phase=none;hMul=1.000;gMul=1.000;qMul=1.000;qAdd=0.000;rpiOff=0.000,1163,3462,"RacePacingRejected, RACE action=reject_survival:2658;RacePacingRejected, RACE action=reject_pacing:801;ReplacementNotAllowed:3"
2026-09-16T04:48:26.3138237+00:00,706905360,0.000000,165,1.000000,0.000000,0.040283,0.353293,SURVIVAL,SURVIVAL,NONE,H_t,reject_survival,phase=none;hMul=1.000;gMul=1.000;qMul=1.000;qAdd=0.000;rpiOff=0.000,1176,3524,"RacePacingRejected, RACE action=reject_survival:2720;RacePacingRejected, RACE action=reject_pacing:801;ReplacementNotAllowed:3"
2026-09-16T04:48:26.8141751+00:00,708308080,0.000000,172,1.000000,0.000000,0.041992,0.353857,SURVIVAL,SURVIVAL,NONE,H_t,reject_survival,phase=none;hMul=1.000;gMul=1.000;qMul=1.000;qAdd=0.000;rpiOff=0.000,1183,3592,"RacePacingRejected, RACE action=reject_survival:2787;RacePacingRejected, RACE action=reject_pacing:801;ReplacementNotAllowed:3"
2026-09-16T04:48:27.3138174+00:00,732218888,0.000000,155,1.000000,0.000000,0.037842,0.352488,SURVIVAL,SURVIVAL,NONE,H_t,reject_survival,phase=none;hMul=1.000;gMul=1.000;qMul=1.000;qAdd=0.000;rpiOff=0.000,1191,3658,"RacePacingRejected, RACE action=reject_survival:2854;RacePacingRejected, RACE action=reject_pacing:801;ReplacementNotAllowed:3"
2026-09-16T04:48:27.8147396+00:00,733564784,0.000000,167,1.000000,0.000000,0.040771,0.353455,SURVIVAL,SURVIVAL,NONE,H_t,reject_survival,phase=none;hMul=1.000;gMul=1.000;qMul=1.000;qAdd=0.000;rpiOff=0.000,1203,3722,"RacePacingRejected, RACE action=reject_survival:2918;RacePacingRejected, RACE action=reject_pacing:801;ReplacementNotAllowed:3"
2026-09-16T04:48:28.3141874+00:00,759532920,0.000000,152,1.000000,0.000000,0.037109,0.352246,SURVIVAL,SURVIVAL,NONE,H_t,reject_survival,phase=none;hMul=1.000;gMul=1.000;qMul=1.000;qAdd=0.000;rpiOff=0.000,1213,3786,"RacePacingRejected, RACE action=reject_survival:2982;RacePacingRejected, RACE action=reject_pacing:801;ReplacementNotAllowed:3"
2026-09-16T04:48:28.8141365+00:00,760853656,0.000000,164,1.000000,0.000000,0.040039,0.353213,SURVIVAL,SURVIVAL,NONE,H_t,reject_survival,phase=none;hMul=1.000;gMul=1.000;qMul=1.000;qAdd=0.000;rpiOff=0.000,1225,3849,"RacePacingRejected, RACE action=reject_survival:3045;RacePacingRejected, RACE action=reject_pacing:801;ReplacementNotAllowed:3"
2026-09-16T04:48:29.3139398+00:00,785055216,0.000000,156,1.000000,0.000000,0.038086,0.352568,SURVIVAL,SURVIVAL,NONE,H_t,reject_survival,phase=none;hMul=1.000;gMul=1.000;qMul=1.000;qAdd=0.000;rpiOff=0.000,1242,3907,"RacePacingRejected, RACE action=reject_survival:3103;RacePacingRejected, RACE action=reject_pacing:801;ReplacementNotAllowed:3"
2026-09-16T04:48:29.8139419+00:00,786394448,0.000000,166,1.000000,0.000000,0.040527,0.353374,SURVIVAL,SURVIVAL,NONE,H_t,reject_survival,phase=none;hMul=1.000;gMul=1.000;qMul=1.000;qAdd=0.000;rpiOff=0.000,1252,3972,"RacePacingRejected, RACE action=reject_survival:3168;RacePacingRejected, RACE action=reject_pacing:801;ReplacementNotAllowed:3"
2026-09-16T04:48:30.3144977+00:00,809910832,0.000000,148,1.000000,0.000000,0.036133,0.351924,SURVIVAL,SURVIVAL,NONE,H_t,reject_survival,phase=none;hMul=1.000;gMul=1.000;qMul=1.000;qAdd=0.000;rpiOff=0.000,1259,4041,"RacePacingRejected, RACE action=reject_survival:3237;RacePacingRejected, RACE action=reject_pacing:801;ReplacementNotAllowed:3"
2026-09-16T04:48:30.8139853+00:00,811189168,0.000000,166,1.000000,0.000000,0.040527,0.353374,SURVIVAL,SURVIVAL,NONE,H_t,reject_survival,phase=none;hMul=1.000;gMul=1.000;qMul=1.000;qAdd=0.000;rpiOff=0.000,1277,4097,"RacePacingRejected, RACE action=reject_survival:3293;RacePacingRejected, RACE action=reject_pacing:801;ReplacementNotAllowed:3"
2026-09-16T04:48:31.3142631+00:00,834401192,0.000000,154,1.000000,0.000000,0.037598,0.352407,SURVIVAL,SURVIVAL,NONE,H_t,allow_survival,phase=none;hMul=1.000;gMul=1.000;qMul=1.000;qAdd=0.000;rpiOff=0.000,1290,4159,"RacePacingRejected, RACE action=reject_survival:3355;RacePacingRejected, RACE action=reject_pacing:801;ReplacementNotAllowed:3"
2026-09-16T04:48:31.8138073+00:00,835749184,0.000000,167,1.000000,0.000000,0.040771,0.353455,SURVIVAL,SURVIVAL,NONE,H_t,reject_survival,phase=none;hMul=1.000;gMul=1.000;qMul=1.000;qAdd=0.000;rpiOff=0.000,1303,4221,"RacePacingRejected, RACE action=reject_survival:3417;RacePacingRejected, RACE action=reject_pacing:801;ReplacementNotAllowed:3"
2026-09-16T04:48:32.3145755+00:00,859109752,0.000000,160,1.000000,0.000000,0.039062,0.352891,SURVIVAL,SURVIVAL,NONE,H_t,reject_survival,phase=none;hMul=1.000;gMul=1.000;qMul=1.000;qAdd=0.000;rpiOff=0.000,1321,4278,"RacePacingRejected, RACE action=reject_survival:3474;RacePacingRejected, RACE action=reject_pacing:801;ReplacementNotAllowed:3"
2026-09-16T04:48:32.8138312+00:00,860436896,0.000000,174,1.000000,0.000000,0.042480,0.354019,SURVIVAL,SURVIVAL,NONE,H_t,reject_survival,phase=none;hMul=1.000;gMul=1.000;qMul=1.000;qAdd=0.000;rpiOff=0.000,1335,4339,"RacePacingRejected, RACE action=reject_survival:3535;RacePacingRejected, RACE action=reject_pacing:801;ReplacementNotAllowed:3"
2026-09-16T04:48:33.3145305+00:00,885206448,0.000000,162,1.000000,0.000000,0.039551,0.353052,SURVIVAL,SURVIVAL,NONE,H_t,reject_survival,phase=none;hMul=1.000;gMul=1.000;qMul=1.000;qAdd=0.000;rpiOff=0.000,1348,4402,"RacePacingRejected, RACE action=reject_survival:3598;RacePacingRejected, RACE action=reject_pacing:801;ReplacementNotAllowed:3"
2026-09-16T04:48:33.8142664+00:00,886550064,0.000000,174,1.000000,0.000000,0.042480,0.354019,SURVIVAL,SURVIVAL,NONE,H_t,reject_survival,phase=none;hMul=1.000;gMul=1.000;qMul=1.000;qAdd=0.000;rpiOff=0.000,1360,4464,"RacePacingRejected, RACE action=reject_survival:3660;RacePacingRejected, RACE action=reject_pacing:801;ReplacementNotAllowed:3"
2026-09-16T04:48:34.3138317+00:00,912455904,0.000000,161,1.000000,0.000000,0.039307,0.352971,SURVIVAL,SURVIVAL,NONE,H_t,reject_survival,phase=none;hMul=1.000;gMul=1.000;qMul=1.000;qAdd=0.000;rpiOff=0.000,1372,4528,"RacePacingRejected, RACE action=reject_survival:3724;RacePacingRejected, RACE action=reject_pacing:801;ReplacementNotAllowed:3"
2026-09-16T04:48:34.8139624+00:00,913815968,0.000000,172,1.000000,0.000000,0.041992,0.353857,SURVIVAL,SURVIVAL,NONE,H_t,reject_survival,phase=none;hMul=1.000;gMul=1.000;qMul=1.000;qAdd=0.000;rpiOff=0.000,1383,4591,"RacePacingRejected, RACE action=reject_survival:3787;RacePacingRejected, RACE action=reject_pacing:801;ReplacementNotAllowed:3"
2026-09-16T04:48:35.3140010+00:00,938373640,0.000000,155,1.000000,0.000000,0.037842,0.352488,SURVIVAL,SURVIVAL,NONE,H_t,reject_survival,phase=none;hMul=1.000;gMul=1.000;qMul=1.000;qAdd=0.000;rpiOff=0.000,1391,4658,"RacePacingRejected, RACE action=reject_survival:3854;RacePacingRejected, RACE action=reject_pacing:801;ReplacementNotAllowed:3"
2026-09-16T04:48:35.8138822+00:00,939759912,0.000000,166,1.000000,0.000000,0.040527,0.353374,SURVIVAL,SURVIVAL,NONE,H_t,reject_survival,phase=none;hMul=1.000;gMul=1.000;qMul=1.000;qAdd=0.000;rpiOff=0.000,1402,4722,"RacePacingRejected, RACE action=reject_survival:3918;RacePacingRejected, RACE action=reject_pacing:801;ReplacementNotAllowed:3"
2026-09-16T04:48:36.3145674+00:00,964454368,0.000000,160,1.000000,0.000000,0.039062,0.352891,SURVIVAL,SURVIVAL,NONE,H_t,allow_survival,phase=none;hMul=1.000;gMul=1.000;qMul=1.000;qAdd=0.000;rpiOff=0.000,1421,4779,"RacePacingRejected, RACE action=reject_survival:3975;RacePacingRejected, RACE action=reject_pacing:801;ReplacementNotAllowed:3"
2026-09-16T04:48:36.8141864+00:00,965813432,0.000000,168,1.000000,0.000000,0.041016,0.353535,SURVIVAL,SURVIVAL,NONE,H_t,reject_survival,phase=none;hMul=1.000;gMul=1.000;qMul=1.000;qAdd=0.000;rpiOff=0.000,1429,4845,"RacePacingRejected, RACE action=reject_survival:4041;RacePacingRejected, RACE action=reject_pacing:801;ReplacementNotAllowed:3"
2026-09-16T04:48:37.3137273+00:00,989805624,0.000000,151,1.000000,0.000000,0.036865,0.352166,SURVIVAL,SURVIVAL,NONE,H_t,reject_survival,phase=none;hMul=1.000;gMul=1.000;qMul=1.000;qAdd=0.000;rpiOff=0.000,1437,4912,"RacePacingRejected, RACE action=reject_survival:4108;RacePacingRejected, RACE action=reject_pacing:801;ReplacementNotAllowed:3"
2026-09-16T04:48:37.8138028+00:00,991165024,0.000000,162,1.000000,0.000000,0.039551,0.353052,SURVIVAL,SURVIVAL,NONE,H_t,reject_survival,phase=none;hMul=1.000;gMul=1.000;qMul=1.000;qAdd=0.000;rpiOff=0.000,1448,4976,"RacePacingRejected, RACE action=reject_survival:4172;RacePacingRejected, RACE action=reject_pacing:801;ReplacementNotAllowed:3"
2026-09-16T04:48:38.3142868+00:00,1016564968,0.000000,151,1.000000,0.000000,0.036865,0.352166,SURVIVAL,SURVIVAL,NONE,H_t,reject_survival,phase=none;hMul=1.000;gMul=1.000;qMul=1.000;qAdd=0.000;rpiOff=0.000,1462,5037,"RacePacingRejected, RACE action=reject_survival:4233;RacePacingRejected, RACE action=reject_pacing:801;ReplacementNotAllowed:3"
2026-09-16T04:48:38.8141071+00:00,1017900872,0.000000,161,1.000000,0.000000,0.039307,0.352971,SURVIVAL,SURVIVAL,NONE,H_t,reject_survival,phase=none;hMul=1.000;gMul=1.000;qMul=1.000;qAdd=0.000;rpiOff=0.000,1472,5102,"RacePacingRejected, RACE action=reject_survival:4298;RacePacingRejected, RACE action=reject_pacing:801;ReplacementNotAllowed:3"
2026-09-16T04:48:39.3138394+00:00,1046795960,0.000000,145,1.000000,0.000000,0.035400,0.351682,SURVIVAL,SURVIVAL,NONE,H_t,reject_survival,phase=none;hMul=1.000;gMul=1.000;qMul=1.000;qAdd=0.000;rpiOff=0.000,1481,5168,"RacePacingRejected, RACE action=reject_survival:4364;RacePacingRejected, RACE action=reject_pacing:801;ReplacementNotAllowed:3"
2026-09-16T04:48:39.8139215+00:00,1048171848,0.000000,151,1.000000,0.000000,0.036865,0.352166,SURVIVAL,SURVIVAL,NONE,H_t,reject_survival,phase=none;hMul=1.000;gMul=1.000;qMul=1.000;qAdd=0.000;rpiOff=0.000,1487,5238,"RacePacingRejected, RACE action=reject_survival:4434;RacePacingRejected, RACE action=reject_pacing:801;ReplacementNotAllowed:3"
2026-09-16T04:48:40.3140449+00:00,1074892168,0.000000,146,1.000000,0.000000,0.035645,0.351763,SURVIVAL,SURVIVAL,NONE,H_t,reject_survival,phase=none;hMul=1.000;gMul=1.000;qMul=1.000;qAdd=0.000;rpiOff=0.000,1507,5292,"RacePacingRejected, RACE action=reject_survival:4488;RacePacingRejected, RACE action=reject_pacing:801;ReplacementNotAllowed:3"
2026-09-16T04:48:40.8142454+00:00,1076219216,0.000000,155,1.000000,0.000000,0.037842,0.352488,SURVIVAL,SURVIVAL,NONE,H_t,reject_survival,phase=none;hMul=1.000;gMul=1.000;qMul=1.000;qAdd=0.000;rpiOff=0.000,1516,5359,"RacePacingRejected, RACE action=reject_survival:4555;RacePacingRejected, RACE action=reject_pacing:801;ReplacementNotAllowed:3"
2026-09-16T04:48:41.3138497+00:00,1101000656,0.000000,146,1.000000,0.000000,0.035645,0.351763,SURVIVAL,SURVIVAL,NONE,H_t,reject_survival,phase=none;hMul=1.000;gMul=1.000;qMul=1.000;qAdd=0.000;rpiOff=0.000,1532,5417,"RacePacingRejected, RACE action=reject_survival:4613;RacePacingRejected, RACE action=reject_pacing:801;ReplacementNotAllowed:3"
2026-09-16T04:48:41.8147704+00:00,1102310768,0.000000,156,1.000000,0.000000,0.038086,0.352568,SURVIVAL,SURVIVAL,NONE,H_t,reject_survival,phase=none;hMul=1.000;gMul=1.000;qMul=1.000;qAdd=0.000;rpiOff=0.000,1542,5482,"RacePacingRejected, RACE action=reject_survival:4678;RacePacingRejected, RACE action=reject_pacing:801;ReplacementNotAllowed:3"
2026-09-16T04:48:42.3144426+00:00,1127260464,0.000000,142,1.000000,0.000000,0.034668,0.351440,SURVIVAL,SURVIVAL,NONE,H_t,reject_survival,phase=none;hMul=1.000;gMul=1.000;qMul=1.000;qAdd=0.000;rpiOff=0.000,1553,5547,"RacePacingRejected, RACE action=reject_survival:4743;RacePacingRejected, RACE action=reject_pacing:801;ReplacementNotAllowed:3"
2026-09-16T04:48:42.8139031+00:00,1128571328,0.000000,149,1.000000,0.000000,0.036377,0.352004,SURVIVAL,SURVIVAL,NONE,H_t,reject_survival,phase=none;hMul=1.000;gMul=1.000;qMul=1.000;qAdd=0.000;rpiOff=0.000,1560,5614,"RacePacingRejected, RACE action=reject_survival:4810;RacePacingRejected, RACE action=reject_pacing:801;ReplacementNotAllowed:3"
2026-09-16T04:48:43.3144061+00:00,1153591544,0.000000,134,1.000000,0.000000,0.032715,0.350796,SURVIVAL,SURVIVAL,NONE,H_t,reject_survival,phase=none;hMul=1.000;gMul=1.000;qMul=1.000;qAdd=0.000;rpiOff=0.000,1570,5680,"RacePacingRejected, RACE action=reject_survival:4876;RacePacingRejected, RACE action=reject_pacing:801;ReplacementNotAllowed:3"
2026-09-16T04:48:43.8144188+00:00,1154868264,0.000000,145,1.000000,0.000000,0.035400,0.351682,SURVIVAL,SURVIVAL,NONE,H_t,reject_survival,phase=none;hMul=1.000;gMul=1.000;qMul=1.000;qAdd=0.000;rpiOff=0.000,1581,5743,"RacePacingRejected, RACE action=reject_survival:4939;RacePacingRejected, RACE action=reject_pacing:801;ReplacementNotAllowed:3"
2026-09-16T04:48:44.3142480+00:00,1179974680,0.000000,130,1.000000,0.000000,0.031738,0.350474,SURVIVAL,SURVIVAL,NONE,H_t,reject_survival,phase=none;hMul=1.000;gMul=1.000;qMul=1.000;qAdd=0.000;rpiOff=0.000,1591,5809,"RacePacingRejected, RACE action=reject_survival:5005;RacePacingRejected, RACE action=reject_pacing:801;ReplacementNotAllowed:3"
2026-09-16T04:48:44.8142430+00:00,1181260952,0.000000,141,1.000000,0.000000,0.034424,0.351360,SURVIVAL,SURVIVAL,NONE,H_t,reject_survival,phase=none;hMul=1.000;gMul=1.000;qMul=1.000;qAdd=0.000;rpiOff=0.000,1602,5873,"RacePacingRejected, RACE action=reject_survival:5069;RacePacingRejected, RACE action=reject_pacing:801;ReplacementNotAllowed:3"
2026-09-16T04:48:45.3145176+00:00,1206436496,0.000000,126,1.000000,0.000000,0.030762,0.350151,SURVIVAL,SURVIVAL,NONE,H_t,allow_survival,phase=none;hMul=1.000;gMul=1.000;qMul=1.000;qAdd=0.000;rpiOff=0.000,1612,5937,"RacePacingRejected, RACE action=reject_survival:5133;RacePacingRejected, RACE action=reject_pacing:801;ReplacementNotAllowed:3"
2026-09-16T04:48:45.8141629+00:00,1207722664,0.000000,135,1.000000,0.000000,0.032959,0.350876,SURVIVAL,SURVIVAL,NONE,H_t,reject_survival,phase=none;hMul=1.000;gMul=1.000;qMul=1.000;qAdd=0.000;rpiOff=0.000,1621,6004,"RacePacingRejected, RACE action=reject_survival:5200;RacePacingRejected, RACE action=reject_pacing:801;ReplacementNotAllowed:3"
2026-09-16T04:48:46.3147470+00:00,1233088080,0.000000,120,1.000000,0.000000,0.029297,0.349668,SURVIVAL,SURVIVAL,NONE,H_t,reject_survival,phase=none;hMul=1.000;gMul=1.000;qMul=1.000;qAdd=0.000;rpiOff=0.000,1631,6068,"RacePacingRejected, RACE action=reject_survival:5264;RacePacingRejected, RACE action=reject_pacing:801;ReplacementNotAllowed:3"
2026-09-16T04:48:46.8145401+00:00,1234333008,0.000000,133,1.000000,0.000000,0.032471,0.350715,SURVIVAL,SURVIVAL,NONE,H_t,reject_survival,phase=none;hMul=1.000;gMul=1.000;qMul=1.000;qAdd=0.000;rpiOff=0.000,1644,6131,"RacePacingRejected, RACE action=reject_survival:5327;RacePacingRejected, RACE action=reject_pacing:801;ReplacementNotAllowed:3"
2026-09-16T04:48:47.3138817+00:00,1261100104,0.000000,119,1.000000,0.000000,0.029053,0.349587,SURVIVAL,SURVIVAL,NONE,H_t,allow_survival,phase=none;hMul=1.000;gMul=1.000;qMul=1.000;qAdd=0.000;rpiOff=0.000,1655,6194,"RacePacingRejected, RACE action=reject_survival:5390;RacePacingRejected, RACE action=reject_pacing:801;ReplacementNotAllowed:3"
2026-09-16T04:48:47.8139065+00:00,1262402344,0.000000,126,1.000000,0.000000,0.030762,0.350151,SURVIVAL,SURVIVAL,NONE,H_t,allow_survival,phase=none;hMul=1.000;gMul=1.000;qMul=1.000;qAdd=0.000;rpiOff=0.000,1662,6262,"RacePacingRejected, RACE action=reject_survival:5458;RacePacingRejected, RACE action=reject_pacing:801;ReplacementNotAllowed:3"
2026-09-16T04:48:48.3139533+00:00,1288717456,0.000000,115,1.000000,0.000000,0.028076,0.349265,SURVIVAL,SURVIVAL,NONE,H_t,reject_survival,phase=none;hMul=1.000;gMul=1.000;qMul=1.000;qAdd=0.000;rpiOff=0.000,1676,6323,"RacePacingRejected, RACE action=reject_survival:5519;RacePacingRejected, RACE action=reject_pacing:801;ReplacementNotAllowed:3"
2026-09-16T04:48:48.8137584+00:00,1289970880,0.000000,131,1.000000,0.000000,0.031982,0.350554,SURVIVAL,SURVIVAL,NONE,H_t,reject_survival,phase=none;hMul=1.000;gMul=1.000;qMul=1.000;qAdd=0.000;rpiOff=0.000,1692,6383,"RacePacingRejected, RACE action=reject_survival:5579;RacePacingRejected, RACE action=reject_pacing:801;ReplacementNotAllowed:3"
2026-09-16T04:48:49.3140301+00:00,1315966896,0.000000,115,1.000000,0.000000,0.028076,0.349265,SURVIVAL,SURVIVAL,NONE,H_t,reject_survival,phase=none;hMul=1.000;gMul=1.000;qMul=1.000;qAdd=0.000;rpiOff=0.000,1701,6448,"RacePacingRejected, RACE action=reject_survival:5644;RacePacingRejected, RACE action=reject_pacing:801;ReplacementNotAllowed:3"
2026-09-16T04:48:49.8144321+00:00,1317269816,0.000000,125,1.000000,0.000000,0.030518,0.350071,SURVIVAL,SURVIVAL,NONE,H_t,allow_survival,phase=none;hMul=1.000;gMul=1.000;qMul=1.000;qAdd=0.000;rpiOff=0.000,1711,6513,"RacePacingRejected, RACE action=reject_survival:5709;RacePacingRejected, RACE action=reject_pacing:801;ReplacementNotAllowed:3"
2026-09-16T04:48:50.3138331+00:00,1344846640,0.000000,110,1.000000,0.000000,0.026855,0.348862,SURVIVAL,SURVIVAL,NONE,H_t,reject_survival,phase=none;hMul=1.000;gMul=1.000;qMul=1.000;qAdd=0.000;rpiOff=0.000,1721,6578,"RacePacingRejected, RACE action=reject_survival:5774;RacePacingRejected, RACE action=reject_pacing:801;ReplacementNotAllowed:3"
2026-09-16T04:48:50.8139537+00:00,1346157360,0.000000,119,1.000000,0.000000,0.029053,0.349587,SURVIVAL,SURVIVAL,NONE,H_t,reject_survival,phase=none;hMul=1.000;gMul=1.000;qMul=1.000;qAdd=0.000;rpiOff=0.000,1730,6645,"RacePacingRejected, RACE action=reject_survival:5841;RacePacingRejected, RACE action=reject_pacing:801;ReplacementNotAllowed:3"
2026-09-16T04:48:51.3147767+00:00,1375717352,0.000000,110,1.000000,0.000000,0.026855,0.348862,SURVIVAL,SURVIVAL,NONE,H_t,reject_survival,phase=none;hMul=1.000;gMul=1.000;qMul=1.000;qAdd=0.000;rpiOff=0.000,1746,6703,"RacePacingRejected, RACE action=reject_survival:5899;RacePacingRejected, RACE action=reject_pacing:801;ReplacementNotAllowed:3"
2026-09-16T04:48:51.8146809+00:00,1376994920,0.000000,121,1.000000,0.000000,0.029541,0.349749,SURVIVAL,SURVIVAL,NONE,H_t,reject_survival,phase=none;hMul=1.000;gMul=1.000;qMul=1.000;qAdd=0.000;rpiOff=0.000,1757,6767,"RacePacingRejected, RACE action=reject_survival:5963;RacePacingRejected, RACE action=reject_pacing:801;ReplacementNotAllowed:3"
2026-09-16T04:48:52.3140991+00:00,1413360816,0.000000,106,1.000000,0.000000,0.025879,0.348540,SURVIVAL,SURVIVAL,NONE,H_t,reject_survival,phase=none;hMul=1.000;gMul=1.000;qMul=1.000;qAdd=0.000;rpiOff=0.000,1767,6832,"RacePacingRejected, RACE action=reject_survival:6028;RacePacingRejected, RACE action=reject_pacing:801;ReplacementNotAllowed:3"
2026-09-16T04:48:52.8147664+00:00,1414660592,0.000000,114,1.000000,0.000000,0.027832,0.349185,SURVIVAL,SURVIVAL,NONE,H_t,reject_survival,phase=none;hMul=1.000;gMul=1.000;qMul=1.000;qAdd=0.000;rpiOff=0.000,1775,6900,"RacePacingRejected, RACE action=reject_survival:6096;RacePacingRejected, RACE action=reject_pacing:801;ReplacementNotAllowed:3"
2026-09-16T04:48:53.3146982+00:00,1447538984,0.000000,105,1.000000,0.000000,0.025635,0.348459,SURVIVAL,SURVIVAL,NONE,H_t,reject_survival,phase=none;hMul=1.000;gMul=1.000;qMul=1.000;qAdd=0.000;rpiOff=0.000,1791,6959,"RacePacingRejected, RACE action=reject_survival:6155;RacePacingRejected, RACE action=reject_pacing:801;ReplacementNotAllowed:3"
2026-09-16T04:48:53.8147608+00:00,1448808840,0.000000,114,1.000000,0.000000,0.027832,0.349185,SURVIVAL,SURVIVAL,NONE,H_t,allow_survival,phase=none;hMul=1.000;gMul=1.000;qMul=1.000;qAdd=0.000;rpiOff=0.000,1800,7025,"RacePacingRejected, RACE action=reject_survival:6221;RacePacingRejected, RACE action=reject_pacing:801;ReplacementNotAllowed:3"
2026-09-16T04:48:54.3140222+00:00,1487368192,0.000000,102,1.000000,0.000000,0.024902,0.348218,SURVIVAL,SURVIVAL,NONE,H_t,allow_survival,phase=none;hMul=1.000;gMul=1.000;qMul=1.000;qAdd=0.000;rpiOff=0.000,1813,7086,"RacePacingRejected, RACE action=reject_survival:6282;RacePacingRejected, RACE action=reject_pacing:801;ReplacementNotAllowed:3"
2026-09-16T04:48:54.8139296+00:00,1488646016,0.000000,112,1.000000,0.000000,0.027344,0.349023,SURVIVAL,SURVIVAL,NONE,H_t,reject_survival,phase=none;hMul=1.000;gMul=1.000;qMul=1.000;qAdd=0.000;rpiOff=0.000,1823,7152,"RacePacingRejected, RACE action=reject_survival:6348;RacePacingRejected, RACE action=reject_pacing:801;ReplacementNotAllowed:3"
2026-09-16T04:48:55.3140663+00:00,1529024000,0.000000,102,1.000000,0.000000,0.024902,0.348218,SURVIVAL,SURVIVAL,NONE,H_t,reject_survival,phase=none;hMul=1.000;gMul=1.000;qMul=1.000;qAdd=0.000;rpiOff=0.000,1838,7212,"RacePacingRejected, RACE action=reject_survival:6408;RacePacingRejected, RACE action=reject_pacing:801;ReplacementNotAllowed:3"
2026-09-16T04:48:55.8141667+00:00,1530245488,0.000000,112,1.000000,0.000000,0.027344,0.349023,SURVIVAL,SURVIVAL,NONE,H_t,reject_survival,phase=none;hMul=1.000;gMul=1.000;qMul=1.000;qAdd=0.000;rpiOff=0.000,1848,7276,"RacePacingRejected, RACE action=reject_survival:6472;RacePacingRejected, RACE action=reject_pacing:801;ReplacementNotAllowed:3"
2026-09-16T04:48:56.3141691+00:00,1577121144,0.000000,95,1.000000,0.000000,0.023193,0.347654,SURVIVAL,SURVIVAL,NONE,H_t,reject_survival,phase=none;hMul=1.000;gMul=1.000;qMul=1.000;qAdd=0.000;rpiOff=0.000,1856,7343,"RacePacingRejected, RACE action=reject_survival:6539;RacePacingRejected, RACE action=reject_pacing:801;ReplacementNotAllowed:3"
2026-09-16T04:48:56.8147498+00:00,1578349320,0.000000,106,1.000000,0.000000,0.025879,0.348540,SURVIVAL,SURVIVAL,NONE,H_t,reject_survival,phase=none;hMul=1.000;gMul=1.000;qMul=1.000;qAdd=0.000;rpiOff=0.000,1867,7408,"RacePacingRejected, RACE action=reject_survival:6604;RacePacingRejected, RACE action=reject_pacing:801;ReplacementNotAllowed:3"
2026-09-16T04:48:57.3142586+00:00,1623512272,0.000000,88,1.000000,0.000000,0.021484,0.347090,SURVIVAL,SURVIVAL,NONE,H_t,reject_survival,phase=none;hMul=1.000;gMul=1.000;qMul=1.000;qAdd=0.000;rpiOff=0.000,1874,7458,"RacePacingRejected, RACE action=reject_survival:6654;RacePacingRejected, RACE action=reject_pacing:801;ReplacementNotAllowed:3"
2026-09-16T04:48:57.8146672+00:00,1623643088,0.000000,88,1.000000,0.000000,0.021484,0.347090,SURVIVAL,SURVIVAL,NONE,H_t,reject_survival,phase=none;hMul=1.000;gMul=1.000;qMul=1.000;qAdd=0.000;rpiOff=0.000,1874,7458,"RacePacingRejected, RACE action=reject_survival:6654;RacePacingRejected, RACE action=reject_pacing:801;ReplacementNotAllowed:3"
2026-09-16T04:48:58.3146233+00:00,1664111048,0.000000,63,1.000000,0.000000,0.015381,0.345076,SURVIVAL,SURVIVAL,NONE,H_t,reject_survival,phase=none;hMul=1.000;gMul=1.000;qMul=1.000;qAdd=0.000;rpiOff=0.000,1874,7458,"RacePacingRejected, RACE action=reject_survival:6654;RacePacingRejected, RACE action=reject_pacing:801;ReplacementNotAllowed:3"
2026-09-16T04:48:58.8140384+00:00,1664216936,0.000000,63,1.000000,0.000000,0.015381,0.345076,SURVIVAL,SURVIVAL,NONE,H_t,reject_survival,phase=none;hMul=1.000;gMul=1.000;qMul=1.000;qAdd=0.000;rpiOff=0.000,1874,7458,"RacePacingRejected, RACE action=reject_survival:6654;RacePacingRejected, RACE action=reject_pacing:801;ReplacementNotAllowed:3"
2026-09-16T04:48:59.3145050+00:00,1697047848,0.000000,38,1.000000,0.000000,0.009277,0.343062,SURVIVAL,SURVIVAL,NONE,H_t,reject_survival,phase=none;hMul=1.000;gMul=1.000;qMul=1.000;qAdd=0.000;rpiOff=0.000,1874,7458,"RacePacingRejected, RACE action=reject_survival:6654;RacePacingRejected, RACE action=reject_pacing:801;ReplacementNotAllowed:3"
2026-09-16T04:48:59.8149046+00:00,1697146280,0.000000,38,1.000000,0.000000,0.009277,0.343062,SURVIVAL,SURVIVAL,NONE,H_t,reject_survival,phase=none;hMul=1.000;gMul=1.000;qMul=1.000;qAdd=0.000;rpiOff=0.000,1874,7458,"RacePacingRejected, RACE action=reject_survival:6654;RacePacingRejected, RACE action=reject_pacing:801;ReplacementNotAllowed:3"
2026-09-16T04:49:00.3144643+00:00,1724954792,0.000000,13,1.000000,0.000000,0.003174,0.341047,SURVIVAL,SURVIVAL,NONE,H_t,reject_survival,phase=none;hMul=1.000;gMul=1.000;qMul=1.000;qAdd=0.000;rpiOff=0.000,1874,7458,"RacePacingRejected, RACE action=reject_survival:6654;RacePacingRejected, RACE action=reject_pacing:801;ReplacementNotAllowed:3"
2026-09-16T04:49:00.8139764+00:00,1725028336,0.000000,13,1.000000,0.000000,0.003174,0.341047,SURVIVAL,SURVIVAL,NONE,H_t,reject_survival,phase=none;hMul=1.000;gMul=1.000;qMul=1.000;qAdd=0.000;rpiOff=0.000,1874,7458,"RacePacingRejected, RACE action=reject_survival:6654;RacePacingRejected, RACE action=reject_pacing:801;ReplacementNotAllowed:3"
2026-09-16T04:49:01.3138271+00:00,1738620960,0.000000,0,1.000000,0.000000,0.000000,0.340000,SURVIVAL,SURVIVAL,NONE,H_t,reject_survival,phase=none;hMul=1.000;gMul=1.000;qMul=1.000;qAdd=0.000;rpiOff=0.000,1874,7458,"RacePacingRejected, RACE action=reject_survival:6654;RacePacingRejected, RACE action=reject_pacing:801;ReplacementNotAllowed:3"
2026-09-16T04:49:01.8141413+00:00,1738653600,0.000000,0,1.000000,0.000000,0.000000,0.340000,SURVIVAL,SURVIVAL,NONE,H_t,reject_survival,phase=none;hMul=1.000;gMul=1.000;qMul=1.000;qAdd=0.000;rpiOff=0.000,1874,7458,"RacePacingRejected, RACE action=reject_survival:6654;RacePacingRejected, RACE action=reject_pacing:801;ReplacementNotAllowed:3"
2026-09-16T04:49:02.3139660+00:00,1738743808,0.000000,0,1.000000,0.000000,0.000000,0.340000,SURVIVAL,SURVIVAL,NONE,H_t,reject_survival,phase=none;hMul=1.000;gMul=1.000;qMul=1.000;qAdd=0.000;rpiOff=0.000,1874,7458,"RacePacingRejected, RACE action=reject_survival:6654;RacePacingRejected, RACE action=reject_pacing:801;ReplacementNotAllowed:3"
2026-09-16T04:49:02.8143718+00:00,1738743808,0.000000,0,1.000000,0.000000,0.000000,0.340000,SURVIVAL,SURVIVAL,NONE,H_t,reject_survival,phase=none;hMul=1.000;gMul=1.000;qMul=1.000;qAdd=0.000;rpiOff=0.000,1874,7458,"RacePacingRejected, RACE action=reject_survival:6654;RacePacingRejected, RACE action=reject_pacing:801;ReplacementNotAllowed:3"
2026-09-16T04:49:03.3141627+00:00,1739251952,0.000000,0,1.000000,0.000000,0.000000,0.340000,SURVIVAL,SURVIVAL,NONE,H_t,reject_survival,phase=none;hMul=1.000;gMul=1.000;qMul=1.000;qAdd=0.000;rpiOff=0.000,1874,7458,"RacePacingRejected, RACE action=reject_survival:6654;RacePacingRejected, RACE action=reject_pacing:801;ReplacementNotAllowed:3"
2026-09-16T04:49:03.8146876+00:00,1739251952,0.000000,0,1.000000,0.000000,0.000000,0.340000,SURVIVAL,SURVIVAL,NONE,H_t,reject_survival,phase=none;hMul=1.000;gMul=1.000;qMul=1.000;qAdd=0.000;rpiOff=0.000,1874,7458,"RacePacingRejected, RACE action=reject_survival:6654;RacePacingRejected, RACE action=reject_pacing:801;ReplacementNotAllowed:3"
2026-09-16T04:49:04.3141925+00:00,1739301040,0.000000,0,1.000000,0.000000,0.000000,0.340000,SURVIVAL,SURVIVAL,NONE,H_t,reject_survival,phase=none;hMul=1.000;gMul=1.000;qMul=1.000;qAdd=0.000;rpiOff=0.000,1874,7458,"RacePacingRejected, RACE action=reject_survival:6654;RacePacingRejected, RACE action=reject_pacing:801;ReplacementNotAllowed:3"
2026-09-16T04:49:04.8146845+00:00,1739301040,0.000000,0,1.000000,0.000000,0.000000,0.340000,SURVIVAL,SURVIVAL,NONE,H_t,reject_survival,phase=none;hMul=1.000;gMul=1.000;qMul=1.000;qAdd=0.000;rpiOff=0.000,1874,7458,"RacePacingRejected, RACE action=reject_survival:6654;RacePacingRejected, RACE action=reject_pacing:801;ReplacementNotAllowed:3"
2026-09-16T04:49:05.3141405+00:00,1739374752,0.000000,0,1.000000,0.000000,0.000000,0.340000,SURVIVAL,SURVIVAL,NONE,H_t,reject_survival,phase=none;hMul=1.000;gMul=1.000;qMul=1.000;qAdd=0.000;rpiOff=0.000,1874,7458,"RacePacingRejected, RACE action=reject_survival:6654;RacePacingRejected, RACE action=reject_pacing:801;ReplacementNotAllowed:3"
2026-09-16T04:49:05.8145790+00:00,1739382976,0.000000,0,1.000000,0.000000,0.000000,0.340000,SURVIVAL,SURVIVAL,NONE,H_t,reject_survival,phase=none;hMul=1.000;gMul=1.000;qMul=1.000;qAdd=0.000;rpiOff=0.000,1874,7458,"RacePacingRejected, RACE action=reject_survival:6654;RacePacingRejected, RACE action=reject_pacing:801;ReplacementNotAllowed:3"
2026-09-16T04:49:06.3143267+00:00,1739423840,0.000000,0,1.000000,0.000000,0.000000,0.340000,SURVIVAL,SURVIVAL,NONE,H_t,reject_survival,phase=none;hMul=1.000;gMul=1.000;qMul=1.000;qAdd=0.000;rpiOff=0.000,1874,7458,"RacePacingRejected, RACE action=reject_survival:6654;RacePacingRejected, RACE action=reject_pacing:801;ReplacementNotAllowed:3"
2026-09-16T04:49:06.8138395+00:00,1739432064,0.000000,0,1.000000,0.000000,0.000000,0.340000,SURVIVAL,SURVIVAL,NONE,H_t,reject_survival,phase=none;hMul=1.000;gMul=1.000;qMul=1.000;qAdd=0.000;rpiOff=0.000,1874,7458,"RacePacingRejected, RACE action=reject_survival:6654;RacePacingRejected, RACE action=reject_pacing:801;ReplacementNotAllowed:3"
2026-09-16T04:49:07.3143886+00:00,1739497600,0.000000,0,1.000000,0.000000,0.000000,0.340000,SURVIVAL,SURVIVAL,NONE,H_t,reject_survival,phase=none;hMul=1.000;gMul=1.000;qMul=1.000;qAdd=0.000;rpiOff=0.000,1874,7458,"RacePacingRejected, RACE action=reject_survival:6654;RacePacingRejected, RACE action=reject_pacing:801;ReplacementNotAllowed:3"
2026-09-16T04:49:07.8147766+00:00,1739505824,0.000000,0,1.000000,0.000000,0.000000,0.340000,SURVIVAL,SURVIVAL,NONE,H_t,reject_survival,phase=none;hMul=1.000;gMul=1.000;qMul=1.000;qAdd=0.000;rpiOff=0.000,1874,7458,"RacePacingRejected, RACE action=reject_survival:6654;RacePacingRejected, RACE action=reject_pacing:801;ReplacementNotAllowed:3"
2026-09-16T04:49:08.3146732+00:00,1739546688,0.000000,0,1.000000,0.000000,0.000000,0.340000,SURVIVAL,SURVIVAL,NONE,H_t,reject_survival,phase=none;hMul=1.000;gMul=1.000;qMul=1.000;qAdd=0.000;rpiOff=0.000,1874,7458,"RacePacingRejected, RACE action=reject_survival:6654;RacePacingRejected, RACE action=reject_pacing:801;ReplacementNotAllowed:3"
2026-09-16T04:49:08.8141616+00:00,1739546688,0.000000,0,1.000000,0.000000,0.000000,0.340000,SURVIVAL,SURVIVAL,NONE,H_t,reject_survival,phase=none;hMul=1.000;gMul=1.000;qMul=1.000;qAdd=0.000;rpiOff=0.000,1874,7458,"RacePacingRejected, RACE action=reject_survival:6654;RacePacingRejected, RACE action=reject_pacing:801;ReplacementNotAllowed:3"
2026-09-16T04:49:09.3147896+00:00,1739620448,0.000000,0,1.000000,0.000000,0.000000,0.340000,SURVIVAL,SURVIVAL,NONE,H_t,reject_survival,phase=none;hMul=1.000;gMul=1.000;qMul=1.000;qAdd=0.000;rpiOff=0.000,1874,7458,"RacePacingRejected, RACE action=reject_survival:6654;RacePacingRejected, RACE action=reject_pacing:801;ReplacementNotAllowed:3"
2026-09-16T04:49:09.8142781+00:00,1739620448,0.000000,0,1.000000,0.000000,0.000000,0.340000,SURVIVAL,SURVIVAL,NONE,H_t,reject_survival,phase=none;hMul=1.000;gMul=1.000;qMul=1.000;qAdd=0.000;rpiOff=0.000,1874,7458,"RacePacingRejected, RACE action=reject_survival:6654;RacePacingRejected, RACE action=reject_pacing:801;ReplacementNotAllowed:3"
2026-09-16T04:49:10.3147353+00:00,1739669792,0.000000,0,1.000000,0.000000,0.000000,0.340000,SURVIVAL,SURVIVAL,NONE,H_t,reject_survival,phase=none;hMul=1.000;gMul=1.000;qMul=1.000;qAdd=0.000;rpiOff=0.000,1874,7458,"RacePacingRejected, RACE action=reject_survival:6654;RacePacingRejected, RACE action=reject_pacing:801;ReplacementNotAllowed:3"
2026-09-16T04:49:10.8140007+00:00,1739669792,0.000000,0,1.000000,0.000000,0.000000,0.340000,SURVIVAL,SURVIVAL,NONE,H_t,reject_survival,phase=none;hMul=1.000;gMul=1.000;qMul=1.000;qAdd=0.000;rpiOff=0.000,1874,7458,"RacePacingRejected, RACE action=reject_survival:6654;RacePacingRejected, RACE action=reject_pacing:801;ReplacementNotAllowed:3"
2026-09-16T04:49:11.3142887+00:00,1740103616,0.000000,0,1.000000,0.000000,0.000000,0.340000,SURVIVAL,SURVIVAL,NONE,H_t,reject_survival,phase=none;hMul=1.000;gMul=1.000;qMul=1.000;qAdd=0.000;rpiOff=0.000,1874,7458,"RacePacingRejected, RACE action=reject_survival:6654;RacePacingRejected, RACE action=reject_pacing:801;ReplacementNotAllowed:3"
2026-09-16T04:49:11.8146790+00:00,1740111840,0.000000,0,1.000000,0.000000,0.000000,0.340000,SURVIVAL,SURVIVAL,NONE,H_t,reject_survival,phase=none;hMul=1.000;gMul=1.000;qMul=1.000;qAdd=0.000;rpiOff=0.000,1874,7458,"RacePacingRejected, RACE action=reject_survival:6654;RacePacingRejected, RACE action=reject_pacing:801;ReplacementNotAllowed:3"
2026-09-16T04:49:12.3143776+00:00,1740152960,0.000000,0,1.000000,0.000000,0.000000,0.340000,SURVIVAL,SURVIVAL,NONE,H_t,reject_survival,phase=none;hMul=1.000;gMul=1.000;qMul=1.000;qAdd=0.000;rpiOff=0.000,1874,7458,"RacePacingRejected, RACE action=reject_survival:6654;RacePacingRejected, RACE action=reject_pacing:801;ReplacementNotAllowed:3"
2026-09-16T04:49:12.8138521+00:00,1740161184,0.000000,0,1.000000,0.000000,0.000000,0.340000,SURVIVAL,SURVIVAL,NONE,H_t,reject_survival,phase=none;hMul=1.000;gMul=1.000;qMul=1.000;qAdd=0.000;rpiOff=0.000,1874,7458,"RacePacingRejected, RACE action=reject_survival:6654;RacePacingRejected, RACE action=reject_pacing:801;ReplacementNotAllowed:3"
2026-09-16T04:49:13.3143132+00:00,1740226720,0.000000,0,1.000000,0.000000,0.000000,0.340000,SURVIVAL,SURVIVAL,NONE,H_t,reject_survival,phase=none;hMul=1.000;gMul=1.000;qMul=1.000;qAdd=0.000;rpiOff=0.000,1874,7458,"RacePacingRejected, RACE action=reject_survival:6654;RacePacingRejected, RACE action=reject_pacing:801;ReplacementNotAllowed:3"
2026-09-16T04:49:13.8148078+00:00,1740226720,0.000000,0,1.000000,0.000000,0.000000,0.340000,SURVIVAL,SURVIVAL,NONE,H_t,reject_survival,phase=none;hMul=1.000;gMul=1.000;qMul=1.000;qAdd=0.000;rpiOff=0.000,1874,7458,"RacePacingRejected, RACE action=reject_survival:6654;RacePacingRejected, RACE action=reject_pacing:801;ReplacementNotAllowed:3"
2026-09-16T04:49:14.3143705+00:00,1740291744,0.000000,0,1.000000,0.000000,0.000000,0.340000,SURVIVAL,SURVIVAL,NONE,H_t,reject_survival,phase=none;hMul=1.000;gMul=1.000;qMul=1.000;qAdd=0.000;rpiOff=0.000,1874,7458,"RacePacingRejected, RACE action=reject_survival:6654;RacePacingRejected, RACE action=reject_pacing:801;ReplacementNotAllowed:3"
2026-09-16T04:49:14.8138186+00:00,1740291744,0.000000,0,1.000000,0.000000,0.000000,0.340000,SURVIVAL,SURVIVAL,NONE,H_t,reject_survival,phase=none;hMul=1.000;gMul=1.000;qMul=1.000;qAdd=0.000;rpiOff=0.000,1874,7458,"RacePacingRejected, RACE action=reject_survival:6654;RacePacingRejected, RACE action=reject_pacing:801;ReplacementNotAllowed:3"
2026-09-16T04:49:15.3144397+00:00,1740365760,0.000000,0,1.000000,0.000000,0.000000,0.340000,SURVIVAL,SURVIVAL,NONE,H_t,reject_survival,phase=none;hMul=1.000;gMul=1.000;qMul=1.000;qAdd=0.000;rpiOff=0.000,1874,7458,"RacePacingRejected, RACE action=reject_survival:6654;RacePacingRejected, RACE action=reject_pacing:801;ReplacementNotAllowed:3"
2026-09-16T04:49:15.8147011+00:00,1740373984,0.000000,0,1.000000,0.000000,0.000000,0.340000,SURVIVAL,SURVIVAL,NONE,H_t,reject_survival,phase=none;hMul=1.000;gMul=1.000;qMul=1.000;qAdd=0.000;rpiOff=0.000,1874,7458,"RacePacingRejected, RACE action=reject_survival:6654;RacePacingRejected, RACE action=reject_pacing:801;ReplacementNotAllowed:3"
2026-09-16T04:49:16.3144367+00:00,1740423328,0.000000,0,1.000000,0.000000,0.000000,0.340000,SURVIVAL,SURVIVAL,NONE,H_t,reject_survival,phase=none;hMul=1.000;gMul=1.000;qMul=1.000;qAdd=0.000;rpiOff=0.000,1874,7458,"RacePacingRejected, RACE action=reject_survival:6654;RacePacingRejected, RACE action=reject_pacing:801;ReplacementNotAllowed:3"
2026-09-16T04:49:16.8142548+00:00,1740423328,0.000000,0,1.000000,0.000000,0.000000,0.340000,SURVIVAL,SURVIVAL,NONE,H_t,reject_survival,phase=none;hMul=1.000;gMul=1.000;qMul=1.000;qAdd=0.000;rpiOff=0.000,1874,7458,"RacePacingRejected, RACE action=reject_survival:6654;RacePacingRejected, RACE action=reject_pacing:801;ReplacementNotAllowed:3"
2026-09-16T04:49:17.3141648+00:00,1740497088,0.000000,0,1.000000,0.000000,0.000000,0.340000,SURVIVAL,SURVIVAL,NONE,H_t,reject_survival,phase=none;hMul=1.000;gMul=1.000;qMul=1.000;qAdd=0.000;rpiOff=0.000,1874,7458,"RacePacingRejected, RACE action=reject_survival:6654;RacePacingRejected, RACE action=reject_pacing:801;ReplacementNotAllowed:3"
2026-09-16T04:49:17.8145852+00:00,1740497088,0.000000,0,1.000000,0.000000,0.000000,0.340000,SURVIVAL,SURVIVAL,NONE,H_t,reject_survival,phase=none;hMul=1.000;gMul=1.000;qMul=1.000;qAdd=0.000;rpiOff=0.000,1874,7458,"RacePacingRejected, RACE action=reject_survival:6654;RacePacingRejected, RACE action=reject_pacing:801;ReplacementNotAllowed:3"
2026-09-16T04:49:18.3146375+00:00,1740554400,0.000000,0,1.000000,0.000000,0.000000,0.340000,SURVIVAL,SURVIVAL,NONE,H_t,reject_survival,phase=none;hMul=1.000;gMul=1.000;qMul=1.000;qAdd=0.000;rpiOff=0.000,1874,7458,"RacePacingRejected, RACE action=reject_survival:6654;RacePacingRejected, RACE action=reject_pacing:801;ReplacementNotAllowed:3"
2026-09-16T04:49:18.8141879+00:00,1740554400,0.000000,0,1.000000,0.000000,0.000000,0.340000,SURVIVAL,SURVIVAL,NONE,H_t,reject_survival,phase=none;hMul=1.000;gMul=1.000;qMul=1.000;qAdd=0.000;rpiOff=0.000,1874,7458,"RacePacingRejected, RACE action=reject_survival:6654;RacePacingRejected, RACE action=reject_pacing:801;ReplacementNotAllowed:3"
2026-09-16T04:49:19.3146580+00:00,1740628160,0.000000,0,1.000000,0.000000,0.000000,0.340000,SURVIVAL,SURVIVAL,NONE,H_t,reject_survival,phase=none;hMul=1.000;gMul=1.000;qMul=1.000;qAdd=0.000;rpiOff=0.000,1874,7458,"RacePacingRejected, RACE action=reject_survival:6654;RacePacingRejected, RACE action=reject_pacing:801;ReplacementNotAllowed:3"
2026-09-16T04:49:19.8140991+00:00,1740636384,0.000000,0,1.000000,0.000000,0.000000,0.340000,SURVIVAL,SURVIVAL,NONE,H_t,reject_survival,phase=none;hMul=1.000;gMul=1.000;qMul=1.000;qAdd=0.000;rpiOff=0.000,1874,7458,"RacePacingRejected, RACE action=reject_survival:6654;RacePacingRejected, RACE action=reject_pacing:801;ReplacementNotAllowed:3"
2026-09-16T04:49:20.3138141+00:00,1740677248,0.000000,0,1.000000,0.000000,0.000000,0.340000,SURVIVAL,SURVIVAL,NONE,H_t,reject_survival,phase=none;hMul=1.000;gMul=1.000;qMul=1.000;qAdd=0.000;rpiOff=0.000,1874,7458,"RacePacingRejected, RACE action=reject_survival:6654;RacePacingRejected, RACE action=reject_pacing:801;ReplacementNotAllowed:3"
2026-09-16T04:49:20.8142605+00:00,1740677248,0.000000,0,1.000000,0.000000,0.000000,0.340000,SURVIVAL,SURVIVAL,NONE,H_t,reject_survival,phase=none;hMul=1.000;gMul=1.000;qMul=1.000;qAdd=0.000;rpiOff=0.000,1874,7458,"RacePacingRejected, RACE action=reject_survival:6654;RacePacingRejected, RACE action=reject_pacing:801;ReplacementNotAllowed:3"
2026-09-16T04:49:21.3138681+00:00,1740759232,0.000000,0,1.000000,0.000000,0.000000,0.340000,SURVIVAL,SURVIVAL,NONE,H_t,reject_survival,phase=none;hMul=1.000;gMul=1.000;qMul=1.000;qAdd=0.000;rpiOff=0.000,1874,7458,"RacePacingRejected, RACE action=reject_survival:6654;RacePacingRejected, RACE action=reject_pacing:801;ReplacementNotAllowed:3"
2026-09-16T04:49:21.8143189+00:00,1740767416,0.000000,0,1.000000,0.000000,0.000000,0.340000,SURVIVAL,SURVIVAL,NONE,H_t,reject_survival,phase=none;hMul=1.000;gMul=1.000;qMul=1.000;qAdd=0.000;rpiOff=0.000,1874,7458,"RacePacingRejected, RACE action=reject_survival:6654;RacePacingRejected, RACE action=reject_pacing:801;ReplacementNotAllowed:3"
2026-09-16T04:49:22.3139651+00:00,1740816440,0.000000,0,1.000000,0.000000,0.000000,0.340000,SURVIVAL,SURVIVAL,NONE,H_t,reject_survival,phase=none;hMul=1.000;gMul=1.000;qMul=1.000;qAdd=0.000;rpiOff=0.000,1874,7458,"RacePacingRejected, RACE action=reject_survival:6654;RacePacingRejected, RACE action=reject_pacing:801;ReplacementNotAllowed:3"
2026-09-16T04:49:22.8142453+00:00,1740824664,0.000000,0,1.000000,0.000000,0.000000,0.340000,SURVIVAL,SURVIVAL,NONE,H_t,reject_survival,phase=none;hMul=1.000;gMul=1.000;qMul=1.000;qAdd=0.000;rpiOff=0.000,1874,7458,"RacePacingRejected, RACE action=reject_survival:6654;RacePacingRejected, RACE action=reject_pacing:801;ReplacementNotAllowed:3"
2026-09-16T04:49:23.3147475+00:00,1740889944,0.000000,0,1.000000,0.000000,0.000000,0.340000,SURVIVAL,SURVIVAL,NONE,H_t,reject_survival,phase=none;hMul=1.000;gMul=1.000;qMul=1.000;qAdd=0.000;rpiOff=0.000,1874,7458,"RacePacingRejected, RACE action=reject_survival:6654;RacePacingRejected, RACE action=reject_pacing:801;ReplacementNotAllowed:3"
2026-09-16T04:49:23.8141354+00:00,1740898168,0.000000,0,1.000000,0.000000,0.000000,0.340000,SURVIVAL,SURVIVAL,NONE,H_t,reject_survival,phase=none;hMul=1.000;gMul=1.000;qMul=1.000;qAdd=0.000;rpiOff=0.000,1874,7458,"RacePacingRejected, RACE action=reject_survival:6654;RacePacingRejected, RACE action=reject_pacing:801;ReplacementNotAllowed:3"
2026-09-16T04:49:24.3146857+00:00,1740947256,0.000000,0,1.000000,0.000000,0.000000,0.340000,SURVIVAL,SURVIVAL,NONE,H_t,reject_survival,phase=none;hMul=1.000;gMul=1.000;qMul=1.000;qAdd=0.000;rpiOff=0.000,1874,7458,"RacePacingRejected, RACE action=reject_survival:6654;RacePacingRejected, RACE action=reject_pacing:801;ReplacementNotAllowed:3"
2026-09-16T04:49:24.8141764+00:00,1740947256,0.000000,0,1.000000,0.000000,0.000000,0.340000,SURVIVAL,SURVIVAL,NONE,H_t,reject_survival,phase=none;hMul=1.000;gMul=1.000;qMul=1.000;qAdd=0.000;rpiOff=0.000,1874,7458,"RacePacingRejected, RACE action=reject_survival:6654;RacePacingRejected, RACE action=reject_pacing:801;ReplacementNotAllowed:3"
2026-09-16T04:49:25.3146501+00:00,1741021224,0.000000,0,1.000000,0.000000,0.000000,0.340000,SURVIVAL,SURVIVAL,NONE,H_t,reject_survival,phase=none;hMul=1.000;gMul=1.000;qMul=1.000;qAdd=0.000;rpiOff=0.000,1874,7458,"RacePacingRejected, RACE action=reject_survival:6654;RacePacingRejected, RACE action=reject_pacing:801;ReplacementNotAllowed:3"
2026-09-16T04:49:25.8142021+00:00,1741029448,0.000000,0,1.000000,0.000000,0.000000,0.340000,SURVIVAL,SURVIVAL,NONE,H_t,reject_survival,phase=none;hMul=1.000;gMul=1.000;qMul=1.000;qAdd=0.000;rpiOff=0.000,1874,7458,"RacePacingRejected, RACE action=reject_survival:6654;RacePacingRejected, RACE action=reject_pacing:801;ReplacementNotAllowed:3"
2026-09-16T04:49:26.3141628+00:00,1741103208,0.000000,0,1.000000,0.000000,0.000000,0.340000,SURVIVAL,SURVIVAL,NONE,H_t,reject_survival,phase=none;hMul=1.000;gMul=1.000;qMul=1.000;qAdd=0.000;rpiOff=0.000,1874,7458,"RacePacingRejected, RACE action=reject_survival:6654;RacePacingRejected, RACE action=reject_pacing:801;ReplacementNotAllowed:3"
2026-09-16T04:49:26.8139736+00:00,1741111432,0.000000,0,1.000000,0.000000,0.000000,0.340000,SURVIVAL,SURVIVAL,NONE,H_t,reject_survival,phase=none;hMul=1.000;gMul=1.000;qMul=1.000;qAdd=0.000;rpiOff=0.000,1874,7458,"RacePacingRejected, RACE action=reject_survival:6654;RacePacingRejected, RACE action=reject_pacing:801;ReplacementNotAllowed:3"
2026-09-16T04:49:27.3147272+00:00,1741152552,0.000000,0,1.000000,0.000000,0.000000,0.340000,SURVIVAL,SURVIVAL,NONE,H_t,reject_survival,phase=none;hMul=1.000;gMul=1.000;qMul=1.000;qAdd=0.000;rpiOff=0.000,1874,7458,"RacePacingRejected, RACE action=reject_survival:6654;RacePacingRejected, RACE action=reject_pacing:801;ReplacementNotAllowed:3"
2026-09-16T04:49:27.8140721+00:00,1741160520,0.000000,0,1.000000,0.000000,0.000000,0.340000,SURVIVAL,SURVIVAL,NONE,H_t,reject_survival,phase=none;hMul=1.000;gMul=1.000;qMul=1.000;qAdd=0.000;rpiOff=0.000,1874,7458,"RacePacingRejected, RACE action=reject_survival:6654;RacePacingRejected, RACE action=reject_pacing:801;ReplacementNotAllowed:3"
2026-09-16T04:49:28.3138079+00:00,1741234536,0.000000,0,1.000000,0.000000,0.000000,0.340000,SURVIVAL,SURVIVAL,NONE,H_t,reject_survival,phase=none;hMul=1.000;gMul=1.000;qMul=1.000;qAdd=0.000;rpiOff=0.000,1874,7458,"RacePacingRejected, RACE action=reject_survival:6654;RacePacingRejected, RACE action=reject_pacing:801;ReplacementNotAllowed:3"
2026-09-16T04:49:28.8142148+00:00,1741234536,0.000000,0,1.000000,0.000000,0.000000,0.340000,SURVIVAL,SURVIVAL,NONE,H_t,reject_survival,phase=none;hMul=1.000;gMul=1.000;qMul=1.000;qAdd=0.000;rpiOff=0.000,1874,7458,"RacePacingRejected, RACE action=reject_survival:6654;RacePacingRejected, RACE action=reject_pacing:801;ReplacementNotAllowed:3"
2026-09-16T04:49:29.3147650+00:00,1741283368,0.000000,0,1.000000,0.000000,0.000000,0.340000,SURVIVAL,SURVIVAL,NONE,H_t,reject_survival,phase=none;hMul=1.000;gMul=1.000;qMul=1.000;qAdd=0.000;rpiOff=0.000,1874,7458,"RacePacingRejected, RACE action=reject_survival:6654;RacePacingRejected, RACE action=reject_pacing:801;ReplacementNotAllowed:3"
2026-09-16T04:49:29.8141185+00:00,1741283368,0.000000,0,1.000000,0.000000,0.000000,0.340000,SURVIVAL,SURVIVAL,NONE,H_t,reject_survival,phase=none;hMul=1.000;gMul=1.000;qMul=1.000;qAdd=0.000;rpiOff=0.000,1874,7458,"RacePacingRejected, RACE action=reject_survival:6654;RacePacingRejected, RACE action=reject_pacing:801;ReplacementNotAllowed:3"
2026-09-16T04:49:30.3140069+00:00,1741349160,0.000000,0,1.000000,0.000000,0.000000,0.340000,SURVIVAL,SURVIVAL,NONE,H_t,reject_survival,phase=none;hMul=1.000;gMul=1.000;qMul=1.000;qAdd=0.000;rpiOff=0.000,1874,7458,"RacePacingRejected, RACE action=reject_survival:6654;RacePacingRejected, RACE action=reject_pacing:801;ReplacementNotAllowed:3"
2026-09-16T04:49:30.8146074+00:00,1741349160,0.000000,0,1.000000,0.000000,0.000000,0.340000,SURVIVAL,SURVIVAL,NONE,H_t,reject_survival,phase=none;hMul=1.000;gMul=1.000;qMul=1.000;qAdd=0.000;rpiOff=0.000,1874,7458,"RacePacingRejected, RACE action=reject_survival:6654;RacePacingRejected, RACE action=reject_pacing:801;ReplacementNotAllowed:3"
2026-09-16T04:49:31.3141387+00:00,1741398248,0.000000,0,1.000000,0.000000,0.000000,0.340000,SURVIVAL,SURVIVAL,NONE,H_t,reject_survival,phase=none;hMul=1.000;gMul=1.000;qMul=1.000;qAdd=0.000;rpiOff=0.000,1874,7458,"RacePacingRejected, RACE action=reject_survival:6654;RacePacingRejected, RACE action=reject_pacing:801;ReplacementNotAllowed:3"
2026-09-16T04:49:31.8145919+00:00,1741406472,0.000000,0,1.000000,0.000000,0.000000,0.340000,SURVIVAL,SURVIVAL,NONE,H_t,reject_survival,phase=none;hMul=1.000;gMul=1.000;qMul=1.000;qAdd=0.000;rpiOff=0.000,1874,7458,"RacePacingRejected, RACE action=reject_survival:6654;RacePacingRejected, RACE action=reject_pacing:801;ReplacementNotAllowed:3"
2026-09-16T04:49:32.3142135+00:00,1741487944,0.000000,0,1.000000,0.000000,0.000000,0.340000,SURVIVAL,SURVIVAL,NONE,H_t,reject_survival,phase=none;hMul=1.000;gMul=1.000;qMul=1.000;qAdd=0.000;rpiOff=0.000,1874,7458,"RacePacingRejected, RACE action=reject_survival:6654;RacePacingRejected, RACE action=reject_pacing:801;ReplacementNotAllowed:3"
2026-09-16T04:49:32.8138169+00:00,1741487944,0.000000,0,1.000000,0.000000,0.000000,0.340000,SURVIVAL,SURVIVAL,NONE,H_t,reject_survival,phase=none;hMul=1.000;gMul=1.000;qMul=1.000;qAdd=0.000;rpiOff=0.000,1874,7458,"RacePacingRejected, RACE action=reject_survival:6654;RacePacingRejected, RACE action=reject_pacing:801;ReplacementNotAllowed:3"
2026-09-16T04:49:33.3142882+00:00,1741529064,0.000000,0,1.000000,0.000000,0.000000,0.340000,SURVIVAL,SURVIVAL,NONE,H_t,reject_survival,phase=none;hMul=1.000;gMul=1.000;qMul=1.000;qAdd=0.000;rpiOff=0.000,1874,7458,"RacePacingRejected, RACE action=reject_survival:6654;RacePacingRejected, RACE action=reject_pacing:801;ReplacementNotAllowed:3"
2026-09-16T04:49:33.8147534+00:00,1741537288,0.000000,0,1.000000,0.000000,0.000000,0.340000,SURVIVAL,SURVIVAL,NONE,H_t,reject_survival,phase=none;hMul=1.000;gMul=1.000;qMul=1.000;qAdd=0.000;rpiOff=0.000,1874,7458,"RacePacingRejected, RACE action=reject_survival:6654;RacePacingRejected, RACE action=reject_pacing:801;ReplacementNotAllowed:3"
2026-09-16T04:49:34.3141896+00:00,1741611048,0.000000,0,1.000000,0.000000,0.000000,0.340000,SURVIVAL,SURVIVAL,NONE,H_t,reject_survival,phase=none;hMul=1.000;gMul=1.000;qMul=1.000;qAdd=0.000;rpiOff=0.000,1874,7458,"RacePacingRejected, RACE action=reject_survival:6654;RacePacingRejected, RACE action=reject_pacing:801;ReplacementNotAllowed:3"
2026-09-16T04:49:34.8144379+00:00,1741611048,0.000000,0,1.000000,0.000000,0.000000,0.340000,SURVIVAL,SURVIVAL,NONE,H_t,reject_survival,phase=none;hMul=1.000;gMul=1.000;qMul=1.000;qAdd=0.000;rpiOff=0.000,1874,7458,"RacePacingRejected, RACE action=reject_survival:6654;RacePacingRejected, RACE action=reject_pacing:801;ReplacementNotAllowed:3"
2026-09-16T04:49:35.3147620+00:00,1741651912,0.000000,0,1.000000,0.000000,0.000000,0.340000,SURVIVAL,SURVIVAL,NONE,H_t,reject_survival,phase=none;hMul=1.000;gMul=1.000;qMul=1.000;qAdd=0.000;rpiOff=0.000,1874,7458,"RacePacingRejected, RACE action=reject_survival:6654;RacePacingRejected, RACE action=reject_pacing:801;ReplacementNotAllowed:3"
2026-09-16T04:49:35.8141292+00:00,1741651912,0.000000,0,1.000000,0.000000,0.000000,0.340000,SURVIVAL,SURVIVAL,NONE,H_t,reject_survival,phase=none;hMul=1.000;gMul=1.000;qMul=1.000;qAdd=0.000;rpiOff=0.000,1874,7458,"RacePacingRejected, RACE action=reject_survival:6654;RacePacingRejected, RACE action=reject_pacing:801;ReplacementNotAllowed:3"
2026-09-16T04:49:36.3138468+00:00,1741742120,0.000000,0,1.000000,0.000000,0.000000,0.340000,SURVIVAL,SURVIVAL,NONE,H_t,reject_survival,phase=none;hMul=1.000;gMul=1.000;qMul=1.000;qAdd=0.000;rpiOff=0.000,1874,7458,"RacePacingRejected, RACE action=reject_survival:6654;RacePacingRejected, RACE action=reject_pacing:801;ReplacementNotAllowed:3"
2026-09-16T04:49:36.8145487+00:00,1741742120,0.000000,0,1.000000,0.000000,0.000000,0.340000,SURVIVAL,SURVIVAL,NONE,H_t,reject_survival,phase=none;hMul=1.000;gMul=1.000;qMul=1.000;qAdd=0.000;rpiOff=0.000,1874,7458,"RacePacingRejected, RACE action=reject_survival:6654;RacePacingRejected, RACE action=reject_pacing:801;ReplacementNotAllowed:3"
2026-09-16T04:49:37.3141652+00:00,1741783240,0.000000,0,1.000000,0.000000,0.000000,0.340000,SURVIVAL,SURVIVAL,NONE,H_t,reject_survival,phase=none;hMul=1.000;gMul=1.000;qMul=1.000;qAdd=0.000;rpiOff=0.000,1874,7458,"RacePacingRejected, RACE action=reject_survival:6654;RacePacingRejected, RACE action=reject_pacing:801;ReplacementNotAllowed:3"
2026-09-16T04:49:37.8145732+00:00,1741783240,0.000000,0,1.000000,0.000000,0.000000,0.340000,SURVIVAL,SURVIVAL,NONE,H_t,reject_survival,phase=none;hMul=1.000;gMul=1.000;qMul=1.000;qAdd=0.000;rpiOff=0.000,1874,7458,"RacePacingRejected, RACE action=reject_survival:6654;RacePacingRejected, RACE action=reject_pacing:801;ReplacementNotAllowed:3"
2026-09-16T04:49:38.3141297+00:00,1741864712,0.000000,0,1.000000,0.000000,0.000000,0.340000,SURVIVAL,SURVIVAL,NONE,H_t,reject_survival,phase=none;hMul=1.000;gMul=1.000;qMul=1.000;qAdd=0.000;rpiOff=0.000,1874,7458,"RacePacingRejected, RACE action=reject_survival:6654;RacePacingRejected, RACE action=reject_pacing:801;ReplacementNotAllowed:3"
2026-09-16T04:49:38.8145917+00:00,1741872936,0.000000,0,1.000000,0.000000,0.000000,0.340000,SURVIVAL,SURVIVAL,NONE,H_t,reject_survival,phase=none;hMul=1.000;gMul=1.000;qMul=1.000;qAdd=0.000;rpiOff=0.000,1874,7458,"RacePacingRejected, RACE action=reject_survival:6654;RacePacingRejected, RACE action=reject_pacing:801;ReplacementNotAllowed:3"
2026-09-16T04:49:39.3142163+00:00,1741914056,0.000000,0,1.000000,0.000000,0.000000,0.340000,SURVIVAL,SURVIVAL,NONE,H_t,reject_survival,phase=none;hMul=1.000;gMul=1.000;qMul=1.000;qAdd=0.000;rpiOff=0.000,1874,7458,"RacePacingRejected, RACE action=reject_survival:6654;RacePacingRejected, RACE action=reject_pacing:801;ReplacementNotAllowed:3"
2026-09-16T04:49:39.8146511+00:00,1741914056,0.000000,0,1.000000,0.000000,0.000000,0.340000,SURVIVAL,SURVIVAL,NONE,H_t,reject_survival,phase=none;hMul=1.000;gMul=1.000;qMul=1.000;qAdd=0.000;rpiOff=0.000,1874,7458,"RacePacingRejected, RACE action=reject_survival:6654;RacePacingRejected, RACE action=reject_pacing:801;ReplacementNotAllowed:3"
2026-09-16T04:49:40.3142929+00:00,1741987816,0.000000,0,1.000000,0.000000,0.000000,0.340000,SURVIVAL,SURVIVAL,NONE,H_t,reject_survival,phase=none;hMul=1.000;gMul=1.000;qMul=1.000;qAdd=0.000;rpiOff=0.000,1874,7458,"RacePacingRejected, RACE action=reject_survival:6654;RacePacingRejected, RACE action=reject_pacing:801;ReplacementNotAllowed:3"
2026-09-16T04:49:40.8146524+00:00,1741987816,0.000000,0,1.000000,0.000000,0.000000,0.340000,SURVIVAL,SURVIVAL,NONE,H_t,reject_survival,phase=none;hMul=1.000;gMul=1.000;qMul=1.000;qAdd=0.000;rpiOff=0.000,1874,7458,"RacePacingRejected, RACE action=reject_survival:6654;RacePacingRejected, RACE action=reject_pacing:801;ReplacementNotAllowed:3"
2026-09-16T04:49:41.3140646+00:00,1742036904,0.000000,0,1.000000,0.000000,0.000000,0.340000,SURVIVAL,SURVIVAL,NONE,H_t,reject_survival,phase=none;hMul=1.000;gMul=1.000;qMul=1.000;qAdd=0.000;rpiOff=0.000,1874,7458,"RacePacingRejected, RACE action=reject_survival:6654;RacePacingRejected, RACE action=reject_pacing:801;ReplacementNotAllowed:3"
2026-09-16T04:49:41.8144755+00:00,1742036904,0.000000,0,1.000000,0.000000,0.000000,0.340000,SURVIVAL,SURVIVAL,NONE,H_t,reject_survival,phase=none;hMul=1.000;gMul=1.000;qMul=1.000;qAdd=0.000;rpiOff=0.000,1874,7458,"RacePacingRejected, RACE action=reject_survival:6654;RacePacingRejected, RACE action=reject_pacing:801;ReplacementNotAllowed:3"
2026-09-16T04:49:42.3140031+00:00,1742109800,0.000000,0,1.000000,0.000000,0.000000,0.340000,SURVIVAL,SURVIVAL,NONE,H_t,reject_survival,phase=none;hMul=1.000;gMul=1.000;qMul=1.000;qAdd=0.000;rpiOff=0.000,1874,7458,"RacePacingRejected, RACE action=reject_survival:6654;RacePacingRejected, RACE action=reject_pacing:801;ReplacementNotAllowed:3"
2026-09-16T04:49:42.8144643+00:00,1742109800,0.000000,0,1.000000,0.000000,0.000000,0.340000,SURVIVAL,SURVIVAL,NONE,H_t,reject_survival,phase=none;hMul=1.000;gMul=1.000;qMul=1.000;qAdd=0.000;rpiOff=0.000,1874,7458,"RacePacingRejected, RACE action=reject_survival:6654;RacePacingRejected, RACE action=reject_pacing:801;ReplacementNotAllowed:3"
2026-09-16T04:49:43.3139215+00:00,1742183048,0.000000,0,1.000000,0.000000,0.000000,0.340000,SURVIVAL,SURVIVAL,NONE,H_t,reject_survival,phase=none;hMul=1.000;gMul=1.000;qMul=1.000;qAdd=0.000;rpiOff=0.000,1874,7458,"RacePacingRejected, RACE action=reject_survival:6654;RacePacingRejected, RACE action=reject_pacing:801;ReplacementNotAllowed:3"
2026-09-16T04:49:43.8144667+00:00,1742191272,0.000000,0,1.000000,0.000000,0.000000,0.340000,SURVIVAL,SURVIVAL,NONE,H_t,reject_survival,phase=none;hMul=1.000;gMul=1.000;qMul=1.000;qAdd=0.000;rpiOff=0.000,1874,7458,"RacePacingRejected, RACE action=reject_survival:6654;RacePacingRejected, RACE action=reject_pacing:801;ReplacementNotAllowed:3"
2026-09-16T04:49:44.3140552+00:00,1742240632,0.000000,0,1.000000,0.000000,0.000000,0.340000,SURVIVAL,SURVIVAL,NONE,H_t,reject_survival,phase=none;hMul=1.000;gMul=1.000;qMul=1.000;qAdd=0.000;rpiOff=0.000,1874,7458,"RacePacingRejected, RACE action=reject_survival:6654;RacePacingRejected, RACE action=reject_pacing:801;ReplacementNotAllowed:3"
2026-09-16T04:49:44.8145108+00:00,1742240632,0.000000,0,1.000000,0.000000,0.000000,0.340000,SURVIVAL,SURVIVAL,NONE,H_t,reject_survival,phase=none;hMul=1.000;gMul=1.000;qMul=1.000;qAdd=0.000;rpiOff=0.000,1874,7458,"RacePacingRejected, RACE action=reject_survival:6654;RacePacingRejected, RACE action=reject_pacing:801;ReplacementNotAllowed:3"
2026-09-16T04:49:45.3139608+00:00,1742330856,0.000000,0,1.000000,0.000000,0.000000,0.340000,SURVIVAL,SURVIVAL,NONE,H_t,reject_survival,phase=none;hMul=1.000;gMul=1.000;qMul=1.000;qAdd=0.000;rpiOff=0.000,1874,7458,"RacePacingRejected, RACE action=reject_survival:6654;RacePacingRejected, RACE action=reject_pacing:801;ReplacementNotAllowed:3"
2026-09-16T04:49:45.8144553+00:00,1742339080,0.000000,0,1.000000,0.000000,0.000000,0.340000,SURVIVAL,SURVIVAL,NONE,H_t,reject_survival,phase=none;hMul=1.000;gMul=1.000;qMul=1.000;qAdd=0.000;rpiOff=0.000,1874,7458,"RacePacingRejected, RACE action=reject_survival:6654;RacePacingRejected, RACE action=reject_pacing:801;ReplacementNotAllowed:3"
2026-09-16T04:49:46.3141378+00:00,1742387912,0.000000,0,1.000000,0.000000,0.000000,0.340000,SURVIVAL,SURVIVAL,NONE,H_t,reject_survival,phase=none;hMul=1.000;gMul=1.000;qMul=1.000;qAdd=0.000;rpiOff=0.000,1874,7458,"RacePacingRejected, RACE action=reject_survival:6654;RacePacingRejected, RACE action=reject_pacing:801;ReplacementNotAllowed:3"
2026-09-16T04:49:46.8139001+00:00,1742387912,0.000000,0,1.000000,0.000000,0.000000,0.340000,SURVIVAL,SURVIVAL,NONE,H_t,reject_survival,phase=none;hMul=1.000;gMul=1.000;qMul=1.000;qAdd=0.000;rpiOff=0.000,1874,7458,"RacePacingRejected, RACE action=reject_survival:6654;RacePacingRejected, RACE action=reject_pacing:801;ReplacementNotAllowed:3"
2026-09-16T04:49:47.3145102+00:00,1742469880,0.000000,0,1.000000,0.000000,0.000000,0.340000,SURVIVAL,SURVIVAL,NONE,H_t,reject_survival,phase=none;hMul=1.000;gMul=1.000;qMul=1.000;qAdd=0.000;rpiOff=0.000,1874,7458,"RacePacingRejected, RACE action=reject_survival:6654;RacePacingRejected, RACE action=reject_pacing:801;ReplacementNotAllowed:3"
2026-09-16T04:49:47.8147788+00:00,1742469880,0.000000,0,1.000000,0.000000,0.000000,0.340000,SURVIVAL,SURVIVAL,NONE,H_t,reject_survival,phase=none;hMul=1.000;gMul=1.000;qMul=1.000;qAdd=0.000;rpiOff=0.000,1874,7458,"RacePacingRejected, RACE action=reject_survival:6654;RacePacingRejected, RACE action=reject_pacing:801;ReplacementNotAllowed:3"
2026-09-16T04:49:48.3138488+00:00,1742510744,0.000000,0,1.000000,0.000000,0.000000,0.340000,SURVIVAL,SURVIVAL,NONE,H_t,reject_survival,phase=none;hMul=1.000;gMul=1.000;qMul=1.000;qAdd=0.000;rpiOff=0.000,1874,7458,"RacePacingRejected, RACE action=reject_survival:6654;RacePacingRejected, RACE action=reject_pacing:801;ReplacementNotAllowed:3"
2026-09-16T04:49:48.8143275+00:00,1742510744,0.000000,0,1.000000,0.000000,0.000000,0.340000,SURVIVAL,SURVIVAL,NONE,H_t,reject_survival,phase=none;hMul=1.000;gMul=1.000;qMul=1.000;qAdd=0.000;rpiOff=0.000,1874,7458,"RacePacingRejected, RACE action=reject_survival:6654;RacePacingRejected, RACE action=reject_pacing:801;ReplacementNotAllowed:3"
2026-09-16T04:49:49.3139239+00:00,1742592984,0.000000,0,1.000000,0.000000,0.000000,0.340000,SURVIVAL,SURVIVAL,NONE,H_t,reject_survival,phase=none;hMul=1.000;gMul=1.000;qMul=1.000;qAdd=0.000;rpiOff=0.000,1874,7458,"RacePacingRejected, RACE action=reject_survival:6654;RacePacingRejected, RACE action=reject_pacing:801;ReplacementNotAllowed:3"
2026-09-16T04:49:49.8144593+00:00,1742601208,0.000000,0,1.000000,0.000000,0.000000,0.340000,SURVIVAL,SURVIVAL,NONE,H_t,reject_survival,phase=none;hMul=1.000;gMul=1.000;qMul=1.000;qAdd=0.000;rpiOff=0.000,1874,7458,"RacePacingRejected, RACE action=reject_survival:6654;RacePacingRejected, RACE action=reject_pacing:801;ReplacementNotAllowed:3"
2026-09-16T04:49:50.3140012+00:00,1742650296,0.000000,0,1.000000,0.000000,0.000000,0.340000,SURVIVAL,SURVIVAL,NONE,H_t,reject_survival,phase=none;hMul=1.000;gMul=1.000;qMul=1.000;qAdd=0.000;rpiOff=0.000,1874,7458,"RacePacingRejected, RACE action=reject_survival:6654;RacePacingRejected, RACE action=reject_pacing:801;ReplacementNotAllowed:3"
2026-09-16T04:49:50.8145233+00:00,1742650296,0.000000,0,1.000000,0.000000,0.000000,0.340000,SURVIVAL,SURVIVAL,NONE,H_t,reject_survival,phase=none;hMul=1.000;gMul=1.000;qMul=1.000;qAdd=0.000;rpiOff=0.000,1874,7458,"RacePacingRejected, RACE action=reject_survival:6654;RacePacingRejected, RACE action=reject_pacing:801;ReplacementNotAllowed:3"
2026-09-16T04:49:51.3139360+00:00,1742724056,0.000000,0,1.000000,0.000000,0.000000,0.340000,SURVIVAL,SURVIVAL,NONE,H_t,reject_survival,phase=none;hMul=1.000;gMul=1.000;qMul=1.000;qAdd=0.000;rpiOff=0.000,1874,7458,"RacePacingRejected, RACE action=reject_survival:6654;RacePacingRejected, RACE action=reject_pacing:801;ReplacementNotAllowed:3"
2026-09-16T04:49:51.8143852+00:00,1742724056,0.000000,0,1.000000,0.000000,0.000000,0.340000,SURVIVAL,SURVIVAL,NONE,H_t,reject_survival,phase=none;hMul=1.000;gMul=1.000;qMul=1.000;qAdd=0.000;rpiOff=0.000,1874,7458,"RacePacingRejected, RACE action=reject_survival:6654;RacePacingRejected, RACE action=reject_pacing:801;ReplacementNotAllowed:3"
2026-09-16T04:49:52.3139286+00:00,1742822216,0.000000,0,1.000000,0.000000,0.000000,0.340000,SURVIVAL,SURVIVAL,NONE,H_t,reject_survival,phase=none;hMul=1.000;gMul=1.000;qMul=1.000;qAdd=0.000;rpiOff=0.000,1874,7458,"RacePacingRejected, RACE action=reject_survival:6654;RacePacingRejected, RACE action=reject_pacing:801;ReplacementNotAllowed:3"
2026-09-16T04:49:52.8144190+00:00,1742822216,0.000000,0,1.000000,0.000000,0.000000,0.340000,SURVIVAL,SURVIVAL,NONE,H_t,reject_survival,phase=none;hMul=1.000;gMul=1.000;qMul=1.000;qAdd=0.000;rpiOff=0.000,1874,7458,"RacePacingRejected, RACE action=reject_survival:6654;RacePacingRejected, RACE action=reject_pacing:801;ReplacementNotAllowed:3"
2026-09-16T04:49:53.3138573+00:00,1742953352,0.000000,0,1.000000,0.000000,0.000000,0.340000,SURVIVAL,SURVIVAL,NONE,H_t,reject_survival,phase=none;hMul=1.000;gMul=1.000;qMul=1.000;qAdd=0.000;rpiOff=0.000,1874,7458,"RacePacingRejected, RACE action=reject_survival:6654;RacePacingRejected, RACE action=reject_pacing:801;ReplacementNotAllowed:3"
2026-09-16T04:49:53.8141965+00:00,1742961576,0.000000,0,1.000000,0.000000,0.000000,0.340000,SURVIVAL,SURVIVAL,NONE,H_t,reject_survival,phase=none;hMul=1.000;gMul=1.000;qMul=1.000;qAdd=0.000;rpiOff=0.000,1874,7458,"RacePacingRejected, RACE action=reject_survival:6654;RacePacingRejected, RACE action=reject_pacing:801;ReplacementNotAllowed:3"
2026-09-16T04:49:54.3141826+00:00,1743035336,0.000000,0,1.000000,0.000000,0.000000,0.340000,SURVIVAL,SURVIVAL,NONE,H_t,reject_survival,phase=none;hMul=1.000;gMul=1.000;qMul=1.000;qAdd=0.000;rpiOff=0.000,1874,7458,"RacePacingRejected, RACE action=reject_survival:6654;RacePacingRejected, RACE action=reject_pacing:801;ReplacementNotAllowed:3"
2026-09-16T04:49:54.8146493+00:00,1743035336,0.000000,0,1.000000,0.000000,0.000000,0.340000,SURVIVAL,SURVIVAL,NONE,H_t,reject_survival,phase=none;hMul=1.000;gMul=1.000;qMul=1.000;qAdd=0.000;rpiOff=0.000,1874,7458,"RacePacingRejected, RACE action=reject_survival:6654;RacePacingRejected, RACE action=reject_pacing:801;ReplacementNotAllowed:3"
2026-09-16T04:49:55.3141918+00:00,1743458488,0.000000,0,1.000000,0.000000,0.000000,0.340000,SURVIVAL,SURVIVAL,NONE,H_t,reject_survival,phase=none;hMul=1.000;gMul=1.000;qMul=1.000;qAdd=0.000;rpiOff=0.000,1874,7458,"RacePacingRejected, RACE action=reject_survival:6654;RacePacingRejected, RACE action=reject_pacing:801;ReplacementNotAllowed:3"
2026-09-16T04:49:55.8146957+00:00,1743458488,0.000000,0,1.000000,0.000000,0.000000,0.340000,SURVIVAL,SURVIVAL,NONE,H_t,reject_survival,phase=none;hMul=1.000;gMul=1.000;qMul=1.000;qAdd=0.000;rpiOff=0.000,1874,7458,"RacePacingRejected, RACE action=reject_survival:6654;RacePacingRejected, RACE action=reject_pacing:801;ReplacementNotAllowed:3"
2026-09-16T04:49:56.3146324+00:00,1743540680,0.000000,0,1.000000,0.000000,0.000000,0.340000,SURVIVAL,SURVIVAL,NONE,H_t,reject_survival,phase=none;hMul=1.000;gMul=1.000;qMul=1.000;qAdd=0.000;rpiOff=0.000,1874,7458,"RacePacingRejected, RACE action=reject_survival:6654;RacePacingRejected, RACE action=reject_pacing:801;ReplacementNotAllowed:3"
2026-09-16T04:49:56.8144232+00:00,1743548632,0.000000,0,1.000000,0.000000,0.000000,0.340000,SURVIVAL,SURVIVAL,NONE,H_t,reject_survival,phase=none;hMul=1.000;gMul=1.000;qMul=1.000;qAdd=0.000;rpiOff=0.000,1874,7458,"RacePacingRejected, RACE action=reject_survival:6654;RacePacingRejected, RACE action=reject_pacing:801;ReplacementNotAllowed:3"
2026-09-16T04:49:57.3140675+00:00,1743605688,0.000000,0,1.000000,0.000000,0.000000,0.340000,SURVIVAL,SURVIVAL,NONE,H_t,reject_survival,phase=none;hMul=1.000;gMul=1.000;qMul=1.000;qAdd=0.000;rpiOff=0.000,1874,7458,"RacePacingRejected, RACE action=reject_survival:6654;RacePacingRejected, RACE action=reject_pacing:801;ReplacementNotAllowed:3"
2026-09-16T04:49:57.8145168+00:00,1743605688,0.000000,0,1.000000,0.000000,0.000000,0.340000,SURVIVAL,SURVIVAL,NONE,H_t,reject_survival,phase=none;hMul=1.000;gMul=1.000;qMul=1.000;qAdd=0.000;rpiOff=0.000,1874,7458,"RacePacingRejected, RACE action=reject_survival:6654;RacePacingRejected, RACE action=reject_pacing:801;ReplacementNotAllowed:3"
2026-09-16T04:49:58.3138754+00:00,1743687928,0.000000,0,1.000000,0.000000,0.000000,0.340000,SURVIVAL,SURVIVAL,NONE,H_t,reject_survival,phase=none;hMul=1.000;gMul=1.000;qMul=1.000;qAdd=0.000;rpiOff=0.000,1874,7458,"RacePacingRejected, RACE action=reject_survival:6654;RacePacingRejected, RACE action=reject_pacing:801;ReplacementNotAllowed:3"
2026-09-16T04:49:58.8143355+00:00,1743687928,0.000000,0,1.000000,0.000000,0.000000,0.340000,SURVIVAL,SURVIVAL,NONE,H_t,reject_survival,phase=none;hMul=1.000;gMul=1.000;qMul=1.000;qAdd=0.000;rpiOff=0.000,1874,7458,"RacePacingRejected, RACE action=reject_survival:6654;RacePacingRejected, RACE action=reject_pacing:801;ReplacementNotAllowed:3"
2026-09-16T04:49:59.3138659+00:00,1743753464,0.000000,0,1.000000,0.000000,0.000000,0.340000,SURVIVAL,SURVIVAL,NONE,H_t,reject_survival,phase=none;hMul=1.000;gMul=1.000;qMul=1.000;qAdd=0.000;rpiOff=0.000,1874,7458,"RacePacingRejected, RACE action=reject_survival:6654;RacePacingRejected, RACE action=reject_pacing:801;ReplacementNotAllowed:3"
2026-09-16T04:49:59.8141096+00:00,1743761688,0.000000,0,1.000000,0.000000,0.000000,0.340000,SURVIVAL,SURVIVAL,NONE,H_t,reject_survival,phase=none;hMul=1.000;gMul=1.000;qMul=1.000;qAdd=0.000;rpiOff=0.000,1874,7458,"RacePacingRejected, RACE action=reject_survival:6654;RacePacingRejected, RACE action=reject_pacing:801;ReplacementNotAllowed:3"
2026-09-16T04:50:00.3140497+00:00,1743802296,0.000000,0,1.000000,0.000000,0.000000,0.340000,SURVIVAL,SURVIVAL,NONE,H_t,reject_survival,phase=none;hMul=1.000;gMul=1.000;qMul=1.000;qAdd=0.000;rpiOff=0.000,1874,7458,"RacePacingRejected, RACE action=reject_survival:6654;RacePacingRejected, RACE action=reject_pacing:801;ReplacementNotAllowed:3"
2026-09-16T04:50:00.8145688+00:00,1743802296,0.000000,0,1.000000,0.000000,0.000000,0.340000,SURVIVAL,SURVIVAL,NONE,H_t,reject_survival,phase=none;hMul=1.000;gMul=1.000;qMul=1.000;qAdd=0.000;rpiOff=0.000,1874,7458,"RacePacingRejected, RACE action=reject_survival:6654;RacePacingRejected, RACE action=reject_pacing:801;ReplacementNotAllowed:3"
2026-09-16T04:50:01.3139481+00:00,1743876056,0.000000,0,1.000000,0.000000,0.000000,0.340000,SURVIVAL,SURVIVAL,NONE,H_t,reject_survival,phase=none;hMul=1.000;gMul=1.000;qMul=1.000;qAdd=0.000;rpiOff=0.000,1874,7458,"RacePacingRejected, RACE action=reject_survival:6654;RacePacingRejected, RACE action=reject_pacing:801;ReplacementNotAllowed:3"
2026-09-16T04:50:01.8145706+00:00,1743876056,0.000000,0,1.000000,0.000000,0.000000,0.340000,SURVIVAL,SURVIVAL,NONE,H_t,reject_survival,phase=none;hMul=1.000;gMul=1.000;qMul=1.000;qAdd=0.000;rpiOff=0.000,1874,7458,"RacePacingRejected, RACE action=reject_survival:6654;RacePacingRejected, RACE action=reject_pacing:801;ReplacementNotAllowed:3"
2026-09-16T04:50:02.3142530+00:00,1743966264,0.000000,0,1.000000,0.000000,0.000000,0.340000,SURVIVAL,SURVIVAL,NONE,H_t,reject_survival,phase=none;hMul=1.000;gMul=1.000;qMul=1.000;qAdd=0.000;rpiOff=0.000,1874,7458,"RacePacingRejected, RACE action=reject_survival:6654;RacePacingRejected, RACE action=reject_pacing:801;ReplacementNotAllowed:3"
2026-09-16T04:50:02.8138182+00:00,1743966264,0.000000,0,1.000000,0.000000,0.000000,0.340000,SURVIVAL,SURVIVAL,NONE,H_t,reject_survival,phase=none;hMul=1.000;gMul=1.000;qMul=1.000;qAdd=0.000;rpiOff=0.000,1874,7458,"RacePacingRejected, RACE action=reject_survival:6654;RacePacingRejected, RACE action=reject_pacing:801;ReplacementNotAllowed:3"
2026-09-16T04:50:03.3143452+00:00,1744019112,0.000000,0,1.000000,0.000000,0.000000,0.340000,SURVIVAL,SURVIVAL,NONE,H_t,reject_survival,phase=none;hMul=1.000;gMul=1.000;qMul=1.000;qAdd=0.000;rpiOff=0.000,1874,7458,"RacePacingRejected, RACE action=reject_survival:6654;RacePacingRejected, RACE action=reject_pacing:801;ReplacementNotAllowed:3"
2026-09-16T04:50:03.8138598+00:00,1744019112,0.000000,0,1.000000,0.000000,0.000000,0.340000,SURVIVAL,SURVIVAL,NONE,H_t,reject_survival,phase=none;hMul=1.000;gMul=1.000;qMul=1.000;qAdd=0.000;rpiOff=0.000,1874,7458,"RacePacingRejected, RACE action=reject_survival:6654;RacePacingRejected, RACE action=reject_pacing:801;ReplacementNotAllowed:3"
2026-09-16T04:50:04.3143099+00:00,1744093128,0.000000,0,1.000000,0.000000,0.000000,0.340000,SURVIVAL,SURVIVAL,NONE,H_t,reject_survival,phase=none;hMul=1.000;gMul=1.000;qMul=1.000;qAdd=0.000;rpiOff=0.000,1874,7458,"RacePacingRejected, RACE action=reject_survival:6654;RacePacingRejected, RACE action=reject_pacing:801;ReplacementNotAllowed:3"
2026-09-16T04:50:04.8148023+00:00,1744093128,0.000000,0,1.000000,0.000000,0.000000,0.340000,SURVIVAL,SURVIVAL,NONE,H_t,reject_survival,phase=none;hMul=1.000;gMul=1.000;qMul=1.000;qAdd=0.000;rpiOff=0.000,1874,7458,"RacePacingRejected, RACE action=reject_survival:6654;RacePacingRejected, RACE action=reject_pacing:801;ReplacementNotAllowed:3"
2026-09-16T04:50:05.3144492+00:00,1744142472,0.000000,0,1.000000,0.000000,0.000000,0.340000,SURVIVAL,SURVIVAL,NONE,H_t,reject_survival,phase=none;hMul=1.000;gMul=1.000;qMul=1.000;qAdd=0.000;rpiOff=0.000,1874,7458,"RacePacingRejected, RACE action=reject_survival:6654;RacePacingRejected, RACE action=reject_pacing:801;ReplacementNotAllowed:3"
2026-09-16T04:50:05.8147030+00:00,1744142472,0.000000,0,1.000000,0.000000,0.000000,0.340000,SURVIVAL,SURVIVAL,NONE,H_t,reject_survival,phase=none;hMul=1.000;gMul=1.000;qMul=1.000;qAdd=0.000;rpiOff=0.000,1874,7458,"RacePacingRejected, RACE action=reject_survival:6654;RacePacingRejected, RACE action=reject_pacing:801;ReplacementNotAllowed:3"
2026-09-16T04:50:06.3153918+00:00,1744224456,0.000000,0,1.000000,0.000000,0.000000,0.340000,SURVIVAL,SURVIVAL,NONE,H_t,reject_survival,phase=none;hMul=1.000;gMul=1.000;qMul=1.000;qAdd=0.000;rpiOff=0.000,1874,7458,"RacePacingRejected, RACE action=reject_survival:6654;RacePacingRejected, RACE action=reject_pacing:801;ReplacementNotAllowed:3"
2026-09-16T04:50:06.8140935+00:00,1744224456,0.000000,0,1.000000,0.000000,0.000000,0.340000,SURVIVAL,SURVIVAL,NONE,H_t,reject_survival,phase=none;hMul=1.000;gMul=1.000;qMul=1.000;qAdd=0.000;rpiOff=0.000,1874,7458,"RacePacingRejected, RACE action=reject_survival:6654;RacePacingRejected, RACE action=reject_pacing:801;ReplacementNotAllowed:3"
2026-09-16T04:50:07.3139670+00:00,1744265064,0.000000,0,1.000000,0.000000,0.000000,0.340000,SURVIVAL,SURVIVAL,NONE,H_t,reject_survival,phase=none;hMul=1.000;gMul=1.000;qMul=1.000;qAdd=0.000;rpiOff=0.000,1874,7458,"RacePacingRejected, RACE action=reject_survival:6654;RacePacingRejected, RACE action=reject_pacing:801;ReplacementNotAllowed:3"
2026-09-16T04:50:07.8143632+00:00,1744273032,0.000000,0,1.000000,0.000000,0.000000,0.340000,SURVIVAL,SURVIVAL,NONE,H_t,reject_survival,phase=none;hMul=1.000;gMul=1.000;qMul=1.000;qAdd=0.000;rpiOff=0.000,1874,7458,"RacePacingRejected, RACE action=reject_survival:6654;RacePacingRejected, RACE action=reject_pacing:801;ReplacementNotAllowed:3"
2026-09-16T04:50:08.3139140+00:00,1744346968,0.000000,0,1.000000,0.000000,0.000000,0.340000,SURVIVAL,SURVIVAL,NONE,H_t,reject_survival,phase=none;hMul=1.000;gMul=1.000;qMul=1.000;qAdd=0.000;rpiOff=0.000,1874,7458,"RacePacingRejected, RACE action=reject_survival:6654;RacePacingRejected, RACE action=reject_pacing:801;ReplacementNotAllowed:3"
2026-09-16T04:50:08.8143592+00:00,1744355192,0.000000,0,1.000000,0.000000,0.000000,0.340000,SURVIVAL,SURVIVAL,NONE,H_t,reject_survival,phase=none;hMul=1.000;gMul=1.000;qMul=1.000;qAdd=0.000;rpiOff=0.000,1874,7458,"RacePacingRejected, RACE action=reject_survival:6654;RacePacingRejected, RACE action=reject_pacing:801;ReplacementNotAllowed:3"
2026-09-16T04:50:09.3139945+00:00,1744404536,0.000000,0,1.000000,0.000000,0.000000,0.340000,SURVIVAL,SURVIVAL,NONE,H_t,reject_survival,phase=none;hMul=1.000;gMul=1.000;qMul=1.000;qAdd=0.000;rpiOff=0.000,1874,7458,"RacePacingRejected, RACE action=reject_survival:6654;RacePacingRejected, RACE action=reject_pacing:801;ReplacementNotAllowed:3"
2026-09-16T04:50:09.8144716+00:00,1744404536,0.000000,0,1.000000,0.000000,0.000000,0.340000,SURVIVAL,SURVIVAL,NONE,H_t,reject_survival,phase=none;hMul=1.000;gMul=1.000;qMul=1.000;qAdd=0.000;rpiOff=0.000,1874,7458,"RacePacingRejected, RACE action=reject_survival:6654;RacePacingRejected, RACE action=reject_pacing:801;ReplacementNotAllowed:3"
2026-09-16T04:50:10.3139927+00:00,1744494488,0.000000,0,1.000000,0.000000,0.000000,0.340000,SURVIVAL,SURVIVAL,NONE,H_t,reject_survival,phase=none;hMul=1.000;gMul=1.000;qMul=1.000;qAdd=0.000;rpiOff=0.000,1874,7458,"RacePacingRejected, RACE action=reject_survival:6654;RacePacingRejected, RACE action=reject_pacing:801;ReplacementNotAllowed:3"
2026-09-16T04:50:10.8144961+00:00,1744502712,0.000000,0,1.000000,0.000000,0.000000,0.340000,SURVIVAL,SURVIVAL,NONE,H_t,reject_survival,phase=none;hMul=1.000;gMul=1.000;qMul=1.000;qAdd=0.000;rpiOff=0.000,1874,7458,"RacePacingRejected, RACE action=reject_survival:6654;RacePacingRejected, RACE action=reject_pacing:801;ReplacementNotAllowed:3"
2026-09-16T04:50:11.3139771+00:00,1744543576,0.000000,0,1.000000,0.000000,0.000000,0.340000,SURVIVAL,SURVIVAL,NONE,H_t,reject_survival,phase=none;hMul=1.000;gMul=1.000;qMul=1.000;qAdd=0.000;rpiOff=0.000,1874,7458,"RacePacingRejected, RACE action=reject_survival:6654;RacePacingRejected, RACE action=reject_pacing:801;ReplacementNotAllowed:3"
2026-09-16T04:50:11.8144213+00:00,1744543576,0.000000,0,1.000000,0.000000,0.000000,0.340000,SURVIVAL,SURVIVAL,NONE,H_t,reject_survival,phase=none;hMul=1.000;gMul=1.000;qMul=1.000;qAdd=0.000;rpiOff=0.000,1874,7458,"RacePacingRejected, RACE action=reject_survival:6654;RacePacingRejected, RACE action=reject_pacing:801;ReplacementNotAllowed:3"
2026-09-16T04:50:12.3141182+00:00,1744633784,0.000000,0,1.000000,0.000000,0.000000,0.340000,SURVIVAL,SURVIVAL,NONE,H_t,reject_survival,phase=none;hMul=1.000;gMul=1.000;qMul=1.000;qAdd=0.000;rpiOff=0.000,1874,7458,"RacePacingRejected, RACE action=reject_survival:6654;RacePacingRejected, RACE action=reject_pacing:801;ReplacementNotAllowed:3"
2026-09-16T04:50:12.8146135+00:00,1744633784,0.000000,0,1.000000,0.000000,0.000000,0.340000,SURVIVAL,SURVIVAL,NONE,H_t,reject_survival,phase=none;hMul=1.000;gMul=1.000;qMul=1.000;qAdd=0.000;rpiOff=0.000,1874,7458,"RacePacingRejected, RACE action=reject_survival:6654;RacePacingRejected, RACE action=reject_pacing:801;ReplacementNotAllowed:3"
2026-09-16T04:50:13.3142309+00:00,1744691096,0.000000,0,1.000000,0.000000,0.000000,0.340000,SURVIVAL,SURVIVAL,NONE,H_t,reject_survival,phase=none;hMul=1.000;gMul=1.000;qMul=1.000;qAdd=0.000;rpiOff=0.000,1874,7458,"RacePacingRejected, RACE action=reject_survival:6654;RacePacingRejected, RACE action=reject_pacing:801;ReplacementNotAllowed:3"
2026-09-16T04:50:13.8146055+00:00,1744691096,0.000000,0,1.000000,0.000000,0.000000,0.340000,SURVIVAL,SURVIVAL,NONE,H_t,reject_survival,phase=none;hMul=1.000;gMul=1.000;qMul=1.000;qAdd=0.000;rpiOff=0.000,1874,7458,"RacePacingRejected, RACE action=reject_survival:6654;RacePacingRejected, RACE action=reject_pacing:801;ReplacementNotAllowed:3"
2026-09-16T04:50:14.3141249+00:00,1744756376,0.000000,0,1.000000,0.000000,0.000000,0.340000,SURVIVAL,SURVIVAL,NONE,H_t,reject_survival,phase=none;hMul=1.000;gMul=1.000;qMul=1.000;qAdd=0.000;rpiOff=0.000,1874,7458,"RacePacingRejected, RACE action=reject_survival:6654;RacePacingRejected, RACE action=reject_pacing:801;ReplacementNotAllowed:3"
2026-09-16T04:50:14.8146253+00:00,1744764600,0.000000,0,1.000000,0.000000,0.000000,0.340000,SURVIVAL,SURVIVAL,NONE,H_t,reject_survival,phase=none;hMul=1.000;gMul=1.000;qMul=1.000;qAdd=0.000;rpiOff=0.000,1874,7458,"RacePacingRejected, RACE action=reject_survival:6654;RacePacingRejected, RACE action=reject_pacing:801;ReplacementNotAllowed:3"
2026-09-16T04:50:15.3141203+00:00,1744813944,0.000000,0,1.000000,0.000000,0.000000,0.340000,SURVIVAL,SURVIVAL,NONE,H_t,reject_survival,phase=none;hMul=1.000;gMul=1.000;qMul=1.000;qAdd=0.000;rpiOff=0.000,1874,7458,"RacePacingRejected, RACE action=reject_survival:6654;RacePacingRejected, RACE action=reject_pacing:801;ReplacementNotAllowed:3"
2026-09-16T04:50:15.8145862+00:00,1744830136,0.000000,0,1.000000,0.000000,0.000000,0.340000,SURVIVAL,SURVIVAL,NONE,H_t,reject_survival,phase=none;hMul=1.000;gMul=1.000;qMul=1.000;qAdd=0.000;rpiOff=0.000,1874,7458,"RacePacingRejected, RACE action=reject_survival:6654;RacePacingRejected, RACE action=reject_pacing:801;ReplacementNotAllowed:3"
2026-09-16T04:50:16.3138803+00:00,1744903896,0.000000,0,1.000000,0.000000,0.000000,0.340000,SURVIVAL,SURVIVAL,NONE,H_t,reject_survival,phase=none;hMul=1.000;gMul=1.000;qMul=1.000;qAdd=0.000;rpiOff=0.000,1874,7458,"RacePacingRejected, RACE action=reject_survival:6654;RacePacingRejected, RACE action=reject_pacing:801;ReplacementNotAllowed:3"
2026-09-16T04:50:16.8145741+00:00,1744903896,0.000000,0,1.000000,0.000000,0.000000,0.340000,SURVIVAL,SURVIVAL,NONE,H_t,reject_survival,phase=none;hMul=1.000;gMul=1.000;qMul=1.000;qAdd=0.000;rpiOff=0.000,1874,7458,"RacePacingRejected, RACE action=reject_survival:6654;RacePacingRejected, RACE action=reject_pacing:801;ReplacementNotAllowed:3"
2026-09-16T04:50:17.3147600+00:00,1744961208,0.000000,0,1.000000,0.000000,0.000000,0.340000,SURVIVAL,SURVIVAL,NONE,H_t,reject_survival,phase=none;hMul=1.000;gMul=1.000;qMul=1.000;qAdd=0.000;rpiOff=0.000,1874,7458,"RacePacingRejected, RACE action=reject_survival:6654;RacePacingRejected, RACE action=reject_pacing:801;ReplacementNotAllowed:3"
2026-09-16T04:50:17.8142054+00:00,1744961208,0.000000,0,1.000000,0.000000,0.000000,0.340000,SURVIVAL,SURVIVAL,NONE,H_t,reject_survival,phase=none;hMul=1.000;gMul=1.000;qMul=1.000;qAdd=0.000;rpiOff=0.000,1874,7458,"RacePacingRejected, RACE action=reject_survival:6654;RacePacingRejected, RACE action=reject_pacing:801;ReplacementNotAllowed:3"
2026-09-16T04:50:18.3146028+00:00,1745034608,0.000000,0,1.000000,0.000000,0.000000,0.340000,SURVIVAL,SURVIVAL,NONE,H_t,reject_survival,phase=none;hMul=1.000;gMul=1.000;qMul=1.000;qAdd=0.000;rpiOff=0.000,1874,7458,"RacePacingRejected, RACE action=reject_survival:6654;RacePacingRejected, RACE action=reject_pacing:801;ReplacementNotAllowed:3"
2026-09-16T04:50:18.8140857+00:00,1745042832,0.000000,0,1.000000,0.000000,0.000000,0.340000,SURVIVAL,SURVIVAL,NONE,H_t,reject_survival,phase=none;hMul=1.000;gMul=1.000;qMul=1.000;qAdd=0.000;rpiOff=0.000,1874,7458,"RacePacingRejected, RACE action=reject_survival:6654;RacePacingRejected, RACE action=reject_pacing:801;ReplacementNotAllowed:3"
2026-09-16T04:50:19.3141590+00:00,1745116592,0.000000,0,1.000000,0.000000,0.000000,0.340000,SURVIVAL,SURVIVAL,NONE,H_t,reject_survival,phase=none;hMul=1.000;gMul=1.000;qMul=1.000;qAdd=0.000;rpiOff=0.000,1874,7458,"RacePacingRejected, RACE action=reject_survival:6654;RacePacingRejected, RACE action=reject_pacing:801;ReplacementNotAllowed:3"
2026-09-16T04:50:19.8144191+00:00,1745124816,0.000000,0,1.000000,0.000000,0.000000,0.340000,SURVIVAL,SURVIVAL,NONE,H_t,reject_survival,phase=none;hMul=1.000;gMul=1.000;qMul=1.000;qAdd=0.000;rpiOff=0.000,1874,7458,"RacePacingRejected, RACE action=reject_survival:6654;RacePacingRejected, RACE action=reject_pacing:801;ReplacementNotAllowed:3"
2026-09-16T04:50:20.3138236+00:00,1745165936,0.000000,0,1.000000,0.000000,0.000000,0.340000,SURVIVAL,SURVIVAL,NONE,H_t,reject_survival,phase=none;hMul=1.000;gMul=1.000;qMul=1.000;qAdd=0.000;rpiOff=0.000,1874,7458,"RacePacingRejected, RACE action=reject_survival:6654;RacePacingRejected, RACE action=reject_pacing:801;ReplacementNotAllowed:3"
2026-09-16T04:50:20.8142758+00:00,1745174160,0.000000,0,1.000000,0.000000,0.000000,0.340000,SURVIVAL,SURVIVAL,NONE,H_t,reject_survival,phase=none;hMul=1.000;gMul=1.000;qMul=1.000;qAdd=0.000;rpiOff=0.000,1874,7458,"RacePacingRejected, RACE action=reject_survival:6654;RacePacingRejected, RACE action=reject_pacing:801;ReplacementNotAllowed:3"
2026-09-16T04:50:21.3146517+00:00,1745264112,0.000000,0,1.000000,0.000000,0.000000,0.340000,SURVIVAL,SURVIVAL,NONE,H_t,reject_survival,phase=none;hMul=1.000;gMul=1.000;qMul=1.000;qAdd=0.000;rpiOff=0.000,1874,7458,"RacePacingRejected, RACE action=reject_survival:6654;RacePacingRejected, RACE action=reject_pacing:801;ReplacementNotAllowed:3"
2026-09-16T04:50:21.8140913+00:00,1745264112,0.000000,0,1.000000,0.000000,0.000000,0.340000,SURVIVAL,SURVIVAL,NONE,H_t,reject_survival,phase=none;hMul=1.000;gMul=1.000;qMul=1.000;qAdd=0.000;rpiOff=0.000,1874,7458,"RacePacingRejected, RACE action=reject_survival:6654;RacePacingRejected, RACE action=reject_pacing:801;ReplacementNotAllowed:3"
2026-09-16T04:50:22.3139700+00:00,1745354336,0.000000,0,1.000000,0.000000,0.000000,0.340000,SURVIVAL,SURVIVAL,NONE,H_t,reject_survival,phase=none;hMul=1.000;gMul=1.000;qMul=1.000;qAdd=0.000;rpiOff=0.000,1874,7458,"RacePacingRejected, RACE action=reject_survival:6654;RacePacingRejected, RACE action=reject_pacing:801;ReplacementNotAllowed:3"
2026-09-16T04:50:22.8144796+00:00,1745354336,0.000000,0,1.000000,0.000000,0.000000,0.340000,SURVIVAL,SURVIVAL,NONE,H_t,reject_survival,phase=none;hMul=1.000;gMul=1.000;qMul=1.000;qAdd=0.000;rpiOff=0.000,1874,7458,"RacePacingRejected, RACE action=reject_survival:6654;RacePacingRejected, RACE action=reject_pacing:801;ReplacementNotAllowed:3"
2026-09-16T04:50:23.3138408+00:00,1745453056,0.000000,0,1.000000,0.000000,0.000000,0.340000,SURVIVAL,SURVIVAL,NONE,H_t,reject_survival,phase=none;hMul=1.000;gMul=1.000;qMul=1.000;qAdd=0.000;rpiOff=0.000,1874,7458,"RacePacingRejected, RACE action=reject_survival:6654;RacePacingRejected, RACE action=reject_pacing:801;ReplacementNotAllowed:3"
2026-09-16T04:50:23.8143708+00:00,1745461280,0.000000,0,1.000000,0.000000,0.000000,0.340000,SURVIVAL,SURVIVAL,NONE,H_t,reject_survival,phase=none;hMul=1.000;gMul=1.000;qMul=1.000;qAdd=0.000;rpiOff=0.000,1874,7458,"RacePacingRejected, RACE action=reject_survival:6654;RacePacingRejected, RACE action=reject_pacing:801;ReplacementNotAllowed:3"
2026-09-16T04:50:24.3142210+00:00,1746038816,0.000000,0,1.000000,0.000000,0.000000,0.340000,SURVIVAL,SURVIVAL,NONE,H_t,reject_survival,phase=none;hMul=1.000;gMul=1.000;qMul=1.000;qAdd=0.000;rpiOff=0.000,1874,7458,"RacePacingRejected, RACE action=reject_survival:6654;RacePacingRejected, RACE action=reject_pacing:801;ReplacementNotAllowed:3"
2026-09-16T04:50:24.8147033+00:00,1746047040,0.000000,0,1.000000,0.000000,0.000000,0.340000,SURVIVAL,SURVIVAL,NONE,H_t,reject_survival,phase=none;hMul=1.000;gMul=1.000;qMul=1.000;qAdd=0.000;rpiOff=0.000,1874,7458,"RacePacingRejected, RACE action=reject_survival:6654;RacePacingRejected, RACE action=reject_pacing:801;ReplacementNotAllowed:3"
2026-09-16T04:50:25.3143599+00:00,1746108616,0.000000,0,1.000000,0.000000,0.000000,0.340000,SURVIVAL,SURVIVAL,NONE,H_t,reject_survival,phase=none;hMul=1.000;gMul=1.000;qMul=1.000;qAdd=0.000;rpiOff=0.000,1874,7458,"RacePacingRejected, RACE action=reject_survival:6654;RacePacingRejected, RACE action=reject_pacing:801;ReplacementNotAllowed:3"
2026-09-16T04:50:25.8138357+00:00,1746108616,0.000000,0,1.000000,0.000000,0.000000,0.340000,SURVIVAL,SURVIVAL,NONE,H_t,reject_survival,phase=none;hMul=1.000;gMul=1.000;qMul=1.000;qAdd=0.000;rpiOff=0.000,1874,7458,"RacePacingRejected, RACE action=reject_survival:6654;RacePacingRejected, RACE action=reject_pacing:801;ReplacementNotAllowed:3"
2026-09-16T04:50:26.3145633+00:00,1746619568,0.000000,0,1.000000,0.000000,0.000000,0.340000,SURVIVAL,SURVIVAL,NONE,H_t,reject_survival,phase=none;hMul=1.000;gMul=1.000;qMul=1.000;qAdd=0.000;rpiOff=0.000,1874,7458,"RacePacingRejected, RACE action=reject_survival:6654;RacePacingRejected, RACE action=reject_pacing:801;ReplacementNotAllowed:3"
2026-09-16T04:50:26.8143076+00:00,1746619568,0.000000,0,1.000000,0.000000,0.000000,0.340000,SURVIVAL,SURVIVAL,NONE,H_t,reject_survival,phase=none;hMul=1.000;gMul=1.000;qMul=1.000;qAdd=0.000;rpiOff=0.000,1874,7458,"RacePacingRejected, RACE action=reject_survival:6654;RacePacingRejected, RACE action=reject_pacing:801;ReplacementNotAllowed:3"
2026-09-16T04:50:27.3140387+00:00,1746676624,0.000000,0,1.000000,0.000000,0.000000,0.340000,SURVIVAL,SURVIVAL,NONE,H_t,reject_survival,phase=none;hMul=1.000;gMul=1.000;qMul=1.000;qAdd=0.000;rpiOff=0.000,1874,7458,"RacePacingRejected, RACE action=reject_survival:6654;RacePacingRejected, RACE action=reject_pacing:801;ReplacementNotAllowed:3"
2026-09-16T04:50:27.8142847+00:00,1746676624,0.000000,0,1.000000,0.000000,0.000000,0.340000,SURVIVAL,SURVIVAL,NONE,H_t,reject_survival,phase=none;hMul=1.000;gMul=1.000;qMul=1.000;qAdd=0.000;rpiOff=0.000,1874,7458,"RacePacingRejected, RACE action=reject_survival:6654;RacePacingRejected, RACE action=reject_pacing:801;ReplacementNotAllowed:3"
2026-09-16T04:50:28.3145159+00:00,1746758608,0.000000,0,1.000000,0.000000,0.000000,0.340000,SURVIVAL,SURVIVAL,NONE,H_t,reject_survival,phase=none;hMul=1.000;gMul=1.000;qMul=1.000;qAdd=0.000;rpiOff=0.000,1874,7458,"RacePacingRejected, RACE action=reject_survival:6654;RacePacingRejected, RACE action=reject_pacing:801;ReplacementNotAllowed:3"
2026-09-16T04:50:28.8139137+00:00,1746758608,0.000000,0,1.000000,0.000000,0.000000,0.340000,SURVIVAL,SURVIVAL,NONE,H_t,reject_survival,phase=none;hMul=1.000;gMul=1.000;qMul=1.000;qAdd=0.000;rpiOff=0.000,1874,7458,"RacePacingRejected, RACE action=reject_survival:6654;RacePacingRejected, RACE action=reject_pacing:801;ReplacementNotAllowed:3"
2026-09-16T04:50:29.3139863+00:00,1747168888,0.000000,0,1.000000,0.000000,0.000000,0.340000,SURVIVAL,SURVIVAL,NONE,H_t,reject_survival,phase=none;hMul=1.000;gMul=1.000;qMul=1.000;qAdd=0.000;rpiOff=0.000,1874,7458,"RacePacingRejected, RACE action=reject_survival:6654;RacePacingRejected, RACE action=reject_pacing:801;ReplacementNotAllowed:3"
2026-09-16T04:50:29.8147059+00:00,1747177112,0.000000,0,1.000000,0.000000,0.000000,0.340000,SURVIVAL,SURVIVAL,NONE,H_t,reject_survival,phase=none;hMul=1.000;gMul=1.000;qMul=1.000;qAdd=0.000;rpiOff=0.000,1874,7458,"RacePacingRejected, RACE action=reject_survival:6654;RacePacingRejected, RACE action=reject_pacing:801;ReplacementNotAllowed:3"
2026-09-16T04:50:30.3145536+00:00,1747267456,0.000000,0,1.000000,0.000000,0.000000,0.340000,SURVIVAL,SURVIVAL,NONE,H_t,reject_survival,phase=none;hMul=1.000;gMul=1.000;qMul=1.000;qAdd=0.000;rpiOff=0.000,1874,7458,"RacePacingRejected, RACE action=reject_survival:6654;RacePacingRejected, RACE action=reject_pacing:801;ReplacementNotAllowed:3"
2026-09-16T04:50:30.8139933+00:00,1747275680,0.000000,0,1.000000,0.000000,0.000000,0.340000,SURVIVAL,SURVIVAL,NONE,H_t,reject_survival,phase=none;hMul=1.000;gMul=1.000;qMul=1.000;qAdd=0.000;rpiOff=0.000,1874,7458,"RacePacingRejected, RACE action=reject_survival:6654;RacePacingRejected, RACE action=reject_pacing:801;ReplacementNotAllowed:3"
2026-09-16T04:50:31.3144813+00:00,1747316544,0.000000,0,1.000000,0.000000,0.000000,0.340000,SURVIVAL,SURVIVAL,NONE,H_t,reject_survival,phase=none;hMul=1.000;gMul=1.000;qMul=1.000;qAdd=0.000;rpiOff=0.000,1874,7458,"RacePacingRejected, RACE action=reject_survival:6654;RacePacingRejected, RACE action=reject_pacing:801;ReplacementNotAllowed:3"
2026-09-16T04:50:31.8140080+00:00,1747316544,0.000000,0,1.000000,0.000000,0.000000,0.340000,SURVIVAL,SURVIVAL,NONE,H_t,reject_survival,phase=none;hMul=1.000;gMul=1.000;qMul=1.000;qAdd=0.000;rpiOff=0.000,1874,7458,"RacePacingRejected, RACE action=reject_survival:6654;RacePacingRejected, RACE action=reject_pacing:801;ReplacementNotAllowed:3"
2026-09-16T04:50:32.3146788+00:00,1747414976,0.000000,0,1.000000,0.000000,0.000000,0.340000,SURVIVAL,SURVIVAL,NONE,H_t,reject_survival,phase=none;hMul=1.000;gMul=1.000;qMul=1.000;qAdd=0.000;rpiOff=0.000,1874,7458,"RacePacingRejected, RACE action=reject_survival:6654;RacePacingRejected, RACE action=reject_pacing:801;ReplacementNotAllowed:3"
2026-09-16T04:50:32.8141795+00:00,1747414976,0.000000,0,1.000000,0.000000,0.000000,0.340000,SURVIVAL,SURVIVAL,NONE,H_t,reject_survival,phase=none;hMul=1.000;gMul=1.000;qMul=1.000;qAdd=0.000;rpiOff=0.000,1874,7458,"RacePacingRejected, RACE action=reject_survival:6654;RacePacingRejected, RACE action=reject_pacing:801;ReplacementNotAllowed:3"
2026-09-16T04:50:33.3146869+00:00,1747472288,0.000000,0,1.000000,0.000000,0.000000,0.340000,SURVIVAL,SURVIVAL,NONE,H_t,reject_survival,phase=none;hMul=1.000;gMul=1.000;qMul=1.000;qAdd=0.000;rpiOff=0.000,1874,7458,"RacePacingRejected, RACE action=reject_survival:6654;RacePacingRejected, RACE action=reject_pacing:801;ReplacementNotAllowed:3"
2026-09-16T04:50:33.8139370+00:00,1747480512,0.000000,0,1.000000,0.000000,0.000000,0.340000,SURVIVAL,SURVIVAL,NONE,H_t,reject_survival,phase=none;hMul=1.000;gMul=1.000;qMul=1.000;qAdd=0.000;rpiOff=0.000,1874,7458,"RacePacingRejected, RACE action=reject_survival:6654;RacePacingRejected, RACE action=reject_pacing:801;ReplacementNotAllowed:3"
2026-09-16T04:50:34.3147571+00:00,1747546048,0.000000,0,1.000000,0.000000,0.000000,0.340000,SURVIVAL,SURVIVAL,NONE,H_t,reject_survival,phase=none;hMul=1.000;gMul=1.000;qMul=1.000;qAdd=0.000;rpiOff=0.000,1874,7458,"RacePacingRejected, RACE action=reject_survival:6654;RacePacingRejected, RACE action=reject_pacing:801;ReplacementNotAllowed:3"
2026-09-16T04:50:34.8141843+00:00,1747546048,0.000000,0,1.000000,0.000000,0.000000,0.340000,SURVIVAL,SURVIVAL,NONE,H_t,reject_survival,phase=none;hMul=1.000;gMul=1.000;qMul=1.000;qAdd=0.000;rpiOff=0.000,1874,7458,"RacePacingRejected, RACE action=reject_survival:6654;RacePacingRejected, RACE action=reject_pacing:801;ReplacementNotAllowed:3"
2026-09-16T04:50:35.3144544+00:00,1747634432,0.000000,0,1.000000,0.000000,0.000000,0.340000,SURVIVAL,SURVIVAL,NONE,H_t,reject_survival,phase=none;hMul=1.000;gMul=1.000;qMul=1.000;qAdd=0.000;rpiOff=0.000,1874,7458,"RacePacingRejected, RACE action=reject_survival:6654;RacePacingRejected, RACE action=reject_pacing:801;ReplacementNotAllowed:3"
2026-09-16T04:50:35.8138512+00:00,1747642656,0.000000,0,1.000000,0.000000,0.000000,0.340000,SURVIVAL,SURVIVAL,NONE,H_t,reject_survival,phase=none;hMul=1.000;gMul=1.000;qMul=1.000;qAdd=0.000;rpiOff=0.000,1874,7458,"RacePacingRejected, RACE action=reject_survival:6654;RacePacingRejected, RACE action=reject_pacing:801;ReplacementNotAllowed:3"
2026-09-16T04:50:36.3144160+00:00,1747691744,0.000000,0,1.000000,0.000000,0.000000,0.340000,SURVIVAL,SURVIVAL,NONE,H_t,reject_survival,phase=none;hMul=1.000;gMul=1.000;qMul=1.000;qAdd=0.000;rpiOff=0.000,1874,7458,"RacePacingRejected, RACE action=reject_survival:6654;RacePacingRejected, RACE action=reject_pacing:801;ReplacementNotAllowed:3"
2026-09-16T04:50:36.8141271+00:00,1747699968,0.000000,0,1.000000,0.000000,0.000000,0.340000,SURVIVAL,SURVIVAL,NONE,H_t,reject_survival,phase=none;hMul=1.000;gMul=1.000;qMul=1.000;qAdd=0.000;rpiOff=0.000,1874,7458,"RacePacingRejected, RACE action=reject_survival:6654;RacePacingRejected, RACE action=reject_pacing:801;ReplacementNotAllowed:3"
2026-09-16T04:50:37.3145103+00:00,1747773984,0.000000,0,1.000000,0.000000,0.000000,0.340000,SURVIVAL,SURVIVAL,NONE,H_t,reject_survival,phase=none;hMul=1.000;gMul=1.000;qMul=1.000;qAdd=0.000;rpiOff=0.000,1874,7458,"RacePacingRejected, RACE action=reject_survival:6654;RacePacingRejected, RACE action=reject_pacing:801;ReplacementNotAllowed:3"
2026-09-16T04:50:37.8139618+00:00,1747782208,0.000000,0,1.000000,0.000000,0.000000,0.340000,SURVIVAL,SURVIVAL,NONE,H_t,reject_survival,phase=none;hMul=1.000;gMul=1.000;qMul=1.000;qAdd=0.000;rpiOff=0.000,1874,7458,"RacePacingRejected, RACE action=reject_survival:6654;RacePacingRejected, RACE action=reject_pacing:801;ReplacementNotAllowed:3"
2026-09-16T04:50:38.3138551+00:00,1747831552,0.000000,0,1.000000,0.000000,0.000000,0.340000,SURVIVAL,SURVIVAL,NONE,H_t,reject_survival,phase=none;hMul=1.000;gMul=1.000;qMul=1.000;qAdd=0.000;rpiOff=0.000,1874,7458,"RacePacingRejected, RACE action=reject_survival:6654;RacePacingRejected, RACE action=reject_pacing:801;ReplacementNotAllowed:3"
2026-09-16T04:50:38.8142817+00:00,1747831552,0.000000,0,1.000000,0.000000,0.000000,0.340000,SURVIVAL,SURVIVAL,NONE,H_t,reject_survival,phase=none;hMul=1.000;gMul=1.000;qMul=1.000;qAdd=0.000;rpiOff=0.000,1874,7458,"RacePacingRejected, RACE action=reject_survival:6654;RacePacingRejected, RACE action=reject_pacing:801;ReplacementNotAllowed:3"
2026-09-16T04:50:39.3140634+00:00,1747911320,0.000000,0,1.000000,0.000000,0.000000,0.340000,SURVIVAL,SURVIVAL,NONE,H_t,reject_survival,phase=none;hMul=1.000;gMul=1.000;qMul=1.000;qAdd=0.000;rpiOff=0.000,1874,7458,"RacePacingRejected, RACE action=reject_survival:6654;RacePacingRejected, RACE action=reject_pacing:801;ReplacementNotAllowed:3"
2026-09-16T04:50:39.8145140+00:00,1747911320,0.000000,0,1.000000,0.000000,0.000000,0.340000,SURVIVAL,SURVIVAL,NONE,H_t,reject_survival,phase=none;hMul=1.000;gMul=1.000;qMul=1.000;qAdd=0.000;rpiOff=0.000,1874,7458,"RacePacingRejected, RACE action=reject_survival:6654;RacePacingRejected, RACE action=reject_pacing:801;ReplacementNotAllowed:3"
2026-09-16T04:50:40.3139565+00:00,1747952440,0.000000,0,1.000000,0.000000,0.000000,0.340000,SURVIVAL,SURVIVAL,NONE,H_t,reject_survival,phase=none;hMul=1.000;gMul=1.000;qMul=1.000;qAdd=0.000;rpiOff=0.000,1874,7458,"RacePacingRejected, RACE action=reject_survival:6654;RacePacingRejected, RACE action=reject_pacing:801;ReplacementNotAllowed:3"
2026-09-16T04:50:40.8142207+00:00,1747960664,0.000000,0,1.000000,0.000000,0.000000,0.340000,SURVIVAL,SURVIVAL,NONE,H_t,reject_survival,phase=none;hMul=1.000;gMul=1.000;qMul=1.000;qAdd=0.000;rpiOff=0.000,1874,7458,"RacePacingRejected, RACE action=reject_survival:6654;RacePacingRejected, RACE action=reject_pacing:801;ReplacementNotAllowed:3"
2026-09-16T04:50:41.3146271+00:00,1748034656,0.000000,0,1.000000,0.000000,0.000000,0.340000,SURVIVAL,SURVIVAL,NONE,H_t,reject_survival,phase=none;hMul=1.000;gMul=1.000;qMul=1.000;qAdd=0.000;rpiOff=0.000,1874,7458,"RacePacingRejected, RACE action=reject_survival:6654;RacePacingRejected, RACE action=reject_pacing:801;ReplacementNotAllowed:3"
2026-09-16T04:50:41.8140728+00:00,1748034656,0.000000,0,1.000000,0.000000,0.000000,0.340000,SURVIVAL,SURVIVAL,NONE,H_t,reject_survival,phase=none;hMul=1.000;gMul=1.000;qMul=1.000;qAdd=0.000;rpiOff=0.000,1874,7458,"RacePacingRejected, RACE action=reject_survival:6654;RacePacingRejected, RACE action=reject_pacing:801;ReplacementNotAllowed:3"
2026-09-16T04:50:42.3147598+00:00,1748079392,0.000000,0,1.000000,0.000000,0.000000,0.340000,SURVIVAL,SURVIVAL,NONE,H_t,reject_survival,phase=none;hMul=1.000;gMul=1.000;qMul=1.000;qAdd=0.000;rpiOff=0.000,1874,7458,"RacePacingRejected, RACE action=reject_survival:6654;RacePacingRejected, RACE action=reject_pacing:801;ReplacementNotAllowed:3"
2026-09-16T04:50:42.8142950+00:00,1748095584,0.000000,0,1.000000,0.000000,0.000000,0.340000,SURVIVAL,SURVIVAL,NONE,H_t,reject_survival,phase=none;hMul=1.000;gMul=1.000;qMul=1.000;qAdd=0.000;rpiOff=0.000,1874,7458,"RacePacingRejected, RACE action=reject_survival:6654;RacePacingRejected, RACE action=reject_pacing:801;ReplacementNotAllowed:3"
2026-09-16T04:50:43.3138504+00:00,1748181824,0.000000,0,1.000000,0.000000,0.000000,0.340000,SURVIVAL,SURVIVAL,NONE,H_t,reject_survival,phase=none;hMul=1.000;gMul=1.000;qMul=1.000;qAdd=0.000;rpiOff=0.000,1874,7458,"RacePacingRejected, RACE action=reject_survival:6654;RacePacingRejected, RACE action=reject_pacing:801;ReplacementNotAllowed:3"
2026-09-16T04:50:43.8142948+00:00,1748181824,0.000000,0,1.000000,0.000000,0.000000,0.340000,SURVIVAL,SURVIVAL,NONE,H_t,reject_survival,phase=none;hMul=1.000;gMul=1.000;qMul=1.000;qAdd=0.000;rpiOff=0.000,1874,7458,"RacePacingRejected, RACE action=reject_survival:6654;RacePacingRejected, RACE action=reject_pacing:801;ReplacementNotAllowed:3"
2026-09-16T04:50:44.3138452+00:00,1748231168,0.000000,0,1.000000,0.000000,0.000000,0.340000,SURVIVAL,SURVIVAL,NONE,H_t,reject_survival,phase=none;hMul=1.000;gMul=1.000;qMul=1.000;qAdd=0.000;rpiOff=0.000,1874,7458,"RacePacingRejected, RACE action=reject_survival:6654;RacePacingRejected, RACE action=reject_pacing:801;ReplacementNotAllowed:3"
2026-09-16T04:50:44.8143113+00:00,1748239392,0.000000,0,1.000000,0.000000,0.000000,0.340000,SURVIVAL,SURVIVAL,NONE,H_t,reject_survival,phase=none;hMul=1.000;gMul=1.000;qMul=1.000;qAdd=0.000;rpiOff=0.000,1874,7458,"RacePacingRejected, RACE action=reject_survival:6654;RacePacingRejected, RACE action=reject_pacing:801;ReplacementNotAllowed:3"
2026-09-16T04:50:45.3147484+00:00,1748312512,0.000000,0,1.000000,0.000000,0.000000,0.340000,SURVIVAL,SURVIVAL,NONE,H_t,reject_survival,phase=none;hMul=1.000;gMul=1.000;qMul=1.000;qAdd=0.000;rpiOff=0.000,1874,7458,"RacePacingRejected, RACE action=reject_survival:6654;RacePacingRejected, RACE action=reject_pacing:801;ReplacementNotAllowed:3"
2026-09-16T04:50:45.8142242+00:00,1748312512,0.000000,0,1.000000,0.000000,0.000000,0.340000,SURVIVAL,SURVIVAL,NONE,H_t,reject_survival,phase=none;hMul=1.000;gMul=1.000;qMul=1.000;qAdd=0.000;rpiOff=0.000,1874,7458,"RacePacingRejected, RACE action=reject_survival:6654;RacePacingRejected, RACE action=reject_pacing:801;ReplacementNotAllowed:3"
2026-09-16T04:50:46.3143665+00:00,1748394496,0.000000,0,1.000000,0.000000,0.000000,0.340000,SURVIVAL,SURVIVAL,NONE,H_t,reject_survival,phase=none;hMul=1.000;gMul=1.000;qMul=1.000;qAdd=0.000;rpiOff=0.000,1874,7458,"RacePacingRejected, RACE action=reject_survival:6654;RacePacingRejected, RACE action=reject_pacing:801;ReplacementNotAllowed:3"
2026-09-16T04:50:46.8130108+00:00,1748402720,0.000000,0,1.000000,0.000000,0.000000,0.340000,SURVIVAL,SURVIVAL,NONE,H_t,reject_survival,phase=none;hMul=1.000;gMul=1.000;qMul=1.000;qAdd=0.000;rpiOff=0.000,1874,7458,"RacePacingRejected, RACE action=reject_survival:6654;RacePacingRejected, RACE action=reject_pacing:801;ReplacementNotAllowed:3"
2026-09-16T04:50:47.3146892+00:00,1748452064,0.000000,0,1.000000,0.000000,0.000000,0.340000,SURVIVAL,SURVIVAL,NONE,H_t,reject_survival,phase=none;hMul=1.000;gMul=1.000;qMul=1.000;qAdd=0.000;rpiOff=0.000,1874,7458,"RacePacingRejected, RACE action=reject_survival:6654;RacePacingRejected, RACE action=reject_pacing:801;ReplacementNotAllowed:3"
2026-09-16T04:50:47.8139629+00:00,1748460288,0.000000,0,1.000000,0.000000,0.000000,0.340000,SURVIVAL,SURVIVAL,NONE,H_t,reject_survival,phase=none;hMul=1.000;gMul=1.000;qMul=1.000;qAdd=0.000;rpiOff=0.000,1874,7458,"RacePacingRejected, RACE action=reject_survival:6654;RacePacingRejected, RACE action=reject_pacing:801;ReplacementNotAllowed:3"
2026-09-16T04:50:48.3147689+00:00,1748533720,0.000000,0,1.000000,0.000000,0.000000,0.340000,SURVIVAL,SURVIVAL,NONE,H_t,reject_survival,phase=none;hMul=1.000;gMul=1.000;qMul=1.000;qAdd=0.000;rpiOff=0.000,1874,7458,"RacePacingRejected, RACE action=reject_survival:6654;RacePacingRejected, RACE action=reject_pacing:801;ReplacementNotAllowed:3"
2026-09-16T04:50:48.8138747+00:00,1748533720,0.000000,0,1.000000,0.000000,0.000000,0.340000,SURVIVAL,SURVIVAL,NONE,H_t,reject_survival,phase=none;hMul=1.000;gMul=1.000;qMul=1.000;qAdd=0.000;rpiOff=0.000,1874,7458,"RacePacingRejected, RACE action=reject_survival:6654;RacePacingRejected, RACE action=reject_pacing:801;ReplacementNotAllowed:3"
2026-09-16T04:50:49.3145600+00:00,1749050088,0.000000,0,1.000000,0.000000,0.000000,0.340000,SURVIVAL,SURVIVAL,NONE,H_t,reject_survival,phase=none;hMul=1.000;gMul=1.000;qMul=1.000;qAdd=0.000;rpiOff=0.000,1874,7458,"RacePacingRejected, RACE action=reject_survival:6654;RacePacingRejected, RACE action=reject_pacing:801;ReplacementNotAllowed:3"
2026-09-16T04:50:49.8141393+00:00,1749050088,0.000000,0,1.000000,0.000000,0.000000,0.340000,SURVIVAL,SURVIVAL,NONE,H_t,reject_survival,phase=none;hMul=1.000;gMul=1.000;qMul=1.000;qAdd=0.000;rpiOff=0.000,1874,7458,"RacePacingRejected, RACE action=reject_survival:6654;RacePacingRejected, RACE action=reject_pacing:801;ReplacementNotAllowed:3"
2026-09-16T04:50:50.3146775+00:00,1749106840,0.000000,0,1.000000,0.000000,0.000000,0.340000,SURVIVAL,SURVIVAL,NONE,H_t,reject_survival,phase=none;hMul=1.000;gMul=1.000;qMul=1.000;qAdd=0.000;rpiOff=0.000,1874,7458,"RacePacingRejected, RACE action=reject_survival:6654;RacePacingRejected, RACE action=reject_pacing:801;ReplacementNotAllowed:3"
2026-09-16T04:50:50.8142370+00:00,1749106840,0.000000,0,1.000000,0.000000,0.000000,0.340000,SURVIVAL,SURVIVAL,NONE,H_t,reject_survival,phase=none;hMul=1.000;gMul=1.000;qMul=1.000;qAdd=0.000;rpiOff=0.000,1874,7458,"RacePacingRejected, RACE action=reject_survival:6654;RacePacingRejected, RACE action=reject_pacing:801;ReplacementNotAllowed:3"
2026-09-16T04:50:51.3146361+00:00,1749188824,0.000000,0,1.000000,0.000000,0.000000,0.340000,SURVIVAL,SURVIVAL,NONE,H_t,reject_survival,phase=none;hMul=1.000;gMul=1.000;qMul=1.000;qAdd=0.000;rpiOff=0.000,1874,7458,"RacePacingRejected, RACE action=reject_survival:6654;RacePacingRejected, RACE action=reject_pacing:801;ReplacementNotAllowed:3"
2026-09-16T04:50:51.8140485+00:00,1749188824,0.000000,0,1.000000,0.000000,0.000000,0.340000,SURVIVAL,SURVIVAL,NONE,H_t,reject_survival,phase=none;hMul=1.000;gMul=1.000;qMul=1.000;qAdd=0.000;rpiOff=0.000,1874,7458,"RacePacingRejected, RACE action=reject_survival:6654;RacePacingRejected, RACE action=reject_pacing:801;ReplacementNotAllowed:3"
2026-09-16T04:50:52.3147552+00:00,1749238168,0.000000,0,1.000000,0.000000,0.000000,0.340000,SURVIVAL,SURVIVAL,NONE,H_t,reject_survival,phase=none;hMul=1.000;gMul=1.000;qMul=1.000;qAdd=0.000;rpiOff=0.000,1874,7458,"RacePacingRejected, RACE action=reject_survival:6654;RacePacingRejected, RACE action=reject_pacing:801;ReplacementNotAllowed:3"
2026-09-16T04:50:52.8142370+00:00,1749246392,0.000000,0,1.000000,0.000000,0.000000,0.340000,SURVIVAL,SURVIVAL,NONE,H_t,reject_survival,phase=none;hMul=1.000;gMul=1.000;qMul=1.000;qAdd=0.000;rpiOff=0.000,1874,7458,"RacePacingRejected, RACE action=reject_survival:6654;RacePacingRejected, RACE action=reject_pacing:801;ReplacementNotAllowed:3"
2026-09-16T04:50:53.3138627+00:00,1749328160,0.000000,0,1.000000,0.000000,0.000000,0.340000,SURVIVAL,SURVIVAL,NONE,H_t,reject_survival,phase=none;hMul=1.000;gMul=1.000;qMul=1.000;qAdd=0.000;rpiOff=0.000,1874,7458,"RacePacingRejected, RACE action=reject_survival:6654;RacePacingRejected, RACE action=reject_pacing:801;ReplacementNotAllowed:3"
2026-09-16T04:50:53.8144057+00:00,1749336128,0.000000,0,1.000000,0.000000,0.000000,0.340000,SURVIVAL,SURVIVAL,NONE,H_t,reject_survival,phase=none;hMul=1.000;gMul=1.000;qMul=1.000;qAdd=0.000;rpiOff=0.000,1874,7458,"RacePacingRejected, RACE action=reject_survival:6654;RacePacingRejected, RACE action=reject_pacing:801;ReplacementNotAllowed:3"
2026-09-16T04:50:54.3138925+00:00,1749377248,0.000000,0,1.000000,0.000000,0.000000,0.340000,SURVIVAL,SURVIVAL,NONE,H_t,reject_survival,phase=none;hMul=1.000;gMul=1.000;qMul=1.000;qAdd=0.000;rpiOff=0.000,1874,7458,"RacePacingRejected, RACE action=reject_survival:6654;RacePacingRejected, RACE action=reject_pacing:801;ReplacementNotAllowed:3"
2026-09-16T04:50:54.8143726+00:00,1749385472,0.000000,0,1.000000,0.000000,0.000000,0.340000,SURVIVAL,SURVIVAL,NONE,H_t,reject_survival,phase=none;hMul=1.000;gMul=1.000;qMul=1.000;qAdd=0.000;rpiOff=0.000,1874,7458,"RacePacingRejected, RACE action=reject_survival:6654;RacePacingRejected, RACE action=reject_pacing:801;ReplacementNotAllowed:3"
2026-09-16T04:50:55.3147204+00:00,1749459232,0.000000,0,1.000000,0.000000,0.000000,0.340000,SURVIVAL,SURVIVAL,NONE,H_t,reject_survival,phase=none;hMul=1.000;gMul=1.000;qMul=1.000;qAdd=0.000;rpiOff=0.000,1874,7458,"RacePacingRejected, RACE action=reject_survival:6654;RacePacingRejected, RACE action=reject_pacing:801;ReplacementNotAllowed:3"
2026-09-16T04:50:55.8139535+00:00,1749459232,0.000000,0,1.000000,0.000000,0.000000,0.340000,SURVIVAL,SURVIVAL,NONE,H_t,reject_survival,phase=none;hMul=1.000;gMul=1.000;qMul=1.000;qAdd=0.000;rpiOff=0.000,1874,7458,"RacePacingRejected, RACE action=reject_survival:6654;RacePacingRejected, RACE action=reject_pacing:801;ReplacementNotAllowed:3"
2026-09-16T04:50:56.3145254+00:00,1749532480,0.000000,0,1.000000,0.000000,0.000000,0.340000,SURVIVAL,SURVIVAL,NONE,H_t,reject_survival,phase=none;hMul=1.000;gMul=1.000;qMul=1.000;qAdd=0.000;rpiOff=0.000,1874,7458,"RacePacingRejected, RACE action=reject_survival:6654;RacePacingRejected, RACE action=reject_pacing:801;ReplacementNotAllowed:3"
2026-09-16T04:50:56.8142943+00:00,1749540704,0.000000,0,1.000000,0.000000,0.000000,0.340000,SURVIVAL,SURVIVAL,NONE,H_t,reject_survival,phase=none;hMul=1.000;gMul=1.000;qMul=1.000;qAdd=0.000;rpiOff=0.000,1874,7458,"RacePacingRejected, RACE action=reject_survival:6654;RacePacingRejected, RACE action=reject_pacing:801;ReplacementNotAllowed:3"
2026-09-16T04:50:57.3141710+00:00,1749589792,0.000000,0,1.000000,0.000000,0.000000,0.340000,SURVIVAL,SURVIVAL,NONE,H_t,reject_survival,phase=none;hMul=1.000;gMul=1.000;qMul=1.000;qAdd=0.000;rpiOff=0.000,1874,7458,"RacePacingRejected, RACE action=reject_survival:6654;RacePacingRejected, RACE action=reject_pacing:801;ReplacementNotAllowed:3"
2026-09-16T04:50:57.8145349+00:00,1749598016,0.000000,0,1.000000,0.000000,0.000000,0.340000,SURVIVAL,SURVIVAL,NONE,H_t,reject_survival,phase=none;hMul=1.000;gMul=1.000;qMul=1.000;qAdd=0.000;rpiOff=0.000,1874,7458,"RacePacingRejected, RACE action=reject_survival:6654;RacePacingRejected, RACE action=reject_pacing:801;ReplacementNotAllowed:3"
2026-09-16T04:50:58.3141939+00:00,1749687968,0.000000,0,1.000000,0.000000,0.000000,0.340000,SURVIVAL,SURVIVAL,NONE,H_t,reject_survival,phase=none;hMul=1.000;gMul=1.000;qMul=1.000;qAdd=0.000;rpiOff=0.000,1874,7458,"RacePacingRejected, RACE action=reject_survival:6654;RacePacingRejected, RACE action=reject_pacing:801;ReplacementNotAllowed:3"
2026-09-16T04:50:58.8146491+00:00,1749687968,0.000000,0,1.000000,0.000000,0.000000,0.340000,SURVIVAL,SURVIVAL,NONE,H_t,reject_survival,phase=none;hMul=1.000;gMul=1.000;qMul=1.000;qAdd=0.000;rpiOff=0.000,1874,7458,"RacePacingRejected, RACE action=reject_survival:6654;RacePacingRejected, RACE action=reject_pacing:801;ReplacementNotAllowed:3"
2026-09-16T04:50:59.3142833+00:00,1749737312,0.000000,0,1.000000,0.000000,0.000000,0.340000,SURVIVAL,SURVIVAL,NONE,H_t,reject_survival,phase=none;hMul=1.000;gMul=1.000;qMul=1.000;qAdd=0.000;rpiOff=0.000,1874,7458,"RacePacingRejected, RACE action=reject_survival:6654;RacePacingRejected, RACE action=reject_pacing:801;ReplacementNotAllowed:3"
2026-09-16T04:50:59.8147143+00:00,1749737312,0.000000,0,1.000000,0.000000,0.000000,0.340000,SURVIVAL,SURVIVAL,NONE,H_t,reject_survival,phase=none;hMul=1.000;gMul=1.000;qMul=1.000;qAdd=0.000;rpiOff=0.000,1874,7458,"RacePacingRejected, RACE action=reject_survival:6654;RacePacingRejected, RACE action=reject_pacing:801;ReplacementNotAllowed:3"
2026-09-16T04:51:00.3143545+00:00,1749802592,0.000000,0,1.000000,0.000000,0.000000,0.340000,SURVIVAL,SURVIVAL,NONE,H_t,reject_survival,phase=none;hMul=1.000;gMul=1.000;qMul=1.000;qAdd=0.000;rpiOff=0.000,1874,7458,"RacePacingRejected, RACE action=reject_survival:6654;RacePacingRejected, RACE action=reject_pacing:801;ReplacementNotAllowed:3"
2026-09-16T04:51:00.8138863+00:00,1749810816,0.000000,0,1.000000,0.000000,0.000000,0.340000,SURVIVAL,SURVIVAL,NONE,H_t,reject_survival,phase=none;hMul=1.000;gMul=1.000;qMul=1.000;qAdd=0.000;rpiOff=0.000,1874,7458,"RacePacingRejected, RACE action=reject_survival:6654;RacePacingRejected, RACE action=reject_pacing:801;ReplacementNotAllowed:3"
2026-09-16T04:51:01.3144530+00:00,1749868384,0.000000,0,1.000000,0.000000,0.000000,0.340000,SURVIVAL,SURVIVAL,NONE,H_t,reject_survival,phase=none;hMul=1.000;gMul=1.000;qMul=1.000;qAdd=0.000;rpiOff=0.000,1874,7458,"RacePacingRejected, RACE action=reject_survival:6654;RacePacingRejected, RACE action=reject_pacing:801;ReplacementNotAllowed:3"
2026-09-16T04:51:01.8140429+00:00,1749868384,0.000000,0,1.000000,0.000000,0.000000,0.340000,SURVIVAL,SURVIVAL,NONE,H_t,reject_survival,phase=none;hMul=1.000;gMul=1.000;qMul=1.000;qAdd=0.000;rpiOff=0.000,1874,7458,"RacePacingRejected, RACE action=reject_survival:6654;RacePacingRejected, RACE action=reject_pacing:801;ReplacementNotAllowed:3"
2026-09-16T04:51:02.3145208+00:00,1749950240,0.000000,0,1.000000,0.000000,0.000000,0.340000,SURVIVAL,SURVIVAL,NONE,H_t,reject_survival,phase=none;hMul=1.000;gMul=1.000;qMul=1.000;qAdd=0.000;rpiOff=0.000,1874,7458,"RacePacingRejected, RACE action=reject_survival:6654;RacePacingRejected, RACE action=reject_pacing:801;ReplacementNotAllowed:3"
2026-09-16T04:51:02.8141031+00:00,1749950240,0.000000,0,1.000000,0.000000,0.000000,0.340000,SURVIVAL,SURVIVAL,NONE,H_t,reject_survival,phase=none;hMul=1.000;gMul=1.000;qMul=1.000;qAdd=0.000;rpiOff=0.000,1874,7458,"RacePacingRejected, RACE action=reject_survival:6654;RacePacingRejected, RACE action=reject_pacing:801;ReplacementNotAllowed:3"
2026-09-16T04:51:03.3147629+00:00,1750007552,0.000000,0,1.000000,0.000000,0.000000,0.340000,SURVIVAL,SURVIVAL,NONE,H_t,reject_survival,phase=none;hMul=1.000;gMul=1.000;qMul=1.000;qAdd=0.000;rpiOff=0.000,1874,7458,"RacePacingRejected, RACE action=reject_survival:6654;RacePacingRejected, RACE action=reject_pacing:801;ReplacementNotAllowed:3"
2026-09-16T04:51:03.8142464+00:00,1750007552,0.000000,0,1.000000,0.000000,0.000000,0.340000,SURVIVAL,SURVIVAL,NONE,H_t,reject_survival,phase=none;hMul=1.000;gMul=1.000;qMul=1.000;qAdd=0.000;rpiOff=0.000,1874,7458,"RacePacingRejected, RACE action=reject_survival:6654;RacePacingRejected, RACE action=reject_pacing:801;ReplacementNotAllowed:3"
2026-09-16T04:51:04.3138374+00:00,1750097592,0.000000,0,1.000000,0.000000,0.000000,0.340000,SURVIVAL,SURVIVAL,NONE,H_t,reject_survival,phase=none;hMul=1.000;gMul=1.000;qMul=1.000;qAdd=0.000;rpiOff=0.000,1874,7458,"RacePacingRejected, RACE action=reject_survival:6654;RacePacingRejected, RACE action=reject_pacing:801;ReplacementNotAllowed:3"
2026-09-16T04:51:04.8140974+00:00,1750105816,0.000000,0,1.000000,0.000000,0.000000,0.340000,SURVIVAL,SURVIVAL,NONE,H_t,reject_survival,phase=none;hMul=1.000;gMul=1.000;qMul=1.000;qAdd=0.000;rpiOff=0.000,1874,7458,"RacePacingRejected, RACE action=reject_survival:6654;RacePacingRejected, RACE action=reject_pacing:801;ReplacementNotAllowed:3"
2026-09-16T04:51:05.3141089+00:00,1750187288,0.000000,0,1.000000,0.000000,0.000000,0.340000,SURVIVAL,SURVIVAL,NONE,H_t,reject_survival,phase=none;hMul=1.000;gMul=1.000;qMul=1.000;qAdd=0.000;rpiOff=0.000,1874,7458,"RacePacingRejected, RACE action=reject_survival:6654;RacePacingRejected, RACE action=reject_pacing:801;ReplacementNotAllowed:3"
2026-09-16T04:51:05.8145775+00:00,1750195512,0.000000,0,1.000000,0.000000,0.000000,0.340000,SURVIVAL,SURVIVAL,NONE,H_t,reject_survival,phase=none;hMul=1.000;gMul=1.000;qMul=1.000;qAdd=0.000;rpiOff=0.000,1874,7458,"RacePacingRejected, RACE action=reject_survival:6654;RacePacingRejected, RACE action=reject_pacing:801;ReplacementNotAllowed:3"
2026-09-16T04:51:06.3142627+00:00,1750236632,0.000000,0,1.000000,0.000000,0.000000,0.340000,SURVIVAL,SURVIVAL,NONE,H_t,reject_survival,phase=none;hMul=1.000;gMul=1.000;qMul=1.000;qAdd=0.000;rpiOff=0.000,1874,7458,"RacePacingRejected, RACE action=reject_survival:6654;RacePacingRejected, RACE action=reject_pacing:801;ReplacementNotAllowed:3"
2026-09-16T04:51:06.8140015+00:00,1750244856,0.000000,0,1.000000,0.000000,0.000000,0.340000,SURVIVAL,SURVIVAL,NONE,H_t,reject_survival,phase=none;hMul=1.000;gMul=1.000;qMul=1.000;qAdd=0.000;rpiOff=0.000,1874,7458,"RacePacingRejected, RACE action=reject_survival:6654;RacePacingRejected, RACE action=reject_pacing:801;ReplacementNotAllowed:3"
2026-09-16T04:51:07.3138437+00:00,1750326840,0.000000,0,1.000000,0.000000,0.000000,0.340000,SURVIVAL,SURVIVAL,NONE,H_t,reject_survival,phase=none;hMul=1.000;gMul=1.000;qMul=1.000;qAdd=0.000;rpiOff=0.000,1874,7458,"RacePacingRejected, RACE action=reject_survival:6654;RacePacingRejected, RACE action=reject_pacing:801;ReplacementNotAllowed:3"
2026-09-16T04:51:07.8142817+00:00,1750335064,0.000000,0,1.000000,0.000000,0.000000,0.340000,SURVIVAL,SURVIVAL,NONE,H_t,reject_survival,phase=none;hMul=1.000;gMul=1.000;qMul=1.000;qAdd=0.000;rpiOff=0.000,1874,7458,"RacePacingRejected, RACE action=reject_survival:6654;RacePacingRejected, RACE action=reject_pacing:801;ReplacementNotAllowed:3"
2026-09-16T04:51:08.3147714+00:00,1750384408,0.000000,0,1.000000,0.000000,0.000000,0.340000,SURVIVAL,SURVIVAL,NONE,H_t,reject_survival,phase=none;hMul=1.000;gMul=1.000;qMul=1.000;qAdd=0.000;rpiOff=0.000,1874,7458,"RacePacingRejected, RACE action=reject_survival:6654;RacePacingRejected, RACE action=reject_pacing:801;ReplacementNotAllowed:3"
2026-09-16T04:51:08.8142742+00:00,1750384408,0.000000,0,1.000000,0.000000,0.000000,0.340000,SURVIVAL,SURVIVAL,NONE,H_t,reject_survival,phase=none;hMul=1.000;gMul=1.000;qMul=1.000;qAdd=0.000;rpiOff=0.000,1874,7458,"RacePacingRejected, RACE action=reject_survival:6654;RacePacingRejected, RACE action=reject_pacing:801;ReplacementNotAllowed:3"
2026-09-16T04:51:09.3138436+00:00,1750466136,0.000000,0,1.000000,0.000000,0.000000,0.340000,SURVIVAL,SURVIVAL,NONE,H_t,reject_survival,phase=none;hMul=1.000;gMul=1.000;qMul=1.000;qAdd=0.000;rpiOff=0.000,1874,7458,"RacePacingRejected, RACE action=reject_survival:6654;RacePacingRejected, RACE action=reject_pacing:801;ReplacementNotAllowed:3"
2026-09-16T04:51:09.8143021+00:00,1750474360,0.000000,0,1.000000,0.000000,0.000000,0.340000,SURVIVAL,SURVIVAL,NONE,H_t,reject_survival,phase=none;hMul=1.000;gMul=1.000;qMul=1.000;qAdd=0.000;rpiOff=0.000,1874,7458,"RacePacingRejected, RACE action=reject_survival:6654;RacePacingRejected, RACE action=reject_pacing:801;ReplacementNotAllowed:3"
2026-09-16T04:51:10.3139546+00:00,1750523704,0.000000,0,1.000000,0.000000,0.000000,0.340000,SURVIVAL,SURVIVAL,NONE,H_t,reject_survival,phase=none;hMul=1.000;gMul=1.000;qMul=1.000;qAdd=0.000;rpiOff=0.000,1874,7458,"RacePacingRejected, RACE action=reject_survival:6654;RacePacingRejected, RACE action=reject_pacing:801;ReplacementNotAllowed:3"
2026-09-16T04:51:10.8144895+00:00,1750523704,0.000000,0,1.000000,0.000000,0.000000,0.340000,SURVIVAL,SURVIVAL,NONE,H_t,reject_survival,phase=none;hMul=1.000;gMul=1.000;qMul=1.000;qAdd=0.000;rpiOff=0.000,1874,7458,"RacePacingRejected, RACE action=reject_survival:6654;RacePacingRejected, RACE action=reject_pacing:801;ReplacementNotAllowed:3"
2026-09-16T04:51:11.3139860+00:00,1750613656,0.000000,0,1.000000,0.000000,0.000000,0.340000,SURVIVAL,SURVIVAL,NONE,H_t,reject_survival,phase=none;hMul=1.000;gMul=1.000;qMul=1.000;qAdd=0.000;rpiOff=0.000,1874,7458,"RacePacingRejected, RACE action=reject_survival:6654;RacePacingRejected, RACE action=reject_pacing:801;ReplacementNotAllowed:3"
2026-09-16T04:51:11.8144833+00:00,1750613656,0.000000,0,1.000000,0.000000,0.000000,0.340000,SURVIVAL,SURVIVAL,NONE,H_t,reject_survival,phase=none;hMul=1.000;gMul=1.000;qMul=1.000;qAdd=0.000;rpiOff=0.000,1874,7458,"RacePacingRejected, RACE action=reject_survival:6654;RacePacingRejected, RACE action=reject_pacing:801;ReplacementNotAllowed:3"
2026-09-16T04:51:12.3140309+00:00,1750662744,0.000000,0,1.000000,0.000000,0.000000,0.340000,SURVIVAL,SURVIVAL,NONE,H_t,reject_survival,phase=none;hMul=1.000;gMul=1.000;qMul=1.000;qAdd=0.000;rpiOff=0.000,1874,7458,"RacePacingRejected, RACE action=reject_survival:6654;RacePacingRejected, RACE action=reject_pacing:801;ReplacementNotAllowed:3"
2026-09-16T04:51:12.8144603+00:00,1750662744,0.000000,0,1.000000,0.000000,0.000000,0.340000,SURVIVAL,SURVIVAL,NONE,H_t,reject_survival,phase=none;hMul=1.000;gMul=1.000;qMul=1.000;qAdd=0.000;rpiOff=0.000,1874,7458,"RacePacingRejected, RACE action=reject_survival:6654;RacePacingRejected, RACE action=reject_pacing:801;ReplacementNotAllowed:3"
2026-09-16T04:51:13.3138286+00:00,1750728280,0.000000,0,1.000000,0.000000,0.000000,0.340000,SURVIVAL,SURVIVAL,NONE,H_t,reject_survival,phase=none;hMul=1.000;gMul=1.000;qMul=1.000;qAdd=0.000;rpiOff=0.000,1874,7458,"RacePacingRejected, RACE action=reject_survival:6654;RacePacingRejected, RACE action=reject_pacing:801;ReplacementNotAllowed:3"
2026-09-16T04:51:13.8141027+00:00,1750736504,0.000000,0,1.000000,0.000000,0.000000,0.340000,SURVIVAL,SURVIVAL,NONE,H_t,reject_survival,phase=none;hMul=1.000;gMul=1.000;qMul=1.000;qAdd=0.000;rpiOff=0.000,1874,7458,"RacePacingRejected, RACE action=reject_survival:6654;RacePacingRejected, RACE action=reject_pacing:801;ReplacementNotAllowed:3"
2026-09-16T04:51:14.3144758+00:00,1750777624,0.000000,0,1.000000,0.000000,0.000000,0.340000,SURVIVAL,SURVIVAL,NONE,H_t,reject_survival,phase=none;hMul=1.000;gMul=1.000;qMul=1.000;qAdd=0.000;rpiOff=0.000,1874,7458,"RacePacingRejected, RACE action=reject_survival:6654;RacePacingRejected, RACE action=reject_pacing:801;ReplacementNotAllowed:3"
2026-09-16T04:51:14.8149269+00:00,1750785592,0.000000,0,1.000000,0.000000,0.000000,0.340000,SURVIVAL,SURVIVAL,NONE,H_t,reject_survival,phase=none;hMul=1.000;gMul=1.000;qMul=1.000;qAdd=0.000;rpiOff=0.000,1874,7458,"RacePacingRejected, RACE action=reject_survival:6654;RacePacingRejected, RACE action=reject_pacing:801;ReplacementNotAllowed:3"
2026-09-16T04:51:15.3145166+00:00,1750876056,0.000000,0,1.000000,0.000000,0.000000,0.340000,SURVIVAL,SURVIVAL,NONE,H_t,reject_survival,phase=none;hMul=1.000;gMul=1.000;qMul=1.000;qAdd=0.000;rpiOff=0.000,1874,7458,"RacePacingRejected, RACE action=reject_survival:6654;RacePacingRejected, RACE action=reject_pacing:801;ReplacementNotAllowed:3"
2026-09-16T04:51:15.8139895+00:00,1750876056,0.000000,0,1.000000,0.000000,0.000000,0.340000,SURVIVAL,SURVIVAL,NONE,H_t,reject_survival,phase=none;hMul=1.000;gMul=1.000;qMul=1.000;qAdd=0.000;rpiOff=0.000,1874,7458,"RacePacingRejected, RACE action=reject_survival:6654;RacePacingRejected, RACE action=reject_pacing:801;ReplacementNotAllowed:3"
2026-09-16T04:51:16.3147835+00:00,1750916920,0.000000,0,1.000000,0.000000,0.000000,0.340000,SURVIVAL,SURVIVAL,NONE,H_t,reject_survival,phase=none;hMul=1.000;gMul=1.000;qMul=1.000;qAdd=0.000;rpiOff=0.000,1874,7458,"RacePacingRejected, RACE action=reject_survival:6654;RacePacingRejected, RACE action=reject_pacing:801;ReplacementNotAllowed:3"
2026-09-16T04:51:16.8146492+00:00,1750925144,0.000000,0,1.000000,0.000000,0.000000,0.340000,SURVIVAL,SURVIVAL,NONE,H_t,reject_survival,phase=none;hMul=1.000;gMul=1.000;qMul=1.000;qAdd=0.000;rpiOff=0.000,1874,7458,"RacePacingRejected, RACE action=reject_survival:6654;RacePacingRejected, RACE action=reject_pacing:801;ReplacementNotAllowed:3"
2026-09-16T04:51:17.3144958+00:00,1751015096,0.000000,0,1.000000,0.000000,0.000000,0.340000,SURVIVAL,SURVIVAL,NONE,H_t,reject_survival,phase=none;hMul=1.000;gMul=1.000;qMul=1.000;qAdd=0.000;rpiOff=0.000,1874,7458,"RacePacingRejected, RACE action=reject_survival:6654;RacePacingRejected, RACE action=reject_pacing:801;ReplacementNotAllowed:3"
2026-09-16T04:51:17.8139684+00:00,1751023320,0.000000,0,1.000000,0.000000,0.000000,0.340000,SURVIVAL,SURVIVAL,NONE,H_t,reject_survival,phase=none;hMul=1.000;gMul=1.000;qMul=1.000;qAdd=0.000;rpiOff=0.000,1874,7458,"RacePacingRejected, RACE action=reject_survival:6654;RacePacingRejected, RACE action=reject_pacing:801;ReplacementNotAllowed:3"
2026-09-16T04:51:18.3144722+00:00,1751072408,0.000000,0,1.000000,0.000000,0.000000,0.340000,SURVIVAL,SURVIVAL,NONE,H_t,reject_survival,phase=none;hMul=1.000;gMul=1.000;qMul=1.000;qAdd=0.000;rpiOff=0.000,1874,7458,"RacePacingRejected, RACE action=reject_survival:6654;RacePacingRejected, RACE action=reject_pacing:801;ReplacementNotAllowed:3"
2026-09-16T04:51:18.8139855+00:00,1751072408,0.000000,0,1.000000,0.000000,0.000000,0.340000,SURVIVAL,SURVIVAL,NONE,H_t,reject_survival,phase=none;hMul=1.000;gMul=1.000;qMul=1.000;qAdd=0.000;rpiOff=0.000,1874,7458,"RacePacingRejected, RACE action=reject_survival:6654;RacePacingRejected, RACE action=reject_pacing:801;ReplacementNotAllowed:3"
2026-09-16T04:51:19.3145064+00:00,1751146080,0.000000,0,1.000000,0.000000,0.000000,0.340000,SURVIVAL,SURVIVAL,NONE,H_t,reject_survival,phase=none;hMul=1.000;gMul=1.000;qMul=1.000;qAdd=0.000;rpiOff=0.000,1874,7458,"RacePacingRejected, RACE action=reject_survival:6654;RacePacingRejected, RACE action=reject_pacing:801;ReplacementNotAllowed:3"
2026-09-16T04:51:19.8139947+00:00,1751154304,0.000000,0,1.000000,0.000000,0.000000,0.340000,SURVIVAL,SURVIVAL,NONE,H_t,reject_survival,phase=none;hMul=1.000;gMul=1.000;qMul=1.000;qAdd=0.000;rpiOff=0.000,1874,7458,"RacePacingRejected, RACE action=reject_survival:6654;RacePacingRejected, RACE action=reject_pacing:801;ReplacementNotAllowed:3"
2026-09-16T04:51:20.3146130+00:00,1751195424,0.000000,0,1.000000,0.000000,0.000000,0.340000,SURVIVAL,SURVIVAL,NONE,H_t,reject_survival,phase=none;hMul=1.000;gMul=1.000;qMul=1.000;qAdd=0.000;rpiOff=0.000,1874,7458,"RacePacingRejected, RACE action=reject_survival:6654;RacePacingRejected, RACE action=reject_pacing:801;ReplacementNotAllowed:3"
2026-09-16T04:51:20.8139997+00:00,1751203648,0.000000,0,1.000000,0.000000,0.000000,0.340000,SURVIVAL,SURVIVAL,NONE,H_t,reject_survival,phase=none;hMul=1.000;gMul=1.000;qMul=1.000;qAdd=0.000;rpiOff=0.000,1874,7458,"RacePacingRejected, RACE action=reject_survival:6654;RacePacingRejected, RACE action=reject_pacing:801;ReplacementNotAllowed:3"
2026-09-16T04:51:21.3145917+00:00,1751277408,0.000000,0,1.000000,0.000000,0.000000,0.340000,SURVIVAL,SURVIVAL,NONE,H_t,reject_survival,phase=none;hMul=1.000;gMul=1.000;qMul=1.000;qAdd=0.000;rpiOff=0.000,1874,7458,"RacePacingRejected, RACE action=reject_survival:6654;RacePacingRejected, RACE action=reject_pacing:801;ReplacementNotAllowed:3"
2026-09-16T04:51:21.8139996+00:00,1751277408,0.000000,0,1.000000,0.000000,0.000000,0.340000,SURVIVAL,SURVIVAL,NONE,H_t,reject_survival,phase=none;hMul=1.000;gMul=1.000;qMul=1.000;qAdd=0.000;rpiOff=0.000,1874,7458,"RacePacingRejected, RACE action=reject_survival:6654;RacePacingRejected, RACE action=reject_pacing:801;ReplacementNotAllowed:3"
2026-09-16T04:51:22.3147865+00:00,1751318528,0.000000,0,1.000000,0.000000,0.000000,0.340000,SURVIVAL,SURVIVAL,NONE,H_t,reject_survival,phase=none;hMul=1.000;gMul=1.000;qMul=1.000;qAdd=0.000;rpiOff=0.000,1874,7458,"RacePacingRejected, RACE action=reject_survival:6654;RacePacingRejected, RACE action=reject_pacing:801;ReplacementNotAllowed:3"
2026-09-16T04:51:22.8142924+00:00,1751326752,0.000000,0,1.000000,0.000000,0.000000,0.340000,SURVIVAL,SURVIVAL,NONE,H_t,reject_survival,phase=none;hMul=1.000;gMul=1.000;qMul=1.000;qAdd=0.000;rpiOff=0.000,1874,7458,"RacePacingRejected, RACE action=reject_survival:6654;RacePacingRejected, RACE action=reject_pacing:801;ReplacementNotAllowed:3"
2026-09-16T04:51:23.3147199+00:00,1751406728,0.000000,0,1.000000,0.000000,0.000000,0.340000,SURVIVAL,SURVIVAL,NONE,H_t,reject_survival,phase=none;hMul=1.000;gMul=1.000;qMul=1.000;qAdd=0.000;rpiOff=0.000,1874,7458,"RacePacingRejected, RACE action=reject_survival:6654;RacePacingRejected, RACE action=reject_pacing:801;ReplacementNotAllowed:3"
2026-09-16T04:51:23.8141934+00:00,1751414952,0.000000,0,1.000000,0.000000,0.000000,0.340000,SURVIVAL,SURVIVAL,NONE,H_t,reject_survival,phase=none;hMul=1.000;gMul=1.000;qMul=1.000;qAdd=0.000;rpiOff=0.000,1874,7458,"RacePacingRejected, RACE action=reject_survival:6654;RacePacingRejected, RACE action=reject_pacing:801;ReplacementNotAllowed:3"
2026-09-16T04:51:24.3139749+00:00,1751472520,0.000000,0,1.000000,0.000000,0.000000,0.340000,SURVIVAL,SURVIVAL,NONE,H_t,reject_survival,phase=none;hMul=1.000;gMul=1.000;qMul=1.000;qAdd=0.000;rpiOff=0.000,1874,7458,"RacePacingRejected, RACE action=reject_survival:6654;RacePacingRejected, RACE action=reject_pacing:801;ReplacementNotAllowed:3"
2026-09-16T04:51:24.8144277+00:00,1751480744,0.000000,0,1.000000,0.000000,0.000000,0.340000,SURVIVAL,SURVIVAL,NONE,H_t,reject_survival,phase=none;hMul=1.000;gMul=1.000;qMul=1.000;qAdd=0.000;rpiOff=0.000,1874,7458,"RacePacingRejected, RACE action=reject_survival:6654;RacePacingRejected, RACE action=reject_pacing:801;ReplacementNotAllowed:3"
2026-09-16T04:51:25.3138209+00:00,1751562728,0.000000,0,1.000000,0.000000,0.000000,0.340000,SURVIVAL,SURVIVAL,NONE,H_t,reject_survival,phase=none;hMul=1.000;gMul=1.000;qMul=1.000;qAdd=0.000;rpiOff=0.000,1874,7458,"RacePacingRejected, RACE action=reject_survival:6654;RacePacingRejected, RACE action=reject_pacing:801;ReplacementNotAllowed:3"
2026-09-16T04:51:25.8142607+00:00,1751562728,0.000000,0,1.000000,0.000000,0.000000,0.340000,SURVIVAL,SURVIVAL,NONE,H_t,reject_survival,phase=none;hMul=1.000;gMul=1.000;qMul=1.000;qAdd=0.000;rpiOff=0.000,1874,7458,"RacePacingRejected, RACE action=reject_survival:6654;RacePacingRejected, RACE action=reject_pacing:801;ReplacementNotAllowed:3"
2026-09-16T04:51:26.3140536+00:00,1751623800,0.000000,0,1.000000,0.000000,0.000000,0.340000,SURVIVAL,SURVIVAL,NONE,H_t,reject_survival,phase=none;hMul=1.000;gMul=1.000;qMul=1.000;qAdd=0.000;rpiOff=0.000,1874,7458,"RacePacingRejected, RACE action=reject_survival:6654;RacePacingRejected, RACE action=reject_pacing:801;ReplacementNotAllowed:3"
2026-09-16T04:51:26.8138590+00:00,1751623800,0.000000,0,1.000000,0.000000,0.000000,0.340000,SURVIVAL,SURVIVAL,NONE,H_t,reject_survival,phase=none;hMul=1.000;gMul=1.000;qMul=1.000;qAdd=0.000;rpiOff=0.000,1874,7458,"RacePacingRejected, RACE action=reject_survival:6654;RacePacingRejected, RACE action=reject_pacing:801;ReplacementNotAllowed:3"
2026-09-16T04:51:27.3145319+00:00,1751705784,0.000000,0,1.000000,0.000000,0.000000,0.340000,SURVIVAL,SURVIVAL,NONE,H_t,reject_survival,phase=none;hMul=1.000;gMul=1.000;qMul=1.000;qAdd=0.000;rpiOff=0.000,1874,7458,"RacePacingRejected, RACE action=reject_survival:6654;RacePacingRejected, RACE action=reject_pacing:801;ReplacementNotAllowed:3"
2026-09-16T04:51:27.8140133+00:00,1751714008,0.000000,0,1.000000,0.000000,0.000000,0.340000,SURVIVAL,SURVIVAL,NONE,H_t,reject_survival,phase=none;hMul=1.000;gMul=1.000;qMul=1.000;qAdd=0.000;rpiOff=0.000,1874,7458,"RacePacingRejected, RACE action=reject_survival:6654;RacePacingRejected, RACE action=reject_pacing:801;ReplacementNotAllowed:3"
2026-09-16T04:51:28.3146109+00:00,1751771320,0.000000,0,1.000000,0.000000,0.000000,0.340000,SURVIVAL,SURVIVAL,NONE,H_t,reject_survival,phase=none;hMul=1.000;gMul=1.000;qMul=1.000;qAdd=0.000;rpiOff=0.000,1874,7458,"RacePacingRejected, RACE action=reject_survival:6654;RacePacingRejected, RACE action=reject_pacing:801;ReplacementNotAllowed:3"
2026-09-16T04:51:28.8140130+00:00,1751771320,0.000000,0,1.000000,0.000000,0.000000,0.340000,SURVIVAL,SURVIVAL,NONE,H_t,reject_survival,phase=none;hMul=1.000;gMul=1.000;qMul=1.000;qAdd=0.000;rpiOff=0.000,1874,7458,"RacePacingRejected, RACE action=reject_survival:6654;RacePacingRejected, RACE action=reject_pacing:801;ReplacementNotAllowed:3"
2026-09-16T04:51:29.3145757+00:00,1751853304,0.000000,0,1.000000,0.000000,0.000000,0.340000,SURVIVAL,SURVIVAL,NONE,H_t,reject_survival,phase=none;hMul=1.000;gMul=1.000;qMul=1.000;qAdd=0.000;rpiOff=0.000,1874,7458,"RacePacingRejected, RACE action=reject_survival:6654;RacePacingRejected, RACE action=reject_pacing:801;ReplacementNotAllowed:3"
2026-09-16T04:51:29.8141215+00:00,1751853304,0.000000,0,1.000000,0.000000,0.000000,0.340000,SURVIVAL,SURVIVAL,NONE,H_t,reject_survival,phase=none;hMul=1.000;gMul=1.000;qMul=1.000;qAdd=0.000;rpiOff=0.000,1874,7458,"RacePacingRejected, RACE action=reject_survival:6654;RacePacingRejected, RACE action=reject_pacing:801;ReplacementNotAllowed:3"
2026-09-16T04:51:30.3147675+00:00,1751910360,0.000000,0,1.000000,0.000000,0.000000,0.340000,SURVIVAL,SURVIVAL,NONE,H_t,reject_survival,phase=none;hMul=1.000;gMul=1.000;qMul=1.000;qAdd=0.000;rpiOff=0.000,1874,7458,"RacePacingRejected, RACE action=reject_survival:6654;RacePacingRejected, RACE action=reject_pacing:801;ReplacementNotAllowed:3"
2026-09-16T04:51:30.8142974+00:00,1751910360,0.000000,0,1.000000,0.000000,0.000000,0.340000,SURVIVAL,SURVIVAL,NONE,H_t,reject_survival,phase=none;hMul=1.000;gMul=1.000;qMul=1.000;qAdd=0.000;rpiOff=0.000,1874,7458,"RacePacingRejected, RACE action=reject_survival:6654;RacePacingRejected, RACE action=reject_pacing:801;ReplacementNotAllowed:3"
2026-09-16T04:51:31.3146411+00:00,1751992344,0.000000,0,1.000000,0.000000,0.000000,0.340000,SURVIVAL,SURVIVAL,NONE,H_t,reject_survival,phase=none;hMul=1.000;gMul=1.000;qMul=1.000;qAdd=0.000;rpiOff=0.000,1874,7458,"RacePacingRejected, RACE action=reject_survival:6654;RacePacingRejected, RACE action=reject_pacing:801;ReplacementNotAllowed:3"
2026-09-16T04:51:31.8140810+00:00,1752000568,0.000000,0,1.000000,0.000000,0.000000,0.340000,SURVIVAL,SURVIVAL,NONE,H_t,reject_survival,phase=none;hMul=1.000;gMul=1.000;qMul=1.000;qAdd=0.000;rpiOff=0.000,1874,7458,"RacePacingRejected, RACE action=reject_survival:6654;RacePacingRejected, RACE action=reject_pacing:801;ReplacementNotAllowed:3"
2026-09-16T04:51:32.3138763+00:00,1752041688,0.000000,0,1.000000,0.000000,0.000000,0.340000,SURVIVAL,SURVIVAL,NONE,H_t,reject_survival,phase=none;hMul=1.000;gMul=1.000;qMul=1.000;qAdd=0.000;rpiOff=0.000,1874,7458,"RacePacingRejected, RACE action=reject_survival:6654;RacePacingRejected, RACE action=reject_pacing:801;ReplacementNotAllowed:3"
2026-09-16T04:51:32.8142996+00:00,1752049656,0.000000,0,1.000000,0.000000,0.000000,0.340000,SURVIVAL,SURVIVAL,NONE,H_t,reject_survival,phase=none;hMul=1.000;gMul=1.000;qMul=1.000;qAdd=0.000;rpiOff=0.000,1874,7458,"RacePacingRejected, RACE action=reject_survival:6654;RacePacingRejected, RACE action=reject_pacing:801;ReplacementNotAllowed:3"
2026-09-16T04:51:33.3139824+00:00,1752131640,0.000000,0,1.000000,0.000000,0.000000,0.340000,SURVIVAL,SURVIVAL,NONE,H_t,reject_survival,phase=none;hMul=1.000;gMul=1.000;qMul=1.000;qAdd=0.000;rpiOff=0.000,1874,7458,"RacePacingRejected, RACE action=reject_survival:6654;RacePacingRejected, RACE action=reject_pacing:801;ReplacementNotAllowed:3"
2026-09-16T04:51:33.8144938+00:00,1752131640,0.000000,0,1.000000,0.000000,0.000000,0.340000,SURVIVAL,SURVIVAL,NONE,H_t,reject_survival,phase=none;hMul=1.000;gMul=1.000;qMul=1.000;qAdd=0.000;rpiOff=0.000,1874,7458,"RacePacingRejected, RACE action=reject_survival:6654;RacePacingRejected, RACE action=reject_pacing:801;ReplacementNotAllowed:3"
2026-09-16T04:51:34.3138276+00:00,1752205656,0.000000,0,1.000000,0.000000,0.000000,0.340000,SURVIVAL,SURVIVAL,NONE,H_t,reject_survival,phase=none;hMul=1.000;gMul=1.000;qMul=1.000;qAdd=0.000;rpiOff=0.000,1874,7458,"RacePacingRejected, RACE action=reject_survival:6654;RacePacingRejected, RACE action=reject_pacing:801;ReplacementNotAllowed:3"
2026-09-16T04:51:34.8143012+00:00,1752205656,0.000000,0,1.000000,0.000000,0.000000,0.340000,SURVIVAL,SURVIVAL,NONE,H_t,reject_survival,phase=none;hMul=1.000;gMul=1.000;qMul=1.000;qAdd=0.000;rpiOff=0.000,1874,7458,"RacePacingRejected, RACE action=reject_survival:6654;RacePacingRejected, RACE action=reject_pacing:801;ReplacementNotAllowed:3"
2026-09-16T04:51:35.3147542+00:00,1752270680,0.000000,0,1.000000,0.000000,0.000000,0.340000,SURVIVAL,SURVIVAL,NONE,H_t,reject_survival,phase=none;hMul=1.000;gMul=1.000;qMul=1.000;qAdd=0.000;rpiOff=0.000,1874,7458,"RacePacingRejected, RACE action=reject_survival:6654;RacePacingRejected, RACE action=reject_pacing:801;ReplacementNotAllowed:3"
2026-09-16T04:51:35.8142161+00:00,1752270680,0.000000,0,1.000000,0.000000,0.000000,0.340000,SURVIVAL,SURVIVAL,NONE,H_t,reject_survival,phase=none;hMul=1.000;gMul=1.000;qMul=1.000;qAdd=0.000;rpiOff=0.000,1874,7458,"RacePacingRejected, RACE action=reject_survival:6654;RacePacingRejected, RACE action=reject_pacing:801;ReplacementNotAllowed:3"
2026-09-16T04:51:36.3156973+00:00,1752344696,0.000000,0,1.000000,0.000000,0.000000,0.340000,SURVIVAL,SURVIVAL,NONE,H_t,reject_survival,phase=none;hMul=1.000;gMul=1.000;qMul=1.000;qAdd=0.000;rpiOff=0.000,1874,7458,"RacePacingRejected, RACE action=reject_survival:6654;RacePacingRejected, RACE action=reject_pacing:801;ReplacementNotAllowed:3"
2026-09-16T04:51:36.8146515+00:00,1752344696,0.000000,0,1.000000,0.000000,0.000000,0.340000,SURVIVAL,SURVIVAL,NONE,H_t,reject_survival,phase=none;hMul=1.000;gMul=1.000;qMul=1.000;qAdd=0.000;rpiOff=0.000,1874,7458,"RacePacingRejected, RACE action=reject_survival:6654;RacePacingRejected, RACE action=reject_pacing:801;ReplacementNotAllowed:3"
2026-09-16T04:51:37.3143846+00:00,1752410232,0.000000,0,1.000000,0.000000,0.000000,0.340000,SURVIVAL,SURVIVAL,NONE,H_t,reject_survival,phase=none;hMul=1.000;gMul=1.000;qMul=1.000;qAdd=0.000;rpiOff=0.000,1874,7458,"RacePacingRejected, RACE action=reject_survival:6654;RacePacingRejected, RACE action=reject_pacing:801;ReplacementNotAllowed:3"
2026-09-16T04:51:37.8138132+00:00,1752410232,0.000000,0,1.000000,0.000000,0.000000,0.340000,SURVIVAL,SURVIVAL,NONE,H_t,reject_survival,phase=none;hMul=1.000;gMul=1.000;qMul=1.000;qAdd=0.000;rpiOff=0.000,1874,7458,"RacePacingRejected, RACE action=reject_survival:6654;RacePacingRejected, RACE action=reject_pacing:801;ReplacementNotAllowed:3"
2026-09-16T04:51:38.3143193+00:00,1752491896,0.000000,0,1.000000,0.000000,0.000000,0.340000,SURVIVAL,SURVIVAL,NONE,H_t,reject_survival,phase=none;hMul=1.000;gMul=1.000;qMul=1.000;qAdd=0.000;rpiOff=0.000,1874,7458,"RacePacingRejected, RACE action=reject_survival:6654;RacePacingRejected, RACE action=reject_pacing:801;ReplacementNotAllowed:3"
2026-09-16T04:51:38.8145911+00:00,1752500120,0.000000,0,1.000000,0.000000,0.000000,0.340000,SURVIVAL,SURVIVAL,NONE,H_t,reject_survival,phase=none;hMul=1.000;gMul=1.000;qMul=1.000;qAdd=0.000;rpiOff=0.000,1874,7458,"RacePacingRejected, RACE action=reject_survival:6654;RacePacingRejected, RACE action=reject_pacing:801;ReplacementNotAllowed:3"
2026-09-16T04:51:39.3139744+00:00,1752540984,0.000000,0,1.000000,0.000000,0.000000,0.340000,SURVIVAL,SURVIVAL,NONE,H_t,reject_survival,phase=none;hMul=1.000;gMul=1.000;qMul=1.000;qAdd=0.000;rpiOff=0.000,1874,7458,"RacePacingRejected, RACE action=reject_survival:6654;RacePacingRejected, RACE action=reject_pacing:801;ReplacementNotAllowed:3"
2026-09-16T04:51:39.8143641+00:00,1752549208,0.000000,0,1.000000,0.000000,0.000000,0.340000,SURVIVAL,SURVIVAL,NONE,H_t,reject_survival,phase=none;hMul=1.000;gMul=1.000;qMul=1.000;qAdd=0.000;rpiOff=0.000,1874,7458,"RacePacingRejected, RACE action=reject_survival:6654;RacePacingRejected, RACE action=reject_pacing:801;ReplacementNotAllowed:3"
2026-09-16T04:51:40.3146789+00:00,1752622968,0.000000,0,1.000000,0.000000,0.000000,0.340000,SURVIVAL,SURVIVAL,NONE,H_t,reject_survival,phase=none;hMul=1.000;gMul=1.000;qMul=1.000;qAdd=0.000;rpiOff=0.000,1874,7458,"RacePacingRejected, RACE action=reject_survival:6654;RacePacingRejected, RACE action=reject_pacing:801;ReplacementNotAllowed:3"
2026-09-16T04:51:40.8141604+00:00,1752631192,0.000000,0,1.000000,0.000000,0.000000,0.340000,SURVIVAL,SURVIVAL,NONE,H_t,reject_survival,phase=none;hMul=1.000;gMul=1.000;qMul=1.000;qAdd=0.000;rpiOff=0.000,1874,7458,"RacePacingRejected, RACE action=reject_survival:6654;RacePacingRejected, RACE action=reject_pacing:801;ReplacementNotAllowed:3"
2026-09-16T04:51:41.3146113+00:00,1752688504,0.000000,0,1.000000,0.000000,0.000000,0.340000,SURVIVAL,SURVIVAL,NONE,H_t,reject_survival,phase=none;hMul=1.000;gMul=1.000;qMul=1.000;qAdd=0.000;rpiOff=0.000,1874,7458,"RacePacingRejected, RACE action=reject_survival:6654;RacePacingRejected, RACE action=reject_pacing:801;ReplacementNotAllowed:3"
2026-09-16T04:51:41.8140979+00:00,1752688504,0.000000,0,1.000000,0.000000,0.000000,0.340000,SURVIVAL,SURVIVAL,NONE,H_t,reject_survival,phase=none;hMul=1.000;gMul=1.000;qMul=1.000;qAdd=0.000;rpiOff=0.000,1874,7458,"RacePacingRejected, RACE action=reject_survival:6654;RacePacingRejected, RACE action=reject_pacing:801;ReplacementNotAllowed:3"
2026-09-16T04:51:42.3146805+00:00,1752770744,0.000000,0,1.000000,0.000000,0.000000,0.340000,SURVIVAL,SURVIVAL,NONE,H_t,reject_survival,phase=none;hMul=1.000;gMul=1.000;qMul=1.000;qAdd=0.000;rpiOff=0.000,1874,7458,"RacePacingRejected, RACE action=reject_survival:6654;RacePacingRejected, RACE action=reject_pacing:801;ReplacementNotAllowed:3"
2026-09-16T04:51:42.8141211+00:00,1752770744,0.000000,0,1.000000,0.000000,0.000000,0.340000,SURVIVAL,SURVIVAL,NONE,H_t,reject_survival,phase=none;hMul=1.000;gMul=1.000;qMul=1.000;qAdd=0.000;rpiOff=0.000,1874,7458,"RacePacingRejected, RACE action=reject_survival:6654;RacePacingRejected, RACE action=reject_pacing:801;ReplacementNotAllowed:3"
2026-09-16T04:51:43.3138175+00:00,1752827800,0.000000,0,1.000000,0.000000,0.000000,0.340000,SURVIVAL,SURVIVAL,NONE,H_t,reject_survival,phase=none;hMul=1.000;gMul=1.000;qMul=1.000;qAdd=0.000;rpiOff=0.000,1874,7458,"RacePacingRejected, RACE action=reject_survival:6654;RacePacingRejected, RACE action=reject_pacing:801;ReplacementNotAllowed:3"
2026-09-16T04:51:43.8142897+00:00,1752836024,0.000000,0,1.000000,0.000000,0.000000,0.340000,SURVIVAL,SURVIVAL,NONE,H_t,reject_survival,phase=none;hMul=1.000;gMul=1.000;qMul=1.000;qAdd=0.000;rpiOff=0.000,1874,7458,"RacePacingRejected, RACE action=reject_survival:6654;RacePacingRejected, RACE action=reject_pacing:801;ReplacementNotAllowed:3"
2026-09-16T04:51:44.3138813+00:00,1752901560,0.000000,0,1.000000,0.000000,0.000000,0.340000,SURVIVAL,SURVIVAL,NONE,H_t,reject_survival,phase=none;hMul=1.000;gMul=1.000;qMul=1.000;qAdd=0.000;rpiOff=0.000,1874,7458,"RacePacingRejected, RACE action=reject_survival:6654;RacePacingRejected, RACE action=reject_pacing:801;ReplacementNotAllowed:3"
2026-09-16T04:51:44.8143976+00:00,1752909784,0.000000,0,1.000000,0.000000,0.000000,0.340000,SURVIVAL,SURVIVAL,NONE,H_t,reject_survival,phase=none;hMul=1.000;gMul=1.000;qMul=1.000;qAdd=0.000;rpiOff=0.000,1874,7458,"RacePacingRejected, RACE action=reject_survival:6654;RacePacingRejected, RACE action=reject_pacing:801;ReplacementNotAllowed:3"
2026-09-16T04:51:45.3139158+00:00,1752959128,0.000000,0,1.000000,0.000000,0.000000,0.340000,SURVIVAL,SURVIVAL,NONE,H_t,reject_survival,phase=none;hMul=1.000;gMul=1.000;qMul=1.000;qAdd=0.000;rpiOff=0.000,1874,7458,"RacePacingRejected, RACE action=reject_survival:6654;RacePacingRejected, RACE action=reject_pacing:801;ReplacementNotAllowed:3"
2026-09-16T04:51:45.8143850+00:00,1752959128,0.000000,0,1.000000,0.000000,0.000000,0.340000,SURVIVAL,SURVIVAL,NONE,H_t,reject_survival,phase=none;hMul=1.000;gMul=1.000;qMul=1.000;qAdd=0.000;rpiOff=0.000,1874,7458,"RacePacingRejected, RACE action=reject_survival:6654;RacePacingRejected, RACE action=reject_pacing:801;ReplacementNotAllowed:3"
2026-09-16T04:51:46.3142109+00:00,1753040856,0.000000,0,1.000000,0.000000,0.000000,0.340000,SURVIVAL,SURVIVAL,NONE,H_t,reject_survival,phase=none;hMul=1.000;gMul=1.000;qMul=1.000;qAdd=0.000;rpiOff=0.000,1874,7458,"RacePacingRejected, RACE action=reject_survival:6654;RacePacingRejected, RACE action=reject_pacing:801;ReplacementNotAllowed:3"
2026-09-16T04:51:46.8139082+00:00,1753040856,0.000000,0,1.000000,0.000000,0.000000,0.340000,SURVIVAL,SURVIVAL,NONE,H_t,reject_survival,phase=none;hMul=1.000;gMul=1.000;qMul=1.000;qAdd=0.000;rpiOff=0.000,1874,7458,"RacePacingRejected, RACE action=reject_survival:6654;RacePacingRejected, RACE action=reject_pacing:801;ReplacementNotAllowed:3"
2026-09-16T04:51:47.3146418+00:00,1753098424,0.000000,0,1.000000,0.000000,0.000000,0.340000,SURVIVAL,SURVIVAL,NONE,H_t,reject_survival,phase=none;hMul=1.000;gMul=1.000;qMul=1.000;qAdd=0.000;rpiOff=0.000,1874,7458,"RacePacingRejected, RACE action=reject_survival:6654;RacePacingRejected, RACE action=reject_pacing:801;ReplacementNotAllowed:3"
2026-09-16T04:51:47.8139005+00:00,1753098424,0.000000,0,1.000000,0.000000,0.000000,0.340000,SURVIVAL,SURVIVAL,NONE,H_t,reject_survival,phase=none;hMul=1.000;gMul=1.000;qMul=1.000;qAdd=0.000;rpiOff=0.000,1874,7458,"RacePacingRejected, RACE action=reject_survival:6654;RacePacingRejected, RACE action=reject_pacing:801;ReplacementNotAllowed:3"
2026-09-16T04:51:48.3139024+00:00,1753257360,0.000000,0,1.000000,0.000000,0.000000,0.340000,SURVIVAL,SURVIVAL,NONE,H_t,reject_survival,phase=none;hMul=1.000;gMul=1.000;qMul=1.000;qAdd=0.000;rpiOff=0.000,1874,7458,"RacePacingRejected, RACE action=reject_survival:6654;RacePacingRejected, RACE action=reject_pacing:801;ReplacementNotAllowed:3"
2026-09-16T04:51:48.8142955+00:00,1753265584,0.000000,0,1.000000,0.000000,0.000000,0.340000,SURVIVAL,SURVIVAL,NONE,H_t,reject_survival,phase=none;hMul=1.000;gMul=1.000;qMul=1.000;qAdd=0.000;rpiOff=0.000,1874,7458,"RacePacingRejected, RACE action=reject_survival:6654;RacePacingRejected, RACE action=reject_pacing:801;ReplacementNotAllowed:3"
2026-09-16T04:51:49.3148525+00:00,1753306008,0.000000,0,1.000000,0.000000,0.000000,0.340000,SURVIVAL,SURVIVAL,NONE,H_t,reject_survival,phase=none;hMul=1.000;gMul=1.000;qMul=1.000;qAdd=0.000;rpiOff=0.000,1874,7458,"RacePacingRejected, RACE action=reject_survival:6654;RacePacingRejected, RACE action=reject_pacing:801;ReplacementNotAllowed:3"
2026-09-16T04:51:49.8142257+00:00,1753313976,0.000000,0,1.000000,0.000000,0.000000,0.340000,SURVIVAL,SURVIVAL,NONE,H_t,reject_survival,phase=none;hMul=1.000;gMul=1.000;qMul=1.000;qAdd=0.000;rpiOff=0.000,1874,7458,"RacePacingRejected, RACE action=reject_survival:6654;RacePacingRejected, RACE action=reject_pacing:801;ReplacementNotAllowed:3"
2026-09-16T04:51:50.3143886+00:00,1753815520,0.000000,0,1.000000,0.000000,0.000000,0.340000,SURVIVAL,SURVIVAL,NONE,H_t,reject_survival,phase=none;hMul=1.000;gMul=1.000;qMul=1.000;qAdd=0.000;rpiOff=0.000,1874,7458,"RacePacingRejected, RACE action=reject_survival:6654;RacePacingRejected, RACE action=reject_pacing:801;ReplacementNotAllowed:3"
2026-09-16T04:51:50.8138496+00:00,1753815520,0.000000,0,1.000000,0.000000,0.000000,0.340000,SURVIVAL,SURVIVAL,NONE,H_t,reject_survival,phase=none;hMul=1.000;gMul=1.000;qMul=1.000;qAdd=0.000;rpiOff=0.000,1874,7458,"RacePacingRejected, RACE action=reject_survival:6654;RacePacingRejected, RACE action=reject_pacing:801;ReplacementNotAllowed:3"
2026-09-16T04:51:51.3141769+00:00,1754310744,0.000000,0,1.000000,0.000000,0.000000,0.340000,SURVIVAL,SURVIVAL,NONE,H_t,reject_survival,phase=none;hMul=1.000;gMul=1.000;qMul=1.000;qAdd=0.000;rpiOff=0.000,1874,7458,"RacePacingRejected, RACE action=reject_survival:6654;RacePacingRejected, RACE action=reject_pacing:801;ReplacementNotAllowed:3"
2026-09-16T04:51:51.8147761+00:00,1754310744,0.000000,0,1.000000,0.000000,0.000000,0.340000,SURVIVAL,SURVIVAL,NONE,H_t,reject_survival,phase=none;hMul=1.000;gMul=1.000;qMul=1.000;qAdd=0.000;rpiOff=0.000,1874,7458,"RacePacingRejected, RACE action=reject_survival:6654;RacePacingRejected, RACE action=reject_pacing:801;ReplacementNotAllowed:3"
2026-09-16T04:51:52.3142932+00:00,1754409176,0.000000,0,1.000000,0.000000,0.000000,0.340000,SURVIVAL,SURVIVAL,NONE,H_t,reject_survival,phase=none;hMul=1.000;gMul=1.000;qMul=1.000;qAdd=0.000;rpiOff=0.000,1874,7458,"RacePacingRejected, RACE action=reject_survival:6654;RacePacingRejected, RACE action=reject_pacing:801;ReplacementNotAllowed:3"
2026-09-16T04:51:52.8147556+00:00,1754417400,0.000000,0,1.000000,0.000000,0.000000,0.340000,SURVIVAL,SURVIVAL,NONE,H_t,reject_survival,phase=none;hMul=1.000;gMul=1.000;qMul=1.000;qAdd=0.000;rpiOff=0.000,1874,7458,"RacePacingRejected, RACE action=reject_survival:6654;RacePacingRejected, RACE action=reject_pacing:801;ReplacementNotAllowed:3"
2026-09-16T04:51:53.3145642+00:00,1754458520,0.000000,0,1.000000,0.000000,0.000000,0.340000,SURVIVAL,SURVIVAL,NONE,H_t,reject_survival,phase=none;hMul=1.000;gMul=1.000;qMul=1.000;qAdd=0.000;rpiOff=0.000,1874,7458,"RacePacingRejected, RACE action=reject_survival:6654;RacePacingRejected, RACE action=reject_pacing:801;ReplacementNotAllowed:3"
2026-09-16T04:51:53.8140584+00:00,1754466488,0.000000,0,1.000000,0.000000,0.000000,0.340000,SURVIVAL,SURVIVAL,NONE,H_t,reject_survival,phase=none;hMul=1.000;gMul=1.000;qMul=1.000;qAdd=0.000;rpiOff=0.000,1874,7458,"RacePacingRejected, RACE action=reject_survival:6654;RacePacingRejected, RACE action=reject_pacing:801;ReplacementNotAllowed:3"
2026-09-16T04:51:54.3145024+00:00,1754556696,0.000000,0,1.000000,0.000000,0.000000,0.340000,SURVIVAL,SURVIVAL,NONE,H_t,reject_survival,phase=none;hMul=1.000;gMul=1.000;qMul=1.000;qAdd=0.000;rpiOff=0.000,1874,7458,"RacePacingRejected, RACE action=reject_survival:6654;RacePacingRejected, RACE action=reject_pacing:801;ReplacementNotAllowed:3"
2026-09-16T04:51:54.8139373+00:00,1754556696,0.000000,0,1.000000,0.000000,0.000000,0.340000,SURVIVAL,SURVIVAL,NONE,H_t,reject_survival,phase=none;hMul=1.000;gMul=1.000;qMul=1.000;qAdd=0.000;rpiOff=0.000,1874,7458,"RacePacingRejected, RACE action=reject_survival:6654;RacePacingRejected, RACE action=reject_pacing:801;ReplacementNotAllowed:3"
2026-09-16T04:51:55.3138506+00:00,1754606040,0.000000,0,1.000000,0.000000,0.000000,0.340000,SURVIVAL,SURVIVAL,NONE,H_t,reject_survival,phase=none;hMul=1.000;gMul=1.000;qMul=1.000;qAdd=0.000;rpiOff=0.000,1874,7458,"RacePacingRejected, RACE action=reject_survival:6654;RacePacingRejected, RACE action=reject_pacing:801;ReplacementNotAllowed:3"
2026-09-16T04:51:55.8143499+00:00,1754606040,0.000000,0,1.000000,0.000000,0.000000,0.340000,SURVIVAL,SURVIVAL,NONE,H_t,reject_survival,phase=none;hMul=1.000;gMul=1.000;qMul=1.000;qAdd=0.000;rpiOff=0.000,1874,7458,"RacePacingRejected, RACE action=reject_survival:6654;RacePacingRejected, RACE action=reject_pacing:801;ReplacementNotAllowed:3"
2026-09-16T04:51:56.3138994+00:00,1754679224,0.000000,0,1.000000,0.000000,0.000000,0.340000,SURVIVAL,SURVIVAL,NONE,H_t,reject_survival,phase=none;hMul=1.000;gMul=1.000;qMul=1.000;qAdd=0.000;rpiOff=0.000,1874,7458,"RacePacingRejected, RACE action=reject_survival:6654;RacePacingRejected, RACE action=reject_pacing:801;ReplacementNotAllowed:3"
2026-09-16T04:51:56.8146364+00:00,1754687448,0.000000,0,1.000000,0.000000,0.000000,0.340000,SURVIVAL,SURVIVAL,NONE,H_t,reject_survival,phase=none;hMul=1.000;gMul=1.000;qMul=1.000;qAdd=0.000;rpiOff=0.000,1874,7458,"RacePacingRejected, RACE action=reject_survival:6654;RacePacingRejected, RACE action=reject_pacing:801;ReplacementNotAllowed:3"
2026-09-16T04:51:57.3144550+00:00,1754744760,0.000000,0,1.000000,0.000000,0.000000,0.340000,SURVIVAL,SURVIVAL,NONE,H_t,reject_survival,phase=none;hMul=1.000;gMul=1.000;qMul=1.000;qAdd=0.000;rpiOff=0.000,1874,7458,"RacePacingRejected, RACE action=reject_survival:6654;RacePacingRejected, RACE action=reject_pacing:801;ReplacementNotAllowed:3"
2026-09-16T04:51:57.8139778+00:00,1754744760,0.000000,0,1.000000,0.000000,0.000000,0.340000,SURVIVAL,SURVIVAL,NONE,H_t,reject_survival,phase=none;hMul=1.000;gMul=1.000;qMul=1.000;qAdd=0.000;rpiOff=0.000,1874,7458,"RacePacingRejected, RACE action=reject_survival:6654;RacePacingRejected, RACE action=reject_pacing:801;ReplacementNotAllowed:3"
2026-09-16T04:51:58.3203175+00:00,1754818520,0.000000,0,1.000000,0.000000,0.000000,0.340000,SURVIVAL,SURVIVAL,NONE,H_t,reject_survival,phase=none;hMul=1.000;gMul=1.000;qMul=1.000;qAdd=0.000;rpiOff=0.000,1874,7458,"RacePacingRejected, RACE action=reject_survival:6654;RacePacingRejected, RACE action=reject_pacing:801;ReplacementNotAllowed:3"
2026-09-16T04:51:58.8141265+00:00,1754826744,0.000000,0,1.000000,0.000000,0.000000,0.340000,SURVIVAL,SURVIVAL,NONE,H_t,reject_survival,phase=none;hMul=1.000;gMul=1.000;qMul=1.000;qAdd=0.000;rpiOff=0.000,1874,7458,"RacePacingRejected, RACE action=reject_survival:6654;RacePacingRejected, RACE action=reject_pacing:801;ReplacementNotAllowed:3"
2026-09-16T04:51:59.3145100+00:00,1754875832,0.000000,0,1.000000,0.000000,0.000000,0.340000,SURVIVAL,SURVIVAL,NONE,H_t,reject_survival,phase=none;hMul=1.000;gMul=1.000;qMul=1.000;qAdd=0.000;rpiOff=0.000,1874,7458,"RacePacingRejected, RACE action=reject_survival:6654;RacePacingRejected, RACE action=reject_pacing:801;ReplacementNotAllowed:3"
2026-09-16T04:51:59.8138990+00:00,1754875832,0.000000,0,1.000000,0.000000,0.000000,0.340000,SURVIVAL,SURVIVAL,NONE,H_t,reject_survival,phase=none;hMul=1.000;gMul=1.000;qMul=1.000;qAdd=0.000;rpiOff=0.000,1874,7458,"RacePacingRejected, RACE action=reject_survival:6654;RacePacingRejected, RACE action=reject_pacing:801;ReplacementNotAllowed:3"
2026-09-16T04:52:00.3146569+00:00,1754957760,0.000000,0,1.000000,0.000000,0.000000,0.340000,SURVIVAL,SURVIVAL,NONE,H_t,reject_survival,phase=none;hMul=1.000;gMul=1.000;qMul=1.000;qAdd=0.000;rpiOff=0.000,1874,7458,"RacePacingRejected, RACE action=reject_survival:6654;RacePacingRejected, RACE action=reject_pacing:801;ReplacementNotAllowed:3"
2026-09-16T04:52:00.8140549+00:00,1754957760,0.000000,0,1.000000,0.000000,0.000000,0.340000,SURVIVAL,SURVIVAL,NONE,H_t,reject_survival,phase=none;hMul=1.000;gMul=1.000;qMul=1.000;qAdd=0.000;rpiOff=0.000,1874,7458,"RacePacingRejected, RACE action=reject_survival:6654;RacePacingRejected, RACE action=reject_pacing:801;ReplacementNotAllowed:3"
2026-09-16T04:52:01.3147643+00:00,1755006848,0.000000,0,1.000000,0.000000,0.000000,0.340000,SURVIVAL,SURVIVAL,NONE,H_t,reject_survival,phase=none;hMul=1.000;gMul=1.000;qMul=1.000;qAdd=0.000;rpiOff=0.000,1874,7458,"RacePacingRejected, RACE action=reject_survival:6654;RacePacingRejected, RACE action=reject_pacing:801;ReplacementNotAllowed:3"
2026-09-16T04:52:01.8142155+00:00,1755006848,0.000000,0,1.000000,0.000000,0.000000,0.340000,SURVIVAL,SURVIVAL,NONE,H_t,reject_survival,phase=none;hMul=1.000;gMul=1.000;qMul=1.000;qAdd=0.000;rpiOff=0.000,1874,7458,"RacePacingRejected, RACE action=reject_survival:6654;RacePacingRejected, RACE action=reject_pacing:801;ReplacementNotAllowed:3"
2026-09-16T04:52:02.3146412+00:00,1755088576,0.000000,0,1.000000,0.000000,0.000000,0.340000,SURVIVAL,SURVIVAL,NONE,H_t,reject_survival,phase=none;hMul=1.000;gMul=1.000;qMul=1.000;qAdd=0.000;rpiOff=0.000,1874,7458,"RacePacingRejected, RACE action=reject_survival:6654;RacePacingRejected, RACE action=reject_pacing:801;ReplacementNotAllowed:3"
2026-09-16T04:52:02.8140724+00:00,1755088576,0.000000,0,1.000000,0.000000,0.000000,0.340000,SURVIVAL,SURVIVAL,NONE,H_t,reject_survival,phase=none;hMul=1.000;gMul=1.000;qMul=1.000;qAdd=0.000;rpiOff=0.000,1874,7458,"RacePacingRejected, RACE action=reject_survival:6654;RacePacingRejected, RACE action=reject_pacing:801;ReplacementNotAllowed:3"
2026-09-16T04:52:03.3139352+00:00,1755137920,0.000000,0,1.000000,0.000000,0.000000,0.340000,SURVIVAL,SURVIVAL,NONE,H_t,reject_survival,phase=none;hMul=1.000;gMul=1.000;qMul=1.000;qAdd=0.000;rpiOff=0.000,1874,7458,"RacePacingRejected, RACE action=reject_survival:6654;RacePacingRejected, RACE action=reject_pacing:801;ReplacementNotAllowed:3"
2026-09-16T04:52:03.8144391+00:00,1755137920,0.000000,0,1.000000,0.000000,0.000000,0.340000,SURVIVAL,SURVIVAL,NONE,H_t,reject_survival,phase=none;hMul=1.000;gMul=1.000;qMul=1.000;qAdd=0.000;rpiOff=0.000,1874,7458,"RacePacingRejected, RACE action=reject_survival:6654;RacePacingRejected, RACE action=reject_pacing:801;ReplacementNotAllowed:3"
2026-09-16T04:52:04.3139263+00:00,1755218856,0.000000,0,1.000000,0.000000,0.000000,0.340000,SURVIVAL,SURVIVAL,NONE,H_t,reject_survival,phase=none;hMul=1.000;gMul=1.000;qMul=1.000;qAdd=0.000;rpiOff=0.000,1874,7458,"RacePacingRejected, RACE action=reject_survival:6654;RacePacingRejected, RACE action=reject_pacing:801;ReplacementNotAllowed:3"
2026-09-16T04:52:04.8143578+00:00,1755227080,0.000000,0,1.000000,0.000000,0.000000,0.340000,SURVIVAL,SURVIVAL,NONE,H_t,reject_survival,phase=none;hMul=1.000;gMul=1.000;qMul=1.000;qAdd=0.000;rpiOff=0.000,1874,7458,"RacePacingRejected, RACE action=reject_survival:6654;RacePacingRejected, RACE action=reject_pacing:801;ReplacementNotAllowed:3"
2026-09-16T04:52:05.3147041+00:00,1755309064,0.000000,0,1.000000,0.000000,0.000000,0.340000,SURVIVAL,SURVIVAL,NONE,H_t,reject_survival,phase=none;hMul=1.000;gMul=1.000;qMul=1.000;qAdd=0.000;rpiOff=0.000,1874,7458,"RacePacingRejected, RACE action=reject_survival:6654;RacePacingRejected, RACE action=reject_pacing:801;ReplacementNotAllowed:3"
2026-09-16T04:52:05.8141613+00:00,1755317032,0.000000,0,1.000000,0.000000,0.000000,0.340000,SURVIVAL,SURVIVAL,NONE,H_t,reject_survival,phase=none;hMul=1.000;gMul=1.000;qMul=1.000;qAdd=0.000;rpiOff=0.000,1874,7458,"RacePacingRejected, RACE action=reject_survival:6654;RacePacingRejected, RACE action=reject_pacing:801;ReplacementNotAllowed:3"
2026-09-16T04:52:06.3146815+00:00,1755374600,0.000000,0,1.000000,0.000000,0.000000,0.340000,SURVIVAL,SURVIVAL,NONE,H_t,reject_survival,phase=none;hMul=1.000;gMul=1.000;qMul=1.000;qAdd=0.000;rpiOff=0.000,1874,7458,"RacePacingRejected, RACE action=reject_survival:6654;RacePacingRejected, RACE action=reject_pacing:801;ReplacementNotAllowed:3"
2026-09-16T04:52:06.8144306+00:00,1755374600,0.000000,0,1.000000,0.000000,0.000000,0.340000,SURVIVAL,SURVIVAL,NONE,H_t,reject_survival,phase=none;hMul=1.000;gMul=1.000;qMul=1.000;qAdd=0.000;rpiOff=0.000,1874,7458,"RacePacingRejected, RACE action=reject_survival:6654;RacePacingRejected, RACE action=reject_pacing:801;ReplacementNotAllowed:3"
2026-09-16T04:52:07.3146793+00:00,1755440136,0.000000,0,1.000000,0.000000,0.000000,0.340000,SURVIVAL,SURVIVAL,NONE,H_t,reject_survival,phase=none;hMul=1.000;gMul=1.000;qMul=1.000;qAdd=0.000;rpiOff=0.000,1874,7458,"RacePacingRejected, RACE action=reject_survival:6654;RacePacingRejected, RACE action=reject_pacing:801;ReplacementNotAllowed:3"
2026-09-16T04:52:07.8141205+00:00,1755448360,0.000000,0,1.000000,0.000000,0.000000,0.340000,SURVIVAL,SURVIVAL,NONE,H_t,reject_survival,phase=none;hMul=1.000;gMul=1.000;qMul=1.000;qAdd=0.000;rpiOff=0.000,1874,7458,"RacePacingRejected, RACE action=reject_survival:6654;RacePacingRejected, RACE action=reject_pacing:801;ReplacementNotAllowed:3"
2026-09-16T04:52:08.3139466+00:00,1755497448,0.000000,0,1.000000,0.000000,0.000000,0.340000,SURVIVAL,SURVIVAL,NONE,H_t,reject_survival,phase=none;hMul=1.000;gMul=1.000;qMul=1.000;qAdd=0.000;rpiOff=0.000,1874,7458,"RacePacingRejected, RACE action=reject_survival:6654;RacePacingRejected, RACE action=reject_pacing:801;ReplacementNotAllowed:3"
2026-09-16T04:52:08.8141173+00:00,1755497448,0.000000,0,1.000000,0.000000,0.000000,0.340000,SURVIVAL,SURVIVAL,NONE,H_t,reject_survival,phase=none;hMul=1.000;gMul=1.000;qMul=1.000;qAdd=0.000;rpiOff=0.000,1874,7458,"RacePacingRejected, RACE action=reject_survival:6654;RacePacingRejected, RACE action=reject_pacing:801;ReplacementNotAllowed:3"
2026-09-16T04:52:09.3143079+00:00,1755571208,0.000000,0,1.000000,0.000000,0.000000,0.340000,SURVIVAL,SURVIVAL,NONE,H_t,reject_survival,phase=none;hMul=1.000;gMul=1.000;qMul=1.000;qAdd=0.000;rpiOff=0.000,1874,7458,"RacePacingRejected, RACE action=reject_survival:6654;RacePacingRejected, RACE action=reject_pacing:801;ReplacementNotAllowed:3"
2026-09-16T04:52:09.8146666+00:00,1755579432,0.000000,0,1.000000,0.000000,0.000000,0.340000,SURVIVAL,SURVIVAL,NONE,H_t,reject_survival,phase=none;hMul=1.000;gMul=1.000;qMul=1.000;qAdd=0.000;rpiOff=0.000,1874,7458,"RacePacingRejected, RACE action=reject_survival:6654;RacePacingRejected, RACE action=reject_pacing:801;ReplacementNotAllowed:3"
2026-09-16T04:52:10.3144729+00:00,1755620552,0.000000,0,1.000000,0.000000,0.000000,0.340000,SURVIVAL,SURVIVAL,NONE,H_t,reject_survival,phase=none;hMul=1.000;gMul=1.000;qMul=1.000;qAdd=0.000;rpiOff=0.000,1874,7458,"RacePacingRejected, RACE action=reject_survival:6654;RacePacingRejected, RACE action=reject_pacing:801;ReplacementNotAllowed:3"
2026-09-16T04:52:10.8140109+00:00,1755628776,0.000000,0,1.000000,0.000000,0.000000,0.340000,SURVIVAL,SURVIVAL,NONE,H_t,reject_survival,phase=none;hMul=1.000;gMul=1.000;qMul=1.000;qAdd=0.000;rpiOff=0.000,1874,7458,"RacePacingRejected, RACE action=reject_survival:6654;RacePacingRejected, RACE action=reject_pacing:801;ReplacementNotAllowed:3"
2026-09-16T04:52:11.3143397+00:00,1755710456,0.000000,0,1.000000,0.000000,0.000000,0.340000,SURVIVAL,SURVIVAL,NONE,H_t,reject_survival,phase=none;hMul=1.000;gMul=1.000;qMul=1.000;qAdd=0.000;rpiOff=0.000,1874,7458,"RacePacingRejected, RACE action=reject_survival:6654;RacePacingRejected, RACE action=reject_pacing:801;ReplacementNotAllowed:3"
2026-09-16T04:52:11.8147622+00:00,1755718424,0.000000,0,1.000000,0.000000,0.000000,0.340000,SURVIVAL,SURVIVAL,NONE,H_t,reject_survival,phase=none;hMul=1.000;gMul=1.000;qMul=1.000;qAdd=0.000;rpiOff=0.000,1874,7458,"RacePacingRejected, RACE action=reject_survival:6654;RacePacingRejected, RACE action=reject_pacing:801;ReplacementNotAllowed:3"
2026-09-16T04:52:12.3146653+00:00,1755767768,0.000000,0,1.000000,0.000000,0.000000,0.340000,SURVIVAL,SURVIVAL,NONE,H_t,reject_survival,phase=none;hMul=1.000;gMul=1.000;qMul=1.000;qAdd=0.000;rpiOff=0.000,1874,7458,"RacePacingRejected, RACE action=reject_survival:6654;RacePacingRejected, RACE action=reject_pacing:801;ReplacementNotAllowed:3"
2026-09-16T04:52:12.8140944+00:00,1755775992,0.000000,0,1.000000,0.000000,0.000000,0.340000,SURVIVAL,SURVIVAL,NONE,H_t,reject_survival,phase=none;hMul=1.000;gMul=1.000;qMul=1.000;qAdd=0.000;rpiOff=0.000,1874,7458,"RacePacingRejected, RACE action=reject_survival:6654;RacePacingRejected, RACE action=reject_pacing:801;ReplacementNotAllowed:3"
2026-09-16T04:52:13.3146539+00:00,1755857976,0.000000,0,1.000000,0.000000,0.000000,0.340000,SURVIVAL,SURVIVAL,NONE,H_t,reject_survival,phase=none;hMul=1.000;gMul=1.000;qMul=1.000;qAdd=0.000;rpiOff=0.000,1874,7458,"RacePacingRejected, RACE action=reject_survival:6654;RacePacingRejected, RACE action=reject_pacing:801;ReplacementNotAllowed:3"
2026-09-16T04:52:13.8140831+00:00,1755866200,0.000000,0,1.000000,0.000000,0.000000,0.340000,SURVIVAL,SURVIVAL,NONE,H_t,reject_survival,phase=none;hMul=1.000;gMul=1.000;qMul=1.000;qAdd=0.000;rpiOff=0.000,1874,7458,"RacePacingRejected, RACE action=reject_survival:6654;RacePacingRejected, RACE action=reject_pacing:801;ReplacementNotAllowed:3"
2026-09-16T04:52:14.3139745+00:00,1755907064,0.000000,0,1.000000,0.000000,0.000000,0.340000,SURVIVAL,SURVIVAL,NONE,H_t,reject_survival,phase=none;hMul=1.000;gMul=1.000;qMul=1.000;qAdd=0.000;rpiOff=0.000,1874,7458,"RacePacingRejected, RACE action=reject_survival:6654;RacePacingRejected, RACE action=reject_pacing:801;ReplacementNotAllowed:3"
2026-09-16T04:52:14.8144448+00:00,1755907064,0.000000,0,1.000000,0.000000,0.000000,0.340000,SURVIVAL,SURVIVAL,NONE,H_t,reject_survival,phase=none;hMul=1.000;gMul=1.000;qMul=1.000;qAdd=0.000;rpiOff=0.000,1874,7458,"RacePacingRejected, RACE action=reject_survival:6654;RacePacingRejected, RACE action=reject_pacing:801;ReplacementNotAllowed:3"
2026-09-16T04:52:15.3147662+00:00,1755996816,0.000000,0,1.000000,0.000000,0.000000,0.340000,SURVIVAL,SURVIVAL,NONE,H_t,reject_survival,phase=none;hMul=1.000;gMul=1.000;qMul=1.000;qAdd=0.000;rpiOff=0.000,1874,7458,"RacePacingRejected, RACE action=reject_survival:6654;RacePacingRejected, RACE action=reject_pacing:801;ReplacementNotAllowed:3"
2026-09-16T04:52:15.8142110+00:00,1755996816,0.000000,0,1.000000,0.000000,0.000000,0.340000,SURVIVAL,SURVIVAL,NONE,H_t,reject_survival,phase=none;hMul=1.000;gMul=1.000;qMul=1.000;qAdd=0.000;rpiOff=0.000,1874,7458,"RacePacingRejected, RACE action=reject_survival:6654;RacePacingRejected, RACE action=reject_pacing:801;ReplacementNotAllowed:3"
2026-09-16T04:52:16.3143643+00:00,1756053968,0.000000,0,1.000000,0.000000,0.000000,0.340000,SURVIVAL,SURVIVAL,NONE,H_t,reject_survival,phase=none;hMul=1.000;gMul=1.000;qMul=1.000;qAdd=0.000;rpiOff=0.000,1874,7458,"RacePacingRejected, RACE action=reject_survival:6654;RacePacingRejected, RACE action=reject_pacing:801;ReplacementNotAllowed:3"
2026-09-16T04:52:16.8141166+00:00,1756053968,0.000000,0,1.000000,0.000000,0.000000,0.340000,SURVIVAL,SURVIVAL,NONE,H_t,reject_survival,phase=none;hMul=1.000;gMul=1.000;qMul=1.000;qAdd=0.000;rpiOff=0.000,1874,7458,"RacePacingRejected, RACE action=reject_survival:6654;RacePacingRejected, RACE action=reject_pacing:801;ReplacementNotAllowed:3"
2026-09-16T04:52:17.3138649+00:00,1756127728,0.000000,0,1.000000,0.000000,0.000000,0.340000,SURVIVAL,SURVIVAL,NONE,H_t,reject_survival,phase=none;hMul=1.000;gMul=1.000;qMul=1.000;qAdd=0.000;rpiOff=0.000,1874,7458,"RacePacingRejected, RACE action=reject_survival:6654;RacePacingRejected, RACE action=reject_pacing:801;ReplacementNotAllowed:3"
2026-09-16T04:52:17.8143961+00:00,1756135952,0.000000,0,1.000000,0.000000,0.000000,0.340000,SURVIVAL,SURVIVAL,NONE,H_t,reject_survival,phase=none;hMul=1.000;gMul=1.000;qMul=1.000;qAdd=0.000;rpiOff=0.000,1874,7458,"RacePacingRejected, RACE action=reject_survival:6654;RacePacingRejected, RACE action=reject_pacing:801;ReplacementNotAllowed:3"
2026-09-16T04:52:18.3138576+00:00,1756185040,0.000000,0,1.000000,0.000000,0.000000,0.340000,SURVIVAL,SURVIVAL,NONE,H_t,reject_survival,phase=none;hMul=1.000;gMul=1.000;qMul=1.000;qAdd=0.000;rpiOff=0.000,1874,7458,"RacePacingRejected, RACE action=reject_survival:6654;RacePacingRejected, RACE action=reject_pacing:801;ReplacementNotAllowed:3"
2026-09-16T04:52:18.8143260+00:00,1756185040,0.000000,0,1.000000,0.000000,0.000000,0.340000,SURVIVAL,SURVIVAL,NONE,H_t,reject_survival,phase=none;hMul=1.000;gMul=1.000;qMul=1.000;qAdd=0.000;rpiOff=0.000,1874,7458,"RacePacingRejected, RACE action=reject_survival:6654;RacePacingRejected, RACE action=reject_pacing:801;ReplacementNotAllowed:3"
2026-09-16T04:52:19.3138475+00:00,1756275248,0.000000,0,1.000000,0.000000,0.000000,0.340000,SURVIVAL,SURVIVAL,NONE,H_t,reject_survival,phase=none;hMul=1.000;gMul=1.000;qMul=1.000;qAdd=0.000;rpiOff=0.000,1874,7458,"RacePacingRejected, RACE action=reject_survival:6654;RacePacingRejected, RACE action=reject_pacing:801;ReplacementNotAllowed:3"
2026-09-16T04:52:19.8143478+00:00,1756275248,0.000000,0,1.000000,0.000000,0.000000,0.340000,SURVIVAL,SURVIVAL,NONE,H_t,reject_survival,phase=none;hMul=1.000;gMul=1.000;qMul=1.000;qAdd=0.000;rpiOff=0.000,1874,7458,"RacePacingRejected, RACE action=reject_survival:6654;RacePacingRejected, RACE action=reject_pacing:801;ReplacementNotAllowed:3"
2026-09-16T04:52:20.3147084+00:00,1756348752,0.000000,0,1.000000,0.000000,0.000000,0.340000,SURVIVAL,SURVIVAL,NONE,H_t,reject_survival,phase=none;hMul=1.000;gMul=1.000;qMul=1.000;qAdd=0.000;rpiOff=0.000,1874,7458,"RacePacingRejected, RACE action=reject_survival:6654;RacePacingRejected, RACE action=reject_pacing:801;ReplacementNotAllowed:3"
2026-09-16T04:52:20.8139902+00:00,1756356976,0.000000,0,1.000000,0.000000,0.000000,0.340000,SURVIVAL,SURVIVAL,NONE,H_t,reject_survival,phase=none;hMul=1.000;gMul=1.000;qMul=1.000;qAdd=0.000;rpiOff=0.000,1874,7458,"RacePacingRejected, RACE action=reject_survival:6654;RacePacingRejected, RACE action=reject_pacing:801;ReplacementNotAllowed:3"
2026-09-16T04:52:21.3140313+00:00,1756406320,0.000000,0,1.000000,0.000000,0.000000,0.340000,SURVIVAL,SURVIVAL,NONE,H_t,reject_survival,phase=none;hMul=1.000;gMul=1.000;qMul=1.000;qAdd=0.000;rpiOff=0.000,1874,7458,"RacePacingRejected, RACE action=reject_survival:6654;RacePacingRejected, RACE action=reject_pacing:801;ReplacementNotAllowed:3"
2026-09-16T04:52:21.8144460+00:00,1756406320,0.000000,0,1.000000,0.000000,0.000000,0.340000,SURVIVAL,SURVIVAL,NONE,H_t,reject_survival,phase=none;hMul=1.000;gMul=1.000;qMul=1.000;qAdd=0.000;rpiOff=0.000,1874,7458,"RacePacingRejected, RACE action=reject_survival:6654;RacePacingRejected, RACE action=reject_pacing:801;ReplacementNotAllowed:3"
2026-09-16T04:52:22.3138122+00:00,1756488304,0.000000,0,1.000000,0.000000,0.000000,0.340000,SURVIVAL,SURVIVAL,NONE,H_t,reject_survival,phase=none;hMul=1.000;gMul=1.000;qMul=1.000;qAdd=0.000;rpiOff=0.000,1874,7458,"RacePacingRejected, RACE action=reject_survival:6654;RacePacingRejected, RACE action=reject_pacing:801;ReplacementNotAllowed:3"
2026-09-16T04:52:22.8142685+00:00,1756488304,0.000000,0,1.000000,0.000000,0.000000,0.340000,SURVIVAL,SURVIVAL,NONE,H_t,reject_survival,phase=none;hMul=1.000;gMul=1.000;qMul=1.000;qAdd=0.000;rpiOff=0.000,1874,7458,"RacePacingRejected, RACE action=reject_survival:6654;RacePacingRejected, RACE action=reject_pacing:801;ReplacementNotAllowed:3"
2026-09-16T04:52:23.3147199+00:00,1756537392,0.000000,0,1.000000,0.000000,0.000000,0.340000,SURVIVAL,SURVIVAL,NONE,H_t,reject_survival,phase=none;hMul=1.000;gMul=1.000;qMul=1.000;qAdd=0.000;rpiOff=0.000,1874,7458,"RacePacingRejected, RACE action=reject_survival:6654;RacePacingRejected, RACE action=reject_pacing:801;ReplacementNotAllowed:3"
2026-09-16T04:52:23.8142018+00:00,1756541264,0.000000,0,1.000000,0.000000,0.000000,0.340000,SURVIVAL,SURVIVAL,NONE,H_t,reject_survival,phase=none;hMul=1.000;gMul=1.000;qMul=1.000;qAdd=0.000;rpiOff=0.000,1874,7458,"RacePacingRejected, RACE action=reject_survival:6654;RacePacingRejected, RACE action=reject_pacing:801;ReplacementNotAllowed:3"
2026-09-16T04:52:24.3145624+00:00,1756627480,0.000000,0,1.000000,0.000000,0.000000,0.340000,SURVIVAL,SURVIVAL,NONE,H_t,reject_survival,phase=none;hMul=1.000;gMul=1.000;qMul=1.000;qAdd=0.000;rpiOff=0.000,1874,7458,"RacePacingRejected, RACE action=reject_survival:6654;RacePacingRejected, RACE action=reject_pacing:801;ReplacementNotAllowed:3"
2026-09-16T04:52:24.8140118+00:00,1756635704,0.000000,0,1.000000,0.000000,0.000000,0.340000,SURVIVAL,SURVIVAL,NONE,H_t,reject_survival,phase=none;hMul=1.000;gMul=1.000;qMul=1.000;qAdd=0.000;rpiOff=0.000,1874,7458,"RacePacingRejected, RACE action=reject_survival:6654;RacePacingRejected, RACE action=reject_pacing:801;ReplacementNotAllowed:3"
2026-09-16T04:52:25.3140581+00:00,1756676472,0.000000,0,1.000000,0.000000,0.000000,0.340000,SURVIVAL,SURVIVAL,NONE,H_t,reject_survival,phase=none;hMul=1.000;gMul=1.000;qMul=1.000;qAdd=0.000;rpiOff=0.000,1874,7458,"RacePacingRejected, RACE action=reject_survival:6654;RacePacingRejected, RACE action=reject_pacing:801;ReplacementNotAllowed:3"
2026-09-16T04:52:25.8145502+00:00,1756684696,0.000000,0,1.000000,0.000000,0.000000,0.340000,SURVIVAL,SURVIVAL,NONE,H_t,reject_survival,phase=none;hMul=1.000;gMul=1.000;qMul=1.000;qAdd=0.000;rpiOff=0.000,1874,7458,"RacePacingRejected, RACE action=reject_survival:6654;RacePacingRejected, RACE action=reject_pacing:801;ReplacementNotAllowed:3"
2026-09-16T04:52:26.3142837+00:00,1756766168,0.000000,0,1.000000,0.000000,0.000000,0.340000,SURVIVAL,SURVIVAL,NONE,H_t,reject_survival,phase=none;hMul=1.000;gMul=1.000;qMul=1.000;qAdd=0.000;rpiOff=0.000,1874,7458,"RacePacingRejected, RACE action=reject_survival:6654;RacePacingRejected, RACE action=reject_pacing:801;ReplacementNotAllowed:3"
2026-09-16T04:52:26.8140451+00:00,1756766168,0.000000,0,1.000000,0.000000,0.000000,0.340000,SURVIVAL,SURVIVAL,NONE,H_t,reject_survival,phase=none;hMul=1.000;gMul=1.000;qMul=1.000;qAdd=0.000;rpiOff=0.000,1874,7458,"RacePacingRejected, RACE action=reject_survival:6654;RacePacingRejected, RACE action=reject_pacing:801;ReplacementNotAllowed:3"
2026-09-16T04:52:27.3147459+00:00,1756823736,0.000000,0,1.000000,0.000000,0.000000,0.340000,SURVIVAL,SURVIVAL,NONE,H_t,reject_survival,phase=none;hMul=1.000;gMul=1.000;qMul=1.000;qAdd=0.000;rpiOff=0.000,1874,7458,"RacePacingRejected, RACE action=reject_survival:6654;RacePacingRejected, RACE action=reject_pacing:801;ReplacementNotAllowed:3"
2026-09-16T04:52:27.8143067+00:00,1756823736,0.000000,0,1.000000,0.000000,0.000000,0.340000,SURVIVAL,SURVIVAL,NONE,H_t,reject_survival,phase=none;hMul=1.000;gMul=1.000;qMul=1.000;qAdd=0.000;rpiOff=0.000,1874,7458,"RacePacingRejected, RACE action=reject_survival:6654;RacePacingRejected, RACE action=reject_pacing:801;ReplacementNotAllowed:3"
2026-09-16T04:52:28.3147349+00:00,1756897752,0.000000,0,1.000000,0.000000,0.000000,0.340000,SURVIVAL,SURVIVAL,NONE,H_t,reject_survival,phase=none;hMul=1.000;gMul=1.000;qMul=1.000;qAdd=0.000;rpiOff=0.000,1874,7458,"RacePacingRejected, RACE action=reject_survival:6654;RacePacingRejected, RACE action=reject_pacing:801;ReplacementNotAllowed:3"
2026-09-16T04:52:28.8142964+00:00,1756905976,0.000000,0,1.000000,0.000000,0.000000,0.340000,SURVIVAL,SURVIVAL,NONE,H_t,reject_survival,phase=none;hMul=1.000;gMul=1.000;qMul=1.000;qAdd=0.000;rpiOff=0.000,1874,7458,"RacePacingRejected, RACE action=reject_survival:6654;RacePacingRejected, RACE action=reject_pacing:801;ReplacementNotAllowed:3"
2026-09-16T04:52:29.3139329+00:00,1756954552,0.000000,0,1.000000,0.000000,0.000000,0.340000,SURVIVAL,SURVIVAL,NONE,H_t,reject_survival,phase=none;hMul=1.000;gMul=1.000;qMul=1.000;qAdd=0.000;rpiOff=0.000,1874,7458,"RacePacingRejected, RACE action=reject_survival:6654;RacePacingRejected, RACE action=reject_pacing:801;ReplacementNotAllowed:3"
2026-09-16T04:52:29.8144041+00:00,1756962776,0.000000,0,1.000000,0.000000,0.000000,0.340000,SURVIVAL,SURVIVAL,NONE,H_t,reject_survival,phase=none;hMul=1.000;gMul=1.000;qMul=1.000;qAdd=0.000;rpiOff=0.000,1874,7458,"RacePacingRejected, RACE action=reject_survival:6654;RacePacingRejected, RACE action=reject_pacing:801;ReplacementNotAllowed:3"
2026-09-16T04:52:30.3146650+00:00,1757036536,0.000000,0,1.000000,0.000000,0.000000,0.340000,SURVIVAL,SURVIVAL,NONE,H_t,reject_survival,phase=none;hMul=1.000;gMul=1.000;qMul=1.000;qAdd=0.000;rpiOff=0.000,1874,7458,"RacePacingRejected, RACE action=reject_survival:6654;RacePacingRejected, RACE action=reject_pacing:801;ReplacementNotAllowed:3"
2026-09-16T04:52:30.8141908+00:00,1757044760,0.000000,0,1.000000,0.000000,0.000000,0.340000,SURVIVAL,SURVIVAL,NONE,H_t,reject_survival,phase=none;hMul=1.000;gMul=1.000;qMul=1.000;qAdd=0.000;rpiOff=0.000,1874,7458,"RacePacingRejected, RACE action=reject_survival:6654;RacePacingRejected, RACE action=reject_pacing:801;ReplacementNotAllowed:3"
2026-09-16T04:52:31.3140428+00:00,1757094104,0.000000,0,1.000000,0.000000,0.000000,0.340000,SURVIVAL,SURVIVAL,NONE,H_t,reject_survival,phase=none;hMul=1.000;gMul=1.000;qMul=1.000;qAdd=0.000;rpiOff=0.000,1874,7458,"RacePacingRejected, RACE action=reject_survival:6654;RacePacingRejected, RACE action=reject_pacing:801;ReplacementNotAllowed:3"
2026-09-16T04:52:31.8143062+00:00,1757094104,0.000000,0,1.000000,0.000000,0.000000,0.340000,SURVIVAL,SURVIVAL,NONE,H_t,reject_survival,phase=none;hMul=1.000;gMul=1.000;qMul=1.000;qAdd=0.000;rpiOff=0.000,1874,7458,"RacePacingRejected, RACE action=reject_survival:6654;RacePacingRejected, RACE action=reject_pacing:801;ReplacementNotAllowed:3"
2026-09-16T04:52:32.3146526+00:00,1757176088,0.000000,0,1.000000,0.000000,0.000000,0.340000,SURVIVAL,SURVIVAL,NONE,H_t,reject_survival,phase=none;hMul=1.000;gMul=1.000;qMul=1.000;qAdd=0.000;rpiOff=0.000,1874,7458,"RacePacingRejected, RACE action=reject_survival:6654;RacePacingRejected, RACE action=reject_pacing:801;ReplacementNotAllowed:3"
2026-09-16T04:52:32.8140192+00:00,1757184312,0.000000,0,1.000000,0.000000,0.000000,0.340000,SURVIVAL,SURVIVAL,NONE,H_t,reject_survival,phase=none;hMul=1.000;gMul=1.000;qMul=1.000;qAdd=0.000;rpiOff=0.000,1874,7458,"RacePacingRejected, RACE action=reject_survival:6654;RacePacingRejected, RACE action=reject_pacing:801;ReplacementNotAllowed:3"
2026-09-16T04:52:33.3140004+00:00,1757233144,0.000000,0,1.000000,0.000000,0.000000,0.340000,SURVIVAL,SURVIVAL,NONE,H_t,reject_survival,phase=none;hMul=1.000;gMul=1.000;qMul=1.000;qAdd=0.000;rpiOff=0.000,1874,7458,"RacePacingRejected, RACE action=reject_survival:6654;RacePacingRejected, RACE action=reject_pacing:801;ReplacementNotAllowed:3"
2026-09-16T04:52:33.8144884+00:00,1757233144,0.000000,0,1.000000,0.000000,0.000000,0.340000,SURVIVAL,SURVIVAL,NONE,H_t,reject_survival,phase=none;hMul=1.000;gMul=1.000;qMul=1.000;qAdd=0.000;rpiOff=0.000,1874,7458,"RacePacingRejected, RACE action=reject_survival:6654;RacePacingRejected, RACE action=reject_pacing:801;ReplacementNotAllowed:3"
2026-09-16T04:52:34.3138342+00:00,1757315384,0.000000,0,1.000000,0.000000,0.000000,0.340000,SURVIVAL,SURVIVAL,NONE,H_t,reject_survival,phase=none;hMul=1.000;gMul=1.000;qMul=1.000;qAdd=0.000;rpiOff=0.000,1874,7458,"RacePacingRejected, RACE action=reject_survival:6654;RacePacingRejected, RACE action=reject_pacing:801;ReplacementNotAllowed:3"
2026-09-16T04:52:34.8142856+00:00,1757315384,0.000000,0,1.000000,0.000000,0.000000,0.340000,SURVIVAL,SURVIVAL,NONE,H_t,reject_survival,phase=none;hMul=1.000;gMul=1.000;qMul=1.000;qAdd=0.000;rpiOff=0.000,1874,7458,"RacePacingRejected, RACE action=reject_survival:6654;RacePacingRejected, RACE action=reject_pacing:801;ReplacementNotAllowed:3"
2026-09-16T04:52:35.3147616+00:00,1757364472,0.000000,0,1.000000,0.000000,0.000000,0.340000,SURVIVAL,SURVIVAL,NONE,H_t,reject_survival,phase=none;hMul=1.000;gMul=1.000;qMul=1.000;qAdd=0.000;rpiOff=0.000,1874,7458,"RacePacingRejected, RACE action=reject_survival:6654;RacePacingRejected, RACE action=reject_pacing:801;ReplacementNotAllowed:3"
2026-09-16T04:52:35.8142087+00:00,1757364472,0.000000,0,1.000000,0.000000,0.000000,0.340000,SURVIVAL,SURVIVAL,NONE,H_t,reject_survival,phase=none;hMul=1.000;gMul=1.000;qMul=1.000;qAdd=0.000;rpiOff=0.000,1874,7458,"RacePacingRejected, RACE action=reject_survival:6654;RacePacingRejected, RACE action=reject_pacing:801;ReplacementNotAllowed:3"
2026-09-16T04:52:36.3139280+00:00,1757454680,0.000000,0,1.000000,0.000000,0.000000,0.340000,SURVIVAL,SURVIVAL,NONE,H_t,reject_survival,phase=none;hMul=1.000;gMul=1.000;qMul=1.000;qAdd=0.000;rpiOff=0.000,1874,7458,"RacePacingRejected, RACE action=reject_survival:6654;RacePacingRejected, RACE action=reject_pacing:801;ReplacementNotAllowed:3"
2026-09-16T04:52:36.8147059+00:00,1757462904,0.000000,0,1.000000,0.000000,0.000000,0.340000,SURVIVAL,SURVIVAL,NONE,H_t,reject_survival,phase=none;hMul=1.000;gMul=1.000;qMul=1.000;qAdd=0.000;rpiOff=0.000,1874,7458,"RacePacingRejected, RACE action=reject_survival:6654;RacePacingRejected, RACE action=reject_pacing:801;ReplacementNotAllowed:3"
2026-09-16T04:52:37.3143501+00:00,1757520216,0.000000,0,1.000000,0.000000,0.000000,0.340000,SURVIVAL,SURVIVAL,NONE,H_t,reject_survival,phase=none;hMul=1.000;gMul=1.000;qMul=1.000;qAdd=0.000;rpiOff=0.000,1874,7458,"RacePacingRejected, RACE action=reject_survival:6654;RacePacingRejected, RACE action=reject_pacing:801;ReplacementNotAllowed:3"
2026-09-16T04:52:37.8147838+00:00,1757520216,0.000000,0,1.000000,0.000000,0.000000,0.340000,SURVIVAL,SURVIVAL,NONE,H_t,reject_survival,phase=none;hMul=1.000;gMul=1.000;qMul=1.000;qAdd=0.000;rpiOff=0.000,1874,7458,"RacePacingRejected, RACE action=reject_survival:6654;RacePacingRejected, RACE action=reject_pacing:801;ReplacementNotAllowed:3"
2026-09-16T04:52:38.3143496+00:00,1757593440,0.000000,0,1.000000,0.000000,0.000000,0.340000,SURVIVAL,SURVIVAL,NONE,H_t,reject_survival,phase=none;hMul=1.000;gMul=1.000;qMul=1.000;qAdd=0.000;rpiOff=0.000,1874,7458,"RacePacingRejected, RACE action=reject_survival:6654;RacePacingRejected, RACE action=reject_pacing:801;ReplacementNotAllowed:3"
2026-09-16T04:52:38.8139126+00:00,1757593440,0.000000,0,1.000000,0.000000,0.000000,0.340000,SURVIVAL,SURVIVAL,NONE,H_t,reject_survival,phase=none;hMul=1.000;gMul=1.000;qMul=1.000;qAdd=0.000;rpiOff=0.000,1874,7458,"RacePacingRejected, RACE action=reject_survival:6654;RacePacingRejected, RACE action=reject_pacing:801;ReplacementNotAllowed:3"
2026-09-16T04:52:39.3144800+00:00,1757659232,0.000000,0,1.000000,0.000000,0.000000,0.340000,SURVIVAL,SURVIVAL,NONE,H_t,reject_survival,phase=none;hMul=1.000;gMul=1.000;qMul=1.000;qAdd=0.000;rpiOff=0.000,1874,7458,"RacePacingRejected, RACE action=reject_survival:6654;RacePacingRejected, RACE action=reject_pacing:801;ReplacementNotAllowed:3"
2026-09-16T04:52:39.8149307+00:00,1757659232,0.000000,0,1.000000,0.000000,0.000000,0.340000,SURVIVAL,SURVIVAL,NONE,H_t,reject_survival,phase=none;hMul=1.000;gMul=1.000;qMul=1.000;qAdd=0.000;rpiOff=0.000,1874,7458,"RacePacingRejected, RACE action=reject_survival:6654;RacePacingRejected, RACE action=reject_pacing:801;ReplacementNotAllowed:3"
2026-09-16T04:52:40.3145193+00:00,1757830408,0.000000,0,1.000000,0.000000,0.000000,0.340000,SURVIVAL,SURVIVAL,NONE,H_t,reject_survival,phase=none;hMul=1.000;gMul=1.000;qMul=1.000;qAdd=0.000;rpiOff=0.000,1874,7458,"RacePacingRejected, RACE action=reject_survival:6654;RacePacingRejected, RACE action=reject_pacing:801;ReplacementNotAllowed:3"
2026-09-16T04:52:40.8139566+00:00,1757838632,0.000000,0,1.000000,0.000000,0.000000,0.340000,SURVIVAL,SURVIVAL,NONE,H_t,reject_survival,phase=none;hMul=1.000;gMul=1.000;qMul=1.000;qAdd=0.000;rpiOff=0.000,1874,7458,"RacePacingRejected, RACE action=reject_survival:6654;RacePacingRejected, RACE action=reject_pacing:801;ReplacementNotAllowed:3"
2026-09-16T04:52:41.3146115+00:00,1757898008,0.000000,0,1.000000,0.000000,0.000000,0.340000,SURVIVAL,SURVIVAL,NONE,H_t,reject_survival,phase=none;hMul=1.000;gMul=1.000;qMul=1.000;qAdd=0.000;rpiOff=0.000,1874,7458,"RacePacingRejected, RACE action=reject_survival:6654;RacePacingRejected, RACE action=reject_pacing:801;ReplacementNotAllowed:3"
2026-09-16T04:52:41.8140817+00:00,1757898008,0.000000,0,1.000000,0.000000,0.000000,0.340000,SURVIVAL,SURVIVAL,NONE,H_t,reject_survival,phase=none;hMul=1.000;gMul=1.000;qMul=1.000;qAdd=0.000;rpiOff=0.000,1874,7458,"RacePacingRejected, RACE action=reject_survival:6654;RacePacingRejected, RACE action=reject_pacing:801;ReplacementNotAllowed:3"
2026-09-16T04:52:42.3145942+00:00,1757963544,0.000000,0,1.000000,0.000000,0.000000,0.340000,SURVIVAL,SURVIVAL,NONE,H_t,reject_survival,phase=none;hMul=1.000;gMul=1.000;qMul=1.000;qAdd=0.000;rpiOff=0.000,1874,7458,"RacePacingRejected, RACE action=reject_survival:6654;RacePacingRejected, RACE action=reject_pacing:801;ReplacementNotAllowed:3"
2026-09-16T04:52:42.8141075+00:00,1757971768,0.000000,0,1.000000,0.000000,0.000000,0.340000,SURVIVAL,SURVIVAL,NONE,H_t,reject_survival,phase=none;hMul=1.000;gMul=1.000;qMul=1.000;qAdd=0.000;rpiOff=0.000,1874,7458,"RacePacingRejected, RACE action=reject_survival:6654;RacePacingRejected, RACE action=reject_pacing:801;ReplacementNotAllowed:3"
2026-09-16T04:52:43.3139025+00:00,1758020856,0.000000,0,1.000000,0.000000,0.000000,0.340000,SURVIVAL,SURVIVAL,NONE,H_t,reject_survival,phase=none;hMul=1.000;gMul=1.000;qMul=1.000;qAdd=0.000;rpiOff=0.000,1874,7458,"RacePacingRejected, RACE action=reject_survival:6654;RacePacingRejected, RACE action=reject_pacing:801;ReplacementNotAllowed:3"
2026-09-16T04:52:43.8143527+00:00,1758020856,0.000000,0,1.000000,0.000000,0.000000,0.340000,SURVIVAL,SURVIVAL,NONE,H_t,reject_survival,phase=none;hMul=1.000;gMul=1.000;qMul=1.000;qAdd=0.000;rpiOff=0.000,1874,7458,"RacePacingRejected, RACE action=reject_survival:6654;RacePacingRejected, RACE action=reject_pacing:801;ReplacementNotAllowed:3"
2026-09-16T04:52:44.3138361+00:00,1758110000,0.000000,0,1.000000,0.000000,0.000000,0.340000,SURVIVAL,SURVIVAL,NONE,H_t,reject_survival,phase=none;hMul=1.000;gMul=1.000;qMul=1.000;qAdd=0.000;rpiOff=0.000,1874,7458,"RacePacingRejected, RACE action=reject_survival:6654;RacePacingRejected, RACE action=reject_pacing:801;ReplacementNotAllowed:3"
2026-09-16T04:52:44.8142483+00:00,1758110000,0.000000,0,1.000000,0.000000,0.000000,0.340000,SURVIVAL,SURVIVAL,NONE,H_t,reject_survival,phase=none;hMul=1.000;gMul=1.000;qMul=1.000;qAdd=0.000;rpiOff=0.000,1874,7458,"RacePacingRejected, RACE action=reject_survival:6654;RacePacingRejected, RACE action=reject_pacing:801;ReplacementNotAllowed:3"
2026-09-16T04:52:45.3143955+00:00,1758641864,0.000000,0,1.000000,0.000000,0.000000,0.340000,SURVIVAL,SURVIVAL,NONE,H_t,reject_survival,phase=none;hMul=1.000;gMul=1.000;qMul=1.000;qAdd=0.000;rpiOff=0.000,1874,7458,"RacePacingRejected, RACE action=reject_survival:6654;RacePacingRejected, RACE action=reject_pacing:801;ReplacementNotAllowed:3"
2026-09-16T04:52:45.8146653+00:00,1758650088,0.000000,0,1.000000,0.000000,0.000000,0.340000,SURVIVAL,SURVIVAL,NONE,H_t,reject_survival,phase=none;hMul=1.000;gMul=1.000;qMul=1.000;qAdd=0.000;rpiOff=0.000,1874,7458,"RacePacingRejected, RACE action=reject_survival:6654;RacePacingRejected, RACE action=reject_pacing:801;ReplacementNotAllowed:3"
2026-09-16T04:52:46.3141379+00:00,1758706960,0.000000,0,1.000000,0.000000,0.000000,0.340000,SURVIVAL,SURVIVAL,NONE,H_t,reject_survival,phase=none;hMul=1.000;gMul=1.000;qMul=1.000;qAdd=0.000;rpiOff=0.000,1874,7458,"RacePacingRejected, RACE action=reject_survival:6654;RacePacingRejected, RACE action=reject_pacing:801;ReplacementNotAllowed:3"
2026-09-16T04:52:46.8138423+00:00,1758706960,0.000000,0,1.000000,0.000000,0.000000,0.340000,SURVIVAL,SURVIVAL,NONE,H_t,reject_survival,phase=none;hMul=1.000;gMul=1.000;qMul=1.000;qAdd=0.000;rpiOff=0.000,1874,7458,"RacePacingRejected, RACE action=reject_survival:6654;RacePacingRejected, RACE action=reject_pacing:801;ReplacementNotAllowed:3"
2026-09-16T04:52:47.3140783+00:00,1759157744,0.000000,0,1.000000,0.000000,0.000000,0.340000,SURVIVAL,SURVIVAL,NONE,H_t,reject_survival,phase=none;hMul=1.000;gMul=1.000;qMul=1.000;qAdd=0.000;rpiOff=0.000,1874,7458,"RacePacingRejected, RACE action=reject_survival:6654;RacePacingRejected, RACE action=reject_pacing:801;ReplacementNotAllowed:3"
2026-09-16T04:52:47.8144409+00:00,1759157744,0.000000,0,1.000000,0.000000,0.000000,0.340000,SURVIVAL,SURVIVAL,NONE,H_t,reject_survival,phase=none;hMul=1.000;gMul=1.000;qMul=1.000;qAdd=0.000;rpiOff=0.000,1874,7458,"RacePacingRejected, RACE action=reject_survival:6654;RacePacingRejected, RACE action=reject_pacing:801;ReplacementNotAllowed:3"
2026-09-16T04:52:48.3138589+00:00,1759207088,0.000000,0,1.000000,0.000000,0.000000,0.340000,SURVIVAL,SURVIVAL,NONE,H_t,reject_survival,phase=none;hMul=1.000;gMul=1.000;qMul=1.000;qAdd=0.000;rpiOff=0.000,1874,7458,"RacePacingRejected, RACE action=reject_survival:6654;RacePacingRejected, RACE action=reject_pacing:801;ReplacementNotAllowed:3"
2026-09-16T04:52:48.8143318+00:00,1759207088,0.000000,0,1.000000,0.000000,0.000000,0.340000,SURVIVAL,SURVIVAL,NONE,H_t,reject_survival,phase=none;hMul=1.000;gMul=1.000;qMul=1.000;qAdd=0.000;rpiOff=0.000,1874,7458,"RacePacingRejected, RACE action=reject_survival:6654;RacePacingRejected, RACE action=reject_pacing:801;ReplacementNotAllowed:3"
2026-09-16T04:52:49.3139448+00:00,1759289024,0.000000,0,1.000000,0.000000,0.000000,0.340000,SURVIVAL,SURVIVAL,NONE,H_t,reject_survival,phase=none;hMul=1.000;gMul=1.000;qMul=1.000;qAdd=0.000;rpiOff=0.000,1874,7458,"RacePacingRejected, RACE action=reject_survival:6654;RacePacingRejected, RACE action=reject_pacing:801;ReplacementNotAllowed:3"
2026-09-16T04:52:49.8144174+00:00,1759297248,0.000000,0,1.000000,0.000000,0.000000,0.340000,SURVIVAL,SURVIVAL,NONE,H_t,reject_survival,phase=none;hMul=1.000;gMul=1.000;qMul=1.000;qAdd=0.000;rpiOff=0.000,1874,7458,"RacePacingRejected, RACE action=reject_survival:6654;RacePacingRejected, RACE action=reject_pacing:801;ReplacementNotAllowed:3"
2026-09-16T04:52:50.3147876+00:00,1759362272,0.000000,0,1.000000,0.000000,0.000000,0.340000,SURVIVAL,SURVIVAL,NONE,H_t,reject_survival,phase=none;hMul=1.000;gMul=1.000;qMul=1.000;qAdd=0.000;rpiOff=0.000,1874,7458,"RacePacingRejected, RACE action=reject_survival:6654;RacePacingRejected, RACE action=reject_pacing:801;ReplacementNotAllowed:3"
2026-09-16T04:52:50.8143036+00:00,1759362272,0.000000,0,1.000000,0.000000,0.000000,0.340000,SURVIVAL,SURVIVAL,NONE,H_t,reject_survival,phase=none;hMul=1.000;gMul=1.000;qMul=1.000;qAdd=0.000;rpiOff=0.000,1874,7458,"RacePacingRejected, RACE action=reject_survival:6654;RacePacingRejected, RACE action=reject_pacing:801;ReplacementNotAllowed:3"
2026-09-16T04:52:51.3139260+00:00,1759419584,0.000000,0,1.000000,0.000000,0.000000,0.340000,SURVIVAL,SURVIVAL,NONE,H_t,reject_survival,phase=none;hMul=1.000;gMul=1.000;qMul=1.000;qAdd=0.000;rpiOff=0.000,1874,7458,"RacePacingRejected, RACE action=reject_survival:6654;RacePacingRejected, RACE action=reject_pacing:801;ReplacementNotAllowed:3"
2026-09-16T04:52:51.8143914+00:00,1759419584,0.000000,0,1.000000,0.000000,0.000000,0.340000,SURVIVAL,SURVIVAL,NONE,H_t,reject_survival,phase=none;hMul=1.000;gMul=1.000;qMul=1.000;qAdd=0.000;rpiOff=0.000,1874,7458,"RacePacingRejected, RACE action=reject_survival:6654;RacePacingRejected, RACE action=reject_pacing:801;ReplacementNotAllowed:3"
2026-09-16T04:52:52.3138778+00:00,1759493344,0.000000,0,1.000000,0.000000,0.000000,0.340000,SURVIVAL,SURVIVAL,NONE,H_t,reject_survival,phase=none;hMul=1.000;gMul=1.000;qMul=1.000;qAdd=0.000;rpiOff=0.000,1874,7458,"RacePacingRejected, RACE action=reject_survival:6654;RacePacingRejected, RACE action=reject_pacing:801;ReplacementNotAllowed:3"
2026-09-16T04:52:52.8143224+00:00,1759493344,0.000000,0,1.000000,0.000000,0.000000,0.340000,SURVIVAL,SURVIVAL,NONE,H_t,reject_survival,phase=none;hMul=1.000;gMul=1.000;qMul=1.000;qAdd=0.000;rpiOff=0.000,1874,7458,"RacePacingRejected, RACE action=reject_survival:6654;RacePacingRejected, RACE action=reject_pacing:801;ReplacementNotAllowed:3"
2026-09-16T04:52:53.3138625+00:00,1759550888,0.000000,0,1.000000,0.000000,0.000000,0.340000,SURVIVAL,SURVIVAL,NONE,H_t,reject_survival,phase=none;hMul=1.000;gMul=1.000;qMul=1.000;qAdd=0.000;rpiOff=0.000,1874,7458,"RacePacingRejected, RACE action=reject_survival:6654;RacePacingRejected, RACE action=reject_pacing:801;ReplacementNotAllowed:3"
2026-09-16T04:52:53.8143970+00:00,1759559112,0.000000,0,1.000000,0.000000,0.000000,0.340000,SURVIVAL,SURVIVAL,NONE,H_t,reject_survival,phase=none;hMul=1.000;gMul=1.000;qMul=1.000;qAdd=0.000;rpiOff=0.000,1874,7458,"RacePacingRejected, RACE action=reject_survival:6654;RacePacingRejected, RACE action=reject_pacing:801;ReplacementNotAllowed:3"
2026-09-16T04:52:54.3146886+00:00,1759649064,0.000000,0,1.000000,0.000000,0.000000,0.340000,SURVIVAL,SURVIVAL,NONE,H_t,reject_survival,phase=none;hMul=1.000;gMul=1.000;qMul=1.000;qAdd=0.000;rpiOff=0.000,1874,7458,"RacePacingRejected, RACE action=reject_survival:6654;RacePacingRejected, RACE action=reject_pacing:801;ReplacementNotAllowed:3"
2026-09-16T04:52:54.8141260+00:00,1759649064,0.000000,0,1.000000,0.000000,0.000000,0.340000,SURVIVAL,SURVIVAL,NONE,H_t,reject_survival,phase=none;hMul=1.000;gMul=1.000;qMul=1.000;qAdd=0.000;rpiOff=0.000,1874,7458,"RacePacingRejected, RACE action=reject_survival:6654;RacePacingRejected, RACE action=reject_pacing:801;ReplacementNotAllowed:3"
2026-09-16T04:52:55.3140324+00:00,1759706584,0.000000,0,1.000000,0.000000,0.000000,0.340000,SURVIVAL,SURVIVAL,NONE,H_t,reject_survival,phase=none;hMul=1.000;gMul=1.000;qMul=1.000;qAdd=0.000;rpiOff=0.000,1874,7458,"RacePacingRejected, RACE action=reject_survival:6654;RacePacingRejected, RACE action=reject_pacing:801;ReplacementNotAllowed:3"
2026-09-16T04:52:55.8145484+00:00,1759706584,0.000000,0,1.000000,0.000000,0.000000,0.340000,SURVIVAL,SURVIVAL,NONE,H_t,reject_survival,phase=none;hMul=1.000;gMul=1.000;qMul=1.000;qAdd=0.000;rpiOff=0.000,1874,7458,"RacePacingRejected, RACE action=reject_survival:6654;RacePacingRejected, RACE action=reject_pacing:801;ReplacementNotAllowed:3"
2026-09-16T04:52:56.3132070+00:00,1759780600,0.000000,0,1.000000,0.000000,0.000000,0.340000,SURVIVAL,SURVIVAL,NONE,H_t,reject_survival,phase=none;hMul=1.000;gMul=1.000;qMul=1.000;qAdd=0.000;rpiOff=0.000,1874,7458,"RacePacingRejected, RACE action=reject_survival:6654;RacePacingRejected, RACE action=reject_pacing:801;ReplacementNotAllowed:3"
2026-09-16T04:52:56.8139589+00:00,1759788824,0.000000,0,1.000000,0.000000,0.000000,0.340000,SURVIVAL,SURVIVAL,NONE,H_t,reject_survival,phase=none;hMul=1.000;gMul=1.000;qMul=1.000;qAdd=0.000;rpiOff=0.000,1874,7458,"RacePacingRejected, RACE action=reject_survival:6654;RacePacingRejected, RACE action=reject_pacing:801;ReplacementNotAllowed:3"
2026-09-16T04:52:57.3146946+00:00,1759837912,0.000000,0,1.000000,0.000000,0.000000,0.340000,SURVIVAL,SURVIVAL,NONE,H_t,reject_survival,phase=none;hMul=1.000;gMul=1.000;qMul=1.000;qAdd=0.000;rpiOff=0.000,1874,7458,"RacePacingRejected, RACE action=reject_survival:6654;RacePacingRejected, RACE action=reject_pacing:801;ReplacementNotAllowed:3"
2026-09-16T04:52:57.8141447+00:00,1759846136,0.000000,0,1.000000,0.000000,0.000000,0.340000,SURVIVAL,SURVIVAL,NONE,H_t,reject_survival,phase=none;hMul=1.000;gMul=1.000;qMul=1.000;qAdd=0.000;rpiOff=0.000,1874,7458,"RacePacingRejected, RACE action=reject_survival:6654;RacePacingRejected, RACE action=reject_pacing:801;ReplacementNotAllowed:3"
2026-09-16T04:52:58.3144424+00:00,1759927864,0.000000,0,1.000000,0.000000,0.000000,0.340000,SURVIVAL,SURVIVAL,NONE,H_t,reject_survival,phase=none;hMul=1.000;gMul=1.000;qMul=1.000;qAdd=0.000;rpiOff=0.000,1874,7458,"RacePacingRejected, RACE action=reject_survival:6654;RacePacingRejected, RACE action=reject_pacing:801;ReplacementNotAllowed:3"
2026-09-16T04:52:58.8142809+00:00,1759927864,0.000000,0,1.000000,0.000000,0.000000,0.340000,SURVIVAL,SURVIVAL,NONE,H_t,reject_survival,phase=none;hMul=1.000;gMul=1.000;qMul=1.000;qAdd=0.000;rpiOff=0.000,1874,7458,"RacePacingRejected, RACE action=reject_survival:6654;RacePacingRejected, RACE action=reject_pacing:801;ReplacementNotAllowed:3"
2026-09-16T04:52:59.3138345+00:00,1759985176,0.000000,0,1.000000,0.000000,0.000000,0.340000,SURVIVAL,SURVIVAL,NONE,H_t,reject_survival,phase=none;hMul=1.000;gMul=1.000;qMul=1.000;qAdd=0.000;rpiOff=0.000,1874,7458,"RacePacingRejected, RACE action=reject_survival:6654;RacePacingRejected, RACE action=reject_pacing:801;ReplacementNotAllowed:3"
2026-09-16T04:52:59.8145210+00:00,1759985176,0.000000,0,1.000000,0.000000,0.000000,0.340000,SURVIVAL,SURVIVAL,NONE,H_t,reject_survival,phase=none;hMul=1.000;gMul=1.000;qMul=1.000;qAdd=0.000;rpiOff=0.000,1874,7458,"RacePacingRejected, RACE action=reject_survival:6654;RacePacingRejected, RACE action=reject_pacing:801;ReplacementNotAllowed:3"
2026-09-16T04:53:00.3140125+00:00,1760075176,0.000000,0,1.000000,0.000000,0.000000,0.340000,SURVIVAL,SURVIVAL,NONE,H_t,reject_survival,phase=none;hMul=1.000;gMul=1.000;qMul=1.000;qAdd=0.000;rpiOff=0.000,1874,7458,"RacePacingRejected, RACE action=reject_survival:6654;RacePacingRejected, RACE action=reject_pacing:801;ReplacementNotAllowed:3"
2026-09-16T04:53:00.8144868+00:00,1760075176,0.000000,0,1.000000,0.000000,0.000000,0.340000,SURVIVAL,SURVIVAL,NONE,H_t,reject_survival,phase=none;hMul=1.000;gMul=1.000;qMul=1.000;qAdd=0.000;rpiOff=0.000,1874,7458,"RacePacingRejected, RACE action=reject_survival:6654;RacePacingRejected, RACE action=reject_pacing:801;ReplacementNotAllowed:3"
2026-09-16T04:53:01.3138869+00:00,1760165128,0.000000,0,1.000000,0.000000,0.000000,0.340000,SURVIVAL,SURVIVAL,NONE,H_t,reject_survival,phase=none;hMul=1.000;gMul=1.000;qMul=1.000;qAdd=0.000;rpiOff=0.000,1874,7458,"RacePacingRejected, RACE action=reject_survival:6654;RacePacingRejected, RACE action=reject_pacing:801;ReplacementNotAllowed:3"
2026-09-16T04:53:01.8143756+00:00,1760173352,0.000000,0,1.000000,0.000000,0.000000,0.340000,SURVIVAL,SURVIVAL,NONE,H_t,reject_survival,phase=none;hMul=1.000;gMul=1.000;qMul=1.000;qAdd=0.000;rpiOff=0.000,1874,7458,"RacePacingRejected, RACE action=reject_survival:6654;RacePacingRejected, RACE action=reject_pacing:801;ReplacementNotAllowed:3"
2026-09-16T04:53:02.3141119+00:00,1760214472,0.000000,0,1.000000,0.000000,0.000000,0.340000,SURVIVAL,SURVIVAL,NONE,H_t,reject_survival,phase=none;hMul=1.000;gMul=1.000;qMul=1.000;qAdd=0.000;rpiOff=0.000,1874,7458,"RacePacingRejected, RACE action=reject_survival:6654;RacePacingRejected, RACE action=reject_pacing:801;ReplacementNotAllowed:3"
2026-09-16T04:53:02.8145790+00:00,1760222696,0.000000,0,1.000000,0.000000,0.000000,0.340000,SURVIVAL,SURVIVAL,NONE,H_t,reject_survival,phase=none;hMul=1.000;gMul=1.000;qMul=1.000;qAdd=0.000;rpiOff=0.000,1874,7458,"RacePacingRejected, RACE action=reject_survival:6654;RacePacingRejected, RACE action=reject_pacing:801;ReplacementNotAllowed:3"
2026-09-16T04:53:03.3140606+00:00,1760312904,0.000000,0,1.000000,0.000000,0.000000,0.340000,SURVIVAL,SURVIVAL,NONE,H_t,reject_survival,phase=none;hMul=1.000;gMul=1.000;qMul=1.000;qAdd=0.000;rpiOff=0.000,1874,7458,"RacePacingRejected, RACE action=reject_survival:6654;RacePacingRejected, RACE action=reject_pacing:801;ReplacementNotAllowed:3"
2026-09-16T04:53:03.8145871+00:00,1760312904,0.000000,0,1.000000,0.000000,0.000000,0.340000,SURVIVAL,SURVIVAL,NONE,H_t,reject_survival,phase=none;hMul=1.000;gMul=1.000;qMul=1.000;qAdd=0.000;rpiOff=0.000,1874,7458,"RacePacingRejected, RACE action=reject_survival:6654;RacePacingRejected, RACE action=reject_pacing:801;ReplacementNotAllowed:3"
2026-09-16T04:53:04.3140954+00:00,1760793040,0.000000,0,1.000000,0.000000,0.000000,0.340000,SURVIVAL,SURVIVAL,NONE,H_t,reject_survival,phase=none;hMul=1.000;gMul=1.000;qMul=1.000;qAdd=0.000;rpiOff=0.000,1874,7458,"RacePacingRejected, RACE action=reject_survival:6654;RacePacingRejected, RACE action=reject_pacing:801;ReplacementNotAllowed:3"
2026-09-16T04:53:04.8145353+00:00,1760793040,0.000000,0,1.000000,0.000000,0.000000,0.340000,SURVIVAL,SURVIVAL,NONE,H_t,reject_survival,phase=none;hMul=1.000;gMul=1.000;qMul=1.000;qAdd=0.000;rpiOff=0.000,1874,7458,"RacePacingRejected, RACE action=reject_survival:6654;RacePacingRejected, RACE action=reject_pacing:801;ReplacementNotAllowed:3"
2026-09-16T04:53:05.3139919+00:00,1760883264,0.000000,0,1.000000,0.000000,0.000000,0.340000,SURVIVAL,SURVIVAL,NONE,H_t,reject_survival,phase=none;hMul=1.000;gMul=1.000;qMul=1.000;qAdd=0.000;rpiOff=0.000,1874,7458,"RacePacingRejected, RACE action=reject_survival:6654;RacePacingRejected, RACE action=reject_pacing:801;ReplacementNotAllowed:3"
2026-09-16T04:53:05.8144842+00:00,1760883264,0.000000,0,1.000000,0.000000,0.000000,0.340000,SURVIVAL,SURVIVAL,NONE,H_t,reject_survival,phase=none;hMul=1.000;gMul=1.000;qMul=1.000;qAdd=0.000;rpiOff=0.000,1874,7458,"RacePacingRejected, RACE action=reject_survival:6654;RacePacingRejected, RACE action=reject_pacing:801;ReplacementNotAllowed:3"
2026-09-16T04:53:06.3142910+00:00,1760964928,0.000000,0,1.000000,0.000000,0.000000,0.340000,SURVIVAL,SURVIVAL,NONE,H_t,reject_survival,phase=none;hMul=1.000;gMul=1.000;qMul=1.000;qAdd=0.000;rpiOff=0.000,1874,7458,"RacePacingRejected, RACE action=reject_survival:6654;RacePacingRejected, RACE action=reject_pacing:801;ReplacementNotAllowed:3"
2026-09-16T04:53:06.8141798+00:00,1760964928,0.000000,0,1.000000,0.000000,0.000000,0.340000,SURVIVAL,SURVIVAL,NONE,H_t,reject_survival,phase=none;hMul=1.000;gMul=1.000;qMul=1.000;qAdd=0.000;rpiOff=0.000,1874,7458,"RacePacingRejected, RACE action=reject_survival:6654;RacePacingRejected, RACE action=reject_pacing:801;ReplacementNotAllowed:3"
2026-09-16T04:53:07.3138884+00:00,1761014272,0.000000,0,1.000000,0.000000,0.000000,0.340000,SURVIVAL,SURVIVAL,NONE,H_t,reject_survival,phase=none;hMul=1.000;gMul=1.000;qMul=1.000;qAdd=0.000;rpiOff=0.000,1874,7458,"RacePacingRejected, RACE action=reject_survival:6654;RacePacingRejected, RACE action=reject_pacing:801;ReplacementNotAllowed:3"
2026-09-16T04:53:07.8144019+00:00,1761022240,0.000000,0,1.000000,0.000000,0.000000,0.340000,SURVIVAL,SURVIVAL,NONE,H_t,reject_survival,phase=none;hMul=1.000;gMul=1.000;qMul=1.000;qAdd=0.000;rpiOff=0.000,1874,7458,"RacePacingRejected, RACE action=reject_survival:6654;RacePacingRejected, RACE action=reject_pacing:801;ReplacementNotAllowed:3"
2026-09-16T04:53:08.3147721+00:00,1761096000,0.000000,0,1.000000,0.000000,0.000000,0.340000,SURVIVAL,SURVIVAL,NONE,H_t,reject_survival,phase=none;hMul=1.000;gMul=1.000;qMul=1.000;qAdd=0.000;rpiOff=0.000,1874,7458,"RacePacingRejected, RACE action=reject_survival:6654;RacePacingRejected, RACE action=reject_pacing:801;ReplacementNotAllowed:3"
2026-09-16T04:53:08.8143431+00:00,1761104224,0.000000,0,1.000000,0.000000,0.000000,0.340000,SURVIVAL,SURVIVAL,NONE,H_t,reject_survival,phase=none;hMul=1.000;gMul=1.000;qMul=1.000;qAdd=0.000;rpiOff=0.000,1874,7458,"RacePacingRejected, RACE action=reject_survival:6654;RacePacingRejected, RACE action=reject_pacing:801;ReplacementNotAllowed:3"
2026-09-16T04:53:09.3139350+00:00,1761169760,0.000000,0,1.000000,0.000000,0.000000,0.340000,SURVIVAL,SURVIVAL,NONE,H_t,reject_survival,phase=none;hMul=1.000;gMul=1.000;qMul=1.000;qAdd=0.000;rpiOff=0.000,1874,7458,"RacePacingRejected, RACE action=reject_survival:6654;RacePacingRejected, RACE action=reject_pacing:801;ReplacementNotAllowed:3"
2026-09-16T04:53:09.8139415+00:00,1761169760,0.000000,0,1.000000,0.000000,0.000000,0.340000,SURVIVAL,SURVIVAL,NONE,H_t,reject_survival,phase=none;hMul=1.000;gMul=1.000;qMul=1.000;qAdd=0.000;rpiOff=0.000,1874,7458,"RacePacingRejected, RACE action=reject_survival:6654;RacePacingRejected, RACE action=reject_pacing:801;ReplacementNotAllowed:3"
2026-09-16T04:53:10.3142398+00:00,1761235296,0.000000,0,1.000000,0.000000,0.000000,0.340000,SURVIVAL,SURVIVAL,NONE,H_t,reject_survival,phase=none;hMul=1.000;gMul=1.000;qMul=1.000;qAdd=0.000;rpiOff=0.000,1874,7458,"RacePacingRejected, RACE action=reject_survival:6654;RacePacingRejected, RACE action=reject_pacing:801;ReplacementNotAllowed:3"
2026-09-16T04:53:10.8147765+00:00,1761243520,0.000000,0,1.000000,0.000000,0.000000,0.340000,SURVIVAL,SURVIVAL,NONE,H_t,reject_survival,phase=none;hMul=1.000;gMul=1.000;qMul=1.000;qAdd=0.000;rpiOff=0.000,1874,7458,"RacePacingRejected, RACE action=reject_survival:6654;RacePacingRejected, RACE action=reject_pacing:801;ReplacementNotAllowed:3"
2026-09-16T04:53:11.3146337+00:00,1761292608,0.000000,0,1.000000,0.000000,0.000000,0.340000,SURVIVAL,SURVIVAL,NONE,H_t,reject_survival,phase=none;hMul=1.000;gMul=1.000;qMul=1.000;qAdd=0.000;rpiOff=0.000,1874,7458,"RacePacingRejected, RACE action=reject_survival:6654;RacePacingRejected, RACE action=reject_pacing:801;ReplacementNotAllowed:3"
2026-09-16T04:53:11.8140741+00:00,1761292608,0.000000,0,1.000000,0.000000,0.000000,0.340000,SURVIVAL,SURVIVAL,NONE,H_t,reject_survival,phase=none;hMul=1.000;gMul=1.000;qMul=1.000;qAdd=0.000;rpiOff=0.000,1874,7458,"RacePacingRejected, RACE action=reject_survival:6654;RacePacingRejected, RACE action=reject_pacing:801;ReplacementNotAllowed:3"
2026-09-16T04:53:12.3145038+00:00,1761374336,0.000000,0,1.000000,0.000000,0.000000,0.340000,SURVIVAL,SURVIVAL,NONE,H_t,reject_survival,phase=none;hMul=1.000;gMul=1.000;qMul=1.000;qAdd=0.000;rpiOff=0.000,1874,7458,"RacePacingRejected, RACE action=reject_survival:6654;RacePacingRejected, RACE action=reject_pacing:801;ReplacementNotAllowed:3"
2026-09-16T04:53:12.8139518+00:00,1761382560,0.000000,0,1.000000,0.000000,0.000000,0.340000,SURVIVAL,SURVIVAL,NONE,H_t,reject_survival,phase=none;hMul=1.000;gMul=1.000;qMul=1.000;qAdd=0.000;rpiOff=0.000,1874,7458,"RacePacingRejected, RACE action=reject_survival:6654;RacePacingRejected, RACE action=reject_pacing:801;ReplacementNotAllowed:3"
2026-09-16T04:53:13.3146177+00:00,1761440128,0.000000,0,1.000000,0.000000,0.000000,0.340000,SURVIVAL,SURVIVAL,NONE,H_t,reject_survival,phase=none;hMul=1.000;gMul=1.000;qMul=1.000;qAdd=0.000;rpiOff=0.000,1874,7458,"RacePacingRejected, RACE action=reject_survival:6654;RacePacingRejected, RACE action=reject_pacing:801;ReplacementNotAllowed:3"
2026-09-16T04:53:13.8141056+00:00,1761440128,0.000000,0,1.000000,0.000000,0.000000,0.340000,SURVIVAL,SURVIVAL,NONE,H_t,reject_survival,phase=none;hMul=1.000;gMul=1.000;qMul=1.000;qAdd=0.000;rpiOff=0.000,1874,7458,"RacePacingRejected, RACE action=reject_survival:6654;RacePacingRejected, RACE action=reject_pacing:801;ReplacementNotAllowed:3"
2026-09-16T04:53:14.3146454+00:00,1761513632,0.000000,0,1.000000,0.000000,0.000000,0.340000,SURVIVAL,SURVIVAL,NONE,H_t,reject_survival,phase=none;hMul=1.000;gMul=1.000;qMul=1.000;qAdd=0.000;rpiOff=0.000,1874,7458,"RacePacingRejected, RACE action=reject_survival:6654;RacePacingRejected, RACE action=reject_pacing:801;ReplacementNotAllowed:3"
2026-09-16T04:53:14.8140977+00:00,1761521856,0.000000,0,1.000000,0.000000,0.000000,0.340000,SURVIVAL,SURVIVAL,NONE,H_t,reject_survival,phase=none;hMul=1.000;gMul=1.000;qMul=1.000;qAdd=0.000;rpiOff=0.000,1874,7458,"RacePacingRejected, RACE action=reject_survival:6654;RacePacingRejected, RACE action=reject_pacing:801;ReplacementNotAllowed:3"
2026-09-16T04:53:15.3147127+00:00,1761571200,0.000000,0,1.000000,0.000000,0.000000,0.340000,SURVIVAL,SURVIVAL,NONE,H_t,reject_survival,phase=none;hMul=1.000;gMul=1.000;qMul=1.000;qAdd=0.000;rpiOff=0.000,1874,7458,"RacePacingRejected, RACE action=reject_survival:6654;RacePacingRejected, RACE action=reject_pacing:801;ReplacementNotAllowed:3"
2026-09-16T04:53:15.8141407+00:00,1761579168,0.000000,0,1.000000,0.000000,0.000000,0.340000,SURVIVAL,SURVIVAL,NONE,H_t,reject_survival,phase=none;hMul=1.000;gMul=1.000;qMul=1.000;qAdd=0.000;rpiOff=0.000,1874,7458,"RacePacingRejected, RACE action=reject_survival:6654;RacePacingRejected, RACE action=reject_pacing:801;ReplacementNotAllowed:3"
2026-09-16T04:53:16.3147501+00:00,1761652848,0.000000,0,1.000000,0.000000,0.000000,0.340000,SURVIVAL,SURVIVAL,NONE,H_t,reject_survival,phase=none;hMul=1.000;gMul=1.000;qMul=1.000;qAdd=0.000;rpiOff=0.000,1874,7458,"RacePacingRejected, RACE action=reject_survival:6654;RacePacingRejected, RACE action=reject_pacing:801;ReplacementNotAllowed:3"
2026-09-16T04:53:16.8145292+00:00,1761661072,0.000000,0,1.000000,0.000000,0.000000,0.340000,SURVIVAL,SURVIVAL,NONE,H_t,reject_survival,phase=none;hMul=1.000;gMul=1.000;qMul=1.000;qAdd=0.000;rpiOff=0.000,1874,7458,"RacePacingRejected, RACE action=reject_survival:6654;RacePacingRejected, RACE action=reject_pacing:801;ReplacementNotAllowed:3"
2026-09-16T04:53:17.3141179+00:00,1761751280,0.000000,0,1.000000,0.000000,0.000000,0.340000,SURVIVAL,SURVIVAL,NONE,H_t,reject_survival,phase=none;hMul=1.000;gMul=1.000;qMul=1.000;qAdd=0.000;rpiOff=0.000,1874,7458,"RacePacingRejected, RACE action=reject_survival:6654;RacePacingRejected, RACE action=reject_pacing:801;ReplacementNotAllowed:3"
2026-09-16T04:53:17.8145843+00:00,1761751280,0.000000,0,1.000000,0.000000,0.000000,0.340000,SURVIVAL,SURVIVAL,NONE,H_t,reject_survival,phase=none;hMul=1.000;gMul=1.000;qMul=1.000;qAdd=0.000;rpiOff=0.000,1874,7458,"RacePacingRejected, RACE action=reject_survival:6654;RacePacingRejected, RACE action=reject_pacing:801;ReplacementNotAllowed:3"
2026-09-16T04:53:18.3142055+00:00,1761792144,0.000000,0,1.000000,0.000000,0.000000,0.340000,SURVIVAL,SURVIVAL,NONE,H_t,reject_survival,phase=none;hMul=1.000;gMul=1.000;qMul=1.000;qAdd=0.000;rpiOff=0.000,1874,7458,"RacePacingRejected, RACE action=reject_survival:6654;RacePacingRejected, RACE action=reject_pacing:801;ReplacementNotAllowed:3"
2026-09-16T04:53:18.8146558+00:00,1761792144,0.000000,0,1.000000,0.000000,0.000000,0.340000,SURVIVAL,SURVIVAL,NONE,H_t,reject_survival,phase=none;hMul=1.000;gMul=1.000;qMul=1.000;qAdd=0.000;rpiOff=0.000,1874,7458,"RacePacingRejected, RACE action=reject_survival:6654;RacePacingRejected, RACE action=reject_pacing:801;ReplacementNotAllowed:3"
2026-09-16T04:53:19.3142692+00:00,1761898544,0.000000,0,1.000000,0.000000,0.000000,0.340000,SURVIVAL,SURVIVAL,NONE,H_t,reject_survival,phase=none;hMul=1.000;gMul=1.000;qMul=1.000;qAdd=0.000;rpiOff=0.000,1874,7458,"RacePacingRejected, RACE action=reject_survival:6654;RacePacingRejected, RACE action=reject_pacing:801;ReplacementNotAllowed:3"
2026-09-16T04:53:19.8147203+00:00,1761906768,0.000000,0,1.000000,0.000000,0.000000,0.340000,SURVIVAL,SURVIVAL,NONE,H_t,reject_survival,phase=none;hMul=1.000;gMul=1.000;qMul=1.000;qAdd=0.000;rpiOff=0.000,1874,7458,"RacePacingRejected, RACE action=reject_survival:6654;RacePacingRejected, RACE action=reject_pacing:801;ReplacementNotAllowed:3"
2026-09-16T04:53:20.3144268+00:00,1761955856,0.000000,0,1.000000,0.000000,0.000000,0.340000,SURVIVAL,SURVIVAL,NONE,H_t,reject_survival,phase=none;hMul=1.000;gMul=1.000;qMul=1.000;qAdd=0.000;rpiOff=0.000,1874,7458,"RacePacingRejected, RACE action=reject_survival:6654;RacePacingRejected, RACE action=reject_pacing:801;ReplacementNotAllowed:3"
2026-09-16T04:53:20.8138583+00:00,1761964080,0.000000,0,1.000000,0.000000,0.000000,0.340000,SURVIVAL,SURVIVAL,NONE,H_t,reject_survival,phase=none;hMul=1.000;gMul=1.000;qMul=1.000;qAdd=0.000;rpiOff=0.000,1874,7458,"RacePacingRejected, RACE action=reject_survival:6654;RacePacingRejected, RACE action=reject_pacing:801;ReplacementNotAllowed:3"
2026-09-16T04:53:21.3144412+00:00,1762037840,0.000000,0,1.000000,0.000000,0.000000,0.340000,SURVIVAL,SURVIVAL,NONE,H_t,reject_survival,phase=none;hMul=1.000;gMul=1.000;qMul=1.000;qAdd=0.000;rpiOff=0.000,1874,7458,"RacePacingRejected, RACE action=reject_survival:6654;RacePacingRejected, RACE action=reject_pacing:801;ReplacementNotAllowed:3"
2026-09-16T04:53:21.8139223+00:00,1762046064,0.000000,0,1.000000,0.000000,0.000000,0.340000,SURVIVAL,SURVIVAL,NONE,H_t,reject_survival,phase=none;hMul=1.000;gMul=1.000;qMul=1.000;qAdd=0.000;rpiOff=0.000,1874,7458,"RacePacingRejected, RACE action=reject_survival:6654;RacePacingRejected, RACE action=reject_pacing:801;ReplacementNotAllowed:3"
2026-09-16T04:53:22.3138056+00:00,1762087184,0.000000,0,1.000000,0.000000,0.000000,0.340000,SURVIVAL,SURVIVAL,NONE,H_t,reject_survival,phase=none;hMul=1.000;gMul=1.000;qMul=1.000;qAdd=0.000;rpiOff=0.000,1874,7458,"RacePacingRejected, RACE action=reject_survival:6654;RacePacingRejected, RACE action=reject_pacing:801;ReplacementNotAllowed:3"
2026-09-16T04:53:22.8143036+00:00,1762087184,0.000000,0,1.000000,0.000000,0.000000,0.340000,SURVIVAL,SURVIVAL,NONE,H_t,reject_survival,phase=none;hMul=1.000;gMul=1.000;qMul=1.000;qAdd=0.000;rpiOff=0.000,1874,7458,"RacePacingRejected, RACE action=reject_survival:6654;RacePacingRejected, RACE action=reject_pacing:801;ReplacementNotAllowed:3"
2026-09-16T04:53:23.3147059+00:00,1762185616,0.000000,0,1.000000,0.000000,0.000000,0.340000,SURVIVAL,SURVIVAL,NONE,H_t,reject_survival,phase=none;hMul=1.000;gMul=1.000;qMul=1.000;qAdd=0.000;rpiOff=0.000,1874,7458,"RacePacingRejected, RACE action=reject_survival:6654;RacePacingRejected, RACE action=reject_pacing:801;ReplacementNotAllowed:3"
2026-09-16T04:53:23.8141425+00:00,1762185616,0.000000,0,1.000000,0.000000,0.000000,0.340000,SURVIVAL,SURVIVAL,NONE,H_t,reject_survival,phase=none;hMul=1.000;gMul=1.000;qMul=1.000;qAdd=0.000;rpiOff=0.000,1874,7458,"RacePacingRejected, RACE action=reject_survival:6654;RacePacingRejected, RACE action=reject_pacing:801;ReplacementNotAllowed:3"
2026-09-16T04:53:24.3140488+00:00,1762242352,0.000000,0,1.000000,0.000000,0.000000,0.340000,SURVIVAL,SURVIVAL,NONE,H_t,reject_survival,phase=none;hMul=1.000;gMul=1.000;qMul=1.000;qAdd=0.000;rpiOff=0.000,1874,7458,"RacePacingRejected, RACE action=reject_survival:6654;RacePacingRejected, RACE action=reject_pacing:801;ReplacementNotAllowed:3"
2026-09-16T04:53:24.8145003+00:00,1762250576,0.000000,0,1.000000,0.000000,0.000000,0.340000,SURVIVAL,SURVIVAL,NONE,H_t,reject_survival,phase=none;hMul=1.000;gMul=1.000;qMul=1.000;qAdd=0.000;rpiOff=0.000,1874,7458,"RacePacingRejected, RACE action=reject_survival:6654;RacePacingRejected, RACE action=reject_pacing:801;ReplacementNotAllowed:3"
2026-09-16T04:53:25.3138064+00:00,1762324592,0.000000,0,1.000000,0.000000,0.000000,0.340000,SURVIVAL,SURVIVAL,NONE,H_t,reject_survival,phase=none;hMul=1.000;gMul=1.000;qMul=1.000;qAdd=0.000;rpiOff=0.000,1874,7458,"RacePacingRejected, RACE action=reject_survival:6654;RacePacingRejected, RACE action=reject_pacing:801;ReplacementNotAllowed:3"
2026-09-16T04:53:25.8141376+00:00,1762332816,0.000000,0,1.000000,0.000000,0.000000,0.340000,SURVIVAL,SURVIVAL,NONE,H_t,reject_survival,phase=none;hMul=1.000;gMul=1.000;qMul=1.000;qAdd=0.000;rpiOff=0.000,1874,7458,"RacePacingRejected, RACE action=reject_survival:6654;RacePacingRejected, RACE action=reject_pacing:801;ReplacementNotAllowed:3"
2026-09-16T04:53:26.3140887+00:00,1762373680,0.000000,0,1.000000,0.000000,0.000000,0.340000,SURVIVAL,SURVIVAL,NONE,H_t,reject_survival,phase=none;hMul=1.000;gMul=1.000;qMul=1.000;qAdd=0.000;rpiOff=0.000,1874,7458,"RacePacingRejected, RACE action=reject_survival:6654;RacePacingRejected, RACE action=reject_pacing:801;ReplacementNotAllowed:3"
2026-09-16T04:53:26.8138791+00:00,1762373680,0.000000,0,1.000000,0.000000,0.000000,0.340000,SURVIVAL,SURVIVAL,NONE,H_t,reject_survival,phase=none;hMul=1.000;gMul=1.000;qMul=1.000;qAdd=0.000;rpiOff=0.000,1874,7458,"RacePacingRejected, RACE action=reject_survival:6654;RacePacingRejected, RACE action=reject_pacing:801;ReplacementNotAllowed:3"
2026-09-16T04:53:27.3145297+00:00,1762471856,0.000000,0,1.000000,0.000000,0.000000,0.340000,SURVIVAL,SURVIVAL,NONE,H_t,reject_survival,phase=none;hMul=1.000;gMul=1.000;qMul=1.000;qAdd=0.000;rpiOff=0.000,1874,7458,"RacePacingRejected, RACE action=reject_survival:6654;RacePacingRejected, RACE action=reject_pacing:801;ReplacementNotAllowed:3"
2026-09-16T04:53:27.8139446+00:00,1762471856,0.000000,0,1.000000,0.000000,0.000000,0.340000,SURVIVAL,SURVIVAL,NONE,H_t,reject_survival,phase=none;hMul=1.000;gMul=1.000;qMul=1.000;qAdd=0.000;rpiOff=0.000,1874,7458,"RacePacingRejected, RACE action=reject_survival:6654;RacePacingRejected, RACE action=reject_pacing:801;ReplacementNotAllowed:3"
2026-09-16T04:53:28.3146698+00:00,1762512720,0.000000,0,1.000000,0.000000,0.000000,0.340000,SURVIVAL,SURVIVAL,NONE,H_t,reject_survival,phase=none;hMul=1.000;gMul=1.000;qMul=1.000;qAdd=0.000;rpiOff=0.000,1874,7458,"RacePacingRejected, RACE action=reject_survival:6654;RacePacingRejected, RACE action=reject_pacing:801;ReplacementNotAllowed:3"
2026-09-16T04:53:28.8141384+00:00,1762520944,0.000000,0,1.000000,0.000000,0.000000,0.340000,SURVIVAL,SURVIVAL,NONE,H_t,reject_survival,phase=none;hMul=1.000;gMul=1.000;qMul=1.000;qAdd=0.000;rpiOff=0.000,1874,7458,"RacePacingRejected, RACE action=reject_survival:6654;RacePacingRejected, RACE action=reject_pacing:801;ReplacementNotAllowed:3"
2026-09-16T04:53:29.3145507+00:00,1762594448,0.000000,0,1.000000,0.000000,0.000000,0.340000,SURVIVAL,SURVIVAL,NONE,H_t,reject_survival,phase=none;hMul=1.000;gMul=1.000;qMul=1.000;qAdd=0.000;rpiOff=0.000,1874,7458,"RacePacingRejected, RACE action=reject_survival:6654;RacePacingRejected, RACE action=reject_pacing:801;ReplacementNotAllowed:3"
2026-09-16T04:53:29.8140256+00:00,1762602672,0.000000,0,1.000000,0.000000,0.000000,0.340000,SURVIVAL,SURVIVAL,NONE,H_t,reject_survival,phase=none;hMul=1.000;gMul=1.000;qMul=1.000;qAdd=0.000;rpiOff=0.000,1874,7458,"RacePacingRejected, RACE action=reject_survival:6654;RacePacingRejected, RACE action=reject_pacing:801;ReplacementNotAllowed:3"
2026-09-16T04:53:30.3139192+00:00,1762652016,0.000000,0,1.000000,0.000000,0.000000,0.340000,SURVIVAL,SURVIVAL,NONE,H_t,reject_survival,phase=none;hMul=1.000;gMul=1.000;qMul=1.000;qAdd=0.000;rpiOff=0.000,1874,7458,"RacePacingRejected, RACE action=reject_survival:6654;RacePacingRejected, RACE action=reject_pacing:801;ReplacementNotAllowed:3"
2026-09-16T04:53:30.8143605+00:00,1762652016,0.000000,0,1.000000,0.000000,0.000000,0.340000,SURVIVAL,SURVIVAL,NONE,H_t,reject_survival,phase=none;hMul=1.000;gMul=1.000;qMul=1.000;qAdd=0.000;rpiOff=0.000,1874,7458,"RacePacingRejected, RACE action=reject_survival:6654;RacePacingRejected, RACE action=reject_pacing:801;ReplacementNotAllowed:3"
2026-09-16T04:53:31.3147348+00:00,1762725776,0.000000,0,1.000000,0.000000,0.000000,0.340000,SURVIVAL,SURVIVAL,NONE,H_t,reject_survival,phase=none;hMul=1.000;gMul=1.000;qMul=1.000;qAdd=0.000;rpiOff=0.000,1874,7458,"RacePacingRejected, RACE action=reject_survival:6654;RacePacingRejected, RACE action=reject_pacing:801;ReplacementNotAllowed:3"
2026-09-16T04:53:31.8141659+00:00,1762734000,0.000000,0,1.000000,0.000000,0.000000,0.340000,SURVIVAL,SURVIVAL,NONE,H_t,reject_survival,phase=none;hMul=1.000;gMul=1.000;qMul=1.000;qAdd=0.000;rpiOff=0.000,1874,7458,"RacePacingRejected, RACE action=reject_survival:6654;RacePacingRejected, RACE action=reject_pacing:801;ReplacementNotAllowed:3"
2026-09-16T04:53:32.3140040+00:00,1762791312,0.000000,0,1.000000,0.000000,0.000000,0.340000,SURVIVAL,SURVIVAL,NONE,H_t,reject_survival,phase=none;hMul=1.000;gMul=1.000;qMul=1.000;qAdd=0.000;rpiOff=0.000,1874,7458,"RacePacingRejected, RACE action=reject_survival:6654;RacePacingRejected, RACE action=reject_pacing:801;ReplacementNotAllowed:3"
2026-09-16T04:53:32.8145299+00:00,1762791312,0.000000,0,1.000000,0.000000,0.000000,0.340000,SURVIVAL,SURVIVAL,NONE,H_t,reject_survival,phase=none;hMul=1.000;gMul=1.000;qMul=1.000;qAdd=0.000;rpiOff=0.000,1874,7458,"RacePacingRejected, RACE action=reject_survival:6654;RacePacingRejected, RACE action=reject_pacing:801;ReplacementNotAllowed:3"
2026-09-16T04:53:33.3138318+00:00,1762873552,0.000000,0,1.000000,0.000000,0.000000,0.340000,SURVIVAL,SURVIVAL,NONE,H_t,reject_survival,phase=none;hMul=1.000;gMul=1.000;qMul=1.000;qAdd=0.000;rpiOff=0.000,1874,7458,"RacePacingRejected, RACE action=reject_survival:6654;RacePacingRejected, RACE action=reject_pacing:801;ReplacementNotAllowed:3"
2026-09-16T04:53:33.8143834+00:00,1762873552,0.000000,0,1.000000,0.000000,0.000000,0.340000,SURVIVAL,SURVIVAL,NONE,H_t,reject_survival,phase=none;hMul=1.000;gMul=1.000;qMul=1.000;qAdd=0.000;rpiOff=0.000,1874,7458,"RacePacingRejected, RACE action=reject_survival:6654;RacePacingRejected, RACE action=reject_pacing:801;ReplacementNotAllowed:3"
2026-09-16T04:53:34.3139681+00:00,1762922896,0.000000,0,1.000000,0.000000,0.000000,0.340000,SURVIVAL,SURVIVAL,NONE,H_t,reject_survival,phase=none;hMul=1.000;gMul=1.000;qMul=1.000;qAdd=0.000;rpiOff=0.000,1874,7458,"RacePacingRejected, RACE action=reject_survival:6654;RacePacingRejected, RACE action=reject_pacing:801;ReplacementNotAllowed:3"
2026-09-16T04:53:34.8145810+00:00,1762931120,0.000000,0,1.000000,0.000000,0.000000,0.340000,SURVIVAL,SURVIVAL,NONE,H_t,reject_survival,phase=none;hMul=1.000;gMul=1.000;qMul=1.000;qAdd=0.000;rpiOff=0.000,1874,7458,"RacePacingRejected, RACE action=reject_survival:6654;RacePacingRejected, RACE action=reject_pacing:801;ReplacementNotAllowed:3"
2026-09-16T04:53:35.3144086+00:00,1763012848,0.000000,0,1.000000,0.000000,0.000000,0.340000,SURVIVAL,SURVIVAL,NONE,H_t,reject_survival,phase=none;hMul=1.000;gMul=1.000;qMul=1.000;qAdd=0.000;rpiOff=0.000,1874,7458,"RacePacingRejected, RACE action=reject_survival:6654;RacePacingRejected, RACE action=reject_pacing:801;ReplacementNotAllowed:3"
2026-09-16T04:53:35.8138637+00:00,1763021072,0.000000,0,1.000000,0.000000,0.000000,0.340000,SURVIVAL,SURVIVAL,NONE,H_t,reject_survival,phase=none;hMul=1.000;gMul=1.000;qMul=1.000;qAdd=0.000;rpiOff=0.000,1874,7458,"RacePacingRejected, RACE action=reject_survival:6654;RacePacingRejected, RACE action=reject_pacing:801;ReplacementNotAllowed:3"
2026-09-16T04:53:36.3147264+00:00,1763070160,0.000000,0,1.000000,0.000000,0.000000,0.340000,SURVIVAL,SURVIVAL,NONE,H_t,reject_survival,phase=none;hMul=1.000;gMul=1.000;qMul=1.000;qAdd=0.000;rpiOff=0.000,1874,7458,"RacePacingRejected, RACE action=reject_survival:6654;RacePacingRejected, RACE action=reject_pacing:801;ReplacementNotAllowed:3"
2026-09-16T04:53:36.8145783+00:00,1763078384,0.000000,0,1.000000,0.000000,0.000000,0.340000,SURVIVAL,SURVIVAL,NONE,H_t,reject_survival,phase=none;hMul=1.000;gMul=1.000;qMul=1.000;qAdd=0.000;rpiOff=0.000,1874,7458,"RacePacingRejected, RACE action=reject_survival:6654;RacePacingRejected, RACE action=reject_pacing:801;ReplacementNotAllowed:3"
2026-09-16T04:53:37.3139898+00:00,1763160368,0.000000,0,1.000000,0.000000,0.000000,0.340000,SURVIVAL,SURVIVAL,NONE,H_t,reject_survival,phase=none;hMul=1.000;gMul=1.000;qMul=1.000;qAdd=0.000;rpiOff=0.000,1874,7458,"RacePacingRejected, RACE action=reject_survival:6654;RacePacingRejected, RACE action=reject_pacing:801;ReplacementNotAllowed:3"
2026-09-16T04:53:37.8145132+00:00,1763160368,0.000000,0,1.000000,0.000000,0.000000,0.340000,SURVIVAL,SURVIVAL,NONE,H_t,reject_survival,phase=none;hMul=1.000;gMul=1.000;qMul=1.000;qAdd=0.000;rpiOff=0.000,1874,7458,"RacePacingRejected, RACE action=reject_survival:6654;RacePacingRejected, RACE action=reject_pacing:801;ReplacementNotAllowed:3"
2026-09-16T04:53:38.3139053+00:00,1763242096,0.000000,0,1.000000,0.000000,0.000000,0.340000,SURVIVAL,SURVIVAL,NONE,H_t,reject_survival,phase=none;hMul=1.000;gMul=1.000;qMul=1.000;qAdd=0.000;rpiOff=0.000,1874,7458,"RacePacingRejected, RACE action=reject_survival:6654;RacePacingRejected, RACE action=reject_pacing:801;ReplacementNotAllowed:3"
2026-09-16T04:53:38.8144154+00:00,1763242096,0.000000,0,1.000000,0.000000,0.000000,0.340000,SURVIVAL,SURVIVAL,NONE,H_t,reject_survival,phase=none;hMul=1.000;gMul=1.000;qMul=1.000;qAdd=0.000;rpiOff=0.000,1874,7458,"RacePacingRejected, RACE action=reject_survival:6654;RacePacingRejected, RACE action=reject_pacing:801;ReplacementNotAllowed:3"
2026-09-16T04:53:39.3143467+00:00,1763299152,0.000000,0,1.000000,0.000000,0.000000,0.340000,SURVIVAL,SURVIVAL,NONE,H_t,reject_survival,phase=none;hMul=1.000;gMul=1.000;qMul=1.000;qAdd=0.000;rpiOff=0.000,1874,7458,"RacePacingRejected, RACE action=reject_survival:6654;RacePacingRejected, RACE action=reject_pacing:801;ReplacementNotAllowed:3"
2026-09-16T04:53:39.8138230+00:00,1763307376,0.000000,0,1.000000,0.000000,0.000000,0.340000,SURVIVAL,SURVIVAL,NONE,H_t,reject_survival,phase=none;hMul=1.000;gMul=1.000;qMul=1.000;qAdd=0.000;rpiOff=0.000,1874,7458,"RacePacingRejected, RACE action=reject_survival:6654;RacePacingRejected, RACE action=reject_pacing:801;ReplacementNotAllowed:3"
2026-09-16T04:53:40.3142386+00:00,1763381392,0.000000,0,1.000000,0.000000,0.000000,0.340000,SURVIVAL,SURVIVAL,NONE,H_t,reject_survival,phase=none;hMul=1.000;gMul=1.000;qMul=1.000;qAdd=0.000;rpiOff=0.000,1874,7458,"RacePacingRejected, RACE action=reject_survival:6654;RacePacingRejected, RACE action=reject_pacing:801;ReplacementNotAllowed:3"
2026-09-16T04:53:40.8146875+00:00,1763389360,0.000000,0,1.000000,0.000000,0.000000,0.340000,SURVIVAL,SURVIVAL,NONE,H_t,reject_survival,phase=none;hMul=1.000;gMul=1.000;qMul=1.000;qAdd=0.000;rpiOff=0.000,1874,7458,"RacePacingRejected, RACE action=reject_survival:6654;RacePacingRejected, RACE action=reject_pacing:801;ReplacementNotAllowed:3"
2026-09-16T04:53:41.3146849+00:00,1763430480,0.000000,0,1.000000,0.000000,0.000000,0.340000,SURVIVAL,SURVIVAL,NONE,H_t,reject_survival,phase=none;hMul=1.000;gMul=1.000;qMul=1.000;qAdd=0.000;rpiOff=0.000,1874,7458,"RacePacingRejected, RACE action=reject_survival:6654;RacePacingRejected, RACE action=reject_pacing:801;ReplacementNotAllowed:3"
2026-09-16T04:53:41.8139353+00:00,1763438704,0.000000,0,1.000000,0.000000,0.000000,0.340000,SURVIVAL,SURVIVAL,NONE,H_t,reject_survival,phase=none;hMul=1.000;gMul=1.000;qMul=1.000;qAdd=0.000;rpiOff=0.000,1874,7458,"RacePacingRejected, RACE action=reject_survival:6654;RacePacingRejected, RACE action=reject_pacing:801;ReplacementNotAllowed:3"
2026-09-16T04:53:42.3144882+00:00,1763528656,0.000000,0,1.000000,0.000000,0.000000,0.340000,SURVIVAL,SURVIVAL,NONE,H_t,reject_survival,phase=none;hMul=1.000;gMul=1.000;qMul=1.000;qAdd=0.000;rpiOff=0.000,1874,7458,"RacePacingRejected, RACE action=reject_survival:6654;RacePacingRejected, RACE action=reject_pacing:801;ReplacementNotAllowed:3"
2026-09-16T04:53:42.8138549+00:00,1763536880,0.000000,0,1.000000,0.000000,0.000000,0.340000,SURVIVAL,SURVIVAL,NONE,H_t,reject_survival,phase=none;hMul=1.000;gMul=1.000;qMul=1.000;qAdd=0.000;rpiOff=0.000,1874,7458,"RacePacingRejected, RACE action=reject_survival:6654;RacePacingRejected, RACE action=reject_pacing:801;ReplacementNotAllowed:3"
2026-09-16T04:53:43.3139163+00:00,1763578000,0.000000,0,1.000000,0.000000,0.000000,0.340000,SURVIVAL,SURVIVAL,NONE,H_t,reject_survival,phase=none;hMul=1.000;gMul=1.000;qMul=1.000;qAdd=0.000;rpiOff=0.000,1874,7458,"RacePacingRejected, RACE action=reject_survival:6654;RacePacingRejected, RACE action=reject_pacing:801;ReplacementNotAllowed:3"
2026-09-16T04:53:43.8143589+00:00,1763586224,0.000000,0,1.000000,0.000000,0.000000,0.340000,SURVIVAL,SURVIVAL,NONE,H_t,reject_survival,phase=none;hMul=1.000;gMul=1.000;qMul=1.000;qAdd=0.000;rpiOff=0.000,1874,7458,"RacePacingRejected, RACE action=reject_survival:6654;RacePacingRejected, RACE action=reject_pacing:801;ReplacementNotAllowed:3"
2026-09-16T04:53:44.3146721+00:00,1763668208,0.000000,0,1.000000,0.000000,0.000000,0.340000,SURVIVAL,SURVIVAL,NONE,H_t,reject_survival,phase=none;hMul=1.000;gMul=1.000;qMul=1.000;qAdd=0.000;rpiOff=0.000,1874,7458,"RacePacingRejected, RACE action=reject_survival:6654;RacePacingRejected, RACE action=reject_pacing:801;ReplacementNotAllowed:3"
2026-09-16T04:53:44.8141278+00:00,1763668208,0.000000,0,1.000000,0.000000,0.000000,0.340000,SURVIVAL,SURVIVAL,NONE,H_t,reject_survival,phase=none;hMul=1.000;gMul=1.000;qMul=1.000;qAdd=0.000;rpiOff=0.000,1874,7458,"RacePacingRejected, RACE action=reject_survival:6654;RacePacingRejected, RACE action=reject_pacing:801;ReplacementNotAllowed:3"
2026-09-16T04:53:45.3140173+00:00,1763709072,0.000000,0,1.000000,0.000000,0.000000,0.340000,SURVIVAL,SURVIVAL,NONE,H_t,reject_survival,phase=none;hMul=1.000;gMul=1.000;qMul=1.000;qAdd=0.000;rpiOff=0.000,1874,7458,"RacePacingRejected, RACE action=reject_survival:6654;RacePacingRejected, RACE action=reject_pacing:801;ReplacementNotAllowed:3"
2026-09-16T04:53:45.8144672+00:00,1763717296,0.000000,0,1.000000,0.000000,0.000000,0.340000,SURVIVAL,SURVIVAL,NONE,H_t,reject_survival,phase=none;hMul=1.000;gMul=1.000;qMul=1.000;qAdd=0.000;rpiOff=0.000,1874,7458,"RacePacingRejected, RACE action=reject_survival:6654;RacePacingRejected, RACE action=reject_pacing:801;ReplacementNotAllowed:3"
2026-09-16T04:53:46.3142251+00:00,1763799024,0.000000,0,1.000000,0.000000,0.000000,0.340000,SURVIVAL,SURVIVAL,NONE,H_t,reject_survival,phase=none;hMul=1.000;gMul=1.000;qMul=1.000;qAdd=0.000;rpiOff=0.000,1874,7458,"RacePacingRejected, RACE action=reject_survival:6654;RacePacingRejected, RACE action=reject_pacing:801;ReplacementNotAllowed:3"
2026-09-16T04:53:46.8140467+00:00,1763799024,0.000000,0,1.000000,0.000000,0.000000,0.340000,SURVIVAL,SURVIVAL,NONE,H_t,reject_survival,phase=none;hMul=1.000;gMul=1.000;qMul=1.000;qAdd=0.000;rpiOff=0.000,1874,7458,"RacePacingRejected, RACE action=reject_survival:6654;RacePacingRejected, RACE action=reject_pacing:801;ReplacementNotAllowed:3"
2026-09-16T04:53:47.3146875+00:00,1763848368,0.000000,0,1.000000,0.000000,0.000000,0.340000,SURVIVAL,SURVIVAL,NONE,H_t,reject_survival,phase=none;hMul=1.000;gMul=1.000;qMul=1.000;qAdd=0.000;rpiOff=0.000,1874,7458,"RacePacingRejected, RACE action=reject_survival:6654;RacePacingRejected, RACE action=reject_pacing:801;ReplacementNotAllowed:3"
2026-09-16T04:53:47.8142203+00:00,1763856592,0.000000,0,1.000000,0.000000,0.000000,0.340000,SURVIVAL,SURVIVAL,NONE,H_t,reject_survival,phase=none;hMul=1.000;gMul=1.000;qMul=1.000;qAdd=0.000;rpiOff=0.000,1874,7458,"RacePacingRejected, RACE action=reject_survival:6654;RacePacingRejected, RACE action=reject_pacing:801;ReplacementNotAllowed:3"
2026-09-16T04:53:48.3145336+00:00,1763946544,0.000000,0,1.000000,0.000000,0.000000,0.340000,SURVIVAL,SURVIVAL,NONE,H_t,reject_survival,phase=none;hMul=1.000;gMul=1.000;qMul=1.000;qAdd=0.000;rpiOff=0.000,1874,7458,"RacePacingRejected, RACE action=reject_survival:6654;RacePacingRejected, RACE action=reject_pacing:801;ReplacementNotAllowed:3"
2026-09-16T04:53:48.8140974+00:00,1763954512,0.000000,0,1.000000,0.000000,0.000000,0.340000,SURVIVAL,SURVIVAL,NONE,H_t,reject_survival,phase=none;hMul=1.000;gMul=1.000;qMul=1.000;qAdd=0.000;rpiOff=0.000,1874,7458,"RacePacingRejected, RACE action=reject_survival:6654;RacePacingRejected, RACE action=reject_pacing:801;ReplacementNotAllowed:3"
2026-09-16T04:53:49.3147570+00:00,1763995632,0.000000,0,1.000000,0.000000,0.000000,0.340000,SURVIVAL,SURVIVAL,NONE,H_t,reject_survival,phase=none;hMul=1.000;gMul=1.000;qMul=1.000;qAdd=0.000;rpiOff=0.000,1874,7458,"RacePacingRejected, RACE action=reject_survival:6654;RacePacingRejected, RACE action=reject_pacing:801;ReplacementNotAllowed:3"
2026-09-16T04:53:49.8142184+00:00,1764003856,0.000000,0,1.000000,0.000000,0.000000,0.340000,SURVIVAL,SURVIVAL,NONE,H_t,reject_survival,phase=none;hMul=1.000;gMul=1.000;qMul=1.000;qAdd=0.000;rpiOff=0.000,1874,7458,"RacePacingRejected, RACE action=reject_survival:6654;RacePacingRejected, RACE action=reject_pacing:801;ReplacementNotAllowed:3"
2026-09-16T04:53:50.3138488+00:00,1764077104,0.000000,0,1.000000,0.000000,0.000000,0.340000,SURVIVAL,SURVIVAL,NONE,H_t,reject_survival,phase=none;hMul=1.000;gMul=1.000;qMul=1.000;qAdd=0.000;rpiOff=0.000,1874,7458,"RacePacingRejected, RACE action=reject_survival:6654;RacePacingRejected, RACE action=reject_pacing:801;ReplacementNotAllowed:3"
2026-09-16T04:53:50.8143198+00:00,1764085328,0.000000,0,1.000000,0.000000,0.000000,0.340000,SURVIVAL,SURVIVAL,NONE,H_t,reject_survival,phase=none;hMul=1.000;gMul=1.000;qMul=1.000;qAdd=0.000;rpiOff=0.000,1874,7458,"RacePacingRejected, RACE action=reject_survival:6654;RacePacingRejected, RACE action=reject_pacing:801;ReplacementNotAllowed:3"
2026-09-16T04:53:51.3145124+00:00,1764167568,0.000000,0,1.000000,0.000000,0.000000,0.340000,SURVIVAL,SURVIVAL,NONE,H_t,reject_survival,phase=none;hMul=1.000;gMul=1.000;qMul=1.000;qAdd=0.000;rpiOff=0.000,1874,7458,"RacePacingRejected, RACE action=reject_survival:6654;RacePacingRejected, RACE action=reject_pacing:801;ReplacementNotAllowed:3"
2026-09-16T04:53:51.8140056+00:00,1764167568,0.000000,0,1.000000,0.000000,0.000000,0.340000,SURVIVAL,SURVIVAL,NONE,H_t,reject_survival,phase=none;hMul=1.000;gMul=1.000;qMul=1.000;qAdd=0.000;rpiOff=0.000,1874,7458,"RacePacingRejected, RACE action=reject_survival:6654;RacePacingRejected, RACE action=reject_pacing:801;ReplacementNotAllowed:3"
2026-09-16T04:53:52.3139066+00:00,1764225136,0.000000,0,1.000000,0.000000,0.000000,0.340000,SURVIVAL,SURVIVAL,NONE,H_t,reject_survival,phase=none;hMul=1.000;gMul=1.000;qMul=1.000;qAdd=0.000;rpiOff=0.000,1874,7458,"RacePacingRejected, RACE action=reject_survival:6654;RacePacingRejected, RACE action=reject_pacing:801;ReplacementNotAllowed:3"
2026-09-16T04:53:52.8144110+00:00,1764233360,0.000000,0,1.000000,0.000000,0.000000,0.340000,SURVIVAL,SURVIVAL,NONE,H_t,reject_survival,phase=none;hMul=1.000;gMul=1.000;qMul=1.000;qAdd=0.000;rpiOff=0.000,1874,7458,"RacePacingRejected, RACE action=reject_survival:6654;RacePacingRejected, RACE action=reject_pacing:801;ReplacementNotAllowed:3"
2026-09-16T04:53:53.3139103+00:00,1764290416,0.000000,0,1.000000,0.000000,0.000000,0.340000,SURVIVAL,SURVIVAL,NONE,H_t,reject_survival,phase=none;hMul=1.000;gMul=1.000;qMul=1.000;qAdd=0.000;rpiOff=0.000,1874,7458,"RacePacingRejected, RACE action=reject_survival:6654;RacePacingRejected, RACE action=reject_pacing:801;ReplacementNotAllowed:3"
2026-09-16T04:53:53.8143675+00:00,1764298640,0.000000,0,1.000000,0.000000,0.000000,0.340000,SURVIVAL,SURVIVAL,NONE,H_t,reject_survival,phase=none;hMul=1.000;gMul=1.000;qMul=1.000;qAdd=0.000;rpiOff=0.000,1874,7458,"RacePacingRejected, RACE action=reject_survival:6654;RacePacingRejected, RACE action=reject_pacing:801;ReplacementNotAllowed:3"
2026-09-16T04:53:54.3140712+00:00,1764364176,0.000000,0,1.000000,0.000000,0.000000,0.340000,SURVIVAL,SURVIVAL,NONE,H_t,reject_survival,phase=none;hMul=1.000;gMul=1.000;qMul=1.000;qAdd=0.000;rpiOff=0.000,1874,7458,"RacePacingRejected, RACE action=reject_survival:6654;RacePacingRejected, RACE action=reject_pacing:801;ReplacementNotAllowed:3"
2026-09-16T04:53:54.8145315+00:00,1764372400,0.000000,0,1.000000,0.000000,0.000000,0.340000,SURVIVAL,SURVIVAL,NONE,H_t,reject_survival,phase=none;hMul=1.000;gMul=1.000;qMul=1.000;qAdd=0.000;rpiOff=0.000,1874,7458,"RacePacingRejected, RACE action=reject_survival:6654;RacePacingRejected, RACE action=reject_pacing:801;ReplacementNotAllowed:3"
2026-09-16T04:53:55.3147998+00:00,1764446416,0.000000,0,1.000000,0.000000,0.000000,0.340000,SURVIVAL,SURVIVAL,NONE,H_t,reject_survival,phase=none;hMul=1.000;gMul=1.000;qMul=1.000;qAdd=0.000;rpiOff=0.000,1874,7458,"RacePacingRejected, RACE action=reject_survival:6654;RacePacingRejected, RACE action=reject_pacing:801;ReplacementNotAllowed:3"
2026-09-16T04:53:55.8143669+00:00,1764454640,0.000000,0,1.000000,0.000000,0.000000,0.340000,SURVIVAL,SURVIVAL,NONE,H_t,reject_survival,phase=none;hMul=1.000;gMul=1.000;qMul=1.000;qAdd=0.000;rpiOff=0.000,1874,7458,"RacePacingRejected, RACE action=reject_survival:6654;RacePacingRejected, RACE action=reject_pacing:801;ReplacementNotAllowed:3"
2026-09-16T04:53:56.3143836+00:00,1764503472,0.000000,0,1.000000,0.000000,0.000000,0.340000,SURVIVAL,SURVIVAL,NONE,H_t,reject_survival,phase=none;hMul=1.000;gMul=1.000;qMul=1.000;qAdd=0.000;rpiOff=0.000,1874,7458,"RacePacingRejected, RACE action=reject_survival:6654;RacePacingRejected, RACE action=reject_pacing:801;ReplacementNotAllowed:3"
2026-09-16T04:53:56.8138715+00:00,1764511696,0.000000,0,1.000000,0.000000,0.000000,0.340000,SURVIVAL,SURVIVAL,NONE,H_t,reject_survival,phase=none;hMul=1.000;gMul=1.000;qMul=1.000;qAdd=0.000;rpiOff=0.000,1874,7458,"RacePacingRejected, RACE action=reject_survival:6654;RacePacingRejected, RACE action=reject_pacing:801;ReplacementNotAllowed:3"
2026-09-16T04:53:57.3146496+00:00,1764585456,0.000000,0,1.000000,0.000000,0.000000,0.340000,SURVIVAL,SURVIVAL,NONE,H_t,reject_survival,phase=none;hMul=1.000;gMul=1.000;qMul=1.000;qAdd=0.000;rpiOff=0.000,1874,7458,"RacePacingRejected, RACE action=reject_survival:6654;RacePacingRejected, RACE action=reject_pacing:801;ReplacementNotAllowed:3"
2026-09-16T04:53:57.8140590+00:00,1764593680,0.000000,0,1.000000,0.000000,0.000000,0.340000,SURVIVAL,SURVIVAL,NONE,H_t,reject_survival,phase=none;hMul=1.000;gMul=1.000;qMul=1.000;qAdd=0.000;rpiOff=0.000,1874,7458,"RacePacingRejected, RACE action=reject_survival:6654;RacePacingRejected, RACE action=reject_pacing:801;ReplacementNotAllowed:3"
2026-09-16T04:53:58.3146548+00:00,1764642768,0.000000,0,1.000000,0.000000,0.000000,0.340000,SURVIVAL,SURVIVAL,NONE,H_t,reject_survival,phase=none;hMul=1.000;gMul=1.000;qMul=1.000;qAdd=0.000;rpiOff=0.000,1874,7458,"RacePacingRejected, RACE action=reject_survival:6654;RacePacingRejected, RACE action=reject_pacing:801;ReplacementNotAllowed:3"
2026-09-16T04:53:58.8140532+00:00,1764642768,0.000000,0,1.000000,0.000000,0.000000,0.340000,SURVIVAL,SURVIVAL,NONE,H_t,reject_survival,phase=none;hMul=1.000;gMul=1.000;qMul=1.000;qAdd=0.000;rpiOff=0.000,1874,7458,"RacePacingRejected, RACE action=reject_survival:6654;RacePacingRejected, RACE action=reject_pacing:801;ReplacementNotAllowed:3"
2026-09-16T04:53:59.3145607+00:00,1764716784,0.000000,0,1.000000,0.000000,0.000000,0.340000,SURVIVAL,SURVIVAL,NONE,H_t,reject_survival,phase=none;hMul=1.000;gMul=1.000;qMul=1.000;qAdd=0.000;rpiOff=0.000,1874,7458,"RacePacingRejected, RACE action=reject_survival:6654;RacePacingRejected, RACE action=reject_pacing:801;ReplacementNotAllowed:3"
2026-09-16T04:53:59.8140284+00:00,1764716784,0.000000,0,1.000000,0.000000,0.000000,0.340000,SURVIVAL,SURVIVAL,NONE,H_t,reject_survival,phase=none;hMul=1.000;gMul=1.000;qMul=1.000;qAdd=0.000;rpiOff=0.000,1874,7458,"RacePacingRejected, RACE action=reject_survival:6654;RacePacingRejected, RACE action=reject_pacing:801;ReplacementNotAllowed:3"
2026-09-16T04:54:00.3147858+00:00,1764773840,0.000000,0,1.000000,0.000000,0.000000,0.340000,SURVIVAL,SURVIVAL,NONE,H_t,reject_survival,phase=none;hMul=1.000;gMul=1.000;qMul=1.000;qAdd=0.000;rpiOff=0.000,1874,7458,"RacePacingRejected, RACE action=reject_survival:6654;RacePacingRejected, RACE action=reject_pacing:801;ReplacementNotAllowed:3"
2026-09-16T04:54:00.8142193+00:00,1764773840,0.000000,0,1.000000,0.000000,0.000000,0.340000,SURVIVAL,SURVIVAL,NONE,H_t,reject_survival,phase=none;hMul=1.000;gMul=1.000;qMul=1.000;qAdd=0.000;rpiOff=0.000,1874,7458,"RacePacingRejected, RACE action=reject_survival:6654;RacePacingRejected, RACE action=reject_pacing:801;ReplacementNotAllowed:3"
2026-09-16T04:54:01.3146767+00:00,1764847856,0.000000,0,1.000000,0.000000,0.000000,0.340000,SURVIVAL,SURVIVAL,NONE,H_t,reject_survival,phase=none;hMul=1.000;gMul=1.000;qMul=1.000;qAdd=0.000;rpiOff=0.000,1874,7458,"RacePacingRejected, RACE action=reject_survival:6654;RacePacingRejected, RACE action=reject_pacing:801;ReplacementNotAllowed:3"
2026-09-16T04:54:01.8141256+00:00,1764847856,0.000000,0,1.000000,0.000000,0.000000,0.340000,SURVIVAL,SURVIVAL,NONE,H_t,reject_survival,phase=none;hMul=1.000;gMul=1.000;qMul=1.000;qAdd=0.000;rpiOff=0.000,1874,7458,"RacePacingRejected, RACE action=reject_survival:6654;RacePacingRejected, RACE action=reject_pacing:801;ReplacementNotAllowed:3"
2026-09-16T04:54:02.3139913+00:00,1764904912,0.000000,0,1.000000,0.000000,0.000000,0.340000,SURVIVAL,SURVIVAL,NONE,H_t,reject_survival,phase=none;hMul=1.000;gMul=1.000;qMul=1.000;qAdd=0.000;rpiOff=0.000,1874,7458,"RacePacingRejected, RACE action=reject_survival:6654;RacePacingRejected, RACE action=reject_pacing:801;ReplacementNotAllowed:3"
2026-09-16T04:54:02.8146061+00:00,1764913136,0.000000,0,1.000000,0.000000,0.000000,0.340000,SURVIVAL,SURVIVAL,NONE,H_t,reject_survival,phase=none;hMul=1.000;gMul=1.000;qMul=1.000;qAdd=0.000;rpiOff=0.000,1874,7458,"RacePacingRejected, RACE action=reject_survival:6654;RacePacingRejected, RACE action=reject_pacing:801;ReplacementNotAllowed:3"
2026-09-16T04:54:03.3144188+00:00,1765425976,0.000000,0,1.000000,0.000000,0.000000,0.340000,SURVIVAL,SURVIVAL,NONE,H_t,reject_survival,phase=none;hMul=1.000;gMul=1.000;qMul=1.000;qAdd=0.000;rpiOff=0.000,1874,7458,"RacePacingRejected, RACE action=reject_survival:6654;RacePacingRejected, RACE action=reject_pacing:801;ReplacementNotAllowed:3"
2026-09-16T04:54:03.8139531+00:00,1765434200,0.000000,0,1.000000,0.000000,0.000000,0.340000,SURVIVAL,SURVIVAL,NONE,H_t,reject_survival,phase=none;hMul=1.000;gMul=1.000;qMul=1.000;qAdd=0.000;rpiOff=0.000,1874,7458,"RacePacingRejected, RACE action=reject_survival:6654;RacePacingRejected, RACE action=reject_pacing:801;ReplacementNotAllowed:3"
2026-09-16T04:54:04.3147748+00:00,1923989240,0.000000,0,1.000000,0.000000,0.000000,0.340000,SURVIVAL,SURVIVAL,NONE,H_t,reject_survival,phase=none;hMul=1.000;gMul=1.000;qMul=1.000;qAdd=0.000;rpiOff=0.000,1874,7458,"RacePacingRejected, RACE action=reject_survival:6654;RacePacingRejected, RACE action=reject_pacing:801;ReplacementNotAllowed:3"
2026-09-16T04:54:04.8144738+00:00,1982403672,0.000000,0,1.000000,0.000000,0.000000,0.340000,SURVIVAL,SURVIVAL,NONE,H_t,reject_survival,phase=none;hMul=1.000;gMul=1.000;qMul=1.000;qAdd=0.000;rpiOff=0.000,1874,7458,"RacePacingRejected, RACE action=reject_survival:6654;RacePacingRejected, RACE action=reject_pacing:801;ReplacementNotAllowed:3"
2026-09-16T04:54:05.3139748+00:00,1982903592,0.000000,0,1.000000,0.000000,0.000000,0.340000,SURVIVAL,SURVIVAL,NONE,H_t,reject_survival,phase=none;hMul=1.000;gMul=1.000;qMul=1.000;qAdd=0.000;rpiOff=0.000,1874,7458,"RacePacingRejected, RACE action=reject_survival:6654;RacePacingRejected, RACE action=reject_pacing:801;ReplacementNotAllowed:3"
2026-09-16T04:54:05.8144829+00:00,1982903592,0.000000,0,1.000000,0.000000,0.000000,0.340000,SURVIVAL,SURVIVAL,NONE,H_t,reject_survival,phase=none;hMul=1.000;gMul=1.000;qMul=1.000;qAdd=0.000;rpiOff=0.000,1874,7458,"RacePacingRejected, RACE action=reject_survival:6654;RacePacingRejected, RACE action=reject_pacing:801;ReplacementNotAllowed:3"
2026-09-16T04:54:06.3153549+00:00,1983419608,0.000000,0,1.000000,0.000000,0.000000,0.340000,SURVIVAL,SURVIVAL,NONE,H_t,reject_survival,phase=none;hMul=1.000;gMul=1.000;qMul=1.000;qAdd=0.000;rpiOff=0.000,1874,7458,"RacePacingRejected, RACE action=reject_survival:6654;RacePacingRejected, RACE action=reject_pacing:801;ReplacementNotAllowed:3"
2026-09-16T04:54:06.8141980+00:00,1983419608,0.000000,0,1.000000,0.000000,0.000000,0.340000,SURVIVAL,SURVIVAL,NONE,H_t,reject_survival,phase=none;hMul=1.000;gMul=1.000;qMul=1.000;qAdd=0.000;rpiOff=0.000,1874,7458,"RacePacingRejected, RACE action=reject_survival:6654;RacePacingRejected, RACE action=reject_pacing:801;ReplacementNotAllowed:3"
2026-09-16T04:54:07.3139390+00:00,1983476936,0.000000,0,1.000000,0.000000,0.000000,0.340000,SURVIVAL,SURVIVAL,NONE,H_t,reject_survival,phase=none;hMul=1.000;gMul=1.000;qMul=1.000;qAdd=0.000;rpiOff=0.000,1874,7458,"RacePacingRejected, RACE action=reject_survival:6654;RacePacingRejected, RACE action=reject_pacing:801;ReplacementNotAllowed:3"
2026-09-16T04:54:07.8144470+00:00,1983476936,0.000000,0,1.000000,0.000000,0.000000,0.340000,SURVIVAL,SURVIVAL,NONE,H_t,reject_survival,phase=none;hMul=1.000;gMul=1.000;qMul=1.000;qAdd=0.000;rpiOff=0.000,1874,7458,"RacePacingRejected, RACE action=reject_survival:6654;RacePacingRejected, RACE action=reject_pacing:801;ReplacementNotAllowed:3"
2026-09-16T04:54:08.3141931+00:00,1983566984,0.000000,0,1.000000,0.000000,0.000000,0.340000,SURVIVAL,SURVIVAL,NONE,H_t,reject_survival,phase=none;hMul=1.000;gMul=1.000;qMul=1.000;qAdd=0.000;rpiOff=0.000,1874,7458,"RacePacingRejected, RACE action=reject_survival:6654;RacePacingRejected, RACE action=reject_pacing:801;ReplacementNotAllowed:3"
2026-09-16T04:54:08.8147606+00:00,1983566984,0.000000,0,1.000000,0.000000,0.000000,0.340000,SURVIVAL,SURVIVAL,NONE,H_t,reject_survival,phase=none;hMul=1.000;gMul=1.000;qMul=1.000;qAdd=0.000;rpiOff=0.000,1874,7458,"RacePacingRejected, RACE action=reject_survival:6654;RacePacingRejected, RACE action=reject_pacing:801;ReplacementNotAllowed:3"
2026-09-16T04:54:09.3140154+00:00,1983632248,0.000000,0,1.000000,0.000000,0.000000,0.340000,SURVIVAL,SURVIVAL,NONE,H_t,reject_survival,phase=none;hMul=1.000;gMul=1.000;qMul=1.000;qAdd=0.000;rpiOff=0.000,1874,7458,"RacePacingRejected, RACE action=reject_survival:6654;RacePacingRejected, RACE action=reject_pacing:801;ReplacementNotAllowed:3"
2026-09-16T04:54:09.8145279+00:00,1983632248,0.000000,0,1.000000,0.000000,0.000000,0.340000,SURVIVAL,SURVIVAL,NONE,H_t,reject_survival,phase=none;hMul=1.000;gMul=1.000;qMul=1.000;qAdd=0.000;rpiOff=0.000,1874,7458,"RacePacingRejected, RACE action=reject_survival:6654;RacePacingRejected, RACE action=reject_pacing:801;ReplacementNotAllowed:3"
2026-09-16T04:54:10.3139914+00:00,1983706008,0.000000,0,1.000000,0.000000,0.000000,0.340000,SURVIVAL,SURVIVAL,NONE,H_t,reject_survival,phase=none;hMul=1.000;gMul=1.000;qMul=1.000;qAdd=0.000;rpiOff=0.000,1874,7458,"RacePacingRejected, RACE action=reject_survival:6654;RacePacingRejected, RACE action=reject_pacing:801;ReplacementNotAllowed:3"
2026-09-16T04:54:10.8145163+00:00,1983706008,0.000000,0,1.000000,0.000000,0.000000,0.340000,SURVIVAL,SURVIVAL,NONE,H_t,reject_survival,phase=none;hMul=1.000;gMul=1.000;qMul=1.000;qAdd=0.000;rpiOff=0.000,1874,7458,"RacePacingRejected, RACE action=reject_survival:6654;RacePacingRejected, RACE action=reject_pacing:801;ReplacementNotAllowed:3"
2026-09-16T04:54:11.3140153+00:00,1983788264,0.000000,0,1.000000,0.000000,0.000000,0.340000,SURVIVAL,SURVIVAL,NONE,H_t,reject_survival,phase=none;hMul=1.000;gMul=1.000;qMul=1.000;qAdd=0.000;rpiOff=0.000,1874,7458,"RacePacingRejected, RACE action=reject_survival:6654;RacePacingRejected, RACE action=reject_pacing:801;ReplacementNotAllowed:3"
2026-09-16T04:54:11.8145080+00:00,1983788264,0.000000,0,1.000000,0.000000,0.000000,0.340000,SURVIVAL,SURVIVAL,NONE,H_t,reject_survival,phase=none;hMul=1.000;gMul=1.000;qMul=1.000;qAdd=0.000;rpiOff=0.000,1874,7458,"RacePacingRejected, RACE action=reject_survival:6654;RacePacingRejected, RACE action=reject_pacing:801;ReplacementNotAllowed:3"
2026-09-16T04:54:12.3143402+00:00,1983878488,0.000000,0,1.000000,0.000000,0.000000,0.340000,SURVIVAL,SURVIVAL,NONE,H_t,reject_survival,phase=none;hMul=1.000;gMul=1.000;qMul=1.000;qAdd=0.000;rpiOff=0.000,1874,7458,"RacePacingRejected, RACE action=reject_survival:6654;RacePacingRejected, RACE action=reject_pacing:801;ReplacementNotAllowed:3"
2026-09-16T04:54:12.8138286+00:00,1983878488,0.000000,0,1.000000,0.000000,0.000000,0.340000,SURVIVAL,SURVIVAL,NONE,H_t,reject_survival,phase=none;hMul=1.000;gMul=1.000;qMul=1.000;qAdd=0.000;rpiOff=0.000,1874,7458,"RacePacingRejected, RACE action=reject_survival:6654;RacePacingRejected, RACE action=reject_pacing:801;ReplacementNotAllowed:3"
2026-09-16T04:54:13.3143143+00:00,1983919608,0.000000,0,1.000000,0.000000,0.000000,0.340000,SURVIVAL,SURVIVAL,NONE,H_t,reject_survival,phase=none;hMul=1.000;gMul=1.000;qMul=1.000;qAdd=0.000;rpiOff=0.000,1874,7458,"RacePacingRejected, RACE action=reject_survival:6654;RacePacingRejected, RACE action=reject_pacing:801;ReplacementNotAllowed:3"
2026-09-16T04:54:13.8145896+00:00,1983919608,0.000000,0,1.000000,0.000000,0.000000,0.340000,SURVIVAL,SURVIVAL,NONE,H_t,reject_survival,phase=none;hMul=1.000;gMul=1.000;qMul=1.000;qAdd=0.000;rpiOff=0.000,1874,7458,"RacePacingRejected, RACE action=reject_survival:6654;RacePacingRejected, RACE action=reject_pacing:801;ReplacementNotAllowed:3"
2026-09-16T04:54:14.3140774+00:00,1984083624,0.000000,0,1.000000,0.000000,0.000000,0.340000,SURVIVAL,SURVIVAL,NONE,H_t,reject_survival,phase=none;hMul=1.000;gMul=1.000;qMul=1.000;qAdd=0.000;rpiOff=0.000,1874,7458,"RacePacingRejected, RACE action=reject_survival:6654;RacePacingRejected, RACE action=reject_pacing:801;ReplacementNotAllowed:3"
2026-09-16T04:54:14.8144706+00:00,1984083624,0.000000,0,1.000000,0.000000,0.000000,0.340000,SURVIVAL,SURVIVAL,NONE,H_t,reject_survival,phase=none;hMul=1.000;gMul=1.000;qMul=1.000;qAdd=0.000;rpiOff=0.000,1874,7458,"RacePacingRejected, RACE action=reject_survival:6654;RacePacingRejected, RACE action=reject_pacing:801;ReplacementNotAllowed:3"
2026-09-16T04:54:15.3141559+00:00,1984599944,0.000000,0,1.000000,0.000000,0.000000,0.340000,SURVIVAL,SURVIVAL,NONE,H_t,reject_survival,phase=none;hMul=1.000;gMul=1.000;qMul=1.000;qAdd=0.000;rpiOff=0.000,1874,7458,"RacePacingRejected, RACE action=reject_survival:6654;RacePacingRejected, RACE action=reject_pacing:801;ReplacementNotAllowed:3"
2026-09-16T04:54:15.8145964+00:00,1984608168,0.000000,0,1.000000,0.000000,0.000000,0.340000,SURVIVAL,SURVIVAL,NONE,H_t,reject_survival,phase=none;hMul=1.000;gMul=1.000;qMul=1.000;qAdd=0.000;rpiOff=0.000,1874,7458,"RacePacingRejected, RACE action=reject_survival:6654;RacePacingRejected, RACE action=reject_pacing:801;ReplacementNotAllowed:3"
2026-09-16T04:54:16.3143415+00:00,1984665480,0.000000,0,1.000000,0.000000,0.000000,0.340000,SURVIVAL,SURVIVAL,NONE,H_t,reject_survival,phase=none;hMul=1.000;gMul=1.000;qMul=1.000;qAdd=0.000;rpiOff=0.000,1874,7458,"RacePacingRejected, RACE action=reject_survival:6654;RacePacingRejected, RACE action=reject_pacing:801;ReplacementNotAllowed:3"
2026-09-16T04:54:16.8140516+00:00,1984665480,0.000000,0,1.000000,0.000000,0.000000,0.340000,SURVIVAL,SURVIVAL,NONE,H_t,reject_survival,phase=none;hMul=1.000;gMul=1.000;qMul=1.000;qAdd=0.000;rpiOff=0.000,1874,7458,"RacePacingRejected, RACE action=reject_survival:6654;RacePacingRejected, RACE action=reject_pacing:801;ReplacementNotAllowed:3"
2026-09-16T04:54:17.3146376+00:00,1984759464,0.000000,0,1.000000,0.000000,0.000000,0.340000,SURVIVAL,SURVIVAL,NONE,H_t,reject_survival,phase=none;hMul=1.000;gMul=1.000;qMul=1.000;qAdd=0.000;rpiOff=0.000,1874,7458,"RacePacingRejected, RACE action=reject_survival:6654;RacePacingRejected, RACE action=reject_pacing:801;ReplacementNotAllowed:3"
2026-09-16T04:54:17.8140912+00:00,1984759464,0.000000,0,1.000000,0.000000,0.000000,0.340000,SURVIVAL,SURVIVAL,NONE,H_t,reject_survival,phase=none;hMul=1.000;gMul=1.000;qMul=1.000;qAdd=0.000;rpiOff=0.000,1874,7458,"RacePacingRejected, RACE action=reject_survival:6654;RacePacingRejected, RACE action=reject_pacing:801;ReplacementNotAllowed:3"
2026-09-16T04:54:18.3147835+00:00,1984817048,0.000000,0,1.000000,0.000000,0.000000,0.340000,SURVIVAL,SURVIVAL,NONE,H_t,reject_survival,phase=none;hMul=1.000;gMul=1.000;qMul=1.000;qAdd=0.000;rpiOff=0.000,1874,7458,"RacePacingRejected, RACE action=reject_survival:6654;RacePacingRejected, RACE action=reject_pacing:801;ReplacementNotAllowed:3"
2026-09-16T04:54:18.8143251+00:00,1984817048,0.000000,0,1.000000,0.000000,0.000000,0.340000,SURVIVAL,SURVIVAL,NONE,H_t,reject_survival,phase=none;hMul=1.000;gMul=1.000;qMul=1.000;qAdd=0.000;rpiOff=0.000,1874,7458,"RacePacingRejected, RACE action=reject_survival:6654;RacePacingRejected, RACE action=reject_pacing:801;ReplacementNotAllowed:3"
2026-09-16T04:54:19.3140455+00:00,1984890296,0.000000,0,1.000000,0.000000,0.000000,0.340000,SURVIVAL,SURVIVAL,NONE,H_t,reject_survival,phase=none;hMul=1.000;gMul=1.000;qMul=1.000;qAdd=0.000;rpiOff=0.000,1874,7458,"RacePacingRejected, RACE action=reject_survival:6654;RacePacingRejected, RACE action=reject_pacing:801;ReplacementNotAllowed:3"
2026-09-16T04:54:19.8145608+00:00,1984890296,0.000000,0,1.000000,0.000000,0.000000,0.340000,SURVIVAL,SURVIVAL,NONE,H_t,reject_survival,phase=none;hMul=1.000;gMul=1.000;qMul=1.000;qAdd=0.000;rpiOff=0.000,1874,7458,"RacePacingRejected, RACE action=reject_survival:6654;RacePacingRejected, RACE action=reject_pacing:801;ReplacementNotAllowed:3"
2026-09-16T04:54:20.3151828+00:00,1984964040,0.000000,0,1.000000,0.000000,0.000000,0.340000,SURVIVAL,SURVIVAL,NONE,H_t,reject_survival,phase=none;hMul=1.000;gMul=1.000;qMul=1.000;qAdd=0.000;rpiOff=0.000,1874,7458,"RacePacingRejected, RACE action=reject_survival:6654;RacePacingRejected, RACE action=reject_pacing:801;ReplacementNotAllowed:3"
2026-09-16T04:54:20.8146188+00:00,1984972264,0.000000,0,1.000000,0.000000,0.000000,0.340000,SURVIVAL,SURVIVAL,NONE,H_t,reject_survival,phase=none;hMul=1.000;gMul=1.000;qMul=1.000;qAdd=0.000;rpiOff=0.000,1874,7458,"RacePacingRejected, RACE action=reject_survival:6654;RacePacingRejected, RACE action=reject_pacing:801;ReplacementNotAllowed:3"
2026-09-16T04:54:21.3145610+00:00,1985013384,0.000000,0,1.000000,0.000000,0.000000,0.340000,SURVIVAL,SURVIVAL,NONE,H_t,reject_survival,phase=none;hMul=1.000;gMul=1.000;qMul=1.000;qAdd=0.000;rpiOff=0.000,1874,7458,"RacePacingRejected, RACE action=reject_survival:6654;RacePacingRejected, RACE action=reject_pacing:801;ReplacementNotAllowed:3"
2026-09-16T04:54:21.8140268+00:00,1985021352,0.000000,0,1.000000,0.000000,0.000000,0.340000,SURVIVAL,SURVIVAL,NONE,H_t,reject_survival,phase=none;hMul=1.000;gMul=1.000;qMul=1.000;qAdd=0.000;rpiOff=0.000,1874,7458,"RacePacingRejected, RACE action=reject_survival:6654;RacePacingRejected, RACE action=reject_pacing:801;ReplacementNotAllowed:3"
2026-09-16T04:54:22.3144729+00:00,1985103336,0.000000,0,1.000000,0.000000,0.000000,0.340000,SURVIVAL,SURVIVAL,NONE,H_t,reject_survival,phase=none;hMul=1.000;gMul=1.000;qMul=1.000;qAdd=0.000;rpiOff=0.000,1874,7458,"RacePacingRejected, RACE action=reject_survival:6654;RacePacingRejected, RACE action=reject_pacing:801;ReplacementNotAllowed:3"
2026-09-16T04:54:22.8139426+00:00,1985111560,0.000000,0,1.000000,0.000000,0.000000,0.340000,SURVIVAL,SURVIVAL,NONE,H_t,reject_survival,phase=none;hMul=1.000;gMul=1.000;qMul=1.000;qAdd=0.000;rpiOff=0.000,1874,7458,"RacePacingRejected, RACE action=reject_survival:6654;RacePacingRejected, RACE action=reject_pacing:801;ReplacementNotAllowed:3"
2026-09-16T04:54:23.3138550+00:00,1985177096,0.000000,0,1.000000,0.000000,0.000000,0.340000,SURVIVAL,SURVIVAL,NONE,H_t,reject_survival,phase=none;hMul=1.000;gMul=1.000;qMul=1.000;qAdd=0.000;rpiOff=0.000,1874,7458,"RacePacingRejected, RACE action=reject_survival:6654;RacePacingRejected, RACE action=reject_pacing:801;ReplacementNotAllowed:3"
2026-09-16T04:54:23.8143092+00:00,1985177096,0.000000,0,1.000000,0.000000,0.000000,0.340000,SURVIVAL,SURVIVAL,NONE,H_t,reject_survival,phase=none;hMul=1.000;gMul=1.000;qMul=1.000;qAdd=0.000;rpiOff=0.000,1874,7458,"RacePacingRejected, RACE action=reject_survival:6654;RacePacingRejected, RACE action=reject_pacing:801;ReplacementNotAllowed:3"
2026-09-16T04:54:24.3147696+00:00,1985291720,0.000000,0,1.000000,0.000000,0.000000,0.340000,SURVIVAL,SURVIVAL,NONE,H_t,reject_survival,phase=none;hMul=1.000;gMul=1.000;qMul=1.000;qAdd=0.000;rpiOff=0.000,1874,7458,"RacePacingRejected, RACE action=reject_survival:6654;RacePacingRejected, RACE action=reject_pacing:801;ReplacementNotAllowed:3"
2026-09-16T04:54:24.8142517+00:00,1985299944,0.000000,0,1.000000,0.000000,0.000000,0.340000,SURVIVAL,SURVIVAL,NONE,H_t,reject_survival,phase=none;hMul=1.000;gMul=1.000;qMul=1.000;qAdd=0.000;rpiOff=0.000,1874,7458,"RacePacingRejected, RACE action=reject_survival:6654;RacePacingRejected, RACE action=reject_pacing:801;ReplacementNotAllowed:3"
2026-09-16T04:54:25.3142393+00:00,1985734024,0.000000,0,1.000000,0.000000,0.000000,0.340000,SURVIVAL,SURVIVAL,NONE,H_t,reject_survival,phase=none;hMul=1.000;gMul=1.000;qMul=1.000;qAdd=0.000;rpiOff=0.000,1874,7458,"RacePacingRejected, RACE action=reject_survival:6654;RacePacingRejected, RACE action=reject_pacing:801;ReplacementNotAllowed:3"
2026-09-16T04:54:25.8146653+00:00,1985742248,0.000000,0,1.000000,0.000000,0.000000,0.340000,SURVIVAL,SURVIVAL,NONE,H_t,reject_survival,phase=none;hMul=1.000;gMul=1.000;qMul=1.000;qAdd=0.000;rpiOff=0.000,1874,7458,"RacePacingRejected, RACE action=reject_survival:6654;RacePacingRejected, RACE action=reject_pacing:801;ReplacementNotAllowed:3"
2026-09-16T04:54:26.3145638+00:00,1985799560,0.000000,0,1.000000,0.000000,0.000000,0.340000,SURVIVAL,SURVIVAL,NONE,H_t,reject_survival,phase=none;hMul=1.000;gMul=1.000;qMul=1.000;qAdd=0.000;rpiOff=0.000,1874,7458,"RacePacingRejected, RACE action=reject_survival:6654;RacePacingRejected, RACE action=reject_pacing:801;ReplacementNotAllowed:3"
2026-09-16T04:54:26.8142994+00:00,1985807784,0.000000,0,1.000000,0.000000,0.000000,0.340000,SURVIVAL,SURVIVAL,NONE,H_t,reject_survival,phase=none;hMul=1.000;gMul=1.000;qMul=1.000;qAdd=0.000;rpiOff=0.000,1874,7458,"RacePacingRejected, RACE action=reject_survival:6654;RacePacingRejected, RACE action=reject_pacing:801;ReplacementNotAllowed:3"
2026-09-16T04:54:27.3140800+00:00,1985873320,0.000000,0,1.000000,0.000000,0.000000,0.340000,SURVIVAL,SURVIVAL,NONE,H_t,reject_survival,phase=none;hMul=1.000;gMul=1.000;qMul=1.000;qAdd=0.000;rpiOff=0.000,1874,7458,"RacePacingRejected, RACE action=reject_survival:6654;RacePacingRejected, RACE action=reject_pacing:801;ReplacementNotAllowed:3"
2026-09-16T04:54:27.8145494+00:00,1985881544,0.000000,0,1.000000,0.000000,0.000000,0.340000,SURVIVAL,SURVIVAL,NONE,H_t,reject_survival,phase=none;hMul=1.000;gMul=1.000;qMul=1.000;qAdd=0.000;rpiOff=0.000,1874,7458,"RacePacingRejected, RACE action=reject_survival:6654;RacePacingRejected, RACE action=reject_pacing:801;ReplacementNotAllowed:3"
2026-09-16T04:54:28.3139867+00:00,1985971752,0.000000,0,1.000000,0.000000,0.000000,0.340000,SURVIVAL,SURVIVAL,NONE,H_t,reject_survival,phase=none;hMul=1.000;gMul=1.000;qMul=1.000;qAdd=0.000;rpiOff=0.000,1874,7458,"RacePacingRejected, RACE action=reject_survival:6654;RacePacingRejected, RACE action=reject_pacing:801;ReplacementNotAllowed:3"
2026-09-16T04:54:28.8145284+00:00,1985971752,0.000000,0,1.000000,0.000000,0.000000,0.340000,SURVIVAL,SURVIVAL,NONE,H_t,reject_survival,phase=none;hMul=1.000;gMul=1.000;qMul=1.000;qAdd=0.000;rpiOff=0.000,1874,7458,"RacePacingRejected, RACE action=reject_survival:6654;RacePacingRejected, RACE action=reject_pacing:801;ReplacementNotAllowed:3"
2026-09-16T04:54:29.3141998+00:00,1986045512,0.000000,0,1.000000,0.000000,0.000000,0.340000,SURVIVAL,SURVIVAL,NONE,H_t,reject_survival,phase=none;hMul=1.000;gMul=1.000;qMul=1.000;qAdd=0.000;rpiOff=0.000,1874,7458,"RacePacingRejected, RACE action=reject_survival:6654;RacePacingRejected, RACE action=reject_pacing:801;ReplacementNotAllowed:3"
2026-09-16T04:54:29.8146379+00:00,1986045512,0.000000,0,1.000000,0.000000,0.000000,0.340000,SURVIVAL,SURVIVAL,NONE,H_t,reject_survival,phase=none;hMul=1.000;gMul=1.000;qMul=1.000;qAdd=0.000;rpiOff=0.000,1874,7458,"RacePacingRejected, RACE action=reject_survival:6654;RacePacingRejected, RACE action=reject_pacing:801;ReplacementNotAllowed:3"
2026-09-16T04:54:30.3141080+00:00,1986102824,0.000000,0,1.000000,0.000000,0.000000,0.340000,SURVIVAL,SURVIVAL,NONE,H_t,reject_survival,phase=none;hMul=1.000;gMul=1.000;qMul=1.000;qAdd=0.000;rpiOff=0.000,1874,7458,"RacePacingRejected, RACE action=reject_survival:6654;RacePacingRejected, RACE action=reject_pacing:801;ReplacementNotAllowed:3"
2026-09-16T04:54:30.8145539+00:00,1986102824,0.000000,0,1.000000,0.000000,0.000000,0.340000,SURVIVAL,SURVIVAL,NONE,H_t,reject_survival,phase=none;hMul=1.000;gMul=1.000;qMul=1.000;qAdd=0.000;rpiOff=0.000,1874,7458,"RacePacingRejected, RACE action=reject_survival:6654;RacePacingRejected, RACE action=reject_pacing:801;ReplacementNotAllowed:3"
2026-09-16T04:54:31.3138933+00:00,1986184808,0.000000,0,1.000000,0.000000,0.000000,0.340000,SURVIVAL,SURVIVAL,NONE,H_t,reject_survival,phase=none;hMul=1.000;gMul=1.000;qMul=1.000;qAdd=0.000;rpiOff=0.000,1874,7458,"RacePacingRejected, RACE action=reject_survival:6654;RacePacingRejected, RACE action=reject_pacing:801;ReplacementNotAllowed:3"
2026-09-16T04:54:31.8144612+00:00,1986193032,0.000000,0,1.000000,0.000000,0.000000,0.340000,SURVIVAL,SURVIVAL,NONE,H_t,reject_survival,phase=none;hMul=1.000;gMul=1.000;qMul=1.000;qAdd=0.000;rpiOff=0.000,1874,7458,"RacePacingRejected, RACE action=reject_survival:6654;RacePacingRejected, RACE action=reject_pacing:801;ReplacementNotAllowed:3"
2026-09-16T04:54:32.3143515+00:00,1986700648,0.000000,0,1.000000,0.000000,0.000000,0.340000,SURVIVAL,SURVIVAL,NONE,H_t,reject_survival,phase=none;hMul=1.000;gMul=1.000;qMul=1.000;qAdd=0.000;rpiOff=0.000,1874,7458,"RacePacingRejected, RACE action=reject_survival:6654;RacePacingRejected, RACE action=reject_pacing:801;ReplacementNotAllowed:3"
2026-09-16T04:54:32.8147485+00:00,1986700648,0.000000,0,1.000000,0.000000,0.000000,0.340000,SURVIVAL,SURVIVAL,NONE,H_t,reject_survival,phase=none;hMul=1.000;gMul=1.000;qMul=1.000;qAdd=0.000;rpiOff=0.000,1874,7458,"RacePacingRejected, RACE action=reject_survival:6654;RacePacingRejected, RACE action=reject_pacing:801;ReplacementNotAllowed:3"
2026-09-16T04:54:33.3142147+00:00,1986770760,0.000000,0,1.000000,0.000000,0.000000,0.340000,SURVIVAL,SURVIVAL,NONE,H_t,reject_survival,phase=none;hMul=1.000;gMul=1.000;qMul=1.000;qAdd=0.000;rpiOff=0.000,1874,7458,"RacePacingRejected, RACE action=reject_survival:6654;RacePacingRejected, RACE action=reject_pacing:801;ReplacementNotAllowed:3"
2026-09-16T04:54:33.8147270+00:00,1986770760,0.000000,0,1.000000,0.000000,0.000000,0.340000,SURVIVAL,SURVIVAL,NONE,H_t,reject_survival,phase=none;hMul=1.000;gMul=1.000;qMul=1.000;qAdd=0.000;rpiOff=0.000,1874,7458,"RacePacingRejected, RACE action=reject_survival:6654;RacePacingRejected, RACE action=reject_pacing:801;ReplacementNotAllowed:3"
2026-09-16T04:54:34.3140500+00:00,1986860968,0.000000,0,1.000000,0.000000,0.000000,0.340000,SURVIVAL,SURVIVAL,NONE,H_t,reject_survival,phase=none;hMul=1.000;gMul=1.000;qMul=1.000;qAdd=0.000;rpiOff=0.000,1874,7458,"RacePacingRejected, RACE action=reject_survival:6654;RacePacingRejected, RACE action=reject_pacing:801;ReplacementNotAllowed:3"
2026-09-16T04:54:34.8143519+00:00,1986860968,0.000000,0,1.000000,0.000000,0.000000,0.340000,SURVIVAL,SURVIVAL,NONE,H_t,reject_survival,phase=none;hMul=1.000;gMul=1.000;qMul=1.000;qAdd=0.000;rpiOff=0.000,1874,7458,"RacePacingRejected, RACE action=reject_survival:6654;RacePacingRejected, RACE action=reject_pacing:801;ReplacementNotAllowed:3"
2026-09-16T04:54:35.3146065+00:00,1986942952,0.000000,0,1.000000,0.000000,0.000000,0.340000,SURVIVAL,SURVIVAL,NONE,H_t,reject_survival,phase=none;hMul=1.000;gMul=1.000;qMul=1.000;qAdd=0.000;rpiOff=0.000,1874,7458,"RacePacingRejected, RACE action=reject_survival:6654;RacePacingRejected, RACE action=reject_pacing:801;ReplacementNotAllowed:3"
2026-09-16T04:54:35.8139961+00:00,1986942952,0.000000,0,1.000000,0.000000,0.000000,0.340000,SURVIVAL,SURVIVAL,NONE,H_t,reject_survival,phase=none;hMul=1.000;gMul=1.000;qMul=1.000;qAdd=0.000;rpiOff=0.000,1874,7458,"RacePacingRejected, RACE action=reject_survival:6654;RacePacingRejected, RACE action=reject_pacing:801;ReplacementNotAllowed:3"
2026-09-16T04:54:36.3147365+00:00,1987000264,0.000000,0,1.000000,0.000000,0.000000,0.340000,SURVIVAL,SURVIVAL,NONE,H_t,reject_survival,phase=none;hMul=1.000;gMul=1.000;qMul=1.000;qAdd=0.000;rpiOff=0.000,1874,7458,"RacePacingRejected, RACE action=reject_survival:6654;RacePacingRejected, RACE action=reject_pacing:801;ReplacementNotAllowed:3"
2026-09-16T04:54:36.8144923+00:00,1987000264,0.000000,0,1.000000,0.000000,0.000000,0.340000,SURVIVAL,SURVIVAL,NONE,H_t,reject_survival,phase=none;hMul=1.000;gMul=1.000;qMul=1.000;qAdd=0.000;rpiOff=0.000,1874,7458,"RacePacingRejected, RACE action=reject_survival:6654;RacePacingRejected, RACE action=reject_pacing:801;ReplacementNotAllowed:3"
2026-09-16T04:54:37.3144668+00:00,1987074024,0.000000,0,1.000000,0.000000,0.000000,0.340000,SURVIVAL,SURVIVAL,NONE,H_t,reject_survival,phase=none;hMul=1.000;gMul=1.000;qMul=1.000;qAdd=0.000;rpiOff=0.000,1874,7458,"RacePacingRejected, RACE action=reject_survival:6654;RacePacingRejected, RACE action=reject_pacing:801;ReplacementNotAllowed:3"
2026-09-16T04:54:37.8139197+00:00,1987081992,0.000000,0,1.000000,0.000000,0.000000,0.340000,SURVIVAL,SURVIVAL,NONE,H_t,reject_survival,phase=none;hMul=1.000;gMul=1.000;qMul=1.000;qAdd=0.000;rpiOff=0.000,1874,7458,"RacePacingRejected, RACE action=reject_survival:6654;RacePacingRejected, RACE action=reject_pacing:801;ReplacementNotAllowed:3"
2026-09-16T04:54:38.3144532+00:00,1987131080,0.000000,0,1.000000,0.000000,0.000000,0.340000,SURVIVAL,SURVIVAL,NONE,H_t,reject_survival,phase=none;hMul=1.000;gMul=1.000;qMul=1.000;qAdd=0.000;rpiOff=0.000,1874,7458,"RacePacingRejected, RACE action=reject_survival:6654;RacePacingRejected, RACE action=reject_pacing:801;ReplacementNotAllowed:3"
2026-09-16T04:54:38.8144574+00:00,1987139304,0.000000,0,1.000000,0.000000,0.000000,0.340000,SURVIVAL,SURVIVAL,NONE,H_t,reject_survival,phase=none;hMul=1.000;gMul=1.000;qMul=1.000;qAdd=0.000;rpiOff=0.000,1874,7458,"RacePacingRejected, RACE action=reject_survival:6654;RacePacingRejected, RACE action=reject_pacing:801;ReplacementNotAllowed:3"
2026-09-16T04:54:39.3146422+00:00,1987213064,0.000000,0,1.000000,0.000000,0.000000,0.340000,SURVIVAL,SURVIVAL,NONE,H_t,reject_survival,phase=none;hMul=1.000;gMul=1.000;qMul=1.000;qAdd=0.000;rpiOff=0.000,1874,7458,"RacePacingRejected, RACE action=reject_survival:6654;RacePacingRejected, RACE action=reject_pacing:801;ReplacementNotAllowed:3"
2026-09-16T04:54:39.8140983+00:00,1987221288,0.000000,0,1.000000,0.000000,0.000000,0.340000,SURVIVAL,SURVIVAL,NONE,H_t,reject_survival,phase=none;hMul=1.000;gMul=1.000;qMul=1.000;qAdd=0.000;rpiOff=0.000,1874,7458,"RacePacingRejected, RACE action=reject_survival:6654;RacePacingRejected, RACE action=reject_pacing:801;ReplacementNotAllowed:3"
2026-09-16T04:54:40.3138788+00:00,1987278600,0.000000,0,1.000000,0.000000,0.000000,0.340000,SURVIVAL,SURVIVAL,NONE,H_t,reject_survival,phase=none;hMul=1.000;gMul=1.000;qMul=1.000;qAdd=0.000;rpiOff=0.000,1874,7458,"RacePacingRejected, RACE action=reject_survival:6654;RacePacingRejected, RACE action=reject_pacing:801;ReplacementNotAllowed:3"
2026-09-16T04:54:40.8144363+00:00,1987278600,0.000000,0,1.000000,0.000000,0.000000,0.340000,SURVIVAL,SURVIVAL,NONE,H_t,reject_survival,phase=none;hMul=1.000;gMul=1.000;qMul=1.000;qAdd=0.000;rpiOff=0.000,1874,7458,"RacePacingRejected, RACE action=reject_survival:6654;RacePacingRejected, RACE action=reject_pacing:801;ReplacementNotAllowed:3"
2026-09-16T04:54:41.3139062+00:00,1987368808,0.000000,0,1.000000,0.000000,0.000000,0.340000,SURVIVAL,SURVIVAL,NONE,H_t,reject_survival,phase=none;hMul=1.000;gMul=1.000;qMul=1.000;qAdd=0.000;rpiOff=0.000,1874,7458,"RacePacingRejected, RACE action=reject_survival:6654;RacePacingRejected, RACE action=reject_pacing:801;ReplacementNotAllowed:3"
2026-09-16T04:54:41.8143684+00:00,1987368808,0.000000,0,1.000000,0.000000,0.000000,0.340000,SURVIVAL,SURVIVAL,NONE,H_t,reject_survival,phase=none;hMul=1.000;gMul=1.000;qMul=1.000;qAdd=0.000;rpiOff=0.000,1874,7458,"RacePacingRejected, RACE action=reject_survival:6654;RacePacingRejected, RACE action=reject_pacing:801;ReplacementNotAllowed:3"
2026-09-16T04:54:42.3139574+00:00,1987425864,0.000000,0,1.000000,0.000000,0.000000,0.340000,SURVIVAL,SURVIVAL,NONE,H_t,reject_survival,phase=none;hMul=1.000;gMul=1.000;qMul=1.000;qAdd=0.000;rpiOff=0.000,1874,7458,"RacePacingRejected, RACE action=reject_survival:6654;RacePacingRejected, RACE action=reject_pacing:801;ReplacementNotAllowed:3"
2026-09-16T04:54:42.8144165+00:00,1987425864,0.000000,0,1.000000,0.000000,0.000000,0.340000,SURVIVAL,SURVIVAL,NONE,H_t,reject_survival,phase=none;hMul=1.000;gMul=1.000;qMul=1.000;qAdd=0.000;rpiOff=0.000,1874,7458,"RacePacingRejected, RACE action=reject_survival:6654;RacePacingRejected, RACE action=reject_pacing:801;ReplacementNotAllowed:3"
2026-09-16T04:54:43.3146923+00:00,1987507592,0.000000,0,1.000000,0.000000,0.000000,0.340000,SURVIVAL,SURVIVAL,NONE,H_t,reject_survival,phase=none;hMul=1.000;gMul=1.000;qMul=1.000;qAdd=0.000;rpiOff=0.000,1874,7458,"RacePacingRejected, RACE action=reject_survival:6654;RacePacingRejected, RACE action=reject_pacing:801;ReplacementNotAllowed:3"
2026-09-16T04:54:43.8141562+00:00,1987507592,0.000000,0,1.000000,0.000000,0.000000,0.340000,SURVIVAL,SURVIVAL,NONE,H_t,reject_survival,phase=none;hMul=1.000;gMul=1.000;qMul=1.000;qAdd=0.000;rpiOff=0.000,1874,7458,"RacePacingRejected, RACE action=reject_survival:6654;RacePacingRejected, RACE action=reject_pacing:801;ReplacementNotAllowed:3"
2026-09-16T04:54:44.3140982+00:00,1987565160,0.000000,0,1.000000,0.000000,0.000000,0.340000,SURVIVAL,SURVIVAL,NONE,H_t,reject_survival,phase=none;hMul=1.000;gMul=1.000;qMul=1.000;qAdd=0.000;rpiOff=0.000,1874,7458,"RacePacingRejected, RACE action=reject_survival:6654;RacePacingRejected, RACE action=reject_pacing:801;ReplacementNotAllowed:3"
2026-09-16T04:54:44.8145999+00:00,1987573384,0.000000,0,1.000000,0.000000,0.000000,0.340000,SURVIVAL,SURVIVAL,NONE,H_t,reject_survival,phase=none;hMul=1.000;gMul=1.000;qMul=1.000;qAdd=0.000;rpiOff=0.000,1874,7458,"RacePacingRejected, RACE action=reject_survival:6654;RacePacingRejected, RACE action=reject_pacing:801;ReplacementNotAllowed:3"
2026-09-16T04:54:45.3139353+00:00,1987647144,0.000000,0,1.000000,0.000000,0.000000,0.340000,SURVIVAL,SURVIVAL,NONE,H_t,reject_survival,phase=none;hMul=1.000;gMul=1.000;qMul=1.000;qAdd=0.000;rpiOff=0.000,1874,7458,"RacePacingRejected, RACE action=reject_survival:6654;RacePacingRejected, RACE action=reject_pacing:801;ReplacementNotAllowed:3"
2026-09-16T04:54:45.8143949+00:00,1987655368,0.000000,0,1.000000,0.000000,0.000000,0.340000,SURVIVAL,SURVIVAL,NONE,H_t,reject_survival,phase=none;hMul=1.000;gMul=1.000;qMul=1.000;qAdd=0.000;rpiOff=0.000,1874,7458,"RacePacingRejected, RACE action=reject_survival:6654;RacePacingRejected, RACE action=reject_pacing:801;ReplacementNotAllowed:3"
2026-09-16T04:54:46.3142197+00:00,1987720904,0.000000,0,1.000000,0.000000,0.000000,0.340000,SURVIVAL,SURVIVAL,NONE,H_t,reject_survival,phase=none;hMul=1.000;gMul=1.000;qMul=1.000;qAdd=0.000;rpiOff=0.000,1874,7458,"RacePacingRejected, RACE action=reject_survival:6654;RacePacingRejected, RACE action=reject_pacing:801;ReplacementNotAllowed:3"
2026-09-16T04:54:46.8139237+00:00,1987729128,0.000000,0,1.000000,0.000000,0.000000,0.340000,SURVIVAL,SURVIVAL,NONE,H_t,reject_survival,phase=none;hMul=1.000;gMul=1.000;qMul=1.000;qAdd=0.000;rpiOff=0.000,1874,7458,"RacePacingRejected, RACE action=reject_survival:6654;RacePacingRejected, RACE action=reject_pacing:801;ReplacementNotAllowed:3"
2026-09-16T04:54:47.3138740+00:00,1987819080,0.000000,0,1.000000,0.000000,0.000000,0.340000,SURVIVAL,SURVIVAL,NONE,H_t,reject_survival,phase=none;hMul=1.000;gMul=1.000;qMul=1.000;qAdd=0.000;rpiOff=0.000,1874,7458,"RacePacingRejected, RACE action=reject_survival:6654;RacePacingRejected, RACE action=reject_pacing:801;ReplacementNotAllowed:3"
2026-09-16T04:54:47.8139045+00:00,1987819080,0.000000,0,1.000000,0.000000,0.000000,0.340000,SURVIVAL,SURVIVAL,NONE,H_t,reject_survival,phase=none;hMul=1.000;gMul=1.000;qMul=1.000;qAdd=0.000;rpiOff=0.000,1874,7458,"RacePacingRejected, RACE action=reject_survival:6654;RacePacingRejected, RACE action=reject_pacing:801;ReplacementNotAllowed:3"
2026-09-16T04:54:48.3138623+00:00,1987876408,0.000000,0,1.000000,0.000000,0.000000,0.340000,SURVIVAL,SURVIVAL,NONE,H_t,reject_survival,phase=none;hMul=1.000;gMul=1.000;qMul=1.000;qAdd=0.000;rpiOff=0.000,1874,7458,"RacePacingRejected, RACE action=reject_survival:6654;RacePacingRejected, RACE action=reject_pacing:801;ReplacementNotAllowed:3"
2026-09-16T04:54:48.8143131+00:00,1987884632,0.000000,0,1.000000,0.000000,0.000000,0.340000,SURVIVAL,SURVIVAL,NONE,H_t,reject_survival,phase=none;hMul=1.000;gMul=1.000;qMul=1.000;qAdd=0.000;rpiOff=0.000,1874,7458,"RacePacingRejected, RACE action=reject_survival:6654;RacePacingRejected, RACE action=reject_pacing:801;ReplacementNotAllowed:3"
2026-09-16T04:54:49.3145152+00:00,1988032200,0.000000,0,1.000000,0.000000,0.000000,0.340000,SURVIVAL,SURVIVAL,NONE,H_t,reject_survival,phase=none;hMul=1.000;gMul=1.000;qMul=1.000;qAdd=0.000;rpiOff=0.000,1874,7458,"RacePacingRejected, RACE action=reject_survival:6654;RacePacingRejected, RACE action=reject_pacing:801;ReplacementNotAllowed:3"
2026-09-16T04:54:49.8139721+00:00,1988032200,0.000000,0,1.000000,0.000000,0.000000,0.340000,SURVIVAL,SURVIVAL,NONE,H_t,reject_survival,phase=none;hMul=1.000;gMul=1.000;qMul=1.000;qAdd=0.000;rpiOff=0.000,1874,7458,"RacePacingRejected, RACE action=reject_survival:6654;RacePacingRejected, RACE action=reject_pacing:801;ReplacementNotAllowed:3"
2026-09-16T04:54:50.3145676+00:00,1988447184,0.000000,0,1.000000,0.000000,0.000000,0.340000,SURVIVAL,SURVIVAL,NONE,H_t,reject_survival,phase=none;hMul=1.000;gMul=1.000;qMul=1.000;qAdd=0.000;rpiOff=0.000,1874,7458,"RacePacingRejected, RACE action=reject_survival:6654;RacePacingRejected, RACE action=reject_pacing:801;ReplacementNotAllowed:3"
2026-09-16T04:54:50.8140041+00:00,1988455408,0.000000,0,1.000000,0.000000,0.000000,0.340000,SURVIVAL,SURVIVAL,NONE,H_t,reject_survival,phase=none;hMul=1.000;gMul=1.000;qMul=1.000;qAdd=0.000;rpiOff=0.000,1874,7458,"RacePacingRejected, RACE action=reject_survival:6654;RacePacingRejected, RACE action=reject_pacing:801;ReplacementNotAllowed:3"
2026-09-16T04:54:51.3145621+00:00,1988537136,0.000000,0,1.000000,0.000000,0.000000,0.340000,SURVIVAL,SURVIVAL,NONE,H_t,reject_survival,phase=none;hMul=1.000;gMul=1.000;qMul=1.000;qAdd=0.000;rpiOff=0.000,1874,7458,"RacePacingRejected, RACE action=reject_survival:6654;RacePacingRejected, RACE action=reject_pacing:801;ReplacementNotAllowed:3"
2026-09-16T04:54:51.8139870+00:00,1988537136,0.000000,0,1.000000,0.000000,0.000000,0.340000,SURVIVAL,SURVIVAL,NONE,H_t,reject_survival,phase=none;hMul=1.000;gMul=1.000;qMul=1.000;qAdd=0.000;rpiOff=0.000,1874,7458,"RacePacingRejected, RACE action=reject_survival:6654;RacePacingRejected, RACE action=reject_pacing:801;ReplacementNotAllowed:3"
2026-09-16T04:54:52.3147272+00:00,1988594448,0.000000,0,1.000000,0.000000,0.000000,0.340000,SURVIVAL,SURVIVAL,NONE,H_t,reject_survival,phase=none;hMul=1.000;gMul=1.000;qMul=1.000;qAdd=0.000;rpiOff=0.000,1874,7458,"RacePacingRejected, RACE action=reject_survival:6654;RacePacingRejected, RACE action=reject_pacing:801;ReplacementNotAllowed:3"
2026-09-16T04:54:52.8141944+00:00,1988602672,0.000000,0,1.000000,0.000000,0.000000,0.340000,SURVIVAL,SURVIVAL,NONE,H_t,reject_survival,phase=none;hMul=1.000;gMul=1.000;qMul=1.000;qAdd=0.000;rpiOff=0.000,1874,7458,"RacePacingRejected, RACE action=reject_survival:6654;RacePacingRejected, RACE action=reject_pacing:801;ReplacementNotAllowed:3"
2026-09-16T04:54:53.3137970+00:00,1988676432,0.000000,0,1.000000,0.000000,0.000000,0.340000,SURVIVAL,SURVIVAL,NONE,H_t,reject_survival,phase=none;hMul=1.000;gMul=1.000;qMul=1.000;qAdd=0.000;rpiOff=0.000,1874,7458,"RacePacingRejected, RACE action=reject_survival:6654;RacePacingRejected, RACE action=reject_pacing:801;ReplacementNotAllowed:3"
2026-09-16T04:54:53.8140929+00:00,1988676432,0.000000,0,1.000000,0.000000,0.000000,0.340000,SURVIVAL,SURVIVAL,NONE,H_t,reject_survival,phase=none;hMul=1.000;gMul=1.000;qMul=1.000;qAdd=0.000;rpiOff=0.000,1874,7458,"RacePacingRejected, RACE action=reject_survival:6654;RacePacingRejected, RACE action=reject_pacing:801;ReplacementNotAllowed:3"
2026-09-16T04:54:54.3138429+00:00,1988734000,0.000000,0,1.000000,0.000000,0.000000,0.340000,SURVIVAL,SURVIVAL,NONE,H_t,reject_survival,phase=none;hMul=1.000;gMul=1.000;qMul=1.000;qAdd=0.000;rpiOff=0.000,1874,7458,"RacePacingRejected, RACE action=reject_survival:6654;RacePacingRejected, RACE action=reject_pacing:801;ReplacementNotAllowed:3"
2026-09-16T04:54:54.8142506+00:00,1988734000,0.000000,0,1.000000,0.000000,0.000000,0.340000,SURVIVAL,SURVIVAL,NONE,H_t,reject_survival,phase=none;hMul=1.000;gMul=1.000;qMul=1.000;qAdd=0.000;rpiOff=0.000,1874,7458,"RacePacingRejected, RACE action=reject_survival:6654;RacePacingRejected, RACE action=reject_pacing:801;ReplacementNotAllowed:3"
2026-09-16T04:54:55.3138096+00:00,1988793272,0.000000,0,1.000000,0.000000,0.000000,0.340000,SURVIVAL,SURVIVAL,NONE,H_t,reject_survival,phase=none;hMul=1.000;gMul=1.000;qMul=1.000;qAdd=0.000;rpiOff=0.000,1874,7458,"RacePacingRejected, RACE action=reject_survival:6654;RacePacingRejected, RACE action=reject_pacing:801;ReplacementNotAllowed:3"
2026-09-16T04:54:55.8142646+00:00,1988801496,0.000000,0,1.000000,0.000000,0.000000,0.340000,SURVIVAL,SURVIVAL,NONE,H_t,reject_survival,phase=none;hMul=1.000;gMul=1.000;qMul=1.000;qAdd=0.000;rpiOff=0.000,1874,7458,"RacePacingRejected, RACE action=reject_survival:6654;RacePacingRejected, RACE action=reject_pacing:801;ReplacementNotAllowed:3"
2026-09-16T04:54:56.3139028+00:00,1988883480,0.000000,0,1.000000,0.000000,0.000000,0.340000,SURVIVAL,SURVIVAL,NONE,H_t,reject_survival,phase=none;hMul=1.000;gMul=1.000;qMul=1.000;qAdd=0.000;rpiOff=0.000,1874,7458,"RacePacingRejected, RACE action=reject_survival:6654;RacePacingRejected, RACE action=reject_pacing:801;ReplacementNotAllowed:3"
2026-09-16T04:54:56.8145925+00:00,1988891704,0.000000,0,1.000000,0.000000,0.000000,0.340000,SURVIVAL,SURVIVAL,NONE,H_t,reject_survival,phase=none;hMul=1.000;gMul=1.000;qMul=1.000;qAdd=0.000;rpiOff=0.000,1874,7458,"RacePacingRejected, RACE action=reject_survival:6654;RacePacingRejected, RACE action=reject_pacing:801;ReplacementNotAllowed:3"
2026-09-16T04:54:57.3143391+00:00,1988940792,0.000000,0,1.000000,0.000000,0.000000,0.340000,SURVIVAL,SURVIVAL,NONE,H_t,reject_survival,phase=none;hMul=1.000;gMul=1.000;qMul=1.000;qAdd=0.000;rpiOff=0.000,1874,7458,"RacePacingRejected, RACE action=reject_survival:6654;RacePacingRejected, RACE action=reject_pacing:801;ReplacementNotAllowed:3"
2026-09-16T04:54:57.8138159+00:00,1988949016,0.000000,0,1.000000,0.000000,0.000000,0.340000,SURVIVAL,SURVIVAL,NONE,H_t,reject_survival,phase=none;hMul=1.000;gMul=1.000;qMul=1.000;qAdd=0.000;rpiOff=0.000,1874,7458,"RacePacingRejected, RACE action=reject_survival:6654;RacePacingRejected, RACE action=reject_pacing:801;ReplacementNotAllowed:3"
2026-09-16T04:54:58.3141117+00:00,1989030552,0.000000,0,1.000000,0.000000,0.000000,0.340000,SURVIVAL,SURVIVAL,NONE,H_t,reject_survival,phase=none;hMul=1.000;gMul=1.000;qMul=1.000;qAdd=0.000;rpiOff=0.000,1874,7458,"RacePacingRejected, RACE action=reject_survival:6654;RacePacingRejected, RACE action=reject_pacing:801;ReplacementNotAllowed:3"
2026-09-16T04:54:58.8146378+00:00,1989030552,0.000000,0,1.000000,0.000000,0.000000,0.340000,SURVIVAL,SURVIVAL,NONE,H_t,reject_survival,phase=none;hMul=1.000;gMul=1.000;qMul=1.000;qAdd=0.000;rpiOff=0.000,1874,7458,"RacePacingRejected, RACE action=reject_survival:6654;RacePacingRejected, RACE action=reject_pacing:801;ReplacementNotAllowed:3"
2026-09-16T04:54:59.3144030+00:00,1989079640,0.000000,0,1.000000,0.000000,0.000000,0.340000,SURVIVAL,SURVIVAL,NONE,H_t,reject_survival,phase=none;hMul=1.000;gMul=1.000;qMul=1.000;qAdd=0.000;rpiOff=0.000,1874,7458,"RacePacingRejected, RACE action=reject_survival:6654;RacePacingRejected, RACE action=reject_pacing:801;ReplacementNotAllowed:3"
2026-09-16T04:54:59.8140347+00:00,1989079640,0.000000,0,1.000000,0.000000,0.000000,0.340000,SURVIVAL,SURVIVAL,NONE,H_t,reject_survival,phase=none;hMul=1.000;gMul=1.000;qMul=1.000;qAdd=0.000;rpiOff=0.000,1874,7458,"RacePacingRejected, RACE action=reject_survival:6654;RacePacingRejected, RACE action=reject_pacing:801;ReplacementNotAllowed:3"
2026-09-16T04:55:00.3143817+00:00,1989161880,0.000000,0,1.000000,0.000000,0.000000,0.340000,SURVIVAL,SURVIVAL,NONE,H_t,reject_survival,phase=none;hMul=1.000;gMul=1.000;qMul=1.000;qAdd=0.000;rpiOff=0.000,1874,7458,"RacePacingRejected, RACE action=reject_survival:6654;RacePacingRejected, RACE action=reject_pacing:801;ReplacementNotAllowed:3"
2026-09-16T04:55:00.8138598+00:00,1989161880,0.000000,0,1.000000,0.000000,0.000000,0.340000,SURVIVAL,SURVIVAL,NONE,H_t,reject_survival,phase=none;hMul=1.000;gMul=1.000;qMul=1.000;qAdd=0.000;rpiOff=0.000,1874,7458,"RacePacingRejected, RACE action=reject_survival:6654;RacePacingRejected, RACE action=reject_pacing:801;ReplacementNotAllowed:3"
2026-09-16T04:55:01.3147042+00:00,1989211224,0.000000,0,1.000000,0.000000,0.000000,0.340000,SURVIVAL,SURVIVAL,NONE,H_t,reject_survival,phase=none;hMul=1.000;gMul=1.000;qMul=1.000;qAdd=0.000;rpiOff=0.000,1874,7458,"RacePacingRejected, RACE action=reject_survival:6654;RacePacingRejected, RACE action=reject_pacing:801;ReplacementNotAllowed:3"
2026-09-16T04:55:01.8142930+00:00,1989211224,0.000000,0,1.000000,0.000000,0.000000,0.340000,SURVIVAL,SURVIVAL,NONE,H_t,reject_survival,phase=none;hMul=1.000;gMul=1.000;qMul=1.000;qAdd=0.000;rpiOff=0.000,1874,7458,"RacePacingRejected, RACE action=reject_survival:6654;RacePacingRejected, RACE action=reject_pacing:801;ReplacementNotAllowed:3"
2026-09-16T04:55:02.3146362+00:00,1989309400,0.000000,0,1.000000,0.000000,0.000000,0.340000,SURVIVAL,SURVIVAL,NONE,H_t,reject_survival,phase=none;hMul=1.000;gMul=1.000;qMul=1.000;qAdd=0.000;rpiOff=0.000,1874,7458,"RacePacingRejected, RACE action=reject_survival:6654;RacePacingRejected, RACE action=reject_pacing:801;ReplacementNotAllowed:3"
2026-09-16T04:55:02.8141516+00:00,1989309400,0.000000,0,1.000000,0.000000,0.000000,0.340000,SURVIVAL,SURVIVAL,NONE,H_t,reject_survival,phase=none;hMul=1.000;gMul=1.000;qMul=1.000;qAdd=0.000;rpiOff=0.000,1874,7458,"RacePacingRejected, RACE action=reject_survival:6654;RacePacingRejected, RACE action=reject_pacing:801;ReplacementNotAllowed:3"
2026-09-16T04:55:03.3140871+00:00,1989358744,0.000000,0,1.000000,0.000000,0.000000,0.340000,SURVIVAL,SURVIVAL,NONE,H_t,reject_survival,phase=none;hMul=1.000;gMul=1.000;qMul=1.000;qAdd=0.000;rpiOff=0.000,1874,7458,"RacePacingRejected, RACE action=reject_survival:6654;RacePacingRejected, RACE action=reject_pacing:801;ReplacementNotAllowed:3"
2026-09-16T04:55:03.8146306+00:00,1989366968,0.000000,0,1.000000,0.000000,0.000000,0.340000,SURVIVAL,SURVIVAL,NONE,H_t,reject_survival,phase=none;hMul=1.000;gMul=1.000;qMul=1.000;qAdd=0.000;rpiOff=0.000,1874,7458,"RacePacingRejected, RACE action=reject_survival:6654;RacePacingRejected, RACE action=reject_pacing:801;ReplacementNotAllowed:3"
2026-09-16T04:55:04.3139132+00:00,1989448440,0.000000,0,1.000000,0.000000,0.000000,0.340000,SURVIVAL,SURVIVAL,NONE,H_t,reject_survival,phase=none;hMul=1.000;gMul=1.000;qMul=1.000;qAdd=0.000;rpiOff=0.000,1874,7458,"RacePacingRejected, RACE action=reject_survival:6654;RacePacingRejected, RACE action=reject_pacing:801;ReplacementNotAllowed:3"
2026-09-16T04:55:04.8143822+00:00,1989448440,0.000000,0,1.000000,0.000000,0.000000,0.340000,SURVIVAL,SURVIVAL,NONE,H_t,reject_survival,phase=none;hMul=1.000;gMul=1.000;qMul=1.000;qAdd=0.000;rpiOff=0.000,1874,7458,"RacePacingRejected, RACE action=reject_survival:6654;RacePacingRejected, RACE action=reject_pacing:801;ReplacementNotAllowed:3"
2026-09-16T04:55:05.3139125+00:00,1989506008,0.000000,0,1.000000,0.000000,0.000000,0.340000,SURVIVAL,SURVIVAL,NONE,H_t,reject_survival,phase=none;hMul=1.000;gMul=1.000;qMul=1.000;qAdd=0.000;rpiOff=0.000,1874,7458,"RacePacingRejected, RACE action=reject_survival:6654;RacePacingRejected, RACE action=reject_pacing:801;ReplacementNotAllowed:3"
2026-09-16T04:55:05.8144881+00:00,1989506008,0.000000,0,1.000000,0.000000,0.000000,0.340000,SURVIVAL,SURVIVAL,NONE,H_t,reject_survival,phase=none;hMul=1.000;gMul=1.000;qMul=1.000;qAdd=0.000;rpiOff=0.000,1874,7458,"RacePacingRejected, RACE action=reject_survival:6654;RacePacingRejected, RACE action=reject_pacing:801;ReplacementNotAllowed:3"
2026-09-16T04:55:06.3138692+00:00,1989579768,0.000000,0,1.000000,0.000000,0.000000,0.340000,SURVIVAL,SURVIVAL,NONE,H_t,reject_survival,phase=none;hMul=1.000;gMul=1.000;qMul=1.000;qAdd=0.000;rpiOff=0.000,1874,7458,"RacePacingRejected, RACE action=reject_survival:6654;RacePacingRejected, RACE action=reject_pacing:801;ReplacementNotAllowed:3"
2026-09-16T04:55:06.8139543+00:00,1989587992,0.000000,0,1.000000,0.000000,0.000000,0.340000,SURVIVAL,SURVIVAL,NONE,H_t,reject_survival,phase=none;hMul=1.000;gMul=1.000;qMul=1.000;qAdd=0.000;rpiOff=0.000,1874,7458,"RacePacingRejected, RACE action=reject_survival:6654;RacePacingRejected, RACE action=reject_pacing:801;ReplacementNotAllowed:3"
2026-09-16T04:55:07.3144703+00:00,1989661496,0.000000,0,1.000000,0.000000,0.000000,0.340000,SURVIVAL,SURVIVAL,NONE,H_t,reject_survival,phase=none;hMul=1.000;gMul=1.000;qMul=1.000;qAdd=0.000;rpiOff=0.000,1874,7458,"RacePacingRejected, RACE action=reject_survival:6654;RacePacingRejected, RACE action=reject_pacing:801;ReplacementNotAllowed:3"
2026-09-16T04:55:07.8140301+00:00,1989661496,0.000000,0,1.000000,0.000000,0.000000,0.340000,SURVIVAL,SURVIVAL,NONE,H_t,reject_survival,phase=none;hMul=1.000;gMul=1.000;qMul=1.000;qAdd=0.000;rpiOff=0.000,1874,7458,"RacePacingRejected, RACE action=reject_survival:6654;RacePacingRejected, RACE action=reject_pacing:801;ReplacementNotAllowed:3"
2026-09-16T04:55:08.3146683+00:00,1989719064,0.000000,0,1.000000,0.000000,0.000000,0.340000,SURVIVAL,SURVIVAL,NONE,H_t,reject_survival,phase=none;hMul=1.000;gMul=1.000;qMul=1.000;qAdd=0.000;rpiOff=0.000,1874,7458,"RacePacingRejected, RACE action=reject_survival:6654;RacePacingRejected, RACE action=reject_pacing:801;ReplacementNotAllowed:3"
2026-09-16T04:55:08.8142836+00:00,1989719064,0.000000,0,1.000000,0.000000,0.000000,0.340000,SURVIVAL,SURVIVAL,NONE,H_t,reject_survival,phase=none;hMul=1.000;gMul=1.000;qMul=1.000;qAdd=0.000;rpiOff=0.000,1874,7458,"RacePacingRejected, RACE action=reject_survival:6654;RacePacingRejected, RACE action=reject_pacing:801;ReplacementNotAllowed:3"
2026-09-16T04:55:09.3145712+00:00,1989792824,0.000000,0,1.000000,0.000000,0.000000,0.340000,SURVIVAL,SURVIVAL,NONE,H_t,reject_survival,phase=none;hMul=1.000;gMul=1.000;qMul=1.000;qAdd=0.000;rpiOff=0.000,1874,7458,"RacePacingRejected, RACE action=reject_survival:6654;RacePacingRejected, RACE action=reject_pacing:801;ReplacementNotAllowed:3"
2026-09-16T04:55:09.8140693+00:00,1989792824,0.000000,0,1.000000,0.000000,0.000000,0.340000,SURVIVAL,SURVIVAL,NONE,H_t,reject_survival,phase=none;hMul=1.000;gMul=1.000;qMul=1.000;qAdd=0.000;rpiOff=0.000,1874,7458,"RacePacingRejected, RACE action=reject_survival:6654;RacePacingRejected, RACE action=reject_pacing:801;ReplacementNotAllowed:3"
2026-09-16T04:55:10.3144848+00:00,1989866584,0.000000,0,1.000000,0.000000,0.000000,0.340000,SURVIVAL,SURVIVAL,NONE,H_t,reject_survival,phase=none;hMul=1.000;gMul=1.000;qMul=1.000;qAdd=0.000;rpiOff=0.000,1874,7458,"RacePacingRejected, RACE action=reject_survival:6654;RacePacingRejected, RACE action=reject_pacing:801;ReplacementNotAllowed:3"
2026-09-16T04:55:10.8139702+00:00,1989866584,0.000000,0,1.000000,0.000000,0.000000,0.340000,SURVIVAL,SURVIVAL,NONE,H_t,reject_survival,phase=none;hMul=1.000;gMul=1.000;qMul=1.000;qAdd=0.000;rpiOff=0.000,1874,7458,"RacePacingRejected, RACE action=reject_survival:6654;RacePacingRejected, RACE action=reject_pacing:801;ReplacementNotAllowed:3"
2026-09-16T04:55:11.3146274+00:00,1989940344,0.000000,0,1.000000,0.000000,0.000000,0.340000,SURVIVAL,SURVIVAL,NONE,H_t,reject_survival,phase=none;hMul=1.000;gMul=1.000;qMul=1.000;qAdd=0.000;rpiOff=0.000,1874,7458,"RacePacingRejected, RACE action=reject_survival:6654;RacePacingRejected, RACE action=reject_pacing:801;ReplacementNotAllowed:3"
2026-09-16T04:55:11.8141324+00:00,1989948568,0.000000,0,1.000000,0.000000,0.000000,0.340000,SURVIVAL,SURVIVAL,NONE,H_t,reject_survival,phase=none;hMul=1.000;gMul=1.000;qMul=1.000;qAdd=0.000;rpiOff=0.000,1874,7458,"RacePacingRejected, RACE action=reject_survival:6654;RacePacingRejected, RACE action=reject_pacing:801;ReplacementNotAllowed:3"
2026-09-16T04:55:12.3138104+00:00,1990428168,0.000000,0,1.000000,0.000000,0.000000,0.340000,SURVIVAL,SURVIVAL,NONE,H_t,reject_survival,phase=none;hMul=1.000;gMul=1.000;qMul=1.000;qAdd=0.000;rpiOff=0.000,1874,7458,"RacePacingRejected, RACE action=reject_survival:6654;RacePacingRejected, RACE action=reject_pacing:801;ReplacementNotAllowed:3"
2026-09-16T04:55:12.8143404+00:00,1990436392,0.000000,0,1.000000,0.000000,0.000000,0.340000,SURVIVAL,SURVIVAL,NONE,H_t,reject_survival,phase=none;hMul=1.000;gMul=1.000;qMul=1.000;qAdd=0.000;rpiOff=0.000,1874,7458,"RacePacingRejected, RACE action=reject_survival:6654;RacePacingRejected, RACE action=reject_pacing:801;ReplacementNotAllowed:3"
2026-09-16T04:55:13.3146966+00:00,1990518136,0.000000,0,1.000000,0.000000,0.000000,0.340000,SURVIVAL,SURVIVAL,NONE,H_t,reject_survival,phase=none;hMul=1.000;gMul=1.000;qMul=1.000;qAdd=0.000;rpiOff=0.000,1874,7458,"RacePacingRejected, RACE action=reject_survival:6654;RacePacingRejected, RACE action=reject_pacing:801;ReplacementNotAllowed:3"
2026-09-16T04:55:13.8139857+00:00,1990526360,0.000000,0,1.000000,0.000000,0.000000,0.340000,SURVIVAL,SURVIVAL,NONE,H_t,reject_survival,phase=none;hMul=1.000;gMul=1.000;qMul=1.000;qAdd=0.000;rpiOff=0.000,1874,7458,"RacePacingRejected, RACE action=reject_survival:6654;RacePacingRejected, RACE action=reject_pacing:801;ReplacementNotAllowed:3"
2026-09-16T04:55:14.3141046+00:00,1990575704,0.000000,0,1.000000,0.000000,0.000000,0.340000,SURVIVAL,SURVIVAL,NONE,H_t,reject_survival,phase=none;hMul=1.000;gMul=1.000;qMul=1.000;qAdd=0.000;rpiOff=0.000,1874,7458,"RacePacingRejected, RACE action=reject_survival:6654;RacePacingRejected, RACE action=reject_pacing:801;ReplacementNotAllowed:3"
2026-09-16T04:55:14.8145615+00:00,1990583928,0.000000,0,1.000000,0.000000,0.000000,0.340000,SURVIVAL,SURVIVAL,NONE,H_t,reject_survival,phase=none;hMul=1.000;gMul=1.000;qMul=1.000;qAdd=0.000;rpiOff=0.000,1874,7458,"RacePacingRejected, RACE action=reject_survival:6654;RacePacingRejected, RACE action=reject_pacing:801;ReplacementNotAllowed:3"
2026-09-16T04:55:15.3139939+00:00,1990665336,0.000000,0,1.000000,0.000000,0.000000,0.340000,SURVIVAL,SURVIVAL,NONE,H_t,reject_survival,phase=none;hMul=1.000;gMul=1.000;qMul=1.000;qAdd=0.000;rpiOff=0.000,1874,7458,"RacePacingRejected, RACE action=reject_survival:6654;RacePacingRejected, RACE action=reject_pacing:801;ReplacementNotAllowed:3"
2026-09-16T04:55:15.8144773+00:00,1990673560,0.000000,0,1.000000,0.000000,0.000000,0.340000,SURVIVAL,SURVIVAL,NONE,H_t,reject_survival,phase=none;hMul=1.000;gMul=1.000;qMul=1.000;qAdd=0.000;rpiOff=0.000,1874,7458,"RacePacingRejected, RACE action=reject_survival:6654;RacePacingRejected, RACE action=reject_pacing:801;ReplacementNotAllowed:3"
2026-09-16T04:55:16.3141526+00:00,1990763768,0.000000,0,1.000000,0.000000,0.000000,0.340000,SURVIVAL,SURVIVAL,NONE,H_t,reject_survival,phase=none;hMul=1.000;gMul=1.000;qMul=1.000;qAdd=0.000;rpiOff=0.000,1874,7458,"RacePacingRejected, RACE action=reject_survival:6654;RacePacingRejected, RACE action=reject_pacing:801;ReplacementNotAllowed:3"
2026-09-16T04:55:16.8138093+00:00,1990763768,0.000000,0,1.000000,0.000000,0.000000,0.340000,SURVIVAL,SURVIVAL,NONE,H_t,reject_survival,phase=none;hMul=1.000;gMul=1.000;qMul=1.000;qAdd=0.000;rpiOff=0.000,1874,7458,"RacePacingRejected, RACE action=reject_survival:6654;RacePacingRejected, RACE action=reject_pacing:801;ReplacementNotAllowed:3"
2026-09-16T04:55:17.3144515+00:00,1990812856,0.000000,0,1.000000,0.000000,0.000000,0.340000,SURVIVAL,SURVIVAL,NONE,H_t,reject_survival,phase=none;hMul=1.000;gMul=1.000;qMul=1.000;qAdd=0.000;rpiOff=0.000,1874,7458,"RacePacingRejected, RACE action=reject_survival:6654;RacePacingRejected, RACE action=reject_pacing:801;ReplacementNotAllowed:3"
2026-09-16T04:55:17.8145282+00:00,1990821080,0.000000,0,1.000000,0.000000,0.000000,0.340000,SURVIVAL,SURVIVAL,NONE,H_t,reject_survival,phase=none;hMul=1.000;gMul=1.000;qMul=1.000;qAdd=0.000;rpiOff=0.000,1874,7458,"RacePacingRejected, RACE action=reject_survival:6654;RacePacingRejected, RACE action=reject_pacing:801;ReplacementNotAllowed:3"
2026-09-16T04:55:18.3138334+00:00,1990894840,0.000000,0,1.000000,0.000000,0.000000,0.340000,SURVIVAL,SURVIVAL,NONE,H_t,reject_survival,phase=none;hMul=1.000;gMul=1.000;qMul=1.000;qAdd=0.000;rpiOff=0.000,1874,7458,"RacePacingRejected, RACE action=reject_survival:6654;RacePacingRejected, RACE action=reject_pacing:801;ReplacementNotAllowed:3"
2026-09-16T04:55:18.8142868+00:00,1990903064,0.000000,0,1.000000,0.000000,0.000000,0.340000,SURVIVAL,SURVIVAL,NONE,H_t,reject_survival,phase=none;hMul=1.000;gMul=1.000;qMul=1.000;qAdd=0.000;rpiOff=0.000,1874,7458,"RacePacingRejected, RACE action=reject_survival:6654;RacePacingRejected, RACE action=reject_pacing:801;ReplacementNotAllowed:3"
2026-09-16T04:55:19.3147609+00:00,1990976744,0.000000,0,1.000000,0.000000,0.000000,0.340000,SURVIVAL,SURVIVAL,NONE,H_t,reject_survival,phase=none;hMul=1.000;gMul=1.000;qMul=1.000;qAdd=0.000;rpiOff=0.000,1874,7458,"RacePacingRejected, RACE action=reject_survival:6654;RacePacingRejected, RACE action=reject_pacing:801;ReplacementNotAllowed:3"
2026-09-16T04:55:19.8142407+00:00,1990984968,0.000000,0,1.000000,0.000000,0.000000,0.340000,SURVIVAL,SURVIVAL,NONE,H_t,reject_survival,phase=none;hMul=1.000;gMul=1.000;qMul=1.000;qAdd=0.000;rpiOff=0.000,1874,7458,"RacePacingRejected, RACE action=reject_survival:6654;RacePacingRejected, RACE action=reject_pacing:801;ReplacementNotAllowed:3"
2026-09-16T04:55:20.3147095+00:00,1991034056,0.000000,0,1.000000,0.000000,0.000000,0.340000,SURVIVAL,SURVIVAL,NONE,H_t,reject_survival,phase=none;hMul=1.000;gMul=1.000;qMul=1.000;qAdd=0.000;rpiOff=0.000,1874,7458,"RacePacingRejected, RACE action=reject_survival:6654;RacePacingRejected, RACE action=reject_pacing:801;ReplacementNotAllowed:3"
2026-09-16T04:55:20.8141371+00:00,1991034056,0.000000,0,1.000000,0.000000,0.000000,0.340000,SURVIVAL,SURVIVAL,NONE,H_t,reject_survival,phase=none;hMul=1.000;gMul=1.000;qMul=1.000;qAdd=0.000;rpiOff=0.000,1874,7458,"RacePacingRejected, RACE action=reject_survival:6654;RacePacingRejected, RACE action=reject_pacing:801;ReplacementNotAllowed:3"
2026-09-16T04:55:21.3144976+00:00,1991116040,0.000000,0,1.000000,0.000000,0.000000,0.340000,SURVIVAL,SURVIVAL,NONE,H_t,reject_survival,phase=none;hMul=1.000;gMul=1.000;qMul=1.000;qAdd=0.000;rpiOff=0.000,1874,7458,"RacePacingRejected, RACE action=reject_survival:6654;RacePacingRejected, RACE action=reject_pacing:801;ReplacementNotAllowed:3"
2026-09-16T04:55:21.8139608+00:00,1991124264,0.000000,0,1.000000,0.000000,0.000000,0.340000,SURVIVAL,SURVIVAL,NONE,H_t,reject_survival,phase=none;hMul=1.000;gMul=1.000;qMul=1.000;qAdd=0.000;rpiOff=0.000,1874,7458,"RacePacingRejected, RACE action=reject_survival:6654;RacePacingRejected, RACE action=reject_pacing:801;ReplacementNotAllowed:3"
2026-09-16T04:55:22.3146667+00:00,1991165128,0.000000,0,1.000000,0.000000,0.000000,0.340000,SURVIVAL,SURVIVAL,NONE,H_t,reject_survival,phase=none;hMul=1.000;gMul=1.000;qMul=1.000;qAdd=0.000;rpiOff=0.000,1874,7458,"RacePacingRejected, RACE action=reject_survival:6654;RacePacingRejected, RACE action=reject_pacing:801;ReplacementNotAllowed:3"
2026-09-16T04:55:22.8141975+00:00,1991173352,0.000000,0,1.000000,0.000000,0.000000,0.340000,SURVIVAL,SURVIVAL,NONE,H_t,reject_survival,phase=none;hMul=1.000;gMul=1.000;qMul=1.000;qAdd=0.000;rpiOff=0.000,1874,7458,"RacePacingRejected, RACE action=reject_survival:6654;RacePacingRejected, RACE action=reject_pacing:801;ReplacementNotAllowed:3"
2026-09-16T04:55:23.3145848+00:00,1991255080,0.000000,0,1.000000,0.000000,0.000000,0.340000,SURVIVAL,SURVIVAL,NONE,H_t,reject_survival,phase=none;hMul=1.000;gMul=1.000;qMul=1.000;qAdd=0.000;rpiOff=0.000,1874,7458,"RacePacingRejected, RACE action=reject_survival:6654;RacePacingRejected, RACE action=reject_pacing:801;ReplacementNotAllowed:3"
2026-09-16T04:55:23.8142727+00:00,1991263304,0.000000,0,1.000000,0.000000,0.000000,0.340000,SURVIVAL,SURVIVAL,NONE,H_t,reject_survival,phase=none;hMul=1.000;gMul=1.000;qMul=1.000;qAdd=0.000;rpiOff=0.000,1874,7458,"RacePacingRejected, RACE action=reject_survival:6654;RacePacingRejected, RACE action=reject_pacing:801;ReplacementNotAllowed:3"
2026-09-16T04:55:24.3139330+00:00,1991312648,0.000000,0,1.000000,0.000000,0.000000,0.340000,SURVIVAL,SURVIVAL,NONE,H_t,reject_survival,phase=none;hMul=1.000;gMul=1.000;qMul=1.000;qAdd=0.000;rpiOff=0.000,1874,7458,"RacePacingRejected, RACE action=reject_survival:6654;RacePacingRejected, RACE action=reject_pacing:801;ReplacementNotAllowed:3"
2026-09-16T04:55:24.8143911+00:00,1991312648,0.000000,0,1.000000,0.000000,0.000000,0.340000,SURVIVAL,SURVIVAL,NONE,H_t,reject_survival,phase=none;hMul=1.000;gMul=1.000;qMul=1.000;qAdd=0.000;rpiOff=0.000,1874,7458,"RacePacingRejected, RACE action=reject_survival:6654;RacePacingRejected, RACE action=reject_pacing:801;ReplacementNotAllowed:3"
2026-09-16T04:55:25.3138568+00:00,1991394632,0.000000,0,1.000000,0.000000,0.000000,0.340000,SURVIVAL,SURVIVAL,NONE,H_t,reject_survival,phase=none;hMul=1.000;gMul=1.000;qMul=1.000;qAdd=0.000;rpiOff=0.000,1874,7458,"RacePacingRejected, RACE action=reject_survival:6654;RacePacingRejected, RACE action=reject_pacing:801;ReplacementNotAllowed:3"
2026-09-16T04:55:25.8143170+00:00,1991402600,0.000000,0,1.000000,0.000000,0.000000,0.340000,SURVIVAL,SURVIVAL,NONE,H_t,reject_survival,phase=none;hMul=1.000;gMul=1.000;qMul=1.000;qAdd=0.000;rpiOff=0.000,1874,7458,"RacePacingRejected, RACE action=reject_survival:6654;RacePacingRejected, RACE action=reject_pacing:801;ReplacementNotAllowed:3"
2026-09-16T04:55:26.3138222+00:00,1991451944,0.000000,0,1.000000,0.000000,0.000000,0.340000,SURVIVAL,SURVIVAL,NONE,H_t,reject_survival,phase=none;hMul=1.000;gMul=1.000;qMul=1.000;qAdd=0.000;rpiOff=0.000,1874,7458,"RacePacingRejected, RACE action=reject_survival:6654;RacePacingRejected, RACE action=reject_pacing:801;ReplacementNotAllowed:3"
2026-09-16T04:55:26.8146137+00:00,1991451944,0.000000,0,1.000000,0.000000,0.000000,0.340000,SURVIVAL,SURVIVAL,NONE,H_t,reject_survival,phase=none;hMul=1.000;gMul=1.000;qMul=1.000;qAdd=0.000;rpiOff=0.000,1874,7458,"RacePacingRejected, RACE action=reject_survival:6654;RacePacingRejected, RACE action=reject_pacing:801;ReplacementNotAllowed:3"
2026-09-16T04:55:27.3140340+00:00,1991533928,0.000000,0,1.000000,0.000000,0.000000,0.340000,SURVIVAL,SURVIVAL,NONE,H_t,reject_survival,phase=none;hMul=1.000;gMul=1.000;qMul=1.000;qAdd=0.000;rpiOff=0.000,1874,7458,"RacePacingRejected, RACE action=reject_survival:6654;RacePacingRejected, RACE action=reject_pacing:801;ReplacementNotAllowed:3"
2026-09-16T04:55:27.8145902+00:00,1991542152,0.000000,0,1.000000,0.000000,0.000000,0.340000,SURVIVAL,SURVIVAL,NONE,H_t,reject_survival,phase=none;hMul=1.000;gMul=1.000;qMul=1.000;qAdd=0.000;rpiOff=0.000,1874,7458,"RacePacingRejected, RACE action=reject_survival:6654;RacePacingRejected, RACE action=reject_pacing:801;ReplacementNotAllowed:3"
2026-09-16T04:55:28.3139215+00:00,1991615656,0.000000,0,1.000000,0.000000,0.000000,0.340000,SURVIVAL,SURVIVAL,NONE,H_t,reject_survival,phase=none;hMul=1.000;gMul=1.000;qMul=1.000;qAdd=0.000;rpiOff=0.000,1874,7458,"RacePacingRejected, RACE action=reject_survival:6654;RacePacingRejected, RACE action=reject_pacing:801;ReplacementNotAllowed:3"
2026-09-16T04:55:28.8143834+00:00,1991623880,0.000000,0,1.000000,0.000000,0.000000,0.340000,SURVIVAL,SURVIVAL,NONE,H_t,reject_survival,phase=none;hMul=1.000;gMul=1.000;qMul=1.000;qAdd=0.000;rpiOff=0.000,1874,7458,"RacePacingRejected, RACE action=reject_survival:6654;RacePacingRejected, RACE action=reject_pacing:801;ReplacementNotAllowed:3"
2026-09-16T04:55:29.3138601+00:00,1991672968,0.000000,0,1.000000,0.000000,0.000000,0.340000,SURVIVAL,SURVIVAL,NONE,H_t,reject_survival,phase=none;hMul=1.000;gMul=1.000;qMul=1.000;qAdd=0.000;rpiOff=0.000,1874,7458,"RacePacingRejected, RACE action=reject_survival:6654;RacePacingRejected, RACE action=reject_pacing:801;ReplacementNotAllowed:3"
2026-09-16T04:55:29.8143665+00:00,1991681192,0.000000,0,1.000000,0.000000,0.000000,0.340000,SURVIVAL,SURVIVAL,NONE,H_t,reject_survival,phase=none;hMul=1.000;gMul=1.000;qMul=1.000;qAdd=0.000;rpiOff=0.000,1874,7458,"RacePacingRejected, RACE action=reject_survival:6654;RacePacingRejected, RACE action=reject_pacing:801;ReplacementNotAllowed:3"
2026-09-16T04:55:30.3140842+00:00,1991779296,0.000000,0,1.000000,0.000000,0.000000,0.340000,SURVIVAL,SURVIVAL,NONE,H_t,reject_survival,phase=none;hMul=1.000;gMul=1.000;qMul=1.000;qAdd=0.000;rpiOff=0.000,1874,7458,"RacePacingRejected, RACE action=reject_survival:6654;RacePacingRejected, RACE action=reject_pacing:801;ReplacementNotAllowed:3"
2026-09-16T04:55:30.8146312+00:00,1991779296,0.000000,0,1.000000,0.000000,0.000000,0.340000,SURVIVAL,SURVIVAL,NONE,H_t,reject_survival,phase=none;hMul=1.000;gMul=1.000;qMul=1.000;qAdd=0.000;rpiOff=0.000,1874,7458,"RacePacingRejected, RACE action=reject_survival:6654;RacePacingRejected, RACE action=reject_pacing:801;ReplacementNotAllowed:3"
2026-09-16T04:55:31.3141516+00:00,1991841128,0.000000,0,1.000000,0.000000,0.000000,0.340000,SURVIVAL,SURVIVAL,NONE,H_t,reject_survival,phase=none;hMul=1.000;gMul=1.000;qMul=1.000;qAdd=0.000;rpiOff=0.000,1874,7458,"RacePacingRejected, RACE action=reject_survival:6654;RacePacingRejected, RACE action=reject_pacing:801;ReplacementNotAllowed:3"
2026-09-16T04:55:31.8146486+00:00,1991841128,0.000000,0,1.000000,0.000000,0.000000,0.340000,SURVIVAL,SURVIVAL,NONE,H_t,reject_survival,phase=none;hMul=1.000;gMul=1.000;qMul=1.000;qAdd=0.000;rpiOff=0.000,1874,7458,"RacePacingRejected, RACE action=reject_survival:6654;RacePacingRejected, RACE action=reject_pacing:801;ReplacementNotAllowed:3"
2026-09-16T04:55:32.3141621+00:00,1991996616,0.000000,0,1.000000,0.000000,0.000000,0.340000,SURVIVAL,SURVIVAL,NONE,H_t,reject_survival,phase=none;hMul=1.000;gMul=1.000;qMul=1.000;qAdd=0.000;rpiOff=0.000,1874,7458,"RacePacingRejected, RACE action=reject_survival:6654;RacePacingRejected, RACE action=reject_pacing:801;ReplacementNotAllowed:3"
2026-09-16T04:55:32.8147133+00:00,1992004840,0.000000,0,1.000000,0.000000,0.000000,0.340000,SURVIVAL,SURVIVAL,NONE,H_t,reject_survival,phase=none;hMul=1.000;gMul=1.000;qMul=1.000;qAdd=0.000;rpiOff=0.000,1874,7458,"RacePacingRejected, RACE action=reject_survival:6654;RacePacingRejected, RACE action=reject_pacing:801;ReplacementNotAllowed:3"
2026-09-16T04:55:33.3143618+00:00,1992423584,0.000000,0,1.000000,0.000000,0.000000,0.340000,SURVIVAL,SURVIVAL,NONE,H_t,reject_survival,phase=none;hMul=1.000;gMul=1.000;qMul=1.000;qAdd=0.000;rpiOff=0.000,1874,7458,"RacePacingRejected, RACE action=reject_survival:6654;RacePacingRejected, RACE action=reject_pacing:801;ReplacementNotAllowed:3"
2026-09-16T04:55:33.8138883+00:00,1992431808,0.000000,0,1.000000,0.000000,0.000000,0.340000,SURVIVAL,SURVIVAL,NONE,H_t,reject_survival,phase=none;hMul=1.000;gMul=1.000;qMul=1.000;qAdd=0.000;rpiOff=0.000,1874,7458,"RacePacingRejected, RACE action=reject_survival:6654;RacePacingRejected, RACE action=reject_pacing:801;ReplacementNotAllowed:3"
2026-09-16T04:55:34.3144349+00:00,1992571104,0.000000,0,1.000000,0.000000,0.000000,0.340000,SURVIVAL,SURVIVAL,NONE,H_t,reject_survival,phase=none;hMul=1.000;gMul=1.000;qMul=1.000;qAdd=0.000;rpiOff=0.000,1874,7458,"RacePacingRejected, RACE action=reject_survival:6654;RacePacingRejected, RACE action=reject_pacing:801;ReplacementNotAllowed:3"
2026-09-16T04:55:34.8139803+00:00,1992579328,0.000000,0,1.000000,0.000000,0.000000,0.340000,SURVIVAL,SURVIVAL,NONE,H_t,reject_survival,phase=none;hMul=1.000;gMul=1.000;qMul=1.000;qAdd=0.000;rpiOff=0.000,1874,7458,"RacePacingRejected, RACE action=reject_survival:6654;RacePacingRejected, RACE action=reject_pacing:801;ReplacementNotAllowed:3"
2026-09-16T04:55:35.3144592+00:00,1992628416,0.000000,0,1.000000,0.000000,0.000000,0.340000,SURVIVAL,SURVIVAL,NONE,H_t,reject_survival,phase=none;hMul=1.000;gMul=1.000;qMul=1.000;qAdd=0.000;rpiOff=0.000,1874,7458,"RacePacingRejected, RACE action=reject_survival:6654;RacePacingRejected, RACE action=reject_pacing:801;ReplacementNotAllowed:3"
2026-09-16T04:55:35.8147814+00:00,1992636640,0.000000,0,1.000000,0.000000,0.000000,0.340000,SURVIVAL,SURVIVAL,NONE,H_t,reject_survival,phase=none;hMul=1.000;gMul=1.000;qMul=1.000;qAdd=0.000;rpiOff=0.000,1874,7458,"RacePacingRejected, RACE action=reject_survival:6654;RacePacingRejected, RACE action=reject_pacing:801;ReplacementNotAllowed:3"
2026-09-16T04:55:36.3141849+00:00,1992734520,0.000000,0,1.000000,0.000000,0.000000,0.340000,SURVIVAL,SURVIVAL,NONE,H_t,reject_survival,phase=none;hMul=1.000;gMul=1.000;qMul=1.000;qAdd=0.000;rpiOff=0.000,1874,7458,"RacePacingRejected, RACE action=reject_survival:6654;RacePacingRejected, RACE action=reject_pacing:801;ReplacementNotAllowed:3"
2026-09-16T04:55:36.8138376+00:00,1992734520,0.000000,0,1.000000,0.000000,0.000000,0.340000,SURVIVAL,SURVIVAL,NONE,H_t,reject_survival,phase=none;hMul=1.000;gMul=1.000;qMul=1.000;qAdd=0.000;rpiOff=0.000,1874,7458,"RacePacingRejected, RACE action=reject_survival:6654;RacePacingRejected, RACE action=reject_pacing:801;ReplacementNotAllowed:3"
2026-09-16T04:55:37.3146224+00:00,1992800056,0.000000,0,1.000000,0.000000,0.000000,0.340000,SURVIVAL,SURVIVAL,NONE,H_t,reject_survival,phase=none;hMul=1.000;gMul=1.000;qMul=1.000;qAdd=0.000;rpiOff=0.000,1874,7458,"RacePacingRejected, RACE action=reject_survival:6654;RacePacingRejected, RACE action=reject_pacing:801;ReplacementNotAllowed:3"
2026-09-16T04:55:37.8140473+00:00,1992800056,0.000000,0,1.000000,0.000000,0.000000,0.340000,SURVIVAL,SURVIVAL,NONE,H_t,reject_survival,phase=none;hMul=1.000;gMul=1.000;qMul=1.000;qAdd=0.000;rpiOff=0.000,1874,7458,"RacePacingRejected, RACE action=reject_survival:6654;RacePacingRejected, RACE action=reject_pacing:801;ReplacementNotAllowed:3"
2026-09-16T04:55:38.3144925+00:00,1992873816,0.000000,0,1.000000,0.000000,0.000000,0.340000,SURVIVAL,SURVIVAL,NONE,H_t,reject_survival,phase=none;hMul=1.000;gMul=1.000;qMul=1.000;qAdd=0.000;rpiOff=0.000,1874,7458,"RacePacingRejected, RACE action=reject_survival:6654;RacePacingRejected, RACE action=reject_pacing:801;ReplacementNotAllowed:3"
2026-09-16T04:55:38.8141075+00:00,1992873816,0.000000,0,1.000000,0.000000,0.000000,0.340000,SURVIVAL,SURVIVAL,NONE,H_t,reject_survival,phase=none;hMul=1.000;gMul=1.000;qMul=1.000;qAdd=0.000;rpiOff=0.000,1874,7458,"RacePacingRejected, RACE action=reject_survival:6654;RacePacingRejected, RACE action=reject_pacing:801;ReplacementNotAllowed:3"
2026-09-16T04:55:39.3146545+00:00,1992923160,0.000000,0,1.000000,0.000000,0.000000,0.340000,SURVIVAL,SURVIVAL,NONE,H_t,reject_survival,phase=none;hMul=1.000;gMul=1.000;qMul=1.000;qAdd=0.000;rpiOff=0.000,1874,7458,"RacePacingRejected, RACE action=reject_survival:6654;RacePacingRejected, RACE action=reject_pacing:801;ReplacementNotAllowed:3"
2026-09-16T04:55:39.8141232+00:00,1992931384,0.000000,0,1.000000,0.000000,0.000000,0.340000,SURVIVAL,SURVIVAL,NONE,H_t,reject_survival,phase=none;hMul=1.000;gMul=1.000;qMul=1.000;qAdd=0.000;rpiOff=0.000,1874,7458,"RacePacingRejected, RACE action=reject_survival:6654;RacePacingRejected, RACE action=reject_pacing:801;ReplacementNotAllowed:3"
2026-09-16T04:55:40.3146683+00:00,1993004888,0.000000,0,1.000000,0.000000,0.000000,0.340000,SURVIVAL,SURVIVAL,NONE,H_t,reject_survival,phase=none;hMul=1.000;gMul=1.000;qMul=1.000;qAdd=0.000;rpiOff=0.000,1874,7458,"RacePacingRejected, RACE action=reject_survival:6654;RacePacingRejected, RACE action=reject_pacing:801;ReplacementNotAllowed:3"
2026-09-16T04:55:40.8142826+00:00,1993013112,0.000000,0,1.000000,0.000000,0.000000,0.340000,SURVIVAL,SURVIVAL,NONE,H_t,reject_survival,phase=none;hMul=1.000;gMul=1.000;qMul=1.000;qAdd=0.000;rpiOff=0.000,1874,7458,"RacePacingRejected, RACE action=reject_survival:6654;RacePacingRejected, RACE action=reject_pacing:801;ReplacementNotAllowed:3"
2026-09-16T04:55:41.3147348+00:00,1993062200,0.000000,0,1.000000,0.000000,0.000000,0.340000,SURVIVAL,SURVIVAL,NONE,H_t,reject_survival,phase=none;hMul=1.000;gMul=1.000;qMul=1.000;qAdd=0.000;rpiOff=0.000,1874,7458,"RacePacingRejected, RACE action=reject_survival:6654;RacePacingRejected, RACE action=reject_pacing:801;ReplacementNotAllowed:3"
2026-09-16T04:55:41.8142296+00:00,1993070424,0.000000,0,1.000000,0.000000,0.000000,0.340000,SURVIVAL,SURVIVAL,NONE,H_t,reject_survival,phase=none;hMul=1.000;gMul=1.000;qMul=1.000;qAdd=0.000;rpiOff=0.000,1874,7458,"RacePacingRejected, RACE action=reject_survival:6654;RacePacingRejected, RACE action=reject_pacing:801;ReplacementNotAllowed:3"
2026-09-16T04:55:42.3145838+00:00,1993144184,0.000000,0,1.000000,0.000000,0.000000,0.340000,SURVIVAL,SURVIVAL,NONE,H_t,reject_survival,phase=none;hMul=1.000;gMul=1.000;qMul=1.000;qAdd=0.000;rpiOff=0.000,1874,7458,"RacePacingRejected, RACE action=reject_survival:6654;RacePacingRejected, RACE action=reject_pacing:801;ReplacementNotAllowed:3"
2026-09-16T04:55:42.8141538+00:00,1993152408,0.000000,0,1.000000,0.000000,0.000000,0.340000,SURVIVAL,SURVIVAL,NONE,H_t,reject_survival,phase=none;hMul=1.000;gMul=1.000;qMul=1.000;qAdd=0.000;rpiOff=0.000,1874,7458,"RacePacingRejected, RACE action=reject_survival:6654;RacePacingRejected, RACE action=reject_pacing:801;ReplacementNotAllowed:3"
2026-09-16T04:55:43.3138419+00:00,1993201496,0.000000,0,1.000000,0.000000,0.000000,0.340000,SURVIVAL,SURVIVAL,NONE,H_t,reject_survival,phase=none;hMul=1.000;gMul=1.000;qMul=1.000;qAdd=0.000;rpiOff=0.000,1874,7458,"RacePacingRejected, RACE action=reject_survival:6654;RacePacingRejected, RACE action=reject_pacing:801;ReplacementNotAllowed:3"
2026-09-16T04:55:43.8144269+00:00,1993209720,0.000000,0,1.000000,0.000000,0.000000,0.340000,SURVIVAL,SURVIVAL,NONE,H_t,reject_survival,phase=none;hMul=1.000;gMul=1.000;qMul=1.000;qAdd=0.000;rpiOff=0.000,1874,7458,"RacePacingRejected, RACE action=reject_survival:6654;RacePacingRejected, RACE action=reject_pacing:801;ReplacementNotAllowed:3"
2026-09-16T04:55:44.3146806+00:00,1993275184,0.000000,0,1.000000,0.000000,0.000000,0.340000,SURVIVAL,SURVIVAL,NONE,H_t,reject_survival,phase=none;hMul=1.000;gMul=1.000;qMul=1.000;qAdd=0.000;rpiOff=0.000,1874,7458,"RacePacingRejected, RACE action=reject_survival:6654;RacePacingRejected, RACE action=reject_pacing:801;ReplacementNotAllowed:3"
2026-09-16T04:55:44.8142536+00:00,1993275184,0.000000,0,1.000000,0.000000,0.000000,0.340000,SURVIVAL,SURVIVAL,NONE,H_t,reject_survival,phase=none;hMul=1.000;gMul=1.000;qMul=1.000;qAdd=0.000;rpiOff=0.000,1874,7458,"RacePacingRejected, RACE action=reject_survival:6654;RacePacingRejected, RACE action=reject_pacing:801;ReplacementNotAllowed:3"
2026-09-16T04:55:45.3140405+00:00,1993324272,0.000000,0,1.000000,0.000000,0.000000,0.340000,SURVIVAL,SURVIVAL,NONE,H_t,reject_survival,phase=none;hMul=1.000;gMul=1.000;qMul=1.000;qAdd=0.000;rpiOff=0.000,1874,7458,"RacePacingRejected, RACE action=reject_survival:6654;RacePacingRejected, RACE action=reject_pacing:801;ReplacementNotAllowed:3"
2026-09-16T04:55:45.8145330+00:00,1993324272,0.000000,0,1.000000,0.000000,0.000000,0.340000,SURVIVAL,SURVIVAL,NONE,H_t,reject_survival,phase=none;hMul=1.000;gMul=1.000;qMul=1.000;qAdd=0.000;rpiOff=0.000,1874,7458,"RacePacingRejected, RACE action=reject_survival:6654;RacePacingRejected, RACE action=reject_pacing:801;ReplacementNotAllowed:3"
2026-09-16T04:55:46.3139591+00:00,1993414480,0.000000,0,1.000000,0.000000,0.000000,0.340000,SURVIVAL,SURVIVAL,NONE,H_t,reject_survival,phase=none;hMul=1.000;gMul=1.000;qMul=1.000;qAdd=0.000;rpiOff=0.000,1874,7458,"RacePacingRejected, RACE action=reject_survival:6654;RacePacingRejected, RACE action=reject_pacing:801;ReplacementNotAllowed:3"
2026-09-16T04:55:46.8146855+00:00,1993422704,0.000000,0,1.000000,0.000000,0.000000,0.340000,SURVIVAL,SURVIVAL,NONE,H_t,reject_survival,phase=none;hMul=1.000;gMul=1.000;qMul=1.000;qAdd=0.000;rpiOff=0.000,1874,7458,"RacePacingRejected, RACE action=reject_survival:6654;RacePacingRejected, RACE action=reject_pacing:801;ReplacementNotAllowed:3"
2026-09-16T04:55:47.3146469+00:00,1993472048,0.000000,0,1.000000,0.000000,0.000000,0.340000,SURVIVAL,SURVIVAL,NONE,H_t,reject_survival,phase=none;hMul=1.000;gMul=1.000;qMul=1.000;qAdd=0.000;rpiOff=0.000,1874,7458,"RacePacingRejected, RACE action=reject_survival:6654;RacePacingRejected, RACE action=reject_pacing:801;ReplacementNotAllowed:3"
2026-09-16T04:55:47.8141724+00:00,1993480272,0.000000,0,1.000000,0.000000,0.000000,0.340000,SURVIVAL,SURVIVAL,NONE,H_t,reject_survival,phase=none;hMul=1.000;gMul=1.000;qMul=1.000;qAdd=0.000;rpiOff=0.000,1874,7458,"RacePacingRejected, RACE action=reject_survival:6654;RacePacingRejected, RACE action=reject_pacing:801;ReplacementNotAllowed:3"
2026-09-16T04:55:48.3145873+00:00,1993545808,0.000000,0,1.000000,0.000000,0.000000,0.340000,SURVIVAL,SURVIVAL,NONE,H_t,reject_survival,phase=none;hMul=1.000;gMul=1.000;qMul=1.000;qAdd=0.000;rpiOff=0.000,1874,7458,"RacePacingRejected, RACE action=reject_survival:6654;RacePacingRejected, RACE action=reject_pacing:801;ReplacementNotAllowed:3"
2026-09-16T04:55:48.8147389+00:00,1993545808,0.000000,0,1.000000,0.000000,0.000000,0.340000,SURVIVAL,SURVIVAL,NONE,H_t,reject_survival,phase=none;hMul=1.000;gMul=1.000;qMul=1.000;qAdd=0.000;rpiOff=0.000,1874,7458,"RacePacingRejected, RACE action=reject_survival:6654;RacePacingRejected, RACE action=reject_pacing:801;ReplacementNotAllowed:3"
2026-09-16T04:55:49.3140224+00:00,1993603120,0.000000,0,1.000000,0.000000,0.000000,0.340000,SURVIVAL,SURVIVAL,NONE,H_t,reject_survival,phase=none;hMul=1.000;gMul=1.000;qMul=1.000;qAdd=0.000;rpiOff=0.000,1874,7458,"RacePacingRejected, RACE action=reject_survival:6654;RacePacingRejected, RACE action=reject_pacing:801;ReplacementNotAllowed:3"
2026-09-16T04:55:49.8144774+00:00,1993611344,0.000000,0,1.000000,0.000000,0.000000,0.340000,SURVIVAL,SURVIVAL,NONE,H_t,reject_survival,phase=none;hMul=1.000;gMul=1.000;qMul=1.000;qAdd=0.000;rpiOff=0.000,1874,7458,"RacePacingRejected, RACE action=reject_survival:6654;RacePacingRejected, RACE action=reject_pacing:801;ReplacementNotAllowed:3"
2026-09-16T04:55:50.3138855+00:00,1993693072,0.000000,0,1.000000,0.000000,0.000000,0.340000,SURVIVAL,SURVIVAL,NONE,H_t,reject_survival,phase=none;hMul=1.000;gMul=1.000;qMul=1.000;qAdd=0.000;rpiOff=0.000,1874,7458,"RacePacingRejected, RACE action=reject_survival:6654;RacePacingRejected, RACE action=reject_pacing:801;ReplacementNotAllowed:3"
2026-09-16T04:55:50.8143719+00:00,1993693072,0.000000,0,1.000000,0.000000,0.000000,0.340000,SURVIVAL,SURVIVAL,NONE,H_t,reject_survival,phase=none;hMul=1.000;gMul=1.000;qMul=1.000;qAdd=0.000;rpiOff=0.000,1874,7458,"RacePacingRejected, RACE action=reject_survival:6654;RacePacingRejected, RACE action=reject_pacing:801;ReplacementNotAllowed:3"
2026-09-16T04:55:51.3140094+00:00,1993750640,0.000000,0,1.000000,0.000000,0.000000,0.340000,SURVIVAL,SURVIVAL,NONE,H_t,reject_survival,phase=none;hMul=1.000;gMul=1.000;qMul=1.000;qAdd=0.000;rpiOff=0.000,1874,7458,"RacePacingRejected, RACE action=reject_survival:6654;RacePacingRejected, RACE action=reject_pacing:801;ReplacementNotAllowed:3"
2026-09-16T04:55:51.8144710+00:00,1993750640,0.000000,0,1.000000,0.000000,0.000000,0.340000,SURVIVAL,SURVIVAL,NONE,H_t,reject_survival,phase=none;hMul=1.000;gMul=1.000;qMul=1.000;qAdd=0.000;rpiOff=0.000,1874,7458,"RacePacingRejected, RACE action=reject_survival:6654;RacePacingRejected, RACE action=reject_pacing:801;ReplacementNotAllowed:3"
2026-09-16T04:55:52.3139077+00:00,1993832112,0.000000,0,1.000000,0.000000,0.000000,0.340000,SURVIVAL,SURVIVAL,NONE,H_t,reject_survival,phase=none;hMul=1.000;gMul=1.000;qMul=1.000;qAdd=0.000;rpiOff=0.000,1874,7458,"RacePacingRejected, RACE action=reject_survival:6654;RacePacingRejected, RACE action=reject_pacing:801;ReplacementNotAllowed:3"
2026-09-16T04:55:52.8143812+00:00,1993840336,0.000000,0,1.000000,0.000000,0.000000,0.340000,SURVIVAL,SURVIVAL,NONE,H_t,reject_survival,phase=none;hMul=1.000;gMul=1.000;qMul=1.000;qAdd=0.000;rpiOff=0.000,1874,7458,"RacePacingRejected, RACE action=reject_survival:6654;RacePacingRejected, RACE action=reject_pacing:801;ReplacementNotAllowed:3"
2026-09-16T04:55:53.3139067+00:00,1993889424,0.000000,0,1.000000,0.000000,0.000000,0.340000,SURVIVAL,SURVIVAL,NONE,H_t,reject_survival,phase=none;hMul=1.000;gMul=1.000;qMul=1.000;qAdd=0.000;rpiOff=0.000,1874,7458,"RacePacingRejected, RACE action=reject_survival:6654;RacePacingRejected, RACE action=reject_pacing:801;ReplacementNotAllowed:3"
2026-09-16T04:55:53.8143665+00:00,1993889424,0.000000,0,1.000000,0.000000,0.000000,0.340000,SURVIVAL,SURVIVAL,NONE,H_t,reject_survival,phase=none;hMul=1.000;gMul=1.000;qMul=1.000;qAdd=0.000;rpiOff=0.000,1874,7458,"RacePacingRejected, RACE action=reject_survival:6654;RacePacingRejected, RACE action=reject_pacing:801;ReplacementNotAllowed:3"
2026-09-16T04:55:54.3147433+00:00,1993971408,0.000000,0,1.000000,0.000000,0.000000,0.340000,SURVIVAL,SURVIVAL,NONE,H_t,reject_survival,phase=none;hMul=1.000;gMul=1.000;qMul=1.000;qAdd=0.000;rpiOff=0.000,1874,7458,"RacePacingRejected, RACE action=reject_survival:6654;RacePacingRejected, RACE action=reject_pacing:801;ReplacementNotAllowed:3"
2026-09-16T04:55:54.8141745+00:00,1993971408,0.000000,0,1.000000,0.000000,0.000000,0.340000,SURVIVAL,SURVIVAL,NONE,H_t,reject_survival,phase=none;hMul=1.000;gMul=1.000;qMul=1.000;qAdd=0.000;rpiOff=0.000,1874,7458,"RacePacingRejected, RACE action=reject_survival:6654;RacePacingRejected, RACE action=reject_pacing:801;ReplacementNotAllowed:3"
2026-09-16T04:55:55.3140272+00:00,1994037200,0.000000,0,1.000000,0.000000,0.000000,0.340000,SURVIVAL,SURVIVAL,NONE,H_t,reject_survival,phase=none;hMul=1.000;gMul=1.000;qMul=1.000;qAdd=0.000;rpiOff=0.000,1874,7458,"RacePacingRejected, RACE action=reject_survival:6654;RacePacingRejected, RACE action=reject_pacing:801;ReplacementNotAllowed:3"
2026-09-16T04:55:55.8145051+00:00,1994037200,0.000000,0,1.000000,0.000000,0.000000,0.340000,SURVIVAL,SURVIVAL,NONE,H_t,reject_survival,phase=none;hMul=1.000;gMul=1.000;qMul=1.000;qAdd=0.000;rpiOff=0.000,1874,7458,"RacePacingRejected, RACE action=reject_survival:6654;RacePacingRejected, RACE action=reject_pacing:801;ReplacementNotAllowed:3"
2026-09-16T04:55:56.3145258+00:00,1994102736,0.000000,0,1.000000,0.000000,0.000000,0.340000,SURVIVAL,SURVIVAL,NONE,H_t,reject_survival,phase=none;hMul=1.000;gMul=1.000;qMul=1.000;qAdd=0.000;rpiOff=0.000,1874,7458,"RacePacingRejected, RACE action=reject_survival:6654;RacePacingRejected, RACE action=reject_pacing:801;ReplacementNotAllowed:3"
2026-09-16T04:55:56.8141819+00:00,1994110960,0.000000,0,1.000000,0.000000,0.000000,0.340000,SURVIVAL,SURVIVAL,NONE,H_t,reject_survival,phase=none;hMul=1.000;gMul=1.000;qMul=1.000;qAdd=0.000;rpiOff=0.000,1874,7458,"RacePacingRejected, RACE action=reject_survival:6654;RacePacingRejected, RACE action=reject_pacing:801;ReplacementNotAllowed:3"
2026-09-16T04:55:57.3139572+00:00,1994160048,0.000000,0,1.000000,0.000000,0.000000,0.340000,SURVIVAL,SURVIVAL,NONE,H_t,reject_survival,phase=none;hMul=1.000;gMul=1.000;qMul=1.000;qAdd=0.000;rpiOff=0.000,1874,7458,"RacePacingRejected, RACE action=reject_survival:6654;RacePacingRejected, RACE action=reject_pacing:801;ReplacementNotAllowed:3"
2026-09-16T04:55:57.8144602+00:00,1994160048,0.000000,0,1.000000,0.000000,0.000000,0.340000,SURVIVAL,SURVIVAL,NONE,H_t,reject_survival,phase=none;hMul=1.000;gMul=1.000;qMul=1.000;qAdd=0.000;rpiOff=0.000,1874,7458,"RacePacingRejected, RACE action=reject_survival:6654;RacePacingRejected, RACE action=reject_pacing:801;ReplacementNotAllowed:3"
2026-09-16T04:55:58.3139883+00:00,1994250000,0.000000,0,1.000000,0.000000,0.000000,0.340000,SURVIVAL,SURVIVAL,NONE,H_t,reject_survival,phase=none;hMul=1.000;gMul=1.000;qMul=1.000;qAdd=0.000;rpiOff=0.000,1874,7458,"RacePacingRejected, RACE action=reject_survival:6654;RacePacingRejected, RACE action=reject_pacing:801;ReplacementNotAllowed:3"
2026-09-16T04:55:58.8145645+00:00,1994250000,0.000000,0,1.000000,0.000000,0.000000,0.340000,SURVIVAL,SURVIVAL,NONE,H_t,reject_survival,phase=none;hMul=1.000;gMul=1.000;qMul=1.000;qAdd=0.000;rpiOff=0.000,1874,7458,"RacePacingRejected, RACE action=reject_survival:6654;RacePacingRejected, RACE action=reject_pacing:801;ReplacementNotAllowed:3"
2026-09-16T04:55:59.3141376+00:00,1994290864,0.000000,0,1.000000,0.000000,0.000000,0.340000,SURVIVAL,SURVIVAL,NONE,H_t,reject_survival,phase=none;hMul=1.000;gMul=1.000;qMul=1.000;qAdd=0.000;rpiOff=0.000,1874,7458,"RacePacingRejected, RACE action=reject_survival:6654;RacePacingRejected, RACE action=reject_pacing:801;ReplacementNotAllowed:3"
2026-09-16T04:55:59.8146550+00:00,1994299088,0.000000,0,1.000000,0.000000,0.000000,0.340000,SURVIVAL,SURVIVAL,NONE,H_t,reject_survival,phase=none;hMul=1.000;gMul=1.000;qMul=1.000;qAdd=0.000;rpiOff=0.000,1874,7458,"RacePacingRejected, RACE action=reject_survival:6654;RacePacingRejected, RACE action=reject_pacing:801;ReplacementNotAllowed:3"
2026-09-16T04:56:00.3143546+00:00,1994373104,0.000000,0,1.000000,0.000000,0.000000,0.340000,SURVIVAL,SURVIVAL,NONE,H_t,reject_survival,phase=none;hMul=1.000;gMul=1.000;qMul=1.000;qAdd=0.000;rpiOff=0.000,1874,7458,"RacePacingRejected, RACE action=reject_survival:6654;RacePacingRejected, RACE action=reject_pacing:801;ReplacementNotAllowed:3"
2026-09-16T04:56:00.8147172+00:00,1994373104,0.000000,0,1.000000,0.000000,0.000000,0.340000,SURVIVAL,SURVIVAL,NONE,H_t,reject_survival,phase=none;hMul=1.000;gMul=1.000;qMul=1.000;qAdd=0.000;rpiOff=0.000,1874,7458,"RacePacingRejected, RACE action=reject_survival:6654;RacePacingRejected, RACE action=reject_pacing:801;ReplacementNotAllowed:3"
2026-09-16T04:56:01.3142014+00:00,1994430160,0.000000,0,1.000000,0.000000,0.000000,0.340000,SURVIVAL,SURVIVAL,NONE,H_t,reject_survival,phase=none;hMul=1.000;gMul=1.000;qMul=1.000;qAdd=0.000;rpiOff=0.000,1874,7458,"RacePacingRejected, RACE action=reject_survival:6654;RacePacingRejected, RACE action=reject_pacing:801;ReplacementNotAllowed:3"
2026-09-16T04:56:01.8147744+00:00,1994430160,0.000000,0,1.000000,0.000000,0.000000,0.340000,SURVIVAL,SURVIVAL,NONE,H_t,reject_survival,phase=none;hMul=1.000;gMul=1.000;qMul=1.000;qAdd=0.000;rpiOff=0.000,1874,7458,"RacePacingRejected, RACE action=reject_survival:6654;RacePacingRejected, RACE action=reject_pacing:801;ReplacementNotAllowed:3"
2026-09-16T04:56:02.3142482+00:00,1994520312,0.000000,0,1.000000,0.000000,0.000000,0.340000,SURVIVAL,SURVIVAL,NONE,H_t,reject_survival,phase=none;hMul=1.000;gMul=1.000;qMul=1.000;qAdd=0.000;rpiOff=0.000,1874,7458,"RacePacingRejected, RACE action=reject_survival:6654;RacePacingRejected, RACE action=reject_pacing:801;ReplacementNotAllowed:3"
2026-09-16T04:56:02.8138299+00:00,1994520312,0.000000,0,1.000000,0.000000,0.000000,0.340000,SURVIVAL,SURVIVAL,NONE,H_t,reject_survival,phase=none;hMul=1.000;gMul=1.000;qMul=1.000;qAdd=0.000;rpiOff=0.000,1874,7458,"RacePacingRejected, RACE action=reject_survival:6654;RacePacingRejected, RACE action=reject_pacing:801;ReplacementNotAllowed:3"
2026-09-16T04:56:03.3143682+00:00,1994577624,0.000000,0,1.000000,0.000000,0.000000,0.340000,SURVIVAL,SURVIVAL,NONE,H_t,reject_survival,phase=none;hMul=1.000;gMul=1.000;qMul=1.000;qAdd=0.000;rpiOff=0.000,1874,7458,"RacePacingRejected, RACE action=reject_survival:6654;RacePacingRejected, RACE action=reject_pacing:801;ReplacementNotAllowed:3"
2026-09-16T04:56:03.8138899+00:00,1994577624,0.000000,0,1.000000,0.000000,0.000000,0.340000,SURVIVAL,SURVIVAL,NONE,H_t,reject_survival,phase=none;hMul=1.000;gMul=1.000;qMul=1.000;qAdd=0.000;rpiOff=0.000,1874,7458,"RacePacingRejected, RACE action=reject_survival:6654;RacePacingRejected, RACE action=reject_pacing:801;ReplacementNotAllowed:3"
2026-09-16T04:56:04.3142272+00:00,1994659608,0.000000,0,1.000000,0.000000,0.000000,0.340000,SURVIVAL,SURVIVAL,NONE,H_t,reject_survival,phase=none;hMul=1.000;gMul=1.000;qMul=1.000;qAdd=0.000;rpiOff=0.000,1874,7458,"RacePacingRejected, RACE action=reject_survival:6654;RacePacingRejected, RACE action=reject_pacing:801;ReplacementNotAllowed:3"
2026-09-16T04:56:04.8146970+00:00,1994659608,0.000000,0,1.000000,0.000000,0.000000,0.340000,SURVIVAL,SURVIVAL,NONE,H_t,reject_survival,phase=none;hMul=1.000;gMul=1.000;qMul=1.000;qAdd=0.000;rpiOff=0.000,1874,7458,"RacePacingRejected, RACE action=reject_survival:6654;RacePacingRejected, RACE action=reject_pacing:801;ReplacementNotAllowed:3"
2026-09-16T04:56:05.3145475+00:00,1994716920,0.000000,0,1.000000,0.000000,0.000000,0.340000,SURVIVAL,SURVIVAL,NONE,H_t,reject_survival,phase=none;hMul=1.000;gMul=1.000;qMul=1.000;qAdd=0.000;rpiOff=0.000,1874,7458,"RacePacingRejected, RACE action=reject_survival:6654;RacePacingRejected, RACE action=reject_pacing:801;ReplacementNotAllowed:3"
2026-09-16T04:56:05.8140004+00:00,1994716920,0.000000,0,1.000000,0.000000,0.000000,0.340000,SURVIVAL,SURVIVAL,NONE,H_t,reject_survival,phase=none;hMul=1.000;gMul=1.000;qMul=1.000;qAdd=0.000;rpiOff=0.000,1874,7458,"RacePacingRejected, RACE action=reject_survival:6654;RacePacingRejected, RACE action=reject_pacing:801;ReplacementNotAllowed:3"
2026-09-16T04:56:06.3146628+00:00,1994790680,0.000000,0,1.000000,0.000000,0.000000,0.340000,SURVIVAL,SURVIVAL,NONE,H_t,reject_survival,phase=none;hMul=1.000;gMul=1.000;qMul=1.000;qAdd=0.000;rpiOff=0.000,1874,7458,"RacePacingRejected, RACE action=reject_survival:6654;RacePacingRejected, RACE action=reject_pacing:801;ReplacementNotAllowed:3"
2026-09-16T04:56:06.8144188+00:00,1994798904,0.000000,0,1.000000,0.000000,0.000000,0.340000,SURVIVAL,SURVIVAL,NONE,H_t,reject_survival,phase=none;hMul=1.000;gMul=1.000;qMul=1.000;qAdd=0.000;rpiOff=0.000,1874,7458,"RacePacingRejected, RACE action=reject_survival:6654;RacePacingRejected, RACE action=reject_pacing:801;ReplacementNotAllowed:3"
2026-09-16T04:56:07.3145672+00:00,1994864184,0.000000,0,1.000000,0.000000,0.000000,0.340000,SURVIVAL,SURVIVAL,NONE,H_t,reject_survival,phase=none;hMul=1.000;gMul=1.000;qMul=1.000;qAdd=0.000;rpiOff=0.000,1874,7458,"RacePacingRejected, RACE action=reject_survival:6654;RacePacingRejected, RACE action=reject_pacing:801;ReplacementNotAllowed:3"
2026-09-16T04:56:07.8141787+00:00,1994872408,0.000000,0,1.000000,0.000000,0.000000,0.340000,SURVIVAL,SURVIVAL,NONE,H_t,reject_survival,phase=none;hMul=1.000;gMul=1.000;qMul=1.000;qAdd=0.000;rpiOff=0.000,1874,7458,"RacePacingRejected, RACE action=reject_survival:6654;RacePacingRejected, RACE action=reject_pacing:801;ReplacementNotAllowed:3"
2026-09-16T04:56:08.3146946+00:00,1994929720,0.000000,0,1.000000,0.000000,0.000000,0.340000,SURVIVAL,SURVIVAL,NONE,H_t,reject_survival,phase=none;hMul=1.000;gMul=1.000;qMul=1.000;qAdd=0.000;rpiOff=0.000,1874,7458,"RacePacingRejected, RACE action=reject_survival:6654;RacePacingRejected, RACE action=reject_pacing:801;ReplacementNotAllowed:3"
2026-09-16T04:56:08.8142734+00:00,1994937944,0.000000,0,1.000000,0.000000,0.000000,0.340000,SURVIVAL,SURVIVAL,NONE,H_t,reject_survival,phase=none;hMul=1.000;gMul=1.000;qMul=1.000;qAdd=0.000;rpiOff=0.000,1874,7458,"RacePacingRejected, RACE action=reject_survival:6654;RacePacingRejected, RACE action=reject_pacing:801;ReplacementNotAllowed:3"
2026-09-16T04:56:09.3138466+00:00,1995028408,0.000000,0,1.000000,0.000000,0.000000,0.340000,SURVIVAL,SURVIVAL,NONE,H_t,reject_survival,phase=none;hMul=1.000;gMul=1.000;qMul=1.000;qAdd=0.000;rpiOff=0.000,1874,7458,"RacePacingRejected, RACE action=reject_survival:6654;RacePacingRejected, RACE action=reject_pacing:801;ReplacementNotAllowed:3"
2026-09-16T04:56:09.8143226+00:00,1995036376,0.000000,0,1.000000,0.000000,0.000000,0.340000,SURVIVAL,SURVIVAL,NONE,H_t,reject_survival,phase=none;hMul=1.000;gMul=1.000;qMul=1.000;qAdd=0.000;rpiOff=0.000,1874,7458,"RacePacingRejected, RACE action=reject_survival:6654;RacePacingRejected, RACE action=reject_pacing:801;ReplacementNotAllowed:3"
2026-09-16T04:56:10.3138487+00:00,1995085464,0.000000,0,1.000000,0.000000,0.000000,0.340000,SURVIVAL,SURVIVAL,NONE,H_t,reject_survival,phase=none;hMul=1.000;gMul=1.000;qMul=1.000;qAdd=0.000;rpiOff=0.000,1874,7458,"RacePacingRejected, RACE action=reject_survival:6654;RacePacingRejected, RACE action=reject_pacing:801;ReplacementNotAllowed:3"
2026-09-16T04:56:10.8143853+00:00,1995085464,0.000000,0,1.000000,0.000000,0.000000,0.340000,SURVIVAL,SURVIVAL,NONE,H_t,reject_survival,phase=none;hMul=1.000;gMul=1.000;qMul=1.000;qAdd=0.000;rpiOff=0.000,1874,7458,"RacePacingRejected, RACE action=reject_survival:6654;RacePacingRejected, RACE action=reject_pacing:801;ReplacementNotAllowed:3"
2026-09-16T04:56:11.3147230+00:00,1995167704,0.000000,0,1.000000,0.000000,0.000000,0.340000,SURVIVAL,SURVIVAL,NONE,H_t,reject_survival,phase=none;hMul=1.000;gMul=1.000;qMul=1.000;qAdd=0.000;rpiOff=0.000,1874,7458,"RacePacingRejected, RACE action=reject_survival:6654;RacePacingRejected, RACE action=reject_pacing:801;ReplacementNotAllowed:3"
2026-09-16T04:56:11.8141715+00:00,1995167704,0.000000,0,1.000000,0.000000,0.000000,0.340000,SURVIVAL,SURVIVAL,NONE,H_t,reject_survival,phase=none;hMul=1.000;gMul=1.000;qMul=1.000;qAdd=0.000;rpiOff=0.000,1874,7458,"RacePacingRejected, RACE action=reject_survival:6654;RacePacingRejected, RACE action=reject_pacing:801;ReplacementNotAllowed:3"
2026-09-16T04:56:12.3140079+00:00,1995216792,0.000000,0,1.000000,0.000000,0.000000,0.340000,SURVIVAL,SURVIVAL,NONE,H_t,reject_survival,phase=none;hMul=1.000;gMul=1.000;qMul=1.000;qAdd=0.000;rpiOff=0.000,1874,7458,"RacePacingRejected, RACE action=reject_survival:6654;RacePacingRejected, RACE action=reject_pacing:801;ReplacementNotAllowed:3"
2026-09-16T04:56:12.8145000+00:00,1995225016,0.000000,0,1.000000,0.000000,0.000000,0.340000,SURVIVAL,SURVIVAL,NONE,H_t,reject_survival,phase=none;hMul=1.000;gMul=1.000;qMul=1.000;qAdd=0.000;rpiOff=0.000,1874,7458,"RacePacingRejected, RACE action=reject_survival:6654;RacePacingRejected, RACE action=reject_pacing:801;ReplacementNotAllowed:3"
2026-09-16T04:56:13.3138636+00:00,1995298264,0.000000,0,1.000000,0.000000,0.000000,0.340000,SURVIVAL,SURVIVAL,NONE,H_t,reject_survival,phase=none;hMul=1.000;gMul=1.000;qMul=1.000;qAdd=0.000;rpiOff=0.000,1874,7458,"RacePacingRejected, RACE action=reject_survival:6654;RacePacingRejected, RACE action=reject_pacing:801;ReplacementNotAllowed:3"
2026-09-16T04:56:13.8143228+00:00,1995306488,0.000000,0,1.000000,0.000000,0.000000,0.340000,SURVIVAL,SURVIVAL,NONE,H_t,reject_survival,phase=none;hMul=1.000;gMul=1.000;qMul=1.000;qAdd=0.000;rpiOff=0.000,1874,7458,"RacePacingRejected, RACE action=reject_survival:6654;RacePacingRejected, RACE action=reject_pacing:801;ReplacementNotAllowed:3"
2026-09-16T04:56:14.3141685+00:00,1995355832,0.000000,0,1.000000,0.000000,0.000000,0.340000,SURVIVAL,SURVIVAL,NONE,H_t,reject_survival,phase=none;hMul=1.000;gMul=1.000;qMul=1.000;qAdd=0.000;rpiOff=0.000,1874,7458,"RacePacingRejected, RACE action=reject_survival:6654;RacePacingRejected, RACE action=reject_pacing:801;ReplacementNotAllowed:3"
2026-09-16T04:56:14.8147088+00:00,1995355832,0.000000,0,1.000000,0.000000,0.000000,0.340000,SURVIVAL,SURVIVAL,NONE,H_t,reject_survival,phase=none;hMul=1.000;gMul=1.000;qMul=1.000;qAdd=0.000;rpiOff=0.000,1874,7458,"RacePacingRejected, RACE action=reject_survival:6654;RacePacingRejected, RACE action=reject_pacing:801;ReplacementNotAllowed:3"
2026-09-16T04:56:15.3140133+00:00,1995437816,0.000000,0,1.000000,0.000000,0.000000,0.340000,SURVIVAL,SURVIVAL,NONE,H_t,reject_survival,phase=none;hMul=1.000;gMul=1.000;qMul=1.000;qAdd=0.000;rpiOff=0.000,1874,7458,"RacePacingRejected, RACE action=reject_survival:6654;RacePacingRejected, RACE action=reject_pacing:801;ReplacementNotAllowed:3"
2026-09-16T04:56:15.8144927+00:00,1995437816,0.000000,0,1.000000,0.000000,0.000000,0.340000,SURVIVAL,SURVIVAL,NONE,H_t,reject_survival,phase=none;hMul=1.000;gMul=1.000;qMul=1.000;qAdd=0.000;rpiOff=0.000,1874,7458,"RacePacingRejected, RACE action=reject_survival:6654;RacePacingRejected, RACE action=reject_pacing:801;ReplacementNotAllowed:3"
2026-09-16T04:56:16.3141642+00:00,1995519288,0.000000,0,1.000000,0.000000,0.000000,0.340000,SURVIVAL,SURVIVAL,NONE,H_t,reject_survival,phase=none;hMul=1.000;gMul=1.000;qMul=1.000;qAdd=0.000;rpiOff=0.000,1874,7458,"RacePacingRejected, RACE action=reject_survival:6654;RacePacingRejected, RACE action=reject_pacing:801;ReplacementNotAllowed:3"
2026-09-16T04:56:16.8148014+00:00,1995527512,0.000000,0,1.000000,0.000000,0.000000,0.340000,SURVIVAL,SURVIVAL,NONE,H_t,reject_survival,phase=none;hMul=1.000;gMul=1.000;qMul=1.000;qAdd=0.000;rpiOff=0.000,1874,7458,"RacePacingRejected, RACE action=reject_survival:6654;RacePacingRejected, RACE action=reject_pacing:801;ReplacementNotAllowed:3"
2026-09-16T04:56:17.3144039+00:00,1995585080,0.000000,0,1.000000,0.000000,0.000000,0.340000,SURVIVAL,SURVIVAL,NONE,H_t,reject_survival,phase=none;hMul=1.000;gMul=1.000;qMul=1.000;qAdd=0.000;rpiOff=0.000,1874,7458,"RacePacingRejected, RACE action=reject_survival:6654;RacePacingRejected, RACE action=reject_pacing:801;ReplacementNotAllowed:3"
2026-09-16T04:56:17.8139627+00:00,1995585080,0.000000,0,1.000000,0.000000,0.000000,0.340000,SURVIVAL,SURVIVAL,NONE,H_t,reject_survival,phase=none;hMul=1.000;gMul=1.000;qMul=1.000;qAdd=0.000;rpiOff=0.000,1874,7458,"RacePacingRejected, RACE action=reject_survival:6654;RacePacingRejected, RACE action=reject_pacing:801;ReplacementNotAllowed:3"
2026-09-16T04:56:18.3143539+00:00,1995659096,0.000000,0,1.000000,0.000000,0.000000,0.340000,SURVIVAL,SURVIVAL,NONE,H_t,reject_survival,phase=none;hMul=1.000;gMul=1.000;qMul=1.000;qAdd=0.000;rpiOff=0.000,1874,7458,"RacePacingRejected, RACE action=reject_survival:6654;RacePacingRejected, RACE action=reject_pacing:801;ReplacementNotAllowed:3"
2026-09-16T04:56:18.8139611+00:00,1995659096,0.000000,0,1.000000,0.000000,0.000000,0.340000,SURVIVAL,SURVIVAL,NONE,H_t,reject_survival,phase=none;hMul=1.000;gMul=1.000;qMul=1.000;qAdd=0.000;rpiOff=0.000,1874,7458,"RacePacingRejected, RACE action=reject_survival:6654;RacePacingRejected, RACE action=reject_pacing:801;ReplacementNotAllowed:3"
2026-09-16T04:56:19.3144601+00:00,1995724888,0.000000,0,1.000000,0.000000,0.000000,0.340000,SURVIVAL,SURVIVAL,NONE,H_t,reject_survival,phase=none;hMul=1.000;gMul=1.000;qMul=1.000;qAdd=0.000;rpiOff=0.000,1874,7458,"RacePacingRejected, RACE action=reject_survival:6654;RacePacingRejected, RACE action=reject_pacing:801;ReplacementNotAllowed:3"
2026-09-16T04:56:19.8140009+00:00,1995733112,0.000000,0,1.000000,0.000000,0.000000,0.340000,SURVIVAL,SURVIVAL,NONE,H_t,reject_survival,phase=none;hMul=1.000;gMul=1.000;qMul=1.000;qAdd=0.000;rpiOff=0.000,1874,7458,"RacePacingRejected, RACE action=reject_survival:6654;RacePacingRejected, RACE action=reject_pacing:801;ReplacementNotAllowed:3"
2026-09-16T04:56:20.3143502+00:00,1995798392,0.000000,0,1.000000,0.000000,0.000000,0.340000,SURVIVAL,SURVIVAL,NONE,H_t,reject_survival,phase=none;hMul=1.000;gMul=1.000;qMul=1.000;qAdd=0.000;rpiOff=0.000,1874,7458,"RacePacingRejected, RACE action=reject_survival:6654;RacePacingRejected, RACE action=reject_pacing:801;ReplacementNotAllowed:3"
2026-09-16T04:56:20.8138372+00:00,1995798392,0.000000,0,1.000000,0.000000,0.000000,0.340000,SURVIVAL,SURVIVAL,NONE,H_t,reject_survival,phase=none;hMul=1.000;gMul=1.000;qMul=1.000;qAdd=0.000;rpiOff=0.000,1874,7458,"RacePacingRejected, RACE action=reject_survival:6654;RacePacingRejected, RACE action=reject_pacing:801;ReplacementNotAllowed:3"
2026-09-16T04:56:21.3142508+00:00,1995855448,0.000000,0,1.000000,0.000000,0.000000,0.340000,SURVIVAL,SURVIVAL,NONE,H_t,reject_survival,phase=none;hMul=1.000;gMul=1.000;qMul=1.000;qAdd=0.000;rpiOff=0.000,1874,7458,"RacePacingRejected, RACE action=reject_survival:6654;RacePacingRejected, RACE action=reject_pacing:801;ReplacementNotAllowed:3"
2026-09-16T04:56:21.8147425+00:00,1995855448,0.000000,0,1.000000,0.000000,0.000000,0.340000,SURVIVAL,SURVIVAL,NONE,H_t,reject_survival,phase=none;hMul=1.000;gMul=1.000;qMul=1.000;qAdd=0.000;rpiOff=0.000,1874,7458,"RacePacingRejected, RACE action=reject_survival:6654;RacePacingRejected, RACE action=reject_pacing:801;ReplacementNotAllowed:3"
2026-09-16T04:56:22.3147874+00:00,1995921136,0.000000,0,1.000000,0.000000,0.000000,0.340000,SURVIVAL,SURVIVAL,NONE,H_t,reject_survival,phase=none;hMul=1.000;gMul=1.000;qMul=1.000;qAdd=0.000;rpiOff=0.000,1874,7458,"RacePacingRejected, RACE action=reject_survival:6654;RacePacingRejected, RACE action=reject_pacing:801;ReplacementNotAllowed:3"
2026-09-16T04:56:22.8142911+00:00,1995929360,0.000000,0,1.000000,0.000000,0.000000,0.340000,SURVIVAL,SURVIVAL,NONE,H_t,reject_survival,phase=none;hMul=1.000;gMul=1.000;qMul=1.000;qAdd=0.000;rpiOff=0.000,1874,7458,"RacePacingRejected, RACE action=reject_survival:6654;RacePacingRejected, RACE action=reject_pacing:801;ReplacementNotAllowed:3"
2026-09-16T04:56:23.3147718+00:00,1995994640,0.000000,0,1.000000,0.000000,0.000000,0.340000,SURVIVAL,SURVIVAL,NONE,H_t,reject_survival,phase=none;hMul=1.000;gMul=1.000;qMul=1.000;qAdd=0.000;rpiOff=0.000,1874,7458,"RacePacingRejected, RACE action=reject_survival:6654;RacePacingRejected, RACE action=reject_pacing:801;ReplacementNotAllowed:3"
2026-09-16T04:56:23.8143185+00:00,1995994640,0.000000,0,1.000000,0.000000,0.000000,0.340000,SURVIVAL,SURVIVAL,NONE,H_t,reject_survival,phase=none;hMul=1.000;gMul=1.000;qMul=1.000;qAdd=0.000;rpiOff=0.000,1874,7458,"RacePacingRejected, RACE action=reject_survival:6654;RacePacingRejected, RACE action=reject_pacing:801;ReplacementNotAllowed:3"
2026-09-16T04:56:24.3138643+00:00,1996076624,0.000000,0,1.000000,0.000000,0.000000,0.340000,SURVIVAL,SURVIVAL,NONE,H_t,reject_survival,phase=none;hMul=1.000;gMul=1.000;qMul=1.000;qAdd=0.000;rpiOff=0.000,1874,7458,"RacePacingRejected, RACE action=reject_survival:6654;RacePacingRejected, RACE action=reject_pacing:801;ReplacementNotAllowed:3"
2026-09-16T04:56:24.8143085+00:00,1996076624,0.000000,0,1.000000,0.000000,0.000000,0.340000,SURVIVAL,SURVIVAL,NONE,H_t,reject_survival,phase=none;hMul=1.000;gMul=1.000;qMul=1.000;qAdd=0.000;rpiOff=0.000,1874,7458,"RacePacingRejected, RACE action=reject_survival:6654;RacePacingRejected, RACE action=reject_pacing:801;ReplacementNotAllowed:3"
2026-09-16T04:56:25.3146230+00:00,1996150384,0.000000,0,1.000000,0.000000,0.000000,0.340000,SURVIVAL,SURVIVAL,NONE,H_t,reject_survival,phase=none;hMul=1.000;gMul=1.000;qMul=1.000;qAdd=0.000;rpiOff=0.000,1874,7458,"RacePacingRejected, RACE action=reject_survival:6654;RacePacingRejected, RACE action=reject_pacing:801;ReplacementNotAllowed:3"
2026-09-16T04:56:25.8141032+00:00,1996150384,0.000000,0,1.000000,0.000000,0.000000,0.340000,SURVIVAL,SURVIVAL,NONE,H_t,reject_survival,phase=none;hMul=1.000;gMul=1.000;qMul=1.000;qAdd=0.000;rpiOff=0.000,1874,7458,"RacePacingRejected, RACE action=reject_survival:6654;RacePacingRejected, RACE action=reject_pacing:801;ReplacementNotAllowed:3"
2026-09-16T04:56:26.3138325+00:00,1996207952,0.000000,0,1.000000,0.000000,0.000000,0.340000,SURVIVAL,SURVIVAL,NONE,H_t,reject_survival,phase=none;hMul=1.000;gMul=1.000;qMul=1.000;qAdd=0.000;rpiOff=0.000,1874,7458,"RacePacingRejected, RACE action=reject_survival:6654;RacePacingRejected, RACE action=reject_pacing:801;ReplacementNotAllowed:3"
2026-09-16T04:56:26.8142827+00:00,1996216176,0.000000,0,1.000000,0.000000,0.000000,0.340000,SURVIVAL,SURVIVAL,NONE,H_t,reject_survival,phase=none;hMul=1.000;gMul=1.000;qMul=1.000;qAdd=0.000;rpiOff=0.000,1874,7458,"RacePacingRejected, RACE action=reject_survival:6654;RacePacingRejected, RACE action=reject_pacing:801;ReplacementNotAllowed:3"
2026-09-16T04:56:27.3138407+00:00,1996281712,0.000000,0,1.000000,0.000000,0.000000,0.340000,SURVIVAL,SURVIVAL,NONE,H_t,reject_survival,phase=none;hMul=1.000;gMul=1.000;qMul=1.000;qAdd=0.000;rpiOff=0.000,1874,7458,"RacePacingRejected, RACE action=reject_survival:6654;RacePacingRejected, RACE action=reject_pacing:801;ReplacementNotAllowed:3"
2026-09-16T04:56:27.8142446+00:00,1996289936,0.000000,0,1.000000,0.000000,0.000000,0.340000,SURVIVAL,SURVIVAL,NONE,H_t,reject_survival,phase=none;hMul=1.000;gMul=1.000;qMul=1.000;qAdd=0.000;rpiOff=0.000,1874,7458,"RacePacingRejected, RACE action=reject_survival:6654;RacePacingRejected, RACE action=reject_pacing:801;ReplacementNotAllowed:3"
2026-09-16T04:56:28.3140383+00:00,1996347248,0.000000,0,1.000000,0.000000,0.000000,0.340000,SURVIVAL,SURVIVAL,NONE,H_t,reject_survival,phase=none;hMul=1.000;gMul=1.000;qMul=1.000;qAdd=0.000;rpiOff=0.000,1874,7458,"RacePacingRejected, RACE action=reject_survival:6654;RacePacingRejected, RACE action=reject_pacing:801;ReplacementNotAllowed:3"
2026-09-16T04:56:28.8145777+00:00,1996347248,0.000000,0,1.000000,0.000000,0.000000,0.340000,SURVIVAL,SURVIVAL,NONE,H_t,reject_survival,phase=none;hMul=1.000;gMul=1.000;qMul=1.000;qAdd=0.000;rpiOff=0.000,1874,7458,"RacePacingRejected, RACE action=reject_survival:6654;RacePacingRejected, RACE action=reject_pacing:801;ReplacementNotAllowed:3"
2026-09-16T04:56:29.3141459+00:00,1996420752,0.000000,0,1.000000,0.000000,0.000000,0.340000,SURVIVAL,SURVIVAL,NONE,H_t,reject_survival,phase=none;hMul=1.000;gMul=1.000;qMul=1.000;qAdd=0.000;rpiOff=0.000,1874,7458,"RacePacingRejected, RACE action=reject_survival:6654;RacePacingRejected, RACE action=reject_pacing:801;ReplacementNotAllowed:3"
2026-09-16T04:56:29.8147246+00:00,1996428976,0.000000,0,1.000000,0.000000,0.000000,0.340000,SURVIVAL,SURVIVAL,NONE,H_t,reject_survival,phase=none;hMul=1.000;gMul=1.000;qMul=1.000;qAdd=0.000;rpiOff=0.000,1874,7458,"RacePacingRejected, RACE action=reject_survival:6654;RacePacingRejected, RACE action=reject_pacing:801;ReplacementNotAllowed:3"
2026-09-16T04:56:30.3141989+00:00,1996478064,0.000000,0,1.000000,0.000000,0.000000,0.340000,SURVIVAL,SURVIVAL,NONE,H_t,reject_survival,phase=none;hMul=1.000;gMul=1.000;qMul=1.000;qAdd=0.000;rpiOff=0.000,1874,7458,"RacePacingRejected, RACE action=reject_survival:6654;RacePacingRejected, RACE action=reject_pacing:801;ReplacementNotAllowed:3"
2026-09-16T04:56:30.8147569+00:00,1996486288,0.000000,0,1.000000,0.000000,0.000000,0.340000,SURVIVAL,SURVIVAL,NONE,H_t,reject_survival,phase=none;hMul=1.000;gMul=1.000;qMul=1.000;qAdd=0.000;rpiOff=0.000,1874,7458,"RacePacingRejected, RACE action=reject_survival:6654;RacePacingRejected, RACE action=reject_pacing:801;ReplacementNotAllowed:3"
2026-09-16T04:56:31.3142495+00:00,1996551568,0.000000,0,1.000000,0.000000,0.000000,0.340000,SURVIVAL,SURVIVAL,NONE,H_t,reject_survival,phase=none;hMul=1.000;gMul=1.000;qMul=1.000;qAdd=0.000;rpiOff=0.000,1874,7458,"RacePacingRejected, RACE action=reject_survival:6654;RacePacingRejected, RACE action=reject_pacing:801;ReplacementNotAllowed:3"
2026-09-16T04:56:31.8138902+00:00,1996559792,0.000000,0,1.000000,0.000000,0.000000,0.340000,SURVIVAL,SURVIVAL,NONE,H_t,reject_survival,phase=none;hMul=1.000;gMul=1.000;qMul=1.000;qAdd=0.000;rpiOff=0.000,1874,7458,"RacePacingRejected, RACE action=reject_survival:6654;RacePacingRejected, RACE action=reject_pacing:801;ReplacementNotAllowed:3"
2026-09-16T04:56:32.3147632+00:00,1996609136,0.000000,0,1.000000,0.000000,0.000000,0.340000,SURVIVAL,SURVIVAL,NONE,H_t,reject_survival,phase=none;hMul=1.000;gMul=1.000;qMul=1.000;qAdd=0.000;rpiOff=0.000,1874,7458,"RacePacingRejected, RACE action=reject_survival:6654;RacePacingRejected, RACE action=reject_pacing:801;ReplacementNotAllowed:3"
2026-09-16T04:56:32.8143336+00:00,1996617360,0.000000,0,1.000000,0.000000,0.000000,0.340000,SURVIVAL,SURVIVAL,NONE,H_t,reject_survival,phase=none;hMul=1.000;gMul=1.000;qMul=1.000;qAdd=0.000;rpiOff=0.000,1874,7458,"RacePacingRejected, RACE action=reject_survival:6654;RacePacingRejected, RACE action=reject_pacing:801;ReplacementNotAllowed:3"
2026-09-16T04:56:33.3147089+00:00,1996690864,0.000000,0,1.000000,0.000000,0.000000,0.340000,SURVIVAL,SURVIVAL,NONE,H_t,reject_survival,phase=none;hMul=1.000;gMul=1.000;qMul=1.000;qAdd=0.000;rpiOff=0.000,1874,7458,"RacePacingRejected, RACE action=reject_survival:6654;RacePacingRejected, RACE action=reject_pacing:801;ReplacementNotAllowed:3"
2026-09-16T04:56:33.8142710+00:00,1996690864,0.000000,0,1.000000,0.000000,0.000000,0.340000,SURVIVAL,SURVIVAL,NONE,H_t,reject_survival,phase=none;hMul=1.000;gMul=1.000;qMul=1.000;qAdd=0.000;rpiOff=0.000,1874,7458,"RacePacingRejected, RACE action=reject_survival:6654;RacePacingRejected, RACE action=reject_pacing:801;ReplacementNotAllowed:3"
2026-09-16T04:56:34.3138603+00:00,1996748432,0.000000,0,1.000000,0.000000,0.000000,0.340000,SURVIVAL,SURVIVAL,NONE,H_t,reject_survival,phase=none;hMul=1.000;gMul=1.000;qMul=1.000;qAdd=0.000;rpiOff=0.000,1874,7458,"RacePacingRejected, RACE action=reject_survival:6654;RacePacingRejected, RACE action=reject_pacing:801;ReplacementNotAllowed:3"
2026-09-16T04:56:34.8144082+00:00,1996756656,0.000000,0,1.000000,0.000000,0.000000,0.340000,SURVIVAL,SURVIVAL,NONE,H_t,reject_survival,phase=none;hMul=1.000;gMul=1.000;qMul=1.000;qAdd=0.000;rpiOff=0.000,1874,7458,"RacePacingRejected, RACE action=reject_survival:6654;RacePacingRejected, RACE action=reject_pacing:801;ReplacementNotAllowed:3"
2026-09-16T04:56:35.3147496+00:00,1996829848,0.000000,0,1.000000,0.000000,0.000000,0.340000,SURVIVAL,SURVIVAL,NONE,H_t,reject_survival,phase=none;hMul=1.000;gMul=1.000;qMul=1.000;qAdd=0.000;rpiOff=0.000,1874,7458,"RacePacingRejected, RACE action=reject_survival:6654;RacePacingRejected, RACE action=reject_pacing:801;ReplacementNotAllowed:3"
2026-09-16T04:56:35.8142591+00:00,1996838072,0.000000,0,1.000000,0.000000,0.000000,0.340000,SURVIVAL,SURVIVAL,NONE,H_t,reject_survival,phase=none;hMul=1.000;gMul=1.000;qMul=1.000;qAdd=0.000;rpiOff=0.000,1874,7458,"RacePacingRejected, RACE action=reject_survival:6654;RacePacingRejected, RACE action=reject_pacing:801;ReplacementNotAllowed:3"
2026-09-16T04:56:36.3143837+00:00,1996920056,0.000000,0,1.000000,0.000000,0.000000,0.340000,SURVIVAL,SURVIVAL,NONE,H_t,reject_survival,phase=none;hMul=1.000;gMul=1.000;qMul=1.000;qAdd=0.000;rpiOff=0.000,1874,7458,"RacePacingRejected, RACE action=reject_survival:6654;RacePacingRejected, RACE action=reject_pacing:801;ReplacementNotAllowed:3"
2026-09-16T04:56:36.8140784+00:00,1996928280,0.000000,0,1.000000,0.000000,0.000000,0.340000,SURVIVAL,SURVIVAL,NONE,H_t,reject_survival,phase=none;hMul=1.000;gMul=1.000;qMul=1.000;qAdd=0.000;rpiOff=0.000,1874,7458,"RacePacingRejected, RACE action=reject_survival:6654;RacePacingRejected, RACE action=reject_pacing:801;ReplacementNotAllowed:3"
2026-09-16T04:56:37.3148000+00:00,1996977112,0.000000,0,1.000000,0.000000,0.000000,0.340000,SURVIVAL,SURVIVAL,NONE,H_t,reject_survival,phase=none;hMul=1.000;gMul=1.000;qMul=1.000;qAdd=0.000;rpiOff=0.000,1874,7458,"RacePacingRejected, RACE action=reject_survival:6654;RacePacingRejected, RACE action=reject_pacing:801;ReplacementNotAllowed:3"
2026-09-16T04:56:37.8143668+00:00,1996985336,0.000000,0,1.000000,0.000000,0.000000,0.340000,SURVIVAL,SURVIVAL,NONE,H_t,reject_survival,phase=none;hMul=1.000;gMul=1.000;qMul=1.000;qAdd=0.000;rpiOff=0.000,1874,7458,"RacePacingRejected, RACE action=reject_survival:6654;RacePacingRejected, RACE action=reject_pacing:801;ReplacementNotAllowed:3"
2026-09-16T04:56:38.3147228+00:00,1997059096,0.000000,0,1.000000,0.000000,0.000000,0.340000,SURVIVAL,SURVIVAL,NONE,H_t,reject_survival,phase=none;hMul=1.000;gMul=1.000;qMul=1.000;qAdd=0.000;rpiOff=0.000,1874,7458,"RacePacingRejected, RACE action=reject_survival:6654;RacePacingRejected, RACE action=reject_pacing:801;ReplacementNotAllowed:3"
2026-09-16T04:56:38.8142163+00:00,1997059096,0.000000,0,1.000000,0.000000,0.000000,0.340000,SURVIVAL,SURVIVAL,NONE,H_t,reject_survival,phase=none;hMul=1.000;gMul=1.000;qMul=1.000;qAdd=0.000;rpiOff=0.000,1874,7458,"RacePacingRejected, RACE action=reject_survival:6654;RacePacingRejected, RACE action=reject_pacing:801;ReplacementNotAllowed:3"
2026-09-16T04:56:39.3140956+00:00,1997108440,0.000000,0,1.000000,0.000000,0.000000,0.340000,SURVIVAL,SURVIVAL,NONE,H_t,reject_survival,phase=none;hMul=1.000;gMul=1.000;qMul=1.000;qAdd=0.000;rpiOff=0.000,1874,7458,"RacePacingRejected, RACE action=reject_survival:6654;RacePacingRejected, RACE action=reject_pacing:801;ReplacementNotAllowed:3"
2026-09-16T04:56:39.8147046+00:00,1997116664,0.000000,0,1.000000,0.000000,0.000000,0.340000,SURVIVAL,SURVIVAL,NONE,H_t,reject_survival,phase=none;hMul=1.000;gMul=1.000;qMul=1.000;qAdd=0.000;rpiOff=0.000,1874,7458,"RacePacingRejected, RACE action=reject_survival:6654;RacePacingRejected, RACE action=reject_pacing:801;ReplacementNotAllowed:3"
2026-09-16T04:56:40.3144883+00:00,1997198648,0.000000,0,1.000000,0.000000,0.000000,0.340000,SURVIVAL,SURVIVAL,NONE,H_t,reject_survival,phase=none;hMul=1.000;gMul=1.000;qMul=1.000;qAdd=0.000;rpiOff=0.000,1874,7458,"RacePacingRejected, RACE action=reject_survival:6654;RacePacingRejected, RACE action=reject_pacing:801;ReplacementNotAllowed:3"
2026-09-16T04:56:40.8141292+00:00,1997206872,0.000000,0,1.000000,0.000000,0.000000,0.340000,SURVIVAL,SURVIVAL,NONE,H_t,reject_survival,phase=none;hMul=1.000;gMul=1.000;qMul=1.000;qAdd=0.000;rpiOff=0.000,1874,7458,"RacePacingRejected, RACE action=reject_survival:6654;RacePacingRejected, RACE action=reject_pacing:801;ReplacementNotAllowed:3"
2026-09-16T04:56:41.3146470+00:00,1997256216,0.000000,0,1.000000,0.000000,0.000000,0.340000,SURVIVAL,SURVIVAL,NONE,H_t,reject_survival,phase=none;hMul=1.000;gMul=1.000;qMul=1.000;qAdd=0.000;rpiOff=0.000,1874,7458,"RacePacingRejected, RACE action=reject_survival:6654;RacePacingRejected, RACE action=reject_pacing:801;ReplacementNotAllowed:3"
2026-09-16T04:56:41.8142872+00:00,1997256216,0.000000,0,1.000000,0.000000,0.000000,0.340000,SURVIVAL,SURVIVAL,NONE,H_t,reject_survival,phase=none;hMul=1.000;gMul=1.000;qMul=1.000;qAdd=0.000;rpiOff=0.000,1874,7458,"RacePacingRejected, RACE action=reject_survival:6654;RacePacingRejected, RACE action=reject_pacing:801;ReplacementNotAllowed:3"
2026-09-16T04:56:42.3140575+00:00,1997329720,0.000000,0,1.000000,0.000000,0.000000,0.340000,SURVIVAL,SURVIVAL,NONE,H_t,reject_survival,phase=none;hMul=1.000;gMul=1.000;qMul=1.000;qAdd=0.000;rpiOff=0.000,1874,7458,"RacePacingRejected, RACE action=reject_survival:6654;RacePacingRejected, RACE action=reject_pacing:801;ReplacementNotAllowed:3"
2026-09-16T04:56:42.8138401+00:00,1997337944,0.000000,0,1.000000,0.000000,0.000000,0.340000,SURVIVAL,SURVIVAL,NONE,H_t,reject_survival,phase=none;hMul=1.000;gMul=1.000;qMul=1.000;qAdd=0.000;rpiOff=0.000,1874,7458,"RacePacingRejected, RACE action=reject_survival:6654;RacePacingRejected, RACE action=reject_pacing:801;ReplacementNotAllowed:3"
2026-09-16T04:56:43.3145261+00:00,1997411448,0.000000,0,1.000000,0.000000,0.000000,0.340000,SURVIVAL,SURVIVAL,NONE,H_t,reject_survival,phase=none;hMul=1.000;gMul=1.000;qMul=1.000;qAdd=0.000;rpiOff=0.000,1874,7458,"RacePacingRejected, RACE action=reject_survival:6654;RacePacingRejected, RACE action=reject_pacing:801;ReplacementNotAllowed:3"
2026-09-16T04:56:43.8141982+00:00,1997411448,0.000000,0,1.000000,0.000000,0.000000,0.340000,SURVIVAL,SURVIVAL,NONE,H_t,reject_survival,phase=none;hMul=1.000;gMul=1.000;qMul=1.000;qAdd=0.000;rpiOff=0.000,1874,7458,"RacePacingRejected, RACE action=reject_survival:6654;RacePacingRejected, RACE action=reject_pacing:801;ReplacementNotAllowed:3"
2026-09-16T04:56:44.3146948+00:00,1997485208,0.000000,0,1.000000,0.000000,0.000000,0.340000,SURVIVAL,SURVIVAL,NONE,H_t,reject_survival,phase=none;hMul=1.000;gMul=1.000;qMul=1.000;qAdd=0.000;rpiOff=0.000,1874,7458,"RacePacingRejected, RACE action=reject_survival:6654;RacePacingRejected, RACE action=reject_pacing:801;ReplacementNotAllowed:3"
2026-09-16T04:56:44.8142042+00:00,1997485208,0.000000,0,1.000000,0.000000,0.000000,0.340000,SURVIVAL,SURVIVAL,NONE,H_t,reject_survival,phase=none;hMul=1.000;gMul=1.000;qMul=1.000;qAdd=0.000;rpiOff=0.000,1874,7458,"RacePacingRejected, RACE action=reject_survival:6654;RacePacingRejected, RACE action=reject_pacing:801;ReplacementNotAllowed:3"
2026-09-16T04:56:45.3145943+00:00,1997567448,0.000000,0,1.000000,0.000000,0.000000,0.340000,SURVIVAL,SURVIVAL,NONE,H_t,reject_survival,phase=none;hMul=1.000;gMul=1.000;qMul=1.000;qAdd=0.000;rpiOff=0.000,1874,7458,"RacePacingRejected, RACE action=reject_survival:6654;RacePacingRejected, RACE action=reject_pacing:801;ReplacementNotAllowed:3"
2026-09-16T04:56:45.8140909+00:00,1997567448,0.000000,0,1.000000,0.000000,0.000000,0.340000,SURVIVAL,SURVIVAL,NONE,H_t,reject_survival,phase=none;hMul=1.000;gMul=1.000;qMul=1.000;qAdd=0.000;rpiOff=0.000,1874,7458,"RacePacingRejected, RACE action=reject_survival:6654;RacePacingRejected, RACE action=reject_pacing:801;ReplacementNotAllowed:3"
2026-09-16T04:56:46.3138891+00:00,1997624248,0.000000,0,1.000000,0.000000,0.000000,0.340000,SURVIVAL,SURVIVAL,NONE,H_t,reject_survival,phase=none;hMul=1.000;gMul=1.000;qMul=1.000;qAdd=0.000;rpiOff=0.000,1874,7458,"RacePacingRejected, RACE action=reject_survival:6654;RacePacingRejected, RACE action=reject_pacing:801;ReplacementNotAllowed:3"
2026-09-16T04:56:46.8145959+00:00,1997624248,0.000000,0,1.000000,0.000000,0.000000,0.340000,SURVIVAL,SURVIVAL,NONE,H_t,reject_survival,phase=none;hMul=1.000;gMul=1.000;qMul=1.000;qAdd=0.000;rpiOff=0.000,1874,7458,"RacePacingRejected, RACE action=reject_survival:6654;RacePacingRejected, RACE action=reject_pacing:801;ReplacementNotAllowed:3"
2026-09-16T04:56:47.3147182+00:00,1997690040,0.000000,0,1.000000,0.000000,0.000000,0.340000,SURVIVAL,SURVIVAL,NONE,H_t,reject_survival,phase=none;hMul=1.000;gMul=1.000;qMul=1.000;qAdd=0.000;rpiOff=0.000,1874,7458,"RacePacingRejected, RACE action=reject_survival:6654;RacePacingRejected, RACE action=reject_pacing:801;ReplacementNotAllowed:3"
2026-09-16T04:56:47.8141845+00:00,1997698264,0.000000,0,1.000000,0.000000,0.000000,0.340000,SURVIVAL,SURVIVAL,NONE,H_t,reject_survival,phase=none;hMul=1.000;gMul=1.000;qMul=1.000;qAdd=0.000;rpiOff=0.000,1874,7458,"RacePacingRejected, RACE action=reject_survival:6654;RacePacingRejected, RACE action=reject_pacing:801;ReplacementNotAllowed:3"
2026-09-16T04:56:48.3187466+00:00,1997780248,0.000000,0,1.000000,0.000000,0.000000,0.340000,SURVIVAL,SURVIVAL,NONE,H_t,reject_survival,phase=none;hMul=1.000;gMul=1.000;qMul=1.000;qAdd=0.000;rpiOff=0.000,1874,7458,"RacePacingRejected, RACE action=reject_survival:6654;RacePacingRejected, RACE action=reject_pacing:801;ReplacementNotAllowed:3"
2026-09-16T04:56:48.8142886+00:00,1997780248,0.000000,0,1.000000,0.000000,0.000000,0.340000,SURVIVAL,SURVIVAL,NONE,H_t,reject_survival,phase=none;hMul=1.000;gMul=1.000;qMul=1.000;qAdd=0.000;rpiOff=0.000,1874,7458,"RacePacingRejected, RACE action=reject_survival:6654;RacePacingRejected, RACE action=reject_pacing:801;ReplacementNotAllowed:3"
2026-09-16T04:56:49.3147437+00:00,1997829592,0.000000,0,1.000000,0.000000,0.000000,0.340000,SURVIVAL,SURVIVAL,NONE,H_t,reject_survival,phase=none;hMul=1.000;gMul=1.000;qMul=1.000;qAdd=0.000;rpiOff=0.000,1874,7458,"RacePacingRejected, RACE action=reject_survival:6654;RacePacingRejected, RACE action=reject_pacing:801;ReplacementNotAllowed:3"
2026-09-16T04:56:49.8142947+00:00,1997837816,0.000000,0,1.000000,0.000000,0.000000,0.340000,SURVIVAL,SURVIVAL,NONE,H_t,reject_survival,phase=none;hMul=1.000;gMul=1.000;qMul=1.000;qAdd=0.000;rpiOff=0.000,1874,7458,"RacePacingRejected, RACE action=reject_survival:6654;RacePacingRejected, RACE action=reject_pacing:801;ReplacementNotAllowed:3"
2026-09-16T04:56:50.3147163+00:00,1997919288,0.000000,0,1.000000,0.000000,0.000000,0.340000,SURVIVAL,SURVIVAL,NONE,H_t,reject_survival,phase=none;hMul=1.000;gMul=1.000;qMul=1.000;qAdd=0.000;rpiOff=0.000,1874,7458,"RacePacingRejected, RACE action=reject_survival:6654;RacePacingRejected, RACE action=reject_pacing:801;ReplacementNotAllowed:3"
2026-09-16T04:56:50.8141929+00:00,1997927512,0.000000,0,1.000000,0.000000,0.000000,0.340000,SURVIVAL,SURVIVAL,NONE,H_t,reject_survival,phase=none;hMul=1.000;gMul=1.000;qMul=1.000;qAdd=0.000;rpiOff=0.000,1874,7458,"RacePacingRejected, RACE action=reject_survival:6654;RacePacingRejected, RACE action=reject_pacing:801;ReplacementNotAllowed:3"
2026-09-16T04:56:51.3139005+00:00,1997976856,0.000000,0,1.000000,0.000000,0.000000,0.340000,SURVIVAL,SURVIVAL,NONE,H_t,reject_survival,phase=none;hMul=1.000;gMul=1.000;qMul=1.000;qAdd=0.000;rpiOff=0.000,1874,7458,"RacePacingRejected, RACE action=reject_survival:6654;RacePacingRejected, RACE action=reject_pacing:801;ReplacementNotAllowed:3"
2026-09-16T04:56:51.8143839+00:00,1997976856,0.000000,0,1.000000,0.000000,0.000000,0.340000,SURVIVAL,SURVIVAL,NONE,H_t,reject_survival,phase=none;hMul=1.000;gMul=1.000;qMul=1.000;qAdd=0.000;rpiOff=0.000,1874,7458,"RacePacingRejected, RACE action=reject_survival:6654;RacePacingRejected, RACE action=reject_pacing:801;ReplacementNotAllowed:3"
2026-09-16T04:56:52.3147428+00:00,1998058840,0.000000,0,1.000000,0.000000,0.000000,0.340000,SURVIVAL,SURVIVAL,NONE,H_t,reject_survival,phase=none;hMul=1.000;gMul=1.000;qMul=1.000;qAdd=0.000;rpiOff=0.000,1874,7458,"RacePacingRejected, RACE action=reject_survival:6654;RacePacingRejected, RACE action=reject_pacing:801;ReplacementNotAllowed:3"
2026-09-16T04:56:52.8142876+00:00,1998058840,0.000000,0,1.000000,0.000000,0.000000,0.340000,SURVIVAL,SURVIVAL,NONE,H_t,reject_survival,phase=none;hMul=1.000;gMul=1.000;qMul=1.000;qAdd=0.000;rpiOff=0.000,1874,7458,"RacePacingRejected, RACE action=reject_survival:6654;RacePacingRejected, RACE action=reject_pacing:801;ReplacementNotAllowed:3"
2026-09-16T04:56:53.3142051+00:00,1998124136,0.000000,0,1.000000,0.000000,0.000000,0.340000,SURVIVAL,SURVIVAL,NONE,H_t,reject_survival,phase=none;hMul=1.000;gMul=1.000;qMul=1.000;qAdd=0.000;rpiOff=0.000,1874,7458,"RacePacingRejected, RACE action=reject_survival:6654;RacePacingRejected, RACE action=reject_pacing:801;ReplacementNotAllowed:3"
2026-09-16T04:56:53.8146725+00:00,1998132360,0.000000,0,1.000000,0.000000,0.000000,0.340000,SURVIVAL,SURVIVAL,NONE,H_t,reject_survival,phase=none;hMul=1.000;gMul=1.000;qMul=1.000;qAdd=0.000;rpiOff=0.000,1874,7458,"RacePacingRejected, RACE action=reject_survival:6654;RacePacingRejected, RACE action=reject_pacing:801;ReplacementNotAllowed:3"
2026-09-16T04:56:54.3140073+00:00,1998206104,0.000000,0,1.000000,0.000000,0.000000,0.340000,SURVIVAL,SURVIVAL,NONE,H_t,reject_survival,phase=none;hMul=1.000;gMul=1.000;qMul=1.000;qAdd=0.000;rpiOff=0.000,1874,7458,"RacePacingRejected, RACE action=reject_survival:6654;RacePacingRejected, RACE action=reject_pacing:801;ReplacementNotAllowed:3"
2026-09-16T04:56:54.8142767+00:00,1998206104,0.000000,0,1.000000,0.000000,0.000000,0.340000,SURVIVAL,SURVIVAL,NONE,H_t,reject_survival,phase=none;hMul=1.000;gMul=1.000;qMul=1.000;qAdd=0.000;rpiOff=0.000,1874,7458,"RacePacingRejected, RACE action=reject_survival:6654;RacePacingRejected, RACE action=reject_pacing:801;ReplacementNotAllowed:3"
2026-09-16T04:56:55.3146531+00:00,1998361592,0.000000,0,1.000000,0.000000,0.000000,0.340000,SURVIVAL,SURVIVAL,NONE,H_t,reject_survival,phase=none;hMul=1.000;gMul=1.000;qMul=1.000;qAdd=0.000;rpiOff=0.000,1874,7458,"RacePacingRejected, RACE action=reject_survival:6654;RacePacingRejected, RACE action=reject_pacing:801;ReplacementNotAllowed:3"
2026-09-16T04:56:55.8140817+00:00,1998361592,0.000000,0,1.000000,0.000000,0.000000,0.340000,SURVIVAL,SURVIVAL,NONE,H_t,reject_survival,phase=none;hMul=1.000;gMul=1.000;qMul=1.000;qAdd=0.000;rpiOff=0.000,1874,7458,"RacePacingRejected, RACE action=reject_survival:6654;RacePacingRejected, RACE action=reject_pacing:801;ReplacementNotAllowed:3"
2026-09-16T04:56:56.3138786+00:00,1998419128,0.000000,0,1.000000,0.000000,0.000000,0.340000,SURVIVAL,SURVIVAL,NONE,H_t,reject_survival,phase=none;hMul=1.000;gMul=1.000;qMul=1.000;qAdd=0.000;rpiOff=0.000,1874,7458,"RacePacingRejected, RACE action=reject_survival:6654;RacePacingRejected, RACE action=reject_pacing:801;ReplacementNotAllowed:3"
2026-09-16T04:56:56.8140914+00:00,1998419128,0.000000,0,1.000000,0.000000,0.000000,0.340000,SURVIVAL,SURVIVAL,NONE,H_t,reject_survival,phase=none;hMul=1.000;gMul=1.000;qMul=1.000;qAdd=0.000;rpiOff=0.000,1874,7458,"RacePacingRejected, RACE action=reject_survival:6654;RacePacingRejected, RACE action=reject_pacing:801;ReplacementNotAllowed:3"
2026-09-16T04:56:57.3142291+00:00,1998500856,0.000000,0,1.000000,0.000000,0.000000,0.340000,SURVIVAL,SURVIVAL,NONE,H_t,reject_survival,phase=none;hMul=1.000;gMul=1.000;qMul=1.000;qAdd=0.000;rpiOff=0.000,1874,7458,"RacePacingRejected, RACE action=reject_survival:6654;RacePacingRejected, RACE action=reject_pacing:801;ReplacementNotAllowed:3"
2026-09-16T04:56:57.8147511+00:00,1998500856,0.000000,0,1.000000,0.000000,0.000000,0.340000,SURVIVAL,SURVIVAL,NONE,H_t,reject_survival,phase=none;hMul=1.000;gMul=1.000;qMul=1.000;qAdd=0.000;rpiOff=0.000,1874,7458,"RacePacingRejected, RACE action=reject_survival:6654;RacePacingRejected, RACE action=reject_pacing:801;ReplacementNotAllowed:3"
2026-09-16T04:56:58.3143253+00:00,1998549944,0.000000,0,1.000000,0.000000,0.000000,0.340000,SURVIVAL,SURVIVAL,NONE,H_t,reject_survival,phase=none;hMul=1.000;gMul=1.000;qMul=1.000;qAdd=0.000;rpiOff=0.000,1874,7458,"RacePacingRejected, RACE action=reject_survival:6654;RacePacingRejected, RACE action=reject_pacing:801;ReplacementNotAllowed:3"
2026-09-16T04:56:58.8147463+00:00,1998558168,0.000000,0,1.000000,0.000000,0.000000,0.340000,SURVIVAL,SURVIVAL,NONE,H_t,reject_survival,phase=none;hMul=1.000;gMul=1.000;qMul=1.000;qAdd=0.000;rpiOff=0.000,1874,7458,"RacePacingRejected, RACE action=reject_survival:6654;RacePacingRejected, RACE action=reject_pacing:801;ReplacementNotAllowed:3"
2026-09-16T04:56:59.3142659+00:00,1998632184,0.000000,0,1.000000,0.000000,0.000000,0.340000,SURVIVAL,SURVIVAL,NONE,H_t,reject_survival,phase=none;hMul=1.000;gMul=1.000;qMul=1.000;qAdd=0.000;rpiOff=0.000,1874,7458,"RacePacingRejected, RACE action=reject_survival:6654;RacePacingRejected, RACE action=reject_pacing:801;ReplacementNotAllowed:3"
2026-09-16T04:56:59.8147555+00:00,1998632184,0.000000,0,1.000000,0.000000,0.000000,0.340000,SURVIVAL,SURVIVAL,NONE,H_t,reject_survival,phase=none;hMul=1.000;gMul=1.000;qMul=1.000;qAdd=0.000;rpiOff=0.000,1874,7458,"RacePacingRejected, RACE action=reject_survival:6654;RacePacingRejected, RACE action=reject_pacing:801;ReplacementNotAllowed:3"
2026-09-16T04:57:00.3145582+00:00,1998689496,0.000000,0,1.000000,0.000000,0.000000,0.340000,SURVIVAL,SURVIVAL,NONE,H_t,reject_survival,phase=none;hMul=1.000;gMul=1.000;qMul=1.000;qAdd=0.000;rpiOff=0.000,1874,7458,"RacePacingRejected, RACE action=reject_survival:6654;RacePacingRejected, RACE action=reject_pacing:801;ReplacementNotAllowed:3"
2026-09-16T04:57:00.8142275+00:00,1998689496,0.000000,0,1.000000,0.000000,0.000000,0.340000,SURVIVAL,SURVIVAL,NONE,H_t,reject_survival,phase=none;hMul=1.000;gMul=1.000;qMul=1.000;qAdd=0.000;rpiOff=0.000,1874,7458,"RacePacingRejected, RACE action=reject_survival:6654;RacePacingRejected, RACE action=reject_pacing:801;ReplacementNotAllowed:3"
2026-09-16T04:57:01.3145379+00:00,1998787928,0.000000,0,1.000000,0.000000,0.000000,0.340000,SURVIVAL,SURVIVAL,NONE,H_t,reject_survival,phase=none;hMul=1.000;gMul=1.000;qMul=1.000;qAdd=0.000;rpiOff=0.000,1874,7458,"RacePacingRejected, RACE action=reject_survival:6654;RacePacingRejected, RACE action=reject_pacing:801;ReplacementNotAllowed:3"
2026-09-16T04:57:01.8139949+00:00,1998787928,0.000000,0,1.000000,0.000000,0.000000,0.340000,SURVIVAL,SURVIVAL,NONE,H_t,reject_survival,phase=none;hMul=1.000;gMul=1.000;qMul=1.000;qAdd=0.000;rpiOff=0.000,1874,7458,"RacePacingRejected, RACE action=reject_survival:6654;RacePacingRejected, RACE action=reject_pacing:801;ReplacementNotAllowed:3"
2026-09-16T04:57:02.3147427+00:00,1998837016,0.000000,0,1.000000,0.000000,0.000000,0.340000,SURVIVAL,SURVIVAL,NONE,H_t,reject_survival,phase=none;hMul=1.000;gMul=1.000;qMul=1.000;qAdd=0.000;rpiOff=0.000,1874,7458,"RacePacingRejected, RACE action=reject_survival:6654;RacePacingRejected, RACE action=reject_pacing:801;ReplacementNotAllowed:3"
2026-09-16T04:57:02.8142854+00:00,1998837016,0.000000,0,1.000000,0.000000,0.000000,0.340000,SURVIVAL,SURVIVAL,NONE,H_t,reject_survival,phase=none;hMul=1.000;gMul=1.000;qMul=1.000;qAdd=0.000;rpiOff=0.000,1874,7458,"RacePacingRejected, RACE action=reject_survival:6654;RacePacingRejected, RACE action=reject_pacing:801;ReplacementNotAllowed:3"
2026-09-16T04:57:03.3147028+00:00,1998910520,0.000000,0,1.000000,0.000000,0.000000,0.340000,SURVIVAL,SURVIVAL,NONE,H_t,reject_survival,phase=none;hMul=1.000;gMul=1.000;qMul=1.000;qAdd=0.000;rpiOff=0.000,1874,7458,"RacePacingRejected, RACE action=reject_survival:6654;RacePacingRejected, RACE action=reject_pacing:801;ReplacementNotAllowed:3"
2026-09-16T04:57:03.8142400+00:00,1998910520,0.000000,0,1.000000,0.000000,0.000000,0.340000,SURVIVAL,SURVIVAL,NONE,H_t,reject_survival,phase=none;hMul=1.000;gMul=1.000;qMul=1.000;qAdd=0.000;rpiOff=0.000,1874,7458,"RacePacingRejected, RACE action=reject_survival:6654;RacePacingRejected, RACE action=reject_pacing:801;ReplacementNotAllowed:3"
2026-09-16T04:57:04.3141415+00:00,1999357248,0.000000,0,1.000000,0.000000,0.000000,0.340000,SURVIVAL,SURVIVAL,NONE,H_t,reject_survival,phase=none;hMul=1.000;gMul=1.000;qMul=1.000;qAdd=0.000;rpiOff=0.000,1874,7458,"RacePacingRejected, RACE action=reject_survival:6654;RacePacingRejected, RACE action=reject_pacing:801;ReplacementNotAllowed:3"
2026-09-16T04:57:04.8146207+00:00,1999357248,0.000000,0,1.000000,0.000000,0.000000,0.340000,SURVIVAL,SURVIVAL,NONE,H_t,reject_survival,phase=none;hMul=1.000;gMul=1.000;qMul=1.000;qAdd=0.000;rpiOff=0.000,1874,7458,"RacePacingRejected, RACE action=reject_survival:6654;RacePacingRejected, RACE action=reject_pacing:801;ReplacementNotAllowed:3"
2026-09-16T04:57:05.3140723+00:00,1999414560,0.000000,0,1.000000,0.000000,0.000000,0.340000,SURVIVAL,SURVIVAL,NONE,H_t,reject_survival,phase=none;hMul=1.000;gMul=1.000;qMul=1.000;qAdd=0.000;rpiOff=0.000,1874,7458,"RacePacingRejected, RACE action=reject_survival:6654;RacePacingRejected, RACE action=reject_pacing:801;ReplacementNotAllowed:3"
2026-09-16T04:57:05.8146791+00:00,1999422784,0.000000,0,1.000000,0.000000,0.000000,0.340000,SURVIVAL,SURVIVAL,NONE,H_t,reject_survival,phase=none;hMul=1.000;gMul=1.000;qMul=1.000;qAdd=0.000;rpiOff=0.000,1874,7458,"RacePacingRejected, RACE action=reject_survival:6654;RacePacingRejected, RACE action=reject_pacing:801;ReplacementNotAllowed:3"
2026-09-16T04:57:06.3143533+00:00,1999496544,0.000000,0,1.000000,0.000000,0.000000,0.340000,SURVIVAL,SURVIVAL,NONE,H_t,reject_survival,phase=none;hMul=1.000;gMul=1.000;qMul=1.000;qAdd=0.000;rpiOff=0.000,1874,7458,"RacePacingRejected, RACE action=reject_survival:6654;RacePacingRejected, RACE action=reject_pacing:801;ReplacementNotAllowed:3"
2026-09-16T04:57:06.8140984+00:00,1999496544,0.000000,0,1.000000,0.000000,0.000000,0.340000,SURVIVAL,SURVIVAL,NONE,H_t,reject_survival,phase=none;hMul=1.000;gMul=1.000;qMul=1.000;qAdd=0.000;rpiOff=0.000,1874,7458,"RacePacingRejected, RACE action=reject_survival:6654;RacePacingRejected, RACE action=reject_pacing:801;ReplacementNotAllowed:3"
2026-09-16T04:57:07.3138512+00:00,1999545888,0.000000,0,1.000000,0.000000,0.000000,0.340000,SURVIVAL,SURVIVAL,NONE,H_t,reject_survival,phase=none;hMul=1.000;gMul=1.000;qMul=1.000;qAdd=0.000;rpiOff=0.000,1874,7458,"RacePacingRejected, RACE action=reject_survival:6654;RacePacingRejected, RACE action=reject_pacing:801;ReplacementNotAllowed:3"
2026-09-16T04:57:07.8143442+00:00,1999545888,0.000000,0,1.000000,0.000000,0.000000,0.340000,SURVIVAL,SURVIVAL,NONE,H_t,reject_survival,phase=none;hMul=1.000;gMul=1.000;qMul=1.000;qAdd=0.000;rpiOff=0.000,1874,7458,"RacePacingRejected, RACE action=reject_survival:6654;RacePacingRejected, RACE action=reject_pacing:801;ReplacementNotAllowed:3"
2026-09-16T04:57:08.3146470+00:00,1999627872,0.000000,0,1.000000,0.000000,0.000000,0.340000,SURVIVAL,SURVIVAL,NONE,H_t,reject_survival,phase=none;hMul=1.000;gMul=1.000;qMul=1.000;qAdd=0.000;rpiOff=0.000,1874,7458,"RacePacingRejected, RACE action=reject_survival:6654;RacePacingRejected, RACE action=reject_pacing:801;ReplacementNotAllowed:3"
2026-09-16T04:57:08.8141794+00:00,1999627872,0.000000,0,1.000000,0.000000,0.000000,0.340000,SURVIVAL,SURVIVAL,NONE,H_t,reject_survival,phase=none;hMul=1.000;gMul=1.000;qMul=1.000;qAdd=0.000;rpiOff=0.000,1874,7458,"RacePacingRejected, RACE action=reject_survival:6654;RacePacingRejected, RACE action=reject_pacing:801;ReplacementNotAllowed:3"
2026-09-16T04:57:09.3139942+00:00,1999693664,0.000000,0,1.000000,0.000000,0.000000,0.340000,SURVIVAL,SURVIVAL,NONE,H_t,reject_survival,phase=none;hMul=1.000;gMul=1.000;qMul=1.000;qAdd=0.000;rpiOff=0.000,1874,7458,"RacePacingRejected, RACE action=reject_survival:6654;RacePacingRejected, RACE action=reject_pacing:801;ReplacementNotAllowed:3"
2026-09-16T04:57:09.8144976+00:00,1999693664,0.000000,0,1.000000,0.000000,0.000000,0.340000,SURVIVAL,SURVIVAL,NONE,H_t,reject_survival,phase=none;hMul=1.000;gMul=1.000;qMul=1.000;qAdd=0.000;rpiOff=0.000,1874,7458,"RacePacingRejected, RACE action=reject_survival:6654;RacePacingRejected, RACE action=reject_pacing:801;ReplacementNotAllowed:3"
2026-09-16T04:57:10.3147731+00:00,1999791840,0.000000,0,1.000000,0.000000,0.000000,0.340000,SURVIVAL,SURVIVAL,NONE,H_t,reject_survival,phase=none;hMul=1.000;gMul=1.000;qMul=1.000;qAdd=0.000;rpiOff=0.000,1874,7458,"RacePacingRejected, RACE action=reject_survival:6654;RacePacingRejected, RACE action=reject_pacing:801;ReplacementNotAllowed:3"
2026-09-16T04:57:10.8142577+00:00,1999791840,0.000000,0,1.000000,0.000000,0.000000,0.340000,SURVIVAL,SURVIVAL,NONE,H_t,reject_survival,phase=none;hMul=1.000;gMul=1.000;qMul=1.000;qAdd=0.000;rpiOff=0.000,1874,7458,"RacePacingRejected, RACE action=reject_survival:6654;RacePacingRejected, RACE action=reject_pacing:801;ReplacementNotAllowed:3"
2026-09-16T04:57:11.3141534+00:00,1999857328,0.000000,0,1.000000,0.000000,0.000000,0.340000,SURVIVAL,SURVIVAL,NONE,H_t,reject_survival,phase=none;hMul=1.000;gMul=1.000;qMul=1.000;qAdd=0.000;rpiOff=0.000,1874,7458,"RacePacingRejected, RACE action=reject_survival:6654;RacePacingRejected, RACE action=reject_pacing:801;ReplacementNotAllowed:3"
2026-09-16T04:57:11.8146679+00:00,1999857328,0.000000,0,1.000000,0.000000,0.000000,0.340000,SURVIVAL,SURVIVAL,NONE,H_t,reject_survival,phase=none;hMul=1.000;gMul=1.000;qMul=1.000;qAdd=0.000;rpiOff=0.000,1874,7458,"RacePacingRejected, RACE action=reject_survival:6654;RacePacingRejected, RACE action=reject_pacing:801;ReplacementNotAllowed:3"
2026-09-16T04:57:12.3143201+00:00,1999931040,0.000000,0,1.000000,0.000000,0.000000,0.340000,SURVIVAL,SURVIVAL,NONE,H_t,reject_survival,phase=none;hMul=1.000;gMul=1.000;qMul=1.000;qAdd=0.000;rpiOff=0.000,1874,7458,"RacePacingRejected, RACE action=reject_survival:6654;RacePacingRejected, RACE action=reject_pacing:801;ReplacementNotAllowed:3"
2026-09-16T04:57:12.8138244+00:00,1999939264,0.000000,0,1.000000,0.000000,0.000000,0.340000,SURVIVAL,SURVIVAL,NONE,H_t,reject_survival,phase=none;hMul=1.000;gMul=1.000;qMul=1.000;qAdd=0.000;rpiOff=0.000,1874,7458,"RacePacingRejected, RACE action=reject_survival:6654;RacePacingRejected, RACE action=reject_pacing:801;ReplacementNotAllowed:3"
2026-09-16T04:57:13.3144693+00:00,1999980128,0.000000,0,1.000000,0.000000,0.000000,0.340000,SURVIVAL,SURVIVAL,NONE,H_t,reject_survival,phase=none;hMul=1.000;gMul=1.000;qMul=1.000;qAdd=0.000;rpiOff=0.000,1874,7458,"RacePacingRejected, RACE action=reject_survival:6654;RacePacingRejected, RACE action=reject_pacing:801;ReplacementNotAllowed:3"
2026-09-16T04:57:13.8138624+00:00,1999988352,0.000000,0,1.000000,0.000000,0.000000,0.340000,SURVIVAL,SURVIVAL,NONE,H_t,reject_survival,phase=none;hMul=1.000;gMul=1.000;qMul=1.000;qAdd=0.000;rpiOff=0.000,1874,7458,"RacePacingRejected, RACE action=reject_survival:6654;RacePacingRejected, RACE action=reject_pacing:801;ReplacementNotAllowed:3"
2026-09-16T04:57:14.3144893+00:00,2000078304,0.000000,0,1.000000,0.000000,0.000000,0.340000,SURVIVAL,SURVIVAL,NONE,H_t,reject_survival,phase=none;hMul=1.000;gMul=1.000;qMul=1.000;qAdd=0.000;rpiOff=0.000,1874,7458,"RacePacingRejected, RACE action=reject_survival:6654;RacePacingRejected, RACE action=reject_pacing:801;ReplacementNotAllowed:3"
2026-09-16T04:57:14.8141277+00:00,2000078304,0.000000,0,1.000000,0.000000,0.000000,0.340000,SURVIVAL,SURVIVAL,NONE,H_t,reject_survival,phase=none;hMul=1.000;gMul=1.000;qMul=1.000;qAdd=0.000;rpiOff=0.000,1874,7458,"RacePacingRejected, RACE action=reject_survival:6654;RacePacingRejected, RACE action=reject_pacing:801;ReplacementNotAllowed:3"
2026-09-16T04:57:15.3146245+00:00,2000119424,0.000000,0,1.000000,0.000000,0.000000,0.340000,SURVIVAL,SURVIVAL,NONE,H_t,reject_survival,phase=none;hMul=1.000;gMul=1.000;qMul=1.000;qAdd=0.000;rpiOff=0.000,1874,7458,"RacePacingRejected, RACE action=reject_survival:6654;RacePacingRejected, RACE action=reject_pacing:801;ReplacementNotAllowed:3"
2026-09-16T04:57:15.8141121+00:00,2000127648,0.000000,0,1.000000,0.000000,0.000000,0.340000,SURVIVAL,SURVIVAL,NONE,H_t,reject_survival,phase=none;hMul=1.000;gMul=1.000;qMul=1.000;qAdd=0.000;rpiOff=0.000,1874,7458,"RacePacingRejected, RACE action=reject_survival:6654;RacePacingRejected, RACE action=reject_pacing:801;ReplacementNotAllowed:3"
2026-09-16T04:57:16.3138349+00:00,2000209632,0.000000,0,1.000000,0.000000,0.000000,0.340000,SURVIVAL,SURVIVAL,NONE,H_t,reject_survival,phase=none;hMul=1.000;gMul=1.000;qMul=1.000;qAdd=0.000;rpiOff=0.000,1874,7458,"RacePacingRejected, RACE action=reject_survival:6654;RacePacingRejected, RACE action=reject_pacing:801;ReplacementNotAllowed:3"
2026-09-16T04:57:16.8146135+00:00,2000217856,0.000000,0,1.000000,0.000000,0.000000,0.340000,SURVIVAL,SURVIVAL,NONE,H_t,reject_survival,phase=none;hMul=1.000;gMul=1.000;qMul=1.000;qAdd=0.000;rpiOff=0.000,1874,7458,"RacePacingRejected, RACE action=reject_survival:6654;RacePacingRejected, RACE action=reject_pacing:801;ReplacementNotAllowed:3"
2026-09-16T04:57:17.3144334+00:00,2000307808,0.000000,0,1.000000,0.000000,0.000000,0.340000,SURVIVAL,SURVIVAL,NONE,H_t,reject_survival,phase=none;hMul=1.000;gMul=1.000;qMul=1.000;qAdd=0.000;rpiOff=0.000,1874,7458,"RacePacingRejected, RACE action=reject_survival:6654;RacePacingRejected, RACE action=reject_pacing:801;ReplacementNotAllowed:3"
2026-09-16T04:57:17.8139015+00:00,2000316032,0.000000,0,1.000000,0.000000,0.000000,0.340000,SURVIVAL,SURVIVAL,NONE,H_t,reject_survival,phase=none;hMul=1.000;gMul=1.000;qMul=1.000;qAdd=0.000;rpiOff=0.000,1874,7458,"RacePacingRejected, RACE action=reject_survival:6654;RacePacingRejected, RACE action=reject_pacing:801;ReplacementNotAllowed:3"
2026-09-16T04:57:18.3145300+00:00,2000365120,0.000000,0,1.000000,0.000000,0.000000,0.340000,SURVIVAL,SURVIVAL,NONE,H_t,reject_survival,phase=none;hMul=1.000;gMul=1.000;qMul=1.000;qAdd=0.000;rpiOff=0.000,1874,7458,"RacePacingRejected, RACE action=reject_survival:6654;RacePacingRejected, RACE action=reject_pacing:801;ReplacementNotAllowed:3"
2026-09-16T04:57:18.8142214+00:00,2000365120,0.000000,0,1.000000,0.000000,0.000000,0.340000,SURVIVAL,SURVIVAL,NONE,H_t,reject_survival,phase=none;hMul=1.000;gMul=1.000;qMul=1.000;qAdd=0.000;rpiOff=0.000,1874,7458,"RacePacingRejected, RACE action=reject_survival:6654;RacePacingRejected, RACE action=reject_pacing:801;ReplacementNotAllowed:3"
2026-09-16T04:57:19.3145649+00:00,2000454976,0.000000,0,1.000000,0.000000,0.000000,0.340000,SURVIVAL,SURVIVAL,NONE,H_t,reject_survival,phase=none;hMul=1.000;gMul=1.000;qMul=1.000;qAdd=0.000;rpiOff=0.000,1874,7458,"RacePacingRejected, RACE action=reject_survival:6654;RacePacingRejected, RACE action=reject_pacing:801;ReplacementNotAllowed:3"
2026-09-16T04:57:19.8140611+00:00,2000454976,0.000000,0,1.000000,0.000000,0.000000,0.340000,SURVIVAL,SURVIVAL,NONE,H_t,reject_survival,phase=none;hMul=1.000;gMul=1.000;qMul=1.000;qAdd=0.000;rpiOff=0.000,1874,7458,"RacePacingRejected, RACE action=reject_survival:6654;RacePacingRejected, RACE action=reject_pacing:801;ReplacementNotAllowed:3"
2026-09-16T04:57:20.3138315+00:00,2000504320,0.000000,0,1.000000,0.000000,0.000000,0.340000,SURVIVAL,SURVIVAL,NONE,H_t,reject_survival,phase=none;hMul=1.000;gMul=1.000;qMul=1.000;qAdd=0.000;rpiOff=0.000,1874,7458,"RacePacingRejected, RACE action=reject_survival:6654;RacePacingRejected, RACE action=reject_pacing:801;ReplacementNotAllowed:3"
2026-09-16T04:57:20.8143340+00:00,2000512544,0.000000,0,1.000000,0.000000,0.000000,0.340000,SURVIVAL,SURVIVAL,NONE,H_t,reject_survival,phase=none;hMul=1.000;gMul=1.000;qMul=1.000;qAdd=0.000;rpiOff=0.000,1874,7458,"RacePacingRejected, RACE action=reject_survival:6654;RacePacingRejected, RACE action=reject_pacing:801;ReplacementNotAllowed:3"
2026-09-16T04:57:21.3147457+00:00,2000594016,0.000000,0,1.000000,0.000000,0.000000,0.340000,SURVIVAL,SURVIVAL,NONE,H_t,reject_survival,phase=none;hMul=1.000;gMul=1.000;qMul=1.000;qAdd=0.000;rpiOff=0.000,1874,7458,"RacePacingRejected, RACE action=reject_survival:6654;RacePacingRejected, RACE action=reject_pacing:801;ReplacementNotAllowed:3"
2026-09-16T04:57:21.8142103+00:00,2000594016,0.000000,0,1.000000,0.000000,0.000000,0.340000,SURVIVAL,SURVIVAL,NONE,H_t,reject_survival,phase=none;hMul=1.000;gMul=1.000;qMul=1.000;qAdd=0.000;rpiOff=0.000,1874,7458,"RacePacingRejected, RACE action=reject_survival:6654;RacePacingRejected, RACE action=reject_pacing:801;ReplacementNotAllowed:3"
2026-09-16T04:57:22.3147357+00:00,2000643360,0.000000,0,1.000000,0.000000,0.000000,0.340000,SURVIVAL,SURVIVAL,NONE,H_t,reject_survival,phase=none;hMul=1.000;gMul=1.000;qMul=1.000;qAdd=0.000;rpiOff=0.000,1874,7458,"RacePacingRejected, RACE action=reject_survival:6654;RacePacingRejected, RACE action=reject_pacing:801;ReplacementNotAllowed:3"
2026-09-16T04:57:22.8141716+00:00,2000651584,0.000000,0,1.000000,0.000000,0.000000,0.340000,SURVIVAL,SURVIVAL,NONE,H_t,reject_survival,phase=none;hMul=1.000;gMul=1.000;qMul=1.000;qAdd=0.000;rpiOff=0.000,1874,7458,"RacePacingRejected, RACE action=reject_survival:6654;RacePacingRejected, RACE action=reject_pacing:801;ReplacementNotAllowed:3"
2026-09-16T04:57:23.3140708+00:00,2000725344,0.000000,0,1.000000,0.000000,0.000000,0.340000,SURVIVAL,SURVIVAL,NONE,H_t,reject_survival,phase=none;hMul=1.000;gMul=1.000;qMul=1.000;qAdd=0.000;rpiOff=0.000,1874,7458,"RacePacingRejected, RACE action=reject_survival:6654;RacePacingRejected, RACE action=reject_pacing:801;ReplacementNotAllowed:3"
2026-09-16T04:57:23.8145571+00:00,2000733312,0.000000,0,1.000000,0.000000,0.000000,0.340000,SURVIVAL,SURVIVAL,NONE,H_t,reject_survival,phase=none;hMul=1.000;gMul=1.000;qMul=1.000;qAdd=0.000;rpiOff=0.000,1874,7458,"RacePacingRejected, RACE action=reject_survival:6654;RacePacingRejected, RACE action=reject_pacing:801;ReplacementNotAllowed:3"
2026-09-16T04:57:24.3147457+00:00,2000807072,0.000000,0,1.000000,0.000000,0.000000,0.340000,SURVIVAL,SURVIVAL,NONE,H_t,reject_survival,phase=none;hMul=1.000;gMul=1.000;qMul=1.000;qAdd=0.000;rpiOff=0.000,1874,7458,"RacePacingRejected, RACE action=reject_survival:6654;RacePacingRejected, RACE action=reject_pacing:801;ReplacementNotAllowed:3"
2026-09-16T04:57:24.8142304+00:00,2000815296,0.000000,0,1.000000,0.000000,0.000000,0.340000,SURVIVAL,SURVIVAL,NONE,H_t,reject_survival,phase=none;hMul=1.000;gMul=1.000;qMul=1.000;qAdd=0.000;rpiOff=0.000,1874,7458,"RacePacingRejected, RACE action=reject_survival:6654;RacePacingRejected, RACE action=reject_pacing:801;ReplacementNotAllowed:3"
2026-09-16T04:57:25.3138691+00:00,2000872608,0.000000,0,1.000000,0.000000,0.000000,0.340000,SURVIVAL,SURVIVAL,NONE,H_t,reject_survival,phase=none;hMul=1.000;gMul=1.000;qMul=1.000;qAdd=0.000;rpiOff=0.000,1874,7458,"RacePacingRejected, RACE action=reject_survival:6654;RacePacingRejected, RACE action=reject_pacing:801;ReplacementNotAllowed:3"
2026-09-16T04:57:25.8141961+00:00,2000880832,0.000000,0,1.000000,0.000000,0.000000,0.340000,SURVIVAL,SURVIVAL,NONE,H_t,reject_survival,phase=none;hMul=1.000;gMul=1.000;qMul=1.000;qAdd=0.000;rpiOff=0.000,1874,7458,"RacePacingRejected, RACE action=reject_survival:6654;RacePacingRejected, RACE action=reject_pacing:801;ReplacementNotAllowed:3"
2026-09-16T04:57:26.3147769+00:00,2000979264,0.000000,0,1.000000,0.000000,0.000000,0.340000,SURVIVAL,SURVIVAL,NONE,H_t,reject_survival,phase=none;hMul=1.000;gMul=1.000;qMul=1.000;qAdd=0.000;rpiOff=0.000,1874,7458,"RacePacingRejected, RACE action=reject_survival:6654;RacePacingRejected, RACE action=reject_pacing:801;ReplacementNotAllowed:3"
2026-09-16T04:57:26.8144714+00:00,2000979264,0.000000,0,1.000000,0.000000,0.000000,0.340000,SURVIVAL,SURVIVAL,NONE,H_t,reject_survival,phase=none;hMul=1.000;gMul=1.000;qMul=1.000;qAdd=0.000;rpiOff=0.000,1874,7458,"RacePacingRejected, RACE action=reject_survival:6654;RacePacingRejected, RACE action=reject_pacing:801;ReplacementNotAllowed:3"
2026-09-16T04:57:27.3141851+00:00,2001134752,0.000000,0,1.000000,0.000000,0.000000,0.340000,SURVIVAL,SURVIVAL,NONE,H_t,reject_survival,phase=none;hMul=1.000;gMul=1.000;qMul=1.000;qAdd=0.000;rpiOff=0.000,1874,7458,"RacePacingRejected, RACE action=reject_survival:6654;RacePacingRejected, RACE action=reject_pacing:801;ReplacementNotAllowed:3"
2026-09-16T04:57:27.8146178+00:00,2001134752,0.000000,0,1.000000,0.000000,0.000000,0.340000,SURVIVAL,SURVIVAL,NONE,H_t,reject_survival,phase=none;hMul=1.000;gMul=1.000;qMul=1.000;qAdd=0.000;rpiOff=0.000,1874,7458,"RacePacingRejected, RACE action=reject_survival:6654;RacePacingRejected, RACE action=reject_pacing:801;ReplacementNotAllowed:3"
2026-09-16T04:57:28.3140888+00:00,2001191976,0.000000,0,1.000000,0.000000,0.000000,0.340000,SURVIVAL,SURVIVAL,NONE,H_t,reject_survival,phase=none;hMul=1.000;gMul=1.000;qMul=1.000;qAdd=0.000;rpiOff=0.000,1874,7458,"RacePacingRejected, RACE action=reject_survival:6654;RacePacingRejected, RACE action=reject_pacing:801;ReplacementNotAllowed:3"
2026-09-16T04:57:28.8145911+00:00,2001191976,0.000000,0,1.000000,0.000000,0.000000,0.340000,SURVIVAL,SURVIVAL,NONE,H_t,reject_survival,phase=none;hMul=1.000;gMul=1.000;qMul=1.000;qAdd=0.000;rpiOff=0.000,1874,7458,"RacePacingRejected, RACE action=reject_survival:6654;RacePacingRejected, RACE action=reject_pacing:801;ReplacementNotAllowed:3"
2026-09-16T04:57:29.3140047+00:00,2001273960,0.000000,0,1.000000,0.000000,0.000000,0.340000,SURVIVAL,SURVIVAL,NONE,H_t,reject_survival,phase=none;hMul=1.000;gMul=1.000;qMul=1.000;qAdd=0.000;rpiOff=0.000,1874,7458,"RacePacingRejected, RACE action=reject_survival:6654;RacePacingRejected, RACE action=reject_pacing:801;ReplacementNotAllowed:3"
2026-09-16T04:57:29.8145699+00:00,2001273960,0.000000,0,1.000000,0.000000,0.000000,0.340000,SURVIVAL,SURVIVAL,NONE,H_t,reject_survival,phase=none;hMul=1.000;gMul=1.000;qMul=1.000;qAdd=0.000;rpiOff=0.000,1874,7458,"RacePacingRejected, RACE action=reject_survival:6654;RacePacingRejected, RACE action=reject_pacing:801;ReplacementNotAllowed:3"
2026-09-16T04:57:30.3142927+00:00,2001706624,0.000000,0,1.000000,0.000000,0.000000,0.340000,SURVIVAL,SURVIVAL,NONE,H_t,reject_survival,phase=none;hMul=1.000;gMul=1.000;qMul=1.000;qAdd=0.000;rpiOff=0.000,1874,7458,"RacePacingRejected, RACE action=reject_survival:6654;RacePacingRejected, RACE action=reject_pacing:801;ReplacementNotAllowed:3"
2026-09-16T04:57:30.8147614+00:00,2001714848,0.000000,0,1.000000,0.000000,0.000000,0.340000,SURVIVAL,SURVIVAL,NONE,H_t,reject_survival,phase=none;hMul=1.000;gMul=1.000;qMul=1.000;qAdd=0.000;rpiOff=0.000,1874,7458,"RacePacingRejected, RACE action=reject_survival:6654;RacePacingRejected, RACE action=reject_pacing:801;ReplacementNotAllowed:3"
2026-09-16T04:57:31.3141678+00:00,2001755968,0.000000,0,1.000000,0.000000,0.000000,0.340000,SURVIVAL,SURVIVAL,NONE,H_t,reject_survival,phase=none;hMul=1.000;gMul=1.000;qMul=1.000;qAdd=0.000;rpiOff=0.000,1874,7458,"RacePacingRejected, RACE action=reject_survival:6654;RacePacingRejected, RACE action=reject_pacing:801;ReplacementNotAllowed:3"
2026-09-16T04:57:31.8146399+00:00,2001755968,0.000000,0,1.000000,0.000000,0.000000,0.340000,SURVIVAL,SURVIVAL,NONE,H_t,reject_survival,phase=none;hMul=1.000;gMul=1.000;qMul=1.000;qAdd=0.000;rpiOff=0.000,1874,7458,"RacePacingRejected, RACE action=reject_survival:6654;RacePacingRejected, RACE action=reject_pacing:801;ReplacementNotAllowed:3"
2026-09-16T04:57:32.3139793+00:00,2001837952,0.000000,0,1.000000,0.000000,0.000000,0.340000,SURVIVAL,SURVIVAL,NONE,H_t,reject_survival,phase=none;hMul=1.000;gMul=1.000;qMul=1.000;qAdd=0.000;rpiOff=0.000,1874,7458,"RacePacingRejected, RACE action=reject_survival:6654;RacePacingRejected, RACE action=reject_pacing:801;ReplacementNotAllowed:3"
2026-09-16T04:57:32.8146369+00:00,2001837952,0.000000,0,1.000000,0.000000,0.000000,0.340000,SURVIVAL,SURVIVAL,NONE,H_t,reject_survival,phase=none;hMul=1.000;gMul=1.000;qMul=1.000;qAdd=0.000;rpiOff=0.000,1874,7458,"RacePacingRejected, RACE action=reject_survival:6654;RacePacingRejected, RACE action=reject_pacing:801;ReplacementNotAllowed:3"
2026-09-16T04:57:33.3143066+00:00,2001911456,0.000000,0,1.000000,0.000000,0.000000,0.340000,SURVIVAL,SURVIVAL,NONE,H_t,reject_survival,phase=none;hMul=1.000;gMul=1.000;qMul=1.000;qAdd=0.000;rpiOff=0.000,1874,7458,"RacePacingRejected, RACE action=reject_survival:6654;RacePacingRejected, RACE action=reject_pacing:801;ReplacementNotAllowed:3"
2026-09-16T04:57:33.8138099+00:00,2001911456,0.000000,0,1.000000,0.000000,0.000000,0.340000,SURVIVAL,SURVIVAL,NONE,H_t,reject_survival,phase=none;hMul=1.000;gMul=1.000;qMul=1.000;qAdd=0.000;rpiOff=0.000,1874,7458,"RacePacingRejected, RACE action=reject_survival:6654;RacePacingRejected, RACE action=reject_pacing:801;ReplacementNotAllowed:3"
2026-09-16T04:57:34.3142364+00:00,2001985472,0.000000,0,1.000000,0.000000,0.000000,0.340000,SURVIVAL,SURVIVAL,NONE,H_t,reject_survival,phase=none;hMul=1.000;gMul=1.000;qMul=1.000;qAdd=0.000;rpiOff=0.000,1874,7458,"RacePacingRejected, RACE action=reject_survival:6654;RacePacingRejected, RACE action=reject_pacing:801;ReplacementNotAllowed:3"
2026-09-16T04:57:34.8147139+00:00,2001993696,0.000000,0,1.000000,0.000000,0.000000,0.340000,SURVIVAL,SURVIVAL,NONE,H_t,reject_survival,phase=none;hMul=1.000;gMul=1.000;qMul=1.000;qAdd=0.000;rpiOff=0.000,1874,7458,"RacePacingRejected, RACE action=reject_survival:6654;RacePacingRejected, RACE action=reject_pacing:801;ReplacementNotAllowed:3"
2026-09-16T04:57:35.3145267+00:00,2002034560,0.000000,0,1.000000,0.000000,0.000000,0.340000,SURVIVAL,SURVIVAL,NONE,H_t,reject_survival,phase=none;hMul=1.000;gMul=1.000;qMul=1.000;qAdd=0.000;rpiOff=0.000,1874,7458,"RacePacingRejected, RACE action=reject_survival:6654;RacePacingRejected, RACE action=reject_pacing:801;ReplacementNotAllowed:3"
2026-09-16T04:57:35.8140866+00:00,2002034560,0.000000,0,1.000000,0.000000,0.000000,0.340000,SURVIVAL,SURVIVAL,NONE,H_t,reject_survival,phase=none;hMul=1.000;gMul=1.000;qMul=1.000;qAdd=0.000;rpiOff=0.000,1874,7458,"RacePacingRejected, RACE action=reject_survival:6654;RacePacingRejected, RACE action=reject_pacing:801;ReplacementNotAllowed:3"
2026-09-16T04:57:36.3147392+00:00,2002116288,0.000000,0,1.000000,0.000000,0.000000,0.340000,SURVIVAL,SURVIVAL,NONE,H_t,reject_survival,phase=none;hMul=1.000;gMul=1.000;qMul=1.000;qAdd=0.000;rpiOff=0.000,1874,7458,"RacePacingRejected, RACE action=reject_survival:6654;RacePacingRejected, RACE action=reject_pacing:801;ReplacementNotAllowed:3"
2026-09-16T04:57:36.8144634+00:00,2002116288,0.000000,0,1.000000,0.000000,0.000000,0.340000,SURVIVAL,SURVIVAL,NONE,H_t,reject_survival,phase=none;hMul=1.000;gMul=1.000;qMul=1.000;qAdd=0.000;rpiOff=0.000,1874,7458,"RacePacingRejected, RACE action=reject_survival:6654;RacePacingRejected, RACE action=reject_pacing:801;ReplacementNotAllowed:3"
2026-09-16T04:57:37.3141660+00:00,2002165632,0.000000,0,1.000000,0.000000,0.000000,0.340000,SURVIVAL,SURVIVAL,NONE,H_t,reject_survival,phase=none;hMul=1.000;gMul=1.000;qMul=1.000;qAdd=0.000;rpiOff=0.000,1874,7458,"RacePacingRejected, RACE action=reject_survival:6654;RacePacingRejected, RACE action=reject_pacing:801;ReplacementNotAllowed:3"
2026-09-16T04:57:37.8146791+00:00,2002173600,0.000000,0,1.000000,0.000000,0.000000,0.340000,SURVIVAL,SURVIVAL,NONE,H_t,reject_survival,phase=none;hMul=1.000;gMul=1.000;qMul=1.000;qAdd=0.000;rpiOff=0.000,1874,7458,"RacePacingRejected, RACE action=reject_survival:6654;RacePacingRejected, RACE action=reject_pacing:801;ReplacementNotAllowed:3"
2026-09-16T04:57:38.3140993+00:00,2002255584,0.000000,0,1.000000,0.000000,0.000000,0.340000,SURVIVAL,SURVIVAL,NONE,H_t,reject_survival,phase=none;hMul=1.000;gMul=1.000;qMul=1.000;qAdd=0.000;rpiOff=0.000,1874,7458,"RacePacingRejected, RACE action=reject_survival:6654;RacePacingRejected, RACE action=reject_pacing:801;ReplacementNotAllowed:3"
2026-09-16T04:57:38.8147536+00:00,2002255584,0.000000,0,1.000000,0.000000,0.000000,0.340000,SURVIVAL,SURVIVAL,NONE,H_t,reject_survival,phase=none;hMul=1.000;gMul=1.000;qMul=1.000;qAdd=0.000;rpiOff=0.000,1874,7458,"RacePacingRejected, RACE action=reject_survival:6654;RacePacingRejected, RACE action=reject_pacing:801;ReplacementNotAllowed:3"
2026-09-16T04:57:39.3142760+00:00,2002353760,0.000000,0,1.000000,0.000000,0.000000,0.340000,SURVIVAL,SURVIVAL,NONE,H_t,reject_survival,phase=none;hMul=1.000;gMul=1.000;qMul=1.000;qAdd=0.000;rpiOff=0.000,1874,7458,"RacePacingRejected, RACE action=reject_survival:6654;RacePacingRejected, RACE action=reject_pacing:801;ReplacementNotAllowed:3"
2026-09-16T04:57:39.8147963+00:00,2002353760,0.000000,0,1.000000,0.000000,0.000000,0.340000,SURVIVAL,SURVIVAL,NONE,H_t,reject_survival,phase=none;hMul=1.000;gMul=1.000;qMul=1.000;qAdd=0.000;rpiOff=0.000,1874,7458,"RacePacingRejected, RACE action=reject_survival:6654;RacePacingRejected, RACE action=reject_pacing:801;ReplacementNotAllowed:3"
2026-09-16T04:57:40.3143266+00:00,2002402848,0.000000,0,1.000000,0.000000,0.000000,0.340000,SURVIVAL,SURVIVAL,NONE,H_t,reject_survival,phase=none;hMul=1.000;gMul=1.000;qMul=1.000;qAdd=0.000;rpiOff=0.000,1874,7458,"RacePacingRejected, RACE action=reject_survival:6654;RacePacingRejected, RACE action=reject_pacing:801;ReplacementNotAllowed:3"
2026-09-16T04:57:40.8138595+00:00,2002411072,0.000000,0,1.000000,0.000000,0.000000,0.340000,SURVIVAL,SURVIVAL,NONE,H_t,reject_survival,phase=none;hMul=1.000;gMul=1.000;qMul=1.000;qAdd=0.000;rpiOff=0.000,1874,7458,"RacePacingRejected, RACE action=reject_survival:6654;RacePacingRejected, RACE action=reject_pacing:801;ReplacementNotAllowed:3"
2026-09-16T04:57:41.3142906+00:00,2002484832,0.000000,0,1.000000,0.000000,0.000000,0.340000,SURVIVAL,SURVIVAL,NONE,H_t,reject_survival,phase=none;hMul=1.000;gMul=1.000;qMul=1.000;qAdd=0.000;rpiOff=0.000,1874,7458,"RacePacingRejected, RACE action=reject_survival:6654;RacePacingRejected, RACE action=reject_pacing:801;ReplacementNotAllowed:3"
2026-09-16T04:57:41.8147867+00:00,2002493056,0.000000,0,1.000000,0.000000,0.000000,0.340000,SURVIVAL,SURVIVAL,NONE,H_t,reject_survival,phase=none;hMul=1.000;gMul=1.000;qMul=1.000;qAdd=0.000;rpiOff=0.000,1874,7458,"RacePacingRejected, RACE action=reject_survival:6654;RacePacingRejected, RACE action=reject_pacing:801;ReplacementNotAllowed:3"
2026-09-16T04:57:42.3143640+00:00,2002534176,0.000000,0,1.000000,0.000000,0.000000,0.340000,SURVIVAL,SURVIVAL,NONE,H_t,reject_survival,phase=none;hMul=1.000;gMul=1.000;qMul=1.000;qAdd=0.000;rpiOff=0.000,1874,7458,"RacePacingRejected, RACE action=reject_survival:6654;RacePacingRejected, RACE action=reject_pacing:801;ReplacementNotAllowed:3"
2026-09-16T04:57:42.8139321+00:00,2002542400,0.000000,0,1.000000,0.000000,0.000000,0.340000,SURVIVAL,SURVIVAL,NONE,H_t,reject_survival,phase=none;hMul=1.000;gMul=1.000;qMul=1.000;qAdd=0.000;rpiOff=0.000,1874,7458,"RacePacingRejected, RACE action=reject_survival:6654;RacePacingRejected, RACE action=reject_pacing:801;ReplacementNotAllowed:3"
2026-09-16T04:57:43.3143986+00:00,2002607936,0.000000,0,1.000000,0.000000,0.000000,0.340000,SURVIVAL,SURVIVAL,NONE,H_t,reject_survival,phase=none;hMul=1.000;gMul=1.000;qMul=1.000;qAdd=0.000;rpiOff=0.000,1874,7458,"RacePacingRejected, RACE action=reject_survival:6654;RacePacingRejected, RACE action=reject_pacing:801;ReplacementNotAllowed:3"
2026-09-16T04:57:43.8139171+00:00,2002616160,0.000000,0,1.000000,0.000000,0.000000,0.340000,SURVIVAL,SURVIVAL,NONE,H_t,reject_survival,phase=none;hMul=1.000;gMul=1.000;qMul=1.000;qAdd=0.000;rpiOff=0.000,1874,7458,"RacePacingRejected, RACE action=reject_survival:6654;RacePacingRejected, RACE action=reject_pacing:801;ReplacementNotAllowed:3"
2026-09-16T04:57:44.3145362+00:00,2002673216,0.000000,0,1.000000,0.000000,0.000000,0.340000,SURVIVAL,SURVIVAL,NONE,H_t,reject_survival,phase=none;hMul=1.000;gMul=1.000;qMul=1.000;qAdd=0.000;rpiOff=0.000,1874,7458,"RacePacingRejected, RACE action=reject_survival:6654;RacePacingRejected, RACE action=reject_pacing:801;ReplacementNotAllowed:3"
2026-09-16T04:57:44.8139790+00:00,2002673216,0.000000,0,1.000000,0.000000,0.000000,0.340000,SURVIVAL,SURVIVAL,NONE,H_t,reject_survival,phase=none;hMul=1.000;gMul=1.000;qMul=1.000;qAdd=0.000;rpiOff=0.000,1874,7458,"RacePacingRejected, RACE action=reject_survival:6654;RacePacingRejected, RACE action=reject_pacing:801;ReplacementNotAllowed:3"
2026-09-16T04:57:45.3145537+00:00,2002754944,0.000000,0,1.000000,0.000000,0.000000,0.340000,SURVIVAL,SURVIVAL,NONE,H_t,reject_survival,phase=none;hMul=1.000;gMul=1.000;qMul=1.000;qAdd=0.000;rpiOff=0.000,1874,7458,"RacePacingRejected, RACE action=reject_survival:6654;RacePacingRejected, RACE action=reject_pacing:801;ReplacementNotAllowed:3"
2026-09-16T04:57:45.8141396+00:00,2002763168,0.000000,0,1.000000,0.000000,0.000000,0.340000,SURVIVAL,SURVIVAL,NONE,H_t,reject_survival,phase=none;hMul=1.000;gMul=1.000;qMul=1.000;qAdd=0.000;rpiOff=0.000,1874,7458,"RacePacingRejected, RACE action=reject_survival:6654;RacePacingRejected, RACE action=reject_pacing:801;ReplacementNotAllowed:3"
2026-09-16T04:57:46.3144007+00:00,2002812256,0.000000,0,1.000000,0.000000,0.000000,0.340000,SURVIVAL,SURVIVAL,NONE,H_t,reject_survival,phase=none;hMul=1.000;gMul=1.000;qMul=1.000;qAdd=0.000;rpiOff=0.000,1874,7458,"RacePacingRejected, RACE action=reject_survival:6654;RacePacingRejected, RACE action=reject_pacing:801;ReplacementNotAllowed:3"
2026-09-16T04:57:46.8141050+00:00,2002812256,0.000000,0,1.000000,0.000000,0.000000,0.340000,SURVIVAL,SURVIVAL,NONE,H_t,reject_survival,phase=none;hMul=1.000;gMul=1.000;qMul=1.000;qAdd=0.000;rpiOff=0.000,1874,7458,"RacePacingRejected, RACE action=reject_survival:6654;RacePacingRejected, RACE action=reject_pacing:801;ReplacementNotAllowed:3"
2026-09-16T04:57:47.3146864+00:00,2002902464,0.000000,0,1.000000,0.000000,0.000000,0.340000,SURVIVAL,SURVIVAL,NONE,H_t,reject_survival,phase=none;hMul=1.000;gMul=1.000;qMul=1.000;qAdd=0.000;rpiOff=0.000,1874,7458,"RacePacingRejected, RACE action=reject_survival:6654;RacePacingRejected, RACE action=reject_pacing:801;ReplacementNotAllowed:3"
2026-09-16T04:57:47.8141878+00:00,2002902464,0.000000,0,1.000000,0.000000,0.000000,0.340000,SURVIVAL,SURVIVAL,NONE,H_t,reject_survival,phase=none;hMul=1.000;gMul=1.000;qMul=1.000;qAdd=0.000;rpiOff=0.000,1874,7458,"RacePacingRejected, RACE action=reject_survival:6654;RacePacingRejected, RACE action=reject_pacing:801;ReplacementNotAllowed:3"
2026-09-16T04:57:48.3138201+00:00,2002960032,0.000000,0,1.000000,0.000000,0.000000,0.340000,SURVIVAL,SURVIVAL,NONE,H_t,reject_survival,phase=none;hMul=1.000;gMul=1.000;qMul=1.000;qAdd=0.000;rpiOff=0.000,1874,7458,"RacePacingRejected, RACE action=reject_survival:6654;RacePacingRejected, RACE action=reject_pacing:801;ReplacementNotAllowed:3"
2026-09-16T04:57:48.8144470+00:00,2002960032,0.000000,0,1.000000,0.000000,0.000000,0.340000,SURVIVAL,SURVIVAL,NONE,H_t,reject_survival,phase=none;hMul=1.000;gMul=1.000;qMul=1.000;qAdd=0.000;rpiOff=0.000,1874,7458,"RacePacingRejected, RACE action=reject_survival:6654;RacePacingRejected, RACE action=reject_pacing:801;ReplacementNotAllowed:3"
2026-09-16T04:57:49.3138286+00:00,2003025568,0.000000,0,1.000000,0.000000,0.000000,0.340000,SURVIVAL,SURVIVAL,NONE,H_t,reject_survival,phase=none;hMul=1.000;gMul=1.000;qMul=1.000;qAdd=0.000;rpiOff=0.000,1874,7458,"RacePacingRejected, RACE action=reject_survival:6654;RacePacingRejected, RACE action=reject_pacing:801;ReplacementNotAllowed:3"
2026-09-16T04:57:49.8143790+00:00,2003033792,0.000000,0,1.000000,0.000000,0.000000,0.340000,SURVIVAL,SURVIVAL,NONE,H_t,reject_survival,phase=none;hMul=1.000;gMul=1.000;qMul=1.000;qAdd=0.000;rpiOff=0.000,1874,7458,"RacePacingRejected, RACE action=reject_survival:6654;RacePacingRejected, RACE action=reject_pacing:801;ReplacementNotAllowed:3"
2026-09-16T04:57:50.3140036+00:00,2003091104,0.000000,0,1.000000,0.000000,0.000000,0.340000,SURVIVAL,SURVIVAL,NONE,H_t,reject_survival,phase=none;hMul=1.000;gMul=1.000;qMul=1.000;qAdd=0.000;rpiOff=0.000,1874,7458,"RacePacingRejected, RACE action=reject_survival:6654;RacePacingRejected, RACE action=reject_pacing:801;ReplacementNotAllowed:3"
2026-09-16T04:57:50.8146201+00:00,2003099328,0.000000,0,1.000000,0.000000,0.000000,0.340000,SURVIVAL,SURVIVAL,NONE,H_t,reject_survival,phase=none;hMul=1.000;gMul=1.000;qMul=1.000;qAdd=0.000;rpiOff=0.000,1874,7458,"RacePacingRejected, RACE action=reject_survival:6654;RacePacingRejected, RACE action=reject_pacing:801;ReplacementNotAllowed:3"
2026-09-16T04:57:51.3139722+00:00,2003181312,0.000000,0,1.000000,0.000000,0.000000,0.340000,SURVIVAL,SURVIVAL,NONE,H_t,reject_survival,phase=none;hMul=1.000;gMul=1.000;qMul=1.000;qAdd=0.000;rpiOff=0.000,1874,7458,"RacePacingRejected, RACE action=reject_survival:6654;RacePacingRejected, RACE action=reject_pacing:801;ReplacementNotAllowed:3"
2026-09-16T04:57:51.8144418+00:00,2003181312,0.000000,0,1.000000,0.000000,0.000000,0.340000,SURVIVAL,SURVIVAL,NONE,H_t,reject_survival,phase=none;hMul=1.000;gMul=1.000;qMul=1.000;qAdd=0.000;rpiOff=0.000,1874,7458,"RacePacingRejected, RACE action=reject_survival:6654;RacePacingRejected, RACE action=reject_pacing:801;ReplacementNotAllowed:3"
2026-09-16T04:57:52.3139953+00:00,2003287712,0.000000,0,1.000000,0.000000,0.000000,0.340000,SURVIVAL,SURVIVAL,NONE,H_t,reject_survival,phase=none;hMul=1.000;gMul=1.000;qMul=1.000;qAdd=0.000;rpiOff=0.000,1874,7458,"RacePacingRejected, RACE action=reject_survival:6654;RacePacingRejected, RACE action=reject_pacing:801;ReplacementNotAllowed:3"
2026-09-16T04:57:52.8144333+00:00,2003287712,0.000000,0,1.000000,0.000000,0.000000,0.340000,SURVIVAL,SURVIVAL,NONE,H_t,reject_survival,phase=none;hMul=1.000;gMul=1.000;qMul=1.000;qAdd=0.000;rpiOff=0.000,1874,7458,"RacePacingRejected, RACE action=reject_survival:6654;RacePacingRejected, RACE action=reject_pacing:801;ReplacementNotAllowed:3"
2026-09-16T04:57:53.3139146+00:00,2003427008,0.000000,0,1.000000,0.000000,0.000000,0.340000,SURVIVAL,SURVIVAL,NONE,H_t,reject_survival,phase=none;hMul=1.000;gMul=1.000;qMul=1.000;qAdd=0.000;rpiOff=0.000,1874,7458,"RacePacingRejected, RACE action=reject_survival:6654;RacePacingRejected, RACE action=reject_pacing:801;ReplacementNotAllowed:3"
2026-09-16T04:57:53.8143755+00:00,2003427008,0.000000,0,1.000000,0.000000,0.000000,0.340000,SURVIVAL,SURVIVAL,NONE,H_t,reject_survival,phase=none;hMul=1.000;gMul=1.000;qMul=1.000;qAdd=0.000;rpiOff=0.000,1874,7458,"RacePacingRejected, RACE action=reject_survival:6654;RacePacingRejected, RACE action=reject_pacing:801;ReplacementNotAllowed:3"
2026-09-16T04:57:54.3139618+00:00,2003860856,0.000000,0,1.000000,0.000000,0.000000,0.340000,SURVIVAL,SURVIVAL,NONE,H_t,reject_survival,phase=none;hMul=1.000;gMul=1.000;qMul=1.000;qAdd=0.000;rpiOff=0.000,1874,7458,"RacePacingRejected, RACE action=reject_survival:6654;RacePacingRejected, RACE action=reject_pacing:801;ReplacementNotAllowed:3"
2026-09-16T04:57:54.8142414+00:00,2003868824,0.000000,0,1.000000,0.000000,0.000000,0.340000,SURVIVAL,SURVIVAL,NONE,H_t,reject_survival,phase=none;hMul=1.000;gMul=1.000;qMul=1.000;qAdd=0.000;rpiOff=0.000,1874,7458,"RacePacingRejected, RACE action=reject_survival:6654;RacePacingRejected, RACE action=reject_pacing:801;ReplacementNotAllowed:3"
2026-09-16T04:57:55.3140034+00:00,2003909944,0.000000,0,1.000000,0.000000,0.000000,0.340000,SURVIVAL,SURVIVAL,NONE,H_t,reject_survival,phase=none;hMul=1.000;gMul=1.000;qMul=1.000;qAdd=0.000;rpiOff=0.000,1874,7458,"RacePacingRejected, RACE action=reject_survival:6654;RacePacingRejected, RACE action=reject_pacing:801;ReplacementNotAllowed:3"
2026-09-16T04:57:55.8143960+00:00,2003909944,0.000000,0,1.000000,0.000000,0.000000,0.340000,SURVIVAL,SURVIVAL,NONE,H_t,reject_survival,phase=none;hMul=1.000;gMul=1.000;qMul=1.000;qAdd=0.000;rpiOff=0.000,1874,7458,"RacePacingRejected, RACE action=reject_survival:6654;RacePacingRejected, RACE action=reject_pacing:801;ReplacementNotAllowed:3"
2026-09-16T04:57:56.3140735+00:00,2003983448,0.000000,0,1.000000,0.000000,0.000000,0.340000,SURVIVAL,SURVIVAL,NONE,H_t,reject_survival,phase=none;hMul=1.000;gMul=1.000;qMul=1.000;qAdd=0.000;rpiOff=0.000,1874,7458,"RacePacingRejected, RACE action=reject_survival:6654;RacePacingRejected, RACE action=reject_pacing:801;ReplacementNotAllowed:3"
2026-09-16T04:57:56.8138062+00:00,2003991672,0.000000,0,1.000000,0.000000,0.000000,0.340000,SURVIVAL,SURVIVAL,NONE,H_t,reject_survival,phase=none;hMul=1.000;gMul=1.000;qMul=1.000;qAdd=0.000;rpiOff=0.000,1874,7458,"RacePacingRejected, RACE action=reject_survival:6654;RacePacingRejected, RACE action=reject_pacing:801;ReplacementNotAllowed:3"
2026-09-16T04:57:57.3146161+00:00,2004049240,0.000000,0,1.000000,0.000000,0.000000,0.340000,SURVIVAL,SURVIVAL,NONE,H_t,reject_survival,phase=none;hMul=1.000;gMul=1.000;qMul=1.000;qAdd=0.000;rpiOff=0.000,1874,7458,"RacePacingRejected, RACE action=reject_survival:6654;RacePacingRejected, RACE action=reject_pacing:801;ReplacementNotAllowed:3"
2026-09-16T04:57:57.8140819+00:00,2004049240,0.000000,0,1.000000,0.000000,0.000000,0.340000,SURVIVAL,SURVIVAL,NONE,H_t,reject_survival,phase=none;hMul=1.000;gMul=1.000;qMul=1.000;qAdd=0.000;rpiOff=0.000,1874,7458,"RacePacingRejected, RACE action=reject_survival:6654;RacePacingRejected, RACE action=reject_pacing:801;ReplacementNotAllowed:3"
2026-09-16T04:57:58.3144478+00:00,2004122744,0.000000,0,1.000000,0.000000,0.000000,0.340000,SURVIVAL,SURVIVAL,NONE,H_t,reject_survival,phase=none;hMul=1.000;gMul=1.000;qMul=1.000;qAdd=0.000;rpiOff=0.000,1874,7458,"RacePacingRejected, RACE action=reject_survival:6654;RacePacingRejected, RACE action=reject_pacing:801;ReplacementNotAllowed:3"
2026-09-16T04:57:58.8139371+00:00,2004130968,0.000000,0,1.000000,0.000000,0.000000,0.340000,SURVIVAL,SURVIVAL,NONE,H_t,reject_survival,phase=none;hMul=1.000;gMul=1.000;qMul=1.000;qAdd=0.000;rpiOff=0.000,1874,7458,"RacePacingRejected, RACE action=reject_survival:6654;RacePacingRejected, RACE action=reject_pacing:801;ReplacementNotAllowed:3"
2026-09-16T04:57:59.3146076+00:00,2004188280,0.000000,0,1.000000,0.000000,0.000000,0.340000,SURVIVAL,SURVIVAL,NONE,H_t,reject_survival,phase=none;hMul=1.000;gMul=1.000;qMul=1.000;qAdd=0.000;rpiOff=0.000,1874,7458,"RacePacingRejected, RACE action=reject_survival:6654;RacePacingRejected, RACE action=reject_pacing:801;ReplacementNotAllowed:3"
2026-09-16T04:57:59.8140755+00:00,2004196504,0.000000,0,1.000000,0.000000,0.000000,0.340000,SURVIVAL,SURVIVAL,NONE,H_t,reject_survival,phase=none;hMul=1.000;gMul=1.000;qMul=1.000;qAdd=0.000;rpiOff=0.000,1874,7458,"RacePacingRejected, RACE action=reject_survival:6654;RacePacingRejected, RACE action=reject_pacing:801;ReplacementNotAllowed:3"
2026-09-16T04:58:00.3147050+00:00,2004262040,0.000000,0,1.000000,0.000000,0.000000,0.340000,SURVIVAL,SURVIVAL,NONE,H_t,reject_survival,phase=none;hMul=1.000;gMul=1.000;qMul=1.000;qAdd=0.000;rpiOff=0.000,1874,7458,"RacePacingRejected, RACE action=reject_survival:6654;RacePacingRejected, RACE action=reject_pacing:801;ReplacementNotAllowed:3"
2026-09-16T04:58:00.8141189+00:00,2004262040,0.000000,0,1.000000,0.000000,0.000000,0.340000,SURVIVAL,SURVIVAL,NONE,H_t,reject_survival,phase=none;hMul=1.000;gMul=1.000;qMul=1.000;qAdd=0.000;rpiOff=0.000,1874,7458,"RacePacingRejected, RACE action=reject_survival:6654;RacePacingRejected, RACE action=reject_pacing:801;ReplacementNotAllowed:3"
2026-09-16T04:58:01.3147527+00:00,2004311384,0.000000,0,1.000000,0.000000,0.000000,0.340000,SURVIVAL,SURVIVAL,NONE,H_t,reject_survival,phase=none;hMul=1.000;gMul=1.000;qMul=1.000;qAdd=0.000;rpiOff=0.000,1874,7458,"RacePacingRejected, RACE action=reject_survival:6654;RacePacingRejected, RACE action=reject_pacing:801;ReplacementNotAllowed:3"
2026-09-16T04:58:01.8142343+00:00,2004311384,0.000000,0,1.000000,0.000000,0.000000,0.340000,SURVIVAL,SURVIVAL,NONE,H_t,reject_survival,phase=none;hMul=1.000;gMul=1.000;qMul=1.000;qAdd=0.000;rpiOff=0.000,1874,7458,"RacePacingRejected, RACE action=reject_survival:6654;RacePacingRejected, RACE action=reject_pacing:801;ReplacementNotAllowed:3"
2026-09-16T04:58:02.3146474+00:00,2004401544,0.000000,0,1.000000,0.000000,0.000000,0.340000,SURVIVAL,SURVIVAL,NONE,H_t,reject_survival,phase=none;hMul=1.000;gMul=1.000;qMul=1.000;qAdd=0.000;rpiOff=0.000,1874,7458,"RacePacingRejected, RACE action=reject_survival:6654;RacePacingRejected, RACE action=reject_pacing:801;ReplacementNotAllowed:3"
2026-09-16T04:58:02.8141283+00:00,2004401544,0.000000,0,1.000000,0.000000,0.000000,0.340000,SURVIVAL,SURVIVAL,NONE,H_t,reject_survival,phase=none;hMul=1.000;gMul=1.000;qMul=1.000;qAdd=0.000;rpiOff=0.000,1874,7458,"RacePacingRejected, RACE action=reject_survival:6654;RacePacingRejected, RACE action=reject_pacing:801;ReplacementNotAllowed:3"
2026-09-16T04:58:03.3138681+00:00,2004442664,0.000000,0,1.000000,0.000000,0.000000,0.340000,SURVIVAL,SURVIVAL,NONE,H_t,reject_survival,phase=none;hMul=1.000;gMul=1.000;qMul=1.000;qAdd=0.000;rpiOff=0.000,1874,7458,"RacePacingRejected, RACE action=reject_survival:6654;RacePacingRejected, RACE action=reject_pacing:801;ReplacementNotAllowed:3"
2026-09-16T04:58:03.8143958+00:00,2004450888,0.000000,0,1.000000,0.000000,0.000000,0.340000,SURVIVAL,SURVIVAL,NONE,H_t,reject_survival,phase=none;hMul=1.000;gMul=1.000;qMul=1.000;qAdd=0.000;rpiOff=0.000,1874,7458,"RacePacingRejected, RACE action=reject_survival:6654;RacePacingRejected, RACE action=reject_pacing:801;ReplacementNotAllowed:3"
2026-09-16T04:58:04.3138414+00:00,2004532616,0.000000,0,1.000000,0.000000,0.000000,0.340000,SURVIVAL,SURVIVAL,NONE,H_t,reject_survival,phase=none;hMul=1.000;gMul=1.000;qMul=1.000;qAdd=0.000;rpiOff=0.000,1874,7458,"RacePacingRejected, RACE action=reject_survival:6654;RacePacingRejected, RACE action=reject_pacing:801;ReplacementNotAllowed:3"
2026-09-16T04:58:04.8142981+00:00,2004532616,0.000000,0,1.000000,0.000000,0.000000,0.340000,SURVIVAL,SURVIVAL,NONE,H_t,reject_survival,phase=none;hMul=1.000;gMul=1.000;qMul=1.000;qAdd=0.000;rpiOff=0.000,1874,7458,"RacePacingRejected, RACE action=reject_survival:6654;RacePacingRejected, RACE action=reject_pacing:801;ReplacementNotAllowed:3"
2026-09-16T04:58:05.3146102+00:00,2004630792,0.000000,0,1.000000,0.000000,0.000000,0.340000,SURVIVAL,SURVIVAL,NONE,H_t,reject_survival,phase=none;hMul=1.000;gMul=1.000;qMul=1.000;qAdd=0.000;rpiOff=0.000,1874,7458,"RacePacingRejected, RACE action=reject_survival:6654;RacePacingRejected, RACE action=reject_pacing:801;ReplacementNotAllowed:3"
2026-09-16T04:58:05.8141400+00:00,2004630792,0.000000,0,1.000000,0.000000,0.000000,0.340000,SURVIVAL,SURVIVAL,NONE,H_t,reject_survival,phase=none;hMul=1.000;gMul=1.000;qMul=1.000;qAdd=0.000;rpiOff=0.000,1874,7458,"RacePacingRejected, RACE action=reject_survival:6654;RacePacingRejected, RACE action=reject_pacing:801;ReplacementNotAllowed:3"
2026-09-16T04:58:06.3139799+00:00,2004688104,0.000000,0,1.000000,0.000000,0.000000,0.340000,SURVIVAL,SURVIVAL,NONE,H_t,reject_survival,phase=none;hMul=1.000;gMul=1.000;qMul=1.000;qAdd=0.000;rpiOff=0.000,1874,7458,"RacePacingRejected, RACE action=reject_survival:6654;RacePacingRejected, RACE action=reject_pacing:801;ReplacementNotAllowed:3"
2026-09-16T04:58:06.8147459+00:00,2004688104,0.000000,0,1.000000,0.000000,0.000000,0.340000,SURVIVAL,SURVIVAL,NONE,H_t,reject_survival,phase=none;hMul=1.000;gMul=1.000;qMul=1.000;qAdd=0.000;rpiOff=0.000,1874,7458,"RacePacingRejected, RACE action=reject_survival:6654;RacePacingRejected, RACE action=reject_pacing:801;ReplacementNotAllowed:3"
2026-09-16T04:58:07.3142674+00:00,2004762120,0.000000,0,1.000000,0.000000,0.000000,0.340000,SURVIVAL,SURVIVAL,NONE,H_t,reject_survival,phase=none;hMul=1.000;gMul=1.000;qMul=1.000;qAdd=0.000;rpiOff=0.000,1874,7458,"RacePacingRejected, RACE action=reject_survival:6654;RacePacingRejected, RACE action=reject_pacing:801;ReplacementNotAllowed:3"
2026-09-16T04:58:07.8145959+00:00,2004770088,0.000000,0,1.000000,0.000000,0.000000,0.340000,SURVIVAL,SURVIVAL,NONE,H_t,reject_survival,phase=none;hMul=1.000;gMul=1.000;qMul=1.000;qAdd=0.000;rpiOff=0.000,1874,7458,"RacePacingRejected, RACE action=reject_survival:6654;RacePacingRejected, RACE action=reject_pacing:801;ReplacementNotAllowed:3"
2026-09-16T04:58:08.3140662+00:00,2004819432,0.000000,0,1.000000,0.000000,0.000000,0.340000,SURVIVAL,SURVIVAL,NONE,H_t,reject_survival,phase=none;hMul=1.000;gMul=1.000;qMul=1.000;qAdd=0.000;rpiOff=0.000,1874,7458,"RacePacingRejected, RACE action=reject_survival:6654;RacePacingRejected, RACE action=reject_pacing:801;ReplacementNotAllowed:3"
2026-09-16T04:58:08.8145944+00:00,2004827400,0.000000,0,1.000000,0.000000,0.000000,0.340000,SURVIVAL,SURVIVAL,NONE,H_t,reject_survival,phase=none;hMul=1.000;gMul=1.000;qMul=1.000;qAdd=0.000;rpiOff=0.000,1874,7458,"RacePacingRejected, RACE action=reject_survival:6654;RacePacingRejected, RACE action=reject_pacing:801;ReplacementNotAllowed:3"
2026-09-16T04:58:09.3140249+00:00,2004901416,0.000000,0,1.000000,0.000000,0.000000,0.340000,SURVIVAL,SURVIVAL,NONE,H_t,reject_survival,phase=none;hMul=1.000;gMul=1.000;qMul=1.000;qAdd=0.000;rpiOff=0.000,1874,7458,"RacePacingRejected, RACE action=reject_survival:6654;RacePacingRejected, RACE action=reject_pacing:801;ReplacementNotAllowed:3"
2026-09-16T04:58:09.8144244+00:00,2004901416,0.000000,0,1.000000,0.000000,0.000000,0.340000,SURVIVAL,SURVIVAL,NONE,H_t,reject_survival,phase=none;hMul=1.000;gMul=1.000;qMul=1.000;qAdd=0.000;rpiOff=0.000,1874,7458,"RacePacingRejected, RACE action=reject_survival:6654;RacePacingRejected, RACE action=reject_pacing:801;ReplacementNotAllowed:3"
2026-09-16T04:58:10.3140058+00:00,2004950504,0.000000,0,1.000000,0.000000,0.000000,0.340000,SURVIVAL,SURVIVAL,NONE,H_t,reject_survival,phase=none;hMul=1.000;gMul=1.000;qMul=1.000;qAdd=0.000;rpiOff=0.000,1874,7458,"RacePacingRejected, RACE action=reject_survival:6654;RacePacingRejected, RACE action=reject_pacing:801;ReplacementNotAllowed:3"
2026-09-16T04:58:10.8144984+00:00,2004958472,0.000000,0,1.000000,0.000000,0.000000,0.340000,SURVIVAL,SURVIVAL,NONE,H_t,reject_survival,phase=none;hMul=1.000;gMul=1.000;qMul=1.000;qAdd=0.000;rpiOff=0.000,1874,7458,"RacePacingRejected, RACE action=reject_survival:6654;RacePacingRejected, RACE action=reject_pacing:801;ReplacementNotAllowed:3"
2026-09-16T04:58:11.3138622+00:00,2005032232,0.000000,0,1.000000,0.000000,0.000000,0.340000,SURVIVAL,SURVIVAL,NONE,H_t,reject_survival,phase=none;hMul=1.000;gMul=1.000;qMul=1.000;qAdd=0.000;rpiOff=0.000,1874,7458,"RacePacingRejected, RACE action=reject_survival:6654;RacePacingRejected, RACE action=reject_pacing:801;ReplacementNotAllowed:3"
2026-09-16T04:58:11.8143623+00:00,2005032232,0.000000,0,1.000000,0.000000,0.000000,0.340000,SURVIVAL,SURVIVAL,NONE,H_t,reject_survival,phase=none;hMul=1.000;gMul=1.000;qMul=1.000;qAdd=0.000;rpiOff=0.000,1874,7458,"RacePacingRejected, RACE action=reject_survival:6654;RacePacingRejected, RACE action=reject_pacing:801;ReplacementNotAllowed:3"
2026-09-16T04:58:12.3140384+00:00,2005097768,0.000000,0,1.000000,0.000000,0.000000,0.340000,SURVIVAL,SURVIVAL,NONE,H_t,reject_survival,phase=none;hMul=1.000;gMul=1.000;qMul=1.000;qAdd=0.000;rpiOff=0.000,1874,7458,"RacePacingRejected, RACE action=reject_survival:6654;RacePacingRejected, RACE action=reject_pacing:801;ReplacementNotAllowed:3"
2026-09-16T04:58:12.8145322+00:00,2005097768,0.000000,0,1.000000,0.000000,0.000000,0.340000,SURVIVAL,SURVIVAL,NONE,H_t,reject_survival,phase=none;hMul=1.000;gMul=1.000;qMul=1.000;qAdd=0.000;rpiOff=0.000,1874,7458,"RacePacingRejected, RACE action=reject_survival:6654;RacePacingRejected, RACE action=reject_pacing:801;ReplacementNotAllowed:3"
2026-09-16T04:58:13.3140593+00:00,2005171272,0.000000,0,1.000000,0.000000,0.000000,0.340000,SURVIVAL,SURVIVAL,NONE,H_t,reject_survival,phase=none;hMul=1.000;gMul=1.000;qMul=1.000;qAdd=0.000;rpiOff=0.000,1874,7458,"RacePacingRejected, RACE action=reject_survival:6654;RacePacingRejected, RACE action=reject_pacing:801;ReplacementNotAllowed:3"
2026-09-16T04:58:13.8145732+00:00,2005171272,0.000000,0,1.000000,0.000000,0.000000,0.340000,SURVIVAL,SURVIVAL,NONE,H_t,reject_survival,phase=none;hMul=1.000;gMul=1.000;qMul=1.000;qAdd=0.000;rpiOff=0.000,1874,7458,"RacePacingRejected, RACE action=reject_survival:6654;RacePacingRejected, RACE action=reject_pacing:801;ReplacementNotAllowed:3"
2026-09-16T04:58:14.3141169+00:00,2005269960,0.000000,0,1.000000,0.000000,0.000000,0.340000,SURVIVAL,SURVIVAL,NONE,H_t,reject_survival,phase=none;hMul=1.000;gMul=1.000;qMul=1.000;qAdd=0.000;rpiOff=0.000,1874,7458,"RacePacingRejected, RACE action=reject_survival:6654;RacePacingRejected, RACE action=reject_pacing:801;ReplacementNotAllowed:3"
2026-09-16T04:58:14.8146006+00:00,2005269960,0.000000,0,1.000000,0.000000,0.000000,0.340000,SURVIVAL,SURVIVAL,NONE,H_t,reject_survival,phase=none;hMul=1.000;gMul=1.000;qMul=1.000;qAdd=0.000;rpiOff=0.000,1874,7458,"RacePacingRejected, RACE action=reject_survival:6654;RacePacingRejected, RACE action=reject_pacing:801;ReplacementNotAllowed:3"
2026-09-16T04:58:15.3140957+00:00,2005327544,0.000000,0,1.000000,0.000000,0.000000,0.340000,SURVIVAL,SURVIVAL,NONE,H_t,reject_survival,phase=none;hMul=1.000;gMul=1.000;qMul=1.000;qAdd=0.000;rpiOff=0.000,1874,7458,"RacePacingRejected, RACE action=reject_survival:6654;RacePacingRejected, RACE action=reject_pacing:801;ReplacementNotAllowed:3"
2026-09-16T04:58:15.8145928+00:00,2005327544,0.000000,0,1.000000,0.000000,0.000000,0.340000,SURVIVAL,SURVIVAL,NONE,H_t,reject_survival,phase=none;hMul=1.000;gMul=1.000;qMul=1.000;qAdd=0.000;rpiOff=0.000,1874,7458,"RacePacingRejected, RACE action=reject_survival:6654;RacePacingRejected, RACE action=reject_pacing:801;ReplacementNotAllowed:3"
2026-09-16T04:58:16.3141411+00:00,2005417736,0.000000,0,1.000000,0.000000,0.000000,0.340000,SURVIVAL,SURVIVAL,NONE,H_t,reject_survival,phase=none;hMul=1.000;gMul=1.000;qMul=1.000;qAdd=0.000;rpiOff=0.000,1874,7458,"RacePacingRejected, RACE action=reject_survival:6654;RacePacingRejected, RACE action=reject_pacing:801;ReplacementNotAllowed:3"
2026-09-16T04:58:16.8139424+00:00,2005417736,0.000000,0,1.000000,0.000000,0.000000,0.340000,SURVIVAL,SURVIVAL,NONE,H_t,reject_survival,phase=none;hMul=1.000;gMul=1.000;qMul=1.000;qAdd=0.000;rpiOff=0.000,1874,7458,"RacePacingRejected, RACE action=reject_survival:6654;RacePacingRejected, RACE action=reject_pacing:801;ReplacementNotAllowed:3"
2026-09-16T04:58:17.3146120+00:00,2005907568,0.000000,0,1.000000,0.000000,0.000000,0.340000,SURVIVAL,SURVIVAL,NONE,H_t,reject_survival,phase=none;hMul=1.000;gMul=1.000;qMul=1.000;qAdd=0.000;rpiOff=0.000,1874,7458,"RacePacingRejected, RACE action=reject_survival:6654;RacePacingRejected, RACE action=reject_pacing:801;ReplacementNotAllowed:3"
2026-09-16T04:58:17.8140980+00:00,2005907568,0.000000,0,1.000000,0.000000,0.000000,0.340000,SURVIVAL,SURVIVAL,NONE,H_t,reject_survival,phase=none;hMul=1.000;gMul=1.000;qMul=1.000;qAdd=0.000;rpiOff=0.000,1874,7458,"RacePacingRejected, RACE action=reject_survival:6654;RacePacingRejected, RACE action=reject_pacing:801;ReplacementNotAllowed:3"
2026-09-16T04:58:18.3145044+00:00,2005981072,0.000000,0,1.000000,0.000000,0.000000,0.340000,SURVIVAL,SURVIVAL,NONE,H_t,reject_survival,phase=none;hMul=1.000;gMul=1.000;qMul=1.000;qAdd=0.000;rpiOff=0.000,1874,7458,"RacePacingRejected, RACE action=reject_survival:6654;RacePacingRejected, RACE action=reject_pacing:801;ReplacementNotAllowed:3"
2026-09-16T04:58:18.8140365+00:00,2005981072,0.000000,0,1.000000,0.000000,0.000000,0.340000,SURVIVAL,SURVIVAL,NONE,H_t,reject_survival,phase=none;hMul=1.000;gMul=1.000;qMul=1.000;qAdd=0.000;rpiOff=0.000,1874,7458,"RacePacingRejected, RACE action=reject_survival:6654;RacePacingRejected, RACE action=reject_pacing:801;ReplacementNotAllowed:3"
2026-09-16T04:58:19.3147403+00:00,2006038384,0.000000,0,1.000000,0.000000,0.000000,0.340000,SURVIVAL,SURVIVAL,NONE,H_t,reject_survival,phase=none;hMul=1.000;gMul=1.000;qMul=1.000;qAdd=0.000;rpiOff=0.000,1874,7458,"RacePacingRejected, RACE action=reject_survival:6654;RacePacingRejected, RACE action=reject_pacing:801;ReplacementNotAllowed:3"
2026-09-16T04:58:19.8139128+00:00,2006046352,0.000000,0,1.000000,0.000000,0.000000,0.340000,SURVIVAL,SURVIVAL,NONE,H_t,reject_survival,phase=none;hMul=1.000;gMul=1.000;qMul=1.000;qAdd=0.000;rpiOff=0.000,1874,7458,"RacePacingRejected, RACE action=reject_survival:6654;RacePacingRejected, RACE action=reject_pacing:801;ReplacementNotAllowed:3"
2026-09-16T04:58:20.3147808+00:00,2006112144,0.000000,0,1.000000,0.000000,0.000000,0.340000,SURVIVAL,SURVIVAL,NONE,H_t,reject_survival,phase=none;hMul=1.000;gMul=1.000;qMul=1.000;qAdd=0.000;rpiOff=0.000,1874,7458,"RacePacingRejected, RACE action=reject_survival:6654;RacePacingRejected, RACE action=reject_pacing:801;ReplacementNotAllowed:3"
2026-09-16T04:58:20.8143019+00:00,2006120368,0.000000,0,1.000000,0.000000,0.000000,0.340000,SURVIVAL,SURVIVAL,NONE,H_t,reject_survival,phase=none;hMul=1.000;gMul=1.000;qMul=1.000;qAdd=0.000;rpiOff=0.000,1874,7458,"RacePacingRejected, RACE action=reject_survival:6654;RacePacingRejected, RACE action=reject_pacing:801;ReplacementNotAllowed:3"
2026-09-16T04:58:21.3147259+00:00,2006177936,0.000000,0,1.000000,0.000000,0.000000,0.340000,SURVIVAL,SURVIVAL,NONE,H_t,reject_survival,phase=none;hMul=1.000;gMul=1.000;qMul=1.000;qAdd=0.000;rpiOff=0.000,1874,7458,"RacePacingRejected, RACE action=reject_survival:6654;RacePacingRejected, RACE action=reject_pacing:801;ReplacementNotAllowed:3"
2026-09-16T04:58:21.8142141+00:00,2006177936,0.000000,0,1.000000,0.000000,0.000000,0.340000,SURVIVAL,SURVIVAL,NONE,H_t,reject_survival,phase=none;hMul=1.000;gMul=1.000;qMul=1.000;qAdd=0.000;rpiOff=0.000,1874,7458,"RacePacingRejected, RACE action=reject_survival:6654;RacePacingRejected, RACE action=reject_pacing:801;ReplacementNotAllowed:3"
2026-09-16T04:58:22.3140425+00:00,2006251440,0.000000,0,1.000000,0.000000,0.000000,0.340000,SURVIVAL,SURVIVAL,NONE,H_t,reject_survival,phase=none;hMul=1.000;gMul=1.000;qMul=1.000;qAdd=0.000;rpiOff=0.000,1874,7458,"RacePacingRejected, RACE action=reject_survival:6654;RacePacingRejected, RACE action=reject_pacing:801;ReplacementNotAllowed:3"
2026-09-16T04:58:22.8145816+00:00,2006259664,0.000000,0,1.000000,0.000000,0.000000,0.340000,SURVIVAL,SURVIVAL,NONE,H_t,reject_survival,phase=none;hMul=1.000;gMul=1.000;qMul=1.000;qAdd=0.000;rpiOff=0.000,1874,7458,"RacePacingRejected, RACE action=reject_survival:6654;RacePacingRejected, RACE action=reject_pacing:801;ReplacementNotAllowed:3"
2026-09-16T04:58:23.3138583+00:00,2006341648,0.000000,0,1.000000,0.000000,0.000000,0.340000,SURVIVAL,SURVIVAL,NONE,H_t,reject_survival,phase=none;hMul=1.000;gMul=1.000;qMul=1.000;qAdd=0.000;rpiOff=0.000,1874,7458,"RacePacingRejected, RACE action=reject_survival:6654;RacePacingRejected, RACE action=reject_pacing:801;ReplacementNotAllowed:3"
2026-09-16T04:58:23.8143297+00:00,2006341648,0.000000,0,1.000000,0.000000,0.000000,0.340000,SURVIVAL,SURVIVAL,NONE,H_t,reject_survival,phase=none;hMul=1.000;gMul=1.000;qMul=1.000;qAdd=0.000;rpiOff=0.000,1874,7458,"RacePacingRejected, RACE action=reject_survival:6654;RacePacingRejected, RACE action=reject_pacing:801;ReplacementNotAllowed:3"
2026-09-16T04:58:24.3147733+00:00,2006382512,0.000000,0,1.000000,0.000000,0.000000,0.340000,SURVIVAL,SURVIVAL,NONE,H_t,reject_survival,phase=none;hMul=1.000;gMul=1.000;qMul=1.000;qAdd=0.000;rpiOff=0.000,1874,7458,"RacePacingRejected, RACE action=reject_survival:6654;RacePacingRejected, RACE action=reject_pacing:801;ReplacementNotAllowed:3"
2026-09-16T04:58:24.8142679+00:00,2006390736,0.000000,0,1.000000,0.000000,0.000000,0.340000,SURVIVAL,SURVIVAL,NONE,H_t,reject_survival,phase=none;hMul=1.000;gMul=1.000;qMul=1.000;qAdd=0.000;rpiOff=0.000,1874,7458,"RacePacingRejected, RACE action=reject_survival:6654;RacePacingRejected, RACE action=reject_pacing:801;ReplacementNotAllowed:3"
2026-09-16T04:58:25.3147493+00:00,2006472464,0.000000,0,1.000000,0.000000,0.000000,0.340000,SURVIVAL,SURVIVAL,NONE,H_t,reject_survival,phase=none;hMul=1.000;gMul=1.000;qMul=1.000;qAdd=0.000;rpiOff=0.000,1874,7458,"RacePacingRejected, RACE action=reject_survival:6654;RacePacingRejected, RACE action=reject_pacing:801;ReplacementNotAllowed:3"
2026-09-16T04:58:25.8142304+00:00,2006472464,0.000000,0,1.000000,0.000000,0.000000,0.340000,SURVIVAL,SURVIVAL,NONE,H_t,reject_survival,phase=none;hMul=1.000;gMul=1.000;qMul=1.000;qAdd=0.000;rpiOff=0.000,1874,7458,"RacePacingRejected, RACE action=reject_survival:6654;RacePacingRejected, RACE action=reject_pacing:801;ReplacementNotAllowed:3"
2026-09-16T04:58:26.3138190+00:00,2006529776,0.000000,0,1.000000,0.000000,0.000000,0.340000,SURVIVAL,SURVIVAL,NONE,H_t,reject_survival,phase=none;hMul=1.000;gMul=1.000;qMul=1.000;qAdd=0.000;rpiOff=0.000,1874,7458,"RacePacingRejected, RACE action=reject_survival:6654;RacePacingRejected, RACE action=reject_pacing:801;ReplacementNotAllowed:3"
2026-09-16T04:58:26.8143721+00:00,2006538000,0.000000,0,1.000000,0.000000,0.000000,0.340000,SURVIVAL,SURVIVAL,NONE,H_t,reject_survival,phase=none;hMul=1.000;gMul=1.000;qMul=1.000;qAdd=0.000;rpiOff=0.000,1874,7458,"RacePacingRejected, RACE action=reject_survival:6654;RacePacingRejected, RACE action=reject_pacing:801;ReplacementNotAllowed:3"
2026-09-16T04:58:27.3138284+00:00,2006611760,0.000000,0,1.000000,0.000000,0.000000,0.340000,SURVIVAL,SURVIVAL,NONE,H_t,reject_survival,phase=none;hMul=1.000;gMul=1.000;qMul=1.000;qAdd=0.000;rpiOff=0.000,1874,7458,"RacePacingRejected, RACE action=reject_survival:6654;RacePacingRejected, RACE action=reject_pacing:801;ReplacementNotAllowed:3"
2026-09-16T04:58:27.8142457+00:00,2006611760,0.000000,0,1.000000,0.000000,0.000000,0.340000,SURVIVAL,SURVIVAL,NONE,H_t,reject_survival,phase=none;hMul=1.000;gMul=1.000;qMul=1.000;qAdd=0.000;rpiOff=0.000,1874,7458,"RacePacingRejected, RACE action=reject_survival:6654;RacePacingRejected, RACE action=reject_pacing:801;ReplacementNotAllowed:3"
2026-09-16T04:58:28.3147642+00:00,2006660848,0.000000,0,1.000000,0.000000,0.000000,0.340000,SURVIVAL,SURVIVAL,NONE,H_t,reject_survival,phase=none;hMul=1.000;gMul=1.000;qMul=1.000;qAdd=0.000;rpiOff=0.000,1874,7458,"RacePacingRejected, RACE action=reject_survival:6654;RacePacingRejected, RACE action=reject_pacing:801;ReplacementNotAllowed:3"
2026-09-16T04:58:28.8141972+00:00,2006669072,0.000000,0,1.000000,0.000000,0.000000,0.340000,SURVIVAL,SURVIVAL,NONE,H_t,reject_survival,phase=none;hMul=1.000;gMul=1.000;qMul=1.000;qAdd=0.000;rpiOff=0.000,1874,7458,"RacePacingRejected, RACE action=reject_survival:6654;RacePacingRejected, RACE action=reject_pacing:801;ReplacementNotAllowed:3"
2026-09-16T04:58:29.3145588+00:00,2006759280,0.000000,0,1.000000,0.000000,0.000000,0.340000,SURVIVAL,SURVIVAL,NONE,H_t,reject_survival,phase=none;hMul=1.000;gMul=1.000;qMul=1.000;qAdd=0.000;rpiOff=0.000,1874,7458,"RacePacingRejected, RACE action=reject_survival:6654;RacePacingRejected, RACE action=reject_pacing:801;ReplacementNotAllowed:3"
2026-09-16T04:58:29.8140723+00:00,2006759280,0.000000,0,1.000000,0.000000,0.000000,0.340000,SURVIVAL,SURVIVAL,NONE,H_t,reject_survival,phase=none;hMul=1.000;gMul=1.000;qMul=1.000;qAdd=0.000;rpiOff=0.000,1874,7458,"RacePacingRejected, RACE action=reject_survival:6654;RacePacingRejected, RACE action=reject_pacing:801;ReplacementNotAllowed:3"
2026-09-16T04:58:30.3139030+00:00,2006816592,0.000000,0,1.000000,0.000000,0.000000,0.340000,SURVIVAL,SURVIVAL,NONE,H_t,reject_survival,phase=none;hMul=1.000;gMul=1.000;qMul=1.000;qAdd=0.000;rpiOff=0.000,1874,7458,"RacePacingRejected, RACE action=reject_survival:6654;RacePacingRejected, RACE action=reject_pacing:801;ReplacementNotAllowed:3"
2026-09-16T04:58:30.8143739+00:00,2006816592,0.000000,0,1.000000,0.000000,0.000000,0.340000,SURVIVAL,SURVIVAL,NONE,H_t,reject_survival,phase=none;hMul=1.000;gMul=1.000;qMul=1.000;qAdd=0.000;rpiOff=0.000,1874,7458,"RacePacingRejected, RACE action=reject_survival:6654;RacePacingRejected, RACE action=reject_pacing:801;ReplacementNotAllowed:3"
2026-09-16T04:58:31.3138049+00:00,2006898576,0.000000,0,1.000000,0.000000,0.000000,0.340000,SURVIVAL,SURVIVAL,NONE,H_t,reject_survival,phase=none;hMul=1.000;gMul=1.000;qMul=1.000;qAdd=0.000;rpiOff=0.000,1874,7458,"RacePacingRejected, RACE action=reject_survival:6654;RacePacingRejected, RACE action=reject_pacing:801;ReplacementNotAllowed:3"
2026-09-16T04:58:31.8143448+00:00,2006898576,0.000000,0,1.000000,0.000000,0.000000,0.340000,SURVIVAL,SURVIVAL,NONE,H_t,reject_survival,phase=none;hMul=1.000;gMul=1.000;qMul=1.000;qAdd=0.000;rpiOff=0.000,1874,7458,"RacePacingRejected, RACE action=reject_survival:6654;RacePacingRejected, RACE action=reject_pacing:801;ReplacementNotAllowed:3"
2026-09-16T04:58:32.3147649+00:00,2006996704,0.000000,0,1.000000,0.000000,0.000000,0.340000,SURVIVAL,SURVIVAL,NONE,H_t,reject_survival,phase=none;hMul=1.000;gMul=1.000;qMul=1.000;qAdd=0.000;rpiOff=0.000,1874,7458,"RacePacingRejected, RACE action=reject_survival:6654;RacePacingRejected, RACE action=reject_pacing:801;ReplacementNotAllowed:3"
2026-09-16T04:58:32.8142994+00:00,2006996704,0.000000,0,1.000000,0.000000,0.000000,0.340000,SURVIVAL,SURVIVAL,NONE,H_t,reject_survival,phase=none;hMul=1.000;gMul=1.000;qMul=1.000;qAdd=0.000;rpiOff=0.000,1874,7458,"RacePacingRejected, RACE action=reject_survival:6654;RacePacingRejected, RACE action=reject_pacing:801;ReplacementNotAllowed:3"
2026-09-16T04:58:33.3138671+00:00,2007070464,0.000000,0,1.000000,0.000000,0.000000,0.340000,SURVIVAL,SURVIVAL,NONE,H_t,reject_survival,phase=none;hMul=1.000;gMul=1.000;qMul=1.000;qAdd=0.000;rpiOff=0.000,1874,7458,"RacePacingRejected, RACE action=reject_survival:6654;RacePacingRejected, RACE action=reject_pacing:801;ReplacementNotAllowed:3"
2026-09-16T04:58:33.8144571+00:00,2007070464,0.000000,0,1.000000,0.000000,0.000000,0.340000,SURVIVAL,SURVIVAL,NONE,H_t,reject_survival,phase=none;hMul=1.000;gMul=1.000;qMul=1.000;qAdd=0.000;rpiOff=0.000,1874,7458,"RacePacingRejected, RACE action=reject_survival:6654;RacePacingRejected, RACE action=reject_pacing:801;ReplacementNotAllowed:3"
2026-09-16T04:58:34.3139560+00:00,2007119520,0.000000,0,1.000000,0.000000,0.000000,0.340000,SURVIVAL,SURVIVAL,NONE,H_t,reject_survival,phase=none;hMul=1.000;gMul=1.000;qMul=1.000;qAdd=0.000;rpiOff=0.000,1874,7458,"RacePacingRejected, RACE action=reject_survival:6654;RacePacingRejected, RACE action=reject_pacing:801;ReplacementNotAllowed:3"
2026-09-16T04:58:34.8144476+00:00,2007119520,0.000000,0,1.000000,0.000000,0.000000,0.340000,SURVIVAL,SURVIVAL,NONE,H_t,reject_survival,phase=none;hMul=1.000;gMul=1.000;qMul=1.000;qAdd=0.000;rpiOff=0.000,1874,7458,"RacePacingRejected, RACE action=reject_survival:6654;RacePacingRejected, RACE action=reject_pacing:801;ReplacementNotAllowed:3"
2026-09-16T04:58:35.3138078+00:00,2007201760,0.000000,0,1.000000,0.000000,0.000000,0.340000,SURVIVAL,SURVIVAL,NONE,H_t,reject_survival,phase=none;hMul=1.000;gMul=1.000;qMul=1.000;qAdd=0.000;rpiOff=0.000,1874,7458,"RacePacingRejected, RACE action=reject_survival:6654;RacePacingRejected, RACE action=reject_pacing:801;ReplacementNotAllowed:3"
2026-09-16T04:58:35.8142906+00:00,2007201760,0.000000,0,1.000000,0.000000,0.000000,0.340000,SURVIVAL,SURVIVAL,NONE,H_t,reject_survival,phase=none;hMul=1.000;gMul=1.000;qMul=1.000;qAdd=0.000;rpiOff=0.000,1874,7458,"RacePacingRejected, RACE action=reject_survival:6654;RacePacingRejected, RACE action=reject_pacing:801;ReplacementNotAllowed:3"
2026-09-16T04:58:36.3142798+00:00,2007250848,0.000000,0,1.000000,0.000000,0.000000,0.340000,SURVIVAL,SURVIVAL,NONE,H_t,reject_survival,phase=none;hMul=1.000;gMul=1.000;qMul=1.000;qAdd=0.000;rpiOff=0.000,1874,7458,"RacePacingRejected, RACE action=reject_survival:6654;RacePacingRejected, RACE action=reject_pacing:801;ReplacementNotAllowed:3"
2026-09-16T04:58:36.8140344+00:00,2007250848,0.000000,0,1.000000,0.000000,0.000000,0.340000,SURVIVAL,SURVIVAL,NONE,H_t,reject_survival,phase=none;hMul=1.000;gMul=1.000;qMul=1.000;qAdd=0.000;rpiOff=0.000,1874,7458,"RacePacingRejected, RACE action=reject_survival:6654;RacePacingRejected, RACE action=reject_pacing:801;ReplacementNotAllowed:3"
2026-09-16T04:58:37.3145300+00:00,2007340800,0.000000,0,1.000000,0.000000,0.000000,0.340000,SURVIVAL,SURVIVAL,NONE,H_t,reject_survival,phase=none;hMul=1.000;gMul=1.000;qMul=1.000;qAdd=0.000;rpiOff=0.000,1874,7458,"RacePacingRejected, RACE action=reject_survival:6654;RacePacingRejected, RACE action=reject_pacing:801;ReplacementNotAllowed:3"
2026-09-16T04:58:37.8140134+00:00,2007340800,0.000000,0,1.000000,0.000000,0.000000,0.340000,SURVIVAL,SURVIVAL,NONE,H_t,reject_survival,phase=none;hMul=1.000;gMul=1.000;qMul=1.000;qAdd=0.000;rpiOff=0.000,1874,7458,"RacePacingRejected, RACE action=reject_survival:6654;RacePacingRejected, RACE action=reject_pacing:801;ReplacementNotAllowed:3"
2026-09-16T04:58:38.3147880+00:00,2007390144,0.000000,0,1.000000,0.000000,0.000000,0.340000,SURVIVAL,SURVIVAL,NONE,H_t,reject_survival,phase=none;hMul=1.000;gMul=1.000;qMul=1.000;qAdd=0.000;rpiOff=0.000,1874,7458,"RacePacingRejected, RACE action=reject_survival:6654;RacePacingRejected, RACE action=reject_pacing:801;ReplacementNotAllowed:3"
2026-09-16T04:58:38.8143214+00:00,2007390144,0.000000,0,1.000000,0.000000,0.000000,0.340000,SURVIVAL,SURVIVAL,NONE,H_t,reject_survival,phase=none;hMul=1.000;gMul=1.000;qMul=1.000;qAdd=0.000;rpiOff=0.000,1874,7458,"RacePacingRejected, RACE action=reject_survival:6654;RacePacingRejected, RACE action=reject_pacing:801;ReplacementNotAllowed:3"
2026-09-16T04:58:39.3147794+00:00,2007472128,0.000000,0,1.000000,0.000000,0.000000,0.340000,SURVIVAL,SURVIVAL,NONE,H_t,reject_survival,phase=none;hMul=1.000;gMul=1.000;qMul=1.000;qAdd=0.000;rpiOff=0.000,1874,7458,"RacePacingRejected, RACE action=reject_survival:6654;RacePacingRejected, RACE action=reject_pacing:801;ReplacementNotAllowed:3"
2026-09-16T04:58:39.8145042+00:00,2007480352,0.000000,0,1.000000,0.000000,0.000000,0.340000,SURVIVAL,SURVIVAL,NONE,H_t,reject_survival,phase=none;hMul=1.000;gMul=1.000;qMul=1.000;qAdd=0.000;rpiOff=0.000,1874,7458,"RacePacingRejected, RACE action=reject_survival:6654;RacePacingRejected, RACE action=reject_pacing:801;ReplacementNotAllowed:3"
2026-09-16T04:58:40.3139503+00:00,2007521472,0.000000,0,1.000000,0.000000,0.000000,0.340000,SURVIVAL,SURVIVAL,NONE,H_t,reject_survival,phase=none;hMul=1.000;gMul=1.000;qMul=1.000;qAdd=0.000;rpiOff=0.000,1874,7458,"RacePacingRejected, RACE action=reject_survival:6654;RacePacingRejected, RACE action=reject_pacing:801;ReplacementNotAllowed:3"
2026-09-16T04:58:40.8144711+00:00,2007521472,0.000000,0,1.000000,0.000000,0.000000,0.340000,SURVIVAL,SURVIVAL,NONE,H_t,reject_survival,phase=none;hMul=1.000;gMul=1.000;qMul=1.000;qAdd=0.000;rpiOff=0.000,1874,7458,"RacePacingRejected, RACE action=reject_survival:6654;RacePacingRejected, RACE action=reject_pacing:801;ReplacementNotAllowed:3"
2026-09-16T04:58:41.3139452+00:00,2007611424,0.000000,0,1.000000,0.000000,0.000000,0.340000,SURVIVAL,SURVIVAL,NONE,H_t,reject_survival,phase=none;hMul=1.000;gMul=1.000;qMul=1.000;qAdd=0.000;rpiOff=0.000,1874,7458,"RacePacingRejected, RACE action=reject_survival:6654;RacePacingRejected, RACE action=reject_pacing:801;ReplacementNotAllowed:3"
2026-09-16T04:58:41.8144411+00:00,2007619648,0.000000,0,1.000000,0.000000,0.000000,0.340000,SURVIVAL,SURVIVAL,NONE,H_t,reject_survival,phase=none;hMul=1.000;gMul=1.000;qMul=1.000;qAdd=0.000;rpiOff=0.000,1874,7458,"RacePacingRejected, RACE action=reject_survival:6654;RacePacingRejected, RACE action=reject_pacing:801;ReplacementNotAllowed:3"
2026-09-16T04:58:42.3139521+00:00,2007701632,0.000000,0,1.000000,0.000000,0.000000,0.340000,SURVIVAL,SURVIVAL,NONE,H_t,reject_survival,phase=none;hMul=1.000;gMul=1.000;qMul=1.000;qAdd=0.000;rpiOff=0.000,1874,7458,"RacePacingRejected, RACE action=reject_survival:6654;RacePacingRejected, RACE action=reject_pacing:801;ReplacementNotAllowed:3"
2026-09-16T04:58:42.8144467+00:00,2007701632,0.000000,0,1.000000,0.000000,0.000000,0.340000,SURVIVAL,SURVIVAL,NONE,H_t,reject_survival,phase=none;hMul=1.000;gMul=1.000;qMul=1.000;qAdd=0.000;rpiOff=0.000,1874,7458,"RacePacingRejected, RACE action=reject_survival:6654;RacePacingRejected, RACE action=reject_pacing:801;ReplacementNotAllowed:3"
2026-09-16T04:58:43.3139203+00:00,2007767168,0.000000,0,1.000000,0.000000,0.000000,0.340000,SURVIVAL,SURVIVAL,NONE,H_t,reject_survival,phase=none;hMul=1.000;gMul=1.000;qMul=1.000;qAdd=0.000;rpiOff=0.000,1874,7458,"RacePacingRejected, RACE action=reject_survival:6654;RacePacingRejected, RACE action=reject_pacing:801;ReplacementNotAllowed:3"
2026-09-16T04:58:43.8144542+00:00,2007767168,0.000000,0,1.000000,0.000000,0.000000,0.340000,SURVIVAL,SURVIVAL,NONE,H_t,reject_survival,phase=none;hMul=1.000;gMul=1.000;qMul=1.000;qAdd=0.000;rpiOff=0.000,1874,7458,"RacePacingRejected, RACE action=reject_survival:6654;RacePacingRejected, RACE action=reject_pacing:801;ReplacementNotAllowed:3"
2026-09-16T04:58:44.3138892+00:00,2007848896,0.000000,0,1.000000,0.000000,0.000000,0.340000,SURVIVAL,SURVIVAL,NONE,H_t,reject_survival,phase=none;hMul=1.000;gMul=1.000;qMul=1.000;qAdd=0.000;rpiOff=0.000,1874,7458,"RacePacingRejected, RACE action=reject_survival:6654;RacePacingRejected, RACE action=reject_pacing:801;ReplacementNotAllowed:3"
2026-09-16T04:58:44.8144269+00:00,2007848896,0.000000,0,1.000000,0.000000,0.000000,0.340000,SURVIVAL,SURVIVAL,NONE,H_t,reject_survival,phase=none;hMul=1.000;gMul=1.000;qMul=1.000;qAdd=0.000;rpiOff=0.000,1874,7458,"RacePacingRejected, RACE action=reject_survival:6654;RacePacingRejected, RACE action=reject_pacing:801;ReplacementNotAllowed:3"
2026-09-16T04:58:45.3139699+00:00,2007897984,0.000000,0,1.000000,0.000000,0.000000,0.340000,SURVIVAL,SURVIVAL,NONE,H_t,reject_survival,phase=none;hMul=1.000;gMul=1.000;qMul=1.000;qAdd=0.000;rpiOff=0.000,1874,7458,"RacePacingRejected, RACE action=reject_survival:6654;RacePacingRejected, RACE action=reject_pacing:801;ReplacementNotAllowed:3"
2026-09-16T04:58:45.8144933+00:00,2007906208,0.000000,0,1.000000,0.000000,0.000000,0.340000,SURVIVAL,SURVIVAL,NONE,H_t,reject_survival,phase=none;hMul=1.000;gMul=1.000;qMul=1.000;qAdd=0.000;rpiOff=0.000,1874,7458,"RacePacingRejected, RACE action=reject_survival:6654;RacePacingRejected, RACE action=reject_pacing:801;ReplacementNotAllowed:3"
2026-09-16T04:58:46.3142835+00:00,2007988192,0.000000,0,1.000000,0.000000,0.000000,0.340000,SURVIVAL,SURVIVAL,NONE,H_t,reject_survival,phase=none;hMul=1.000;gMul=1.000;qMul=1.000;qAdd=0.000;rpiOff=0.000,1874,7458,"RacePacingRejected, RACE action=reject_survival:6654;RacePacingRejected, RACE action=reject_pacing:801;ReplacementNotAllowed:3"
2026-09-16T04:58:46.8139773+00:00,2007996160,0.000000,0,1.000000,0.000000,0.000000,0.340000,SURVIVAL,SURVIVAL,NONE,H_t,reject_survival,phase=none;hMul=1.000;gMul=1.000;qMul=1.000;qAdd=0.000;rpiOff=0.000,1874,7458,"RacePacingRejected, RACE action=reject_survival:6654;RacePacingRejected, RACE action=reject_pacing:801;ReplacementNotAllowed:3"
2026-09-16T04:58:47.3147104+00:00,2008045504,0.000000,0,1.000000,0.000000,0.000000,0.340000,SURVIVAL,SURVIVAL,NONE,H_t,reject_survival,phase=none;hMul=1.000;gMul=1.000;qMul=1.000;qAdd=0.000;rpiOff=0.000,1874,7458,"RacePacingRejected, RACE action=reject_survival:6654;RacePacingRejected, RACE action=reject_pacing:801;ReplacementNotAllowed:3"
2026-09-16T04:58:47.8142839+00:00,2008045504,0.000000,0,1.000000,0.000000,0.000000,0.340000,SURVIVAL,SURVIVAL,NONE,H_t,reject_survival,phase=none;hMul=1.000;gMul=1.000;qMul=1.000;qAdd=0.000;rpiOff=0.000,1874,7458,"RacePacingRejected, RACE action=reject_survival:6654;RacePacingRejected, RACE action=reject_pacing:801;ReplacementNotAllowed:3"
2026-09-16T04:58:48.3146753+00:00,2008111040,0.000000,0,1.000000,0.000000,0.000000,0.340000,SURVIVAL,SURVIVAL,NONE,H_t,reject_survival,phase=none;hMul=1.000;gMul=1.000;qMul=1.000;qAdd=0.000;rpiOff=0.000,1874,7458,"RacePacingRejected, RACE action=reject_survival:6654;RacePacingRejected, RACE action=reject_pacing:801;ReplacementNotAllowed:3"
2026-09-16T04:58:48.8142360+00:00,2008119264,0.000000,0,1.000000,0.000000,0.000000,0.340000,SURVIVAL,SURVIVAL,NONE,H_t,reject_survival,phase=none;hMul=1.000;gMul=1.000;qMul=1.000;qAdd=0.000;rpiOff=0.000,1874,7458,"RacePacingRejected, RACE action=reject_survival:6654;RacePacingRejected, RACE action=reject_pacing:801;ReplacementNotAllowed:3"
2026-09-16T04:58:49.3138246+00:00,2008168352,0.000000,0,1.000000,0.000000,0.000000,0.340000,SURVIVAL,SURVIVAL,NONE,H_t,reject_survival,phase=none;hMul=1.000;gMul=1.000;qMul=1.000;qAdd=0.000;rpiOff=0.000,1874,7458,"RacePacingRejected, RACE action=reject_survival:6654;RacePacingRejected, RACE action=reject_pacing:801;ReplacementNotAllowed:3"
2026-09-16T04:58:49.8144108+00:00,2008176576,0.000000,0,1.000000,0.000000,0.000000,0.340000,SURVIVAL,SURVIVAL,NONE,H_t,reject_survival,phase=none;hMul=1.000;gMul=1.000;qMul=1.000;qAdd=0.000;rpiOff=0.000,1874,7458,"RacePacingRejected, RACE action=reject_survival:6654;RacePacingRejected, RACE action=reject_pacing:801;ReplacementNotAllowed:3"
2026-09-16T04:58:50.3147792+00:00,2008250336,0.000000,0,1.000000,0.000000,0.000000,0.340000,SURVIVAL,SURVIVAL,NONE,H_t,reject_survival,phase=none;hMul=1.000;gMul=1.000;qMul=1.000;qAdd=0.000;rpiOff=0.000,1874,7458,"RacePacingRejected, RACE action=reject_survival:6654;RacePacingRejected, RACE action=reject_pacing:801;ReplacementNotAllowed:3"
2026-09-16T04:58:50.8142770+00:00,2008250336,0.000000,0,1.000000,0.000000,0.000000,0.340000,SURVIVAL,SURVIVAL,NONE,H_t,reject_survival,phase=none;hMul=1.000;gMul=1.000;qMul=1.000;qAdd=0.000;rpiOff=0.000,1874,7458,"RacePacingRejected, RACE action=reject_survival:6654;RacePacingRejected, RACE action=reject_pacing:801;ReplacementNotAllowed:3"
2026-09-16T04:58:51.3140134+00:00,2008299680,0.000000,0,1.000000,0.000000,0.000000,0.340000,SURVIVAL,SURVIVAL,NONE,H_t,reject_survival,phase=none;hMul=1.000;gMul=1.000;qMul=1.000;qAdd=0.000;rpiOff=0.000,1874,7458,"RacePacingRejected, RACE action=reject_survival:6654;RacePacingRejected, RACE action=reject_pacing:801;ReplacementNotAllowed:3"
2026-09-16T04:58:51.8145047+00:00,2008307904,0.000000,0,1.000000,0.000000,0.000000,0.340000,SURVIVAL,SURVIVAL,NONE,H_t,reject_survival,phase=none;hMul=1.000;gMul=1.000;qMul=1.000;qAdd=0.000;rpiOff=0.000,1874,7458,"RacePacingRejected, RACE action=reject_survival:6654;RacePacingRejected, RACE action=reject_pacing:801;ReplacementNotAllowed:3"
2026-09-16T04:58:52.3138976+00:00,2008397856,0.000000,0,1.000000,0.000000,0.000000,0.340000,SURVIVAL,SURVIVAL,NONE,H_t,reject_survival,phase=none;hMul=1.000;gMul=1.000;qMul=1.000;qAdd=0.000;rpiOff=0.000,1874,7458,"RacePacingRejected, RACE action=reject_survival:6654;RacePacingRejected, RACE action=reject_pacing:801;ReplacementNotAllowed:3"
2026-09-16T04:58:52.8145277+00:00,2008397856,0.000000,0,1.000000,0.000000,0.000000,0.340000,SURVIVAL,SURVIVAL,NONE,H_t,reject_survival,phase=none;hMul=1.000;gMul=1.000;qMul=1.000;qAdd=0.000;rpiOff=0.000,1874,7458,"RacePacingRejected, RACE action=reject_survival:6654;RacePacingRejected, RACE action=reject_pacing:801;ReplacementNotAllowed:3"
2026-09-16T04:58:53.3140320+00:00,2008446688,0.000000,0,1.000000,0.000000,0.000000,0.340000,SURVIVAL,SURVIVAL,NONE,H_t,reject_survival,phase=none;hMul=1.000;gMul=1.000;qMul=1.000;qAdd=0.000;rpiOff=0.000,1874,7458,"RacePacingRejected, RACE action=reject_survival:6654;RacePacingRejected, RACE action=reject_pacing:801;ReplacementNotAllowed:3"
2026-09-16T04:58:53.8145320+00:00,2008446688,0.000000,0,1.000000,0.000000,0.000000,0.340000,SURVIVAL,SURVIVAL,NONE,H_t,reject_survival,phase=none;hMul=1.000;gMul=1.000;qMul=1.000;qAdd=0.000;rpiOff=0.000,1874,7458,"RacePacingRejected, RACE action=reject_survival:6654;RacePacingRejected, RACE action=reject_pacing:801;ReplacementNotAllowed:3"
2026-09-16T04:58:54.3139306+00:00,2008528416,0.000000,0,1.000000,0.000000,0.000000,0.340000,SURVIVAL,SURVIVAL,NONE,H_t,reject_survival,phase=none;hMul=1.000;gMul=1.000;qMul=1.000;qAdd=0.000;rpiOff=0.000,1874,7458,"RacePacingRejected, RACE action=reject_survival:6654;RacePacingRejected, RACE action=reject_pacing:801;ReplacementNotAllowed:3"
2026-09-16T04:58:54.8144320+00:00,2008528416,0.000000,0,1.000000,0.000000,0.000000,0.340000,SURVIVAL,SURVIVAL,NONE,H_t,reject_survival,phase=none;hMul=1.000;gMul=1.000;qMul=1.000;qAdd=0.000;rpiOff=0.000,1874,7458,"RacePacingRejected, RACE action=reject_survival:6654;RacePacingRejected, RACE action=reject_pacing:801;ReplacementNotAllowed:3"
2026-09-16T04:58:55.3138922+00:00,2008602432,0.000000,0,1.000000,0.000000,0.000000,0.340000,SURVIVAL,SURVIVAL,NONE,H_t,reject_survival,phase=none;hMul=1.000;gMul=1.000;qMul=1.000;qAdd=0.000;rpiOff=0.000,1874,7458,"RacePacingRejected, RACE action=reject_survival:6654;RacePacingRejected, RACE action=reject_pacing:801;ReplacementNotAllowed:3"
2026-09-16T04:58:55.8144227+00:00,2008602432,0.000000,0,1.000000,0.000000,0.000000,0.340000,SURVIVAL,SURVIVAL,NONE,H_t,reject_survival,phase=none;hMul=1.000;gMul=1.000;qMul=1.000;qAdd=0.000;rpiOff=0.000,1874,7458,"RacePacingRejected, RACE action=reject_survival:6654;RacePacingRejected, RACE action=reject_pacing:801;ReplacementNotAllowed:3"
2026-09-16T04:58:56.3141097+00:00,2008651264,0.000000,0,1.000000,0.000000,0.000000,0.340000,SURVIVAL,SURVIVAL,NONE,H_t,reject_survival,phase=none;hMul=1.000;gMul=1.000;qMul=1.000;qAdd=0.000;rpiOff=0.000,1874,7458,"RacePacingRejected, RACE action=reject_survival:6654;RacePacingRejected, RACE action=reject_pacing:801;ReplacementNotAllowed:3"
2026-09-16T04:58:56.8139343+00:00,2008659488,0.000000,0,1.000000,0.000000,0.000000,0.340000,SURVIVAL,SURVIVAL,NONE,H_t,reject_survival,phase=none;hMul=1.000;gMul=1.000;qMul=1.000;qAdd=0.000;rpiOff=0.000,1874,7458,"RacePacingRejected, RACE action=reject_survival:6654;RacePacingRejected, RACE action=reject_pacing:801;ReplacementNotAllowed:3"
2026-09-16T04:58:57.3146126+00:00,2008741728,0.000000,0,1.000000,0.000000,0.000000,0.340000,SURVIVAL,SURVIVAL,NONE,H_t,reject_survival,phase=none;hMul=1.000;gMul=1.000;qMul=1.000;qAdd=0.000;rpiOff=0.000,1874,7458,"RacePacingRejected, RACE action=reject_survival:6654;RacePacingRejected, RACE action=reject_pacing:801;ReplacementNotAllowed:3"
2026-09-16T04:58:57.8141390+00:00,2008741728,0.000000,0,1.000000,0.000000,0.000000,0.340000,SURVIVAL,SURVIVAL,NONE,H_t,reject_survival,phase=none;hMul=1.000;gMul=1.000;qMul=1.000;qAdd=0.000;rpiOff=0.000,1874,7458,"RacePacingRejected, RACE action=reject_survival:6654;RacePacingRejected, RACE action=reject_pacing:801;ReplacementNotAllowed:3"
2026-09-16T04:58:58.3147155+00:00,2008799040,0.000000,0,1.000000,0.000000,0.000000,0.340000,SURVIVAL,SURVIVAL,NONE,H_t,reject_survival,phase=none;hMul=1.000;gMul=1.000;qMul=1.000;qAdd=0.000;rpiOff=0.000,1874,7458,"RacePacingRejected, RACE action=reject_survival:6654;RacePacingRejected, RACE action=reject_pacing:801;ReplacementNotAllowed:3"
2026-09-16T04:58:58.8143246+00:00,2008799040,0.000000,0,1.000000,0.000000,0.000000,0.340000,SURVIVAL,SURVIVAL,NONE,H_t,reject_survival,phase=none;hMul=1.000;gMul=1.000;qMul=1.000;qAdd=0.000;rpiOff=0.000,1874,7458,"RacePacingRejected, RACE action=reject_survival:6654;RacePacingRejected, RACE action=reject_pacing:801;ReplacementNotAllowed:3"
2026-09-16T04:58:59.3146702+00:00,2008888992,0.000000,0,1.000000,0.000000,0.000000,0.340000,SURVIVAL,SURVIVAL,NONE,H_t,reject_survival,phase=none;hMul=1.000;gMul=1.000;qMul=1.000;qAdd=0.000;rpiOff=0.000,1874,7458,"RacePacingRejected, RACE action=reject_survival:6654;RacePacingRejected, RACE action=reject_pacing:801;ReplacementNotAllowed:3"
2026-09-16T04:58:59.8141488+00:00,2008888992,0.000000,0,1.000000,0.000000,0.000000,0.340000,SURVIVAL,SURVIVAL,NONE,H_t,reject_survival,phase=none;hMul=1.000;gMul=1.000;qMul=1.000;qAdd=0.000;rpiOff=0.000,1874,7458,"RacePacingRejected, RACE action=reject_survival:6654;RacePacingRejected, RACE action=reject_pacing:801;ReplacementNotAllowed:3"
2026-09-16T04:59:00.3139457+00:00,2008954784,0.000000,0,1.000000,0.000000,0.000000,0.340000,SURVIVAL,SURVIVAL,NONE,H_t,reject_survival,phase=none;hMul=1.000;gMul=1.000;qMul=1.000;qAdd=0.000;rpiOff=0.000,1874,7458,"RacePacingRejected, RACE action=reject_survival:6654;RacePacingRejected, RACE action=reject_pacing:801;ReplacementNotAllowed:3"
2026-09-16T04:59:00.8143111+00:00,2008954784,0.000000,0,1.000000,0.000000,0.000000,0.340000,SURVIVAL,SURVIVAL,NONE,H_t,reject_survival,phase=none;hMul=1.000;gMul=1.000;qMul=1.000;qAdd=0.000;rpiOff=0.000,1874,7458,"RacePacingRejected, RACE action=reject_survival:6654;RacePacingRejected, RACE action=reject_pacing:801;ReplacementNotAllowed:3"
2026-09-16T04:59:01.3138190+00:00,2009044432,0.000000,0,1.000000,0.000000,0.000000,0.340000,SURVIVAL,SURVIVAL,NONE,H_t,reject_survival,phase=none;hMul=1.000;gMul=1.000;qMul=1.000;qAdd=0.000;rpiOff=0.000,1874,7458,"RacePacingRejected, RACE action=reject_survival:6654;RacePacingRejected, RACE action=reject_pacing:801;ReplacementNotAllowed:3"
2026-09-16T04:59:01.8142390+00:00,2009044432,0.000000,0,1.000000,0.000000,0.000000,0.340000,SURVIVAL,SURVIVAL,NONE,H_t,reject_survival,phase=none;hMul=1.000;gMul=1.000;qMul=1.000;qAdd=0.000;rpiOff=0.000,1874,7458,"RacePacingRejected, RACE action=reject_survival:6654;RacePacingRejected, RACE action=reject_pacing:801;ReplacementNotAllowed:3"
2026-09-16T04:59:02.3146458+00:00,2009118192,0.000000,0,1.000000,0.000000,0.000000,0.340000,SURVIVAL,SURVIVAL,NONE,H_t,reject_survival,phase=none;hMul=1.000;gMul=1.000;qMul=1.000;qAdd=0.000;rpiOff=0.000,1874,7458,"RacePacingRejected, RACE action=reject_survival:6654;RacePacingRejected, RACE action=reject_pacing:801;ReplacementNotAllowed:3"
2026-09-16T04:59:02.8141529+00:00,2009118192,0.000000,0,1.000000,0.000000,0.000000,0.340000,SURVIVAL,SURVIVAL,NONE,H_t,reject_survival,phase=none;hMul=1.000;gMul=1.000;qMul=1.000;qAdd=0.000;rpiOff=0.000,1874,7458,"RacePacingRejected, RACE action=reject_survival:6654;RacePacingRejected, RACE action=reject_pacing:801;ReplacementNotAllowed:3"
2026-09-16T04:59:03.3138275+00:00,2009175504,0.000000,0,1.000000,0.000000,0.000000,0.340000,SURVIVAL,SURVIVAL,NONE,H_t,reject_survival,phase=none;hMul=1.000;gMul=1.000;qMul=1.000;qAdd=0.000;rpiOff=0.000,1874,7458,"RacePacingRejected, RACE action=reject_survival:6654;RacePacingRejected, RACE action=reject_pacing:801;ReplacementNotAllowed:3"
2026-09-16T04:59:03.8143506+00:00,2009175504,0.000000,0,1.000000,0.000000,0.000000,0.340000,SURVIVAL,SURVIVAL,NONE,H_t,reject_survival,phase=none;hMul=1.000;gMul=1.000;qMul=1.000;qAdd=0.000;rpiOff=0.000,1874,7458,"RacePacingRejected, RACE action=reject_survival:6654;RacePacingRejected, RACE action=reject_pacing:801;ReplacementNotAllowed:3"
2026-09-16T04:59:04.3145453+00:00,2009663728,0.000000,0,1.000000,0.000000,0.000000,0.340000,SURVIVAL,SURVIVAL,NONE,H_t,reject_survival,phase=none;hMul=1.000;gMul=1.000;qMul=1.000;qAdd=0.000;rpiOff=0.000,1874,7458,"RacePacingRejected, RACE action=reject_survival:6654;RacePacingRejected, RACE action=reject_pacing:801;ReplacementNotAllowed:3"
2026-09-16T04:59:04.8140997+00:00,2009663728,0.000000,0,1.000000,0.000000,0.000000,0.340000,SURVIVAL,SURVIVAL,NONE,H_t,reject_survival,phase=none;hMul=1.000;gMul=1.000;qMul=1.000;qAdd=0.000;rpiOff=0.000,1874,7458,"RacePacingRejected, RACE action=reject_survival:6654;RacePacingRejected, RACE action=reject_pacing:801;ReplacementNotAllowed:3"
2026-09-16T04:59:05.3141074+00:00,2009843848,0.000000,0,1.000000,0.000000,0.000000,0.340000,SURVIVAL,SURVIVAL,NONE,H_t,reject_survival,phase=none;hMul=1.000;gMul=1.000;qMul=1.000;qAdd=0.000;rpiOff=0.000,1874,7458,"RacePacingRejected, RACE action=reject_survival:6654;RacePacingRejected, RACE action=reject_pacing:801;ReplacementNotAllowed:3"
2026-09-16T04:59:05.8146635+00:00,2009843848,0.000000,0,1.000000,0.000000,0.000000,0.340000,SURVIVAL,SURVIVAL,NONE,H_t,reject_survival,phase=none;hMul=1.000;gMul=1.000;qMul=1.000;qAdd=0.000;rpiOff=0.000,1874,7458,"RacePacingRejected, RACE action=reject_survival:6654;RacePacingRejected, RACE action=reject_pacing:801;ReplacementNotAllowed:3"
2026-09-16T04:59:06.3142614+00:00,2010332408,0.000000,0,1.000000,0.000000,0.000000,0.340000,SURVIVAL,SURVIVAL,NONE,H_t,reject_survival,phase=none;hMul=1.000;gMul=1.000;qMul=1.000;qAdd=0.000;rpiOff=0.000,1874,7458,"RacePacingRejected, RACE action=reject_survival:6654;RacePacingRejected, RACE action=reject_pacing:801;ReplacementNotAllowed:3"
2026-09-16T04:59:06.8140510+00:00,2010332408,0.000000,0,1.000000,0.000000,0.000000,0.340000,SURVIVAL,SURVIVAL,NONE,H_t,reject_survival,phase=none;hMul=1.000;gMul=1.000;qMul=1.000;qAdd=0.000;rpiOff=0.000,1874,7458,"RacePacingRejected, RACE action=reject_survival:6654;RacePacingRejected, RACE action=reject_pacing:801;ReplacementNotAllowed:3"
2026-09-16T04:59:07.3146152+00:00,2010414624,0.000000,0,1.000000,0.000000,0.000000,0.340000,SURVIVAL,SURVIVAL,NONE,H_t,reject_survival,phase=none;hMul=1.000;gMul=1.000;qMul=1.000;qAdd=0.000;rpiOff=0.000,1874,7458,"RacePacingRejected, RACE action=reject_survival:6654;RacePacingRejected, RACE action=reject_pacing:801;ReplacementNotAllowed:3"
2026-09-16T04:59:07.8141266+00:00,2010422848,0.000000,0,1.000000,0.000000,0.000000,0.340000,SURVIVAL,SURVIVAL,NONE,H_t,reject_survival,phase=none;hMul=1.000;gMul=1.000;qMul=1.000;qAdd=0.000;rpiOff=0.000,1874,7458,"RacePacingRejected, RACE action=reject_survival:6654;RacePacingRejected, RACE action=reject_pacing:801;ReplacementNotAllowed:3"
2026-09-16T04:59:08.3138086+00:00,2010471696,0.000000,0,1.000000,0.000000,0.000000,0.340000,SURVIVAL,SURVIVAL,NONE,H_t,reject_survival,phase=none;hMul=1.000;gMul=1.000;qMul=1.000;qAdd=0.000;rpiOff=0.000,1874,7458,"RacePacingRejected, RACE action=reject_survival:6654;RacePacingRejected, RACE action=reject_pacing:801;ReplacementNotAllowed:3"
2026-09-16T04:59:08.8143131+00:00,2010471696,0.000000,0,1.000000,0.000000,0.000000,0.340000,SURVIVAL,SURVIVAL,NONE,H_t,reject_survival,phase=none;hMul=1.000;gMul=1.000;qMul=1.000;qAdd=0.000;rpiOff=0.000,1874,7458,"RacePacingRejected, RACE action=reject_survival:6654;RacePacingRejected, RACE action=reject_pacing:801;ReplacementNotAllowed:3"
2026-09-16T04:59:09.3146535+00:00,2010544976,0.000000,0,1.000000,0.000000,0.000000,0.340000,SURVIVAL,SURVIVAL,NONE,H_t,reject_survival,phase=none;hMul=1.000;gMul=1.000;qMul=1.000;qAdd=0.000;rpiOff=0.000,1874,7458,"RacePacingRejected, RACE action=reject_survival:6654;RacePacingRejected, RACE action=reject_pacing:801;ReplacementNotAllowed:3"
2026-09-16T04:59:09.8142116+00:00,2010552944,0.000000,0,1.000000,0.000000,0.000000,0.340000,SURVIVAL,SURVIVAL,NONE,H_t,reject_survival,phase=none;hMul=1.000;gMul=1.000;qMul=1.000;qAdd=0.000;rpiOff=0.000,1874,7458,"RacePacingRejected, RACE action=reject_survival:6654;RacePacingRejected, RACE action=reject_pacing:801;ReplacementNotAllowed:3"
2026-09-16T04:59:10.3140495+00:00,2010610256,0.000000,0,1.000000,0.000000,0.000000,0.340000,SURVIVAL,SURVIVAL,NONE,H_t,reject_survival,phase=none;hMul=1.000;gMul=1.000;qMul=1.000;qAdd=0.000;rpiOff=0.000,1874,7458,"RacePacingRejected, RACE action=reject_survival:6654;RacePacingRejected, RACE action=reject_pacing:801;ReplacementNotAllowed:3"
2026-09-16T04:59:10.8145719+00:00,2010618480,0.000000,0,1.000000,0.000000,0.000000,0.340000,SURVIVAL,SURVIVAL,NONE,H_t,reject_survival,phase=none;hMul=1.000;gMul=1.000;qMul=1.000;qAdd=0.000;rpiOff=0.000,1874,7458,"RacePacingRejected, RACE action=reject_survival:6654;RacePacingRejected, RACE action=reject_pacing:801;ReplacementNotAllowed:3"
2026-09-16T04:59:11.3138195+00:00,2010684272,0.000000,0,1.000000,0.000000,0.000000,0.340000,SURVIVAL,SURVIVAL,NONE,H_t,reject_survival,phase=none;hMul=1.000;gMul=1.000;qMul=1.000;qAdd=0.000;rpiOff=0.000,1874,7458,"RacePacingRejected, RACE action=reject_survival:6654;RacePacingRejected, RACE action=reject_pacing:801;ReplacementNotAllowed:3"
2026-09-16T04:59:11.8143307+00:00,2010684272,0.000000,0,1.000000,0.000000,0.000000,0.340000,SURVIVAL,SURVIVAL,NONE,H_t,reject_survival,phase=none;hMul=1.000;gMul=1.000;qMul=1.000;qAdd=0.000;rpiOff=0.000,1874,7458,"RacePacingRejected, RACE action=reject_survival:6654;RacePacingRejected, RACE action=reject_pacing:801;ReplacementNotAllowed:3"
2026-09-16T04:59:12.3138489+00:00,2010749296,0.000000,0,1.000000,0.000000,0.000000,0.340000,SURVIVAL,SURVIVAL,NONE,H_t,reject_survival,phase=none;hMul=1.000;gMul=1.000;qMul=1.000;qAdd=0.000;rpiOff=0.000,1874,7458,"RacePacingRejected, RACE action=reject_survival:6654;RacePacingRejected, RACE action=reject_pacing:801;ReplacementNotAllowed:3"
2026-09-16T04:59:12.8142956+00:00,2010757520,0.000000,0,1.000000,0.000000,0.000000,0.340000,SURVIVAL,SURVIVAL,NONE,H_t,reject_survival,phase=none;hMul=1.000;gMul=1.000;qMul=1.000;qAdd=0.000;rpiOff=0.000,1874,7458,"RacePacingRejected, RACE action=reject_survival:6654;RacePacingRejected, RACE action=reject_pacing:801;ReplacementNotAllowed:3"
2026-09-16T04:59:13.3138462+00:00,2010823312,0.000000,0,1.000000,0.000000,0.000000,0.340000,SURVIVAL,SURVIVAL,NONE,H_t,reject_survival,phase=none;hMul=1.000;gMul=1.000;qMul=1.000;qAdd=0.000;rpiOff=0.000,1874,7458,"RacePacingRejected, RACE action=reject_survival:6654;RacePacingRejected, RACE action=reject_pacing:801;ReplacementNotAllowed:3"
2026-09-16T04:59:13.8143808+00:00,2010831536,0.000000,0,1.000000,0.000000,0.000000,0.340000,SURVIVAL,SURVIVAL,NONE,H_t,reject_survival,phase=none;hMul=1.000;gMul=1.000;qMul=1.000;qAdd=0.000;rpiOff=0.000,1874,7458,"RacePacingRejected, RACE action=reject_survival:6654;RacePacingRejected, RACE action=reject_pacing:801;ReplacementNotAllowed:3"
2026-09-16T04:59:14.3147702+00:00,2010888848,0.000000,0,1.000000,0.000000,0.000000,0.340000,SURVIVAL,SURVIVAL,NONE,H_t,reject_survival,phase=none;hMul=1.000;gMul=1.000;qMul=1.000;qAdd=0.000;rpiOff=0.000,1874,7458,"RacePacingRejected, RACE action=reject_survival:6654;RacePacingRejected, RACE action=reject_pacing:801;ReplacementNotAllowed:3"
2026-09-16T04:59:14.8142333+00:00,2010897072,0.000000,0,1.000000,0.000000,0.000000,0.340000,SURVIVAL,SURVIVAL,NONE,H_t,reject_survival,phase=none;hMul=1.000;gMul=1.000;qMul=1.000;qAdd=0.000;rpiOff=0.000,1874,7458,"RacePacingRejected, RACE action=reject_survival:6654;RacePacingRejected, RACE action=reject_pacing:801;ReplacementNotAllowed:3"
2026-09-16T04:59:15.3146134+00:00,2010970832,0.000000,0,1.000000,0.000000,0.000000,0.340000,SURVIVAL,SURVIVAL,NONE,H_t,reject_survival,phase=none;hMul=1.000;gMul=1.000;qMul=1.000;qAdd=0.000;rpiOff=0.000,1874,7458,"RacePacingRejected, RACE action=reject_survival:6654;RacePacingRejected, RACE action=reject_pacing:801;ReplacementNotAllowed:3"
2026-09-16T04:59:15.8140966+00:00,2010979056,0.000000,0,1.000000,0.000000,0.000000,0.340000,SURVIVAL,SURVIVAL,NONE,H_t,reject_survival,phase=none;hMul=1.000;gMul=1.000;qMul=1.000;qAdd=0.000;rpiOff=0.000,1874,7458,"RacePacingRejected, RACE action=reject_survival:6654;RacePacingRejected, RACE action=reject_pacing:801;ReplacementNotAllowed:3"
2026-09-16T04:59:16.3147449+00:00,2011036560,0.000000,0,1.000000,0.000000,0.000000,0.340000,SURVIVAL,SURVIVAL,NONE,H_t,reject_survival,phase=none;hMul=1.000;gMul=1.000;qMul=1.000;qAdd=0.000;rpiOff=0.000,1874,7458,"RacePacingRejected, RACE action=reject_survival:6654;RacePacingRejected, RACE action=reject_pacing:801;ReplacementNotAllowed:3"
2026-09-16T04:59:16.8144908+00:00,2011044784,0.000000,0,1.000000,0.000000,0.000000,0.340000,SURVIVAL,SURVIVAL,NONE,H_t,reject_survival,phase=none;hMul=1.000;gMul=1.000;qMul=1.000;qAdd=0.000;rpiOff=0.000,1874,7458,"RacePacingRejected, RACE action=reject_survival:6654;RacePacingRejected, RACE action=reject_pacing:801;ReplacementNotAllowed:3"
2026-09-16T04:59:17.3144018+00:00,2011118288,0.000000,0,1.000000,0.000000,0.000000,0.340000,SURVIVAL,SURVIVAL,NONE,H_t,reject_survival,phase=none;hMul=1.000;gMul=1.000;qMul=1.000;qAdd=0.000;rpiOff=0.000,1874,7458,"RacePacingRejected, RACE action=reject_survival:6654;RacePacingRejected, RACE action=reject_pacing:801;ReplacementNotAllowed:3"
2026-09-16T04:59:17.8139150+00:00,2011118288,0.000000,0,1.000000,0.000000,0.000000,0.340000,SURVIVAL,SURVIVAL,NONE,H_t,reject_survival,phase=none;hMul=1.000;gMul=1.000;qMul=1.000;qAdd=0.000;rpiOff=0.000,1874,7458,"RacePacingRejected, RACE action=reject_survival:6654;RacePacingRejected, RACE action=reject_pacing:801;ReplacementNotAllowed:3"
2026-09-16T04:59:18.3143678+00:00,2011183216,0.000000,0,1.000000,0.000000,0.000000,0.340000,SURVIVAL,SURVIVAL,NONE,H_t,reject_survival,phase=none;hMul=1.000;gMul=1.000;qMul=1.000;qAdd=0.000;rpiOff=0.000,1874,7458,"RacePacingRejected, RACE action=reject_survival:6654;RacePacingRejected, RACE action=reject_pacing:801;ReplacementNotAllowed:3"
2026-09-16T04:59:18.8140104+00:00,2011183216,0.000000,0,1.000000,0.000000,0.000000,0.340000,SURVIVAL,SURVIVAL,NONE,H_t,reject_survival,phase=none;hMul=1.000;gMul=1.000;qMul=1.000;qAdd=0.000;rpiOff=0.000,1874,7458,"RacePacingRejected, RACE action=reject_survival:6654;RacePacingRejected, RACE action=reject_pacing:801;ReplacementNotAllowed:3"
2026-09-16T04:59:19.3144029+00:00,2011256120,0.000000,0,1.000000,0.000000,0.000000,0.340000,SURVIVAL,SURVIVAL,NONE,H_t,reject_survival,phase=none;hMul=1.000;gMul=1.000;qMul=1.000;qAdd=0.000;rpiOff=0.000,1874,7458,"RacePacingRejected, RACE action=reject_survival:6654;RacePacingRejected, RACE action=reject_pacing:801;ReplacementNotAllowed:3"
2026-09-16T04:59:19.8139539+00:00,2011264344,0.000000,0,1.000000,0.000000,0.000000,0.340000,SURVIVAL,SURVIVAL,NONE,H_t,reject_survival,phase=none;hMul=1.000;gMul=1.000;qMul=1.000;qAdd=0.000;rpiOff=0.000,1874,7458,"RacePacingRejected, RACE action=reject_survival:6654;RacePacingRejected, RACE action=reject_pacing:801;ReplacementNotAllowed:3"
2026-09-16T04:59:20.3145414+00:00,2011670600,0.000000,0,1.000000,0.000000,0.000000,0.340000,SURVIVAL,SURVIVAL,NONE,H_t,reject_survival,phase=none;hMul=1.000;gMul=1.000;qMul=1.000;qAdd=0.000;rpiOff=0.000,1874,7458,"RacePacingRejected, RACE action=reject_survival:6654;RacePacingRejected, RACE action=reject_pacing:801;ReplacementNotAllowed:3"
2026-09-16T04:59:20.8141346+00:00,2011678824,0.000000,0,1.000000,0.000000,0.000000,0.340000,SURVIVAL,SURVIVAL,NONE,H_t,reject_survival,phase=none;hMul=1.000;gMul=1.000;qMul=1.000;qAdd=0.000;rpiOff=0.000,1874,7458,"RacePacingRejected, RACE action=reject_survival:6654;RacePacingRejected, RACE action=reject_pacing:801;ReplacementNotAllowed:3"
2026-09-16T04:59:21.3146611+00:00,2011752584,0.000000,0,1.000000,0.000000,0.000000,0.340000,SURVIVAL,SURVIVAL,NONE,H_t,reject_survival,phase=none;hMul=1.000;gMul=1.000;qMul=1.000;qAdd=0.000;rpiOff=0.000,1874,7458,"RacePacingRejected, RACE action=reject_survival:6654;RacePacingRejected, RACE action=reject_pacing:801;ReplacementNotAllowed:3"
2026-09-16T04:59:21.8143310+00:00,2011752584,0.000000,0,1.000000,0.000000,0.000000,0.340000,SURVIVAL,SURVIVAL,NONE,H_t,reject_survival,phase=none;hMul=1.000;gMul=1.000;qMul=1.000;qAdd=0.000;rpiOff=0.000,1874,7458,"RacePacingRejected, RACE action=reject_survival:6654;RacePacingRejected, RACE action=reject_pacing:801;ReplacementNotAllowed:3"
2026-09-16T04:59:22.3139747+00:00,2011810152,0.000000,0,1.000000,0.000000,0.000000,0.340000,SURVIVAL,SURVIVAL,NONE,H_t,reject_survival,phase=none;hMul=1.000;gMul=1.000;qMul=1.000;qAdd=0.000;rpiOff=0.000,1874,7458,"RacePacingRejected, RACE action=reject_survival:6654;RacePacingRejected, RACE action=reject_pacing:801;ReplacementNotAllowed:3"
2026-09-16T04:59:22.8145728+00:00,2011810152,0.000000,0,1.000000,0.000000,0.000000,0.340000,SURVIVAL,SURVIVAL,NONE,H_t,reject_survival,phase=none;hMul=1.000;gMul=1.000;qMul=1.000;qAdd=0.000;rpiOff=0.000,1874,7458,"RacePacingRejected, RACE action=reject_survival:6654;RacePacingRejected, RACE action=reject_pacing:801;ReplacementNotAllowed:3"
2026-09-16T04:59:23.3140939+00:00,2011883656,0.000000,0,1.000000,0.000000,0.000000,0.340000,SURVIVAL,SURVIVAL,NONE,H_t,reject_survival,phase=none;hMul=1.000;gMul=1.000;qMul=1.000;qAdd=0.000;rpiOff=0.000,1874,7458,"RacePacingRejected, RACE action=reject_survival:6654;RacePacingRejected, RACE action=reject_pacing:801;ReplacementNotAllowed:3"
2026-09-16T04:59:23.8146406+00:00,2011891880,0.000000,0,1.000000,0.000000,0.000000,0.340000,SURVIVAL,SURVIVAL,NONE,H_t,reject_survival,phase=none;hMul=1.000;gMul=1.000;qMul=1.000;qAdd=0.000;rpiOff=0.000,1874,7458,"RacePacingRejected, RACE action=reject_survival:6654;RacePacingRejected, RACE action=reject_pacing:801;ReplacementNotAllowed:3"
2026-09-16T04:59:24.3140577+00:00,2011981576,0.000000,0,1.000000,0.000000,0.000000,0.340000,SURVIVAL,SURVIVAL,NONE,H_t,reject_survival,phase=none;hMul=1.000;gMul=1.000;qMul=1.000;qAdd=0.000;rpiOff=0.000,1874,7458,"RacePacingRejected, RACE action=reject_survival:6654;RacePacingRejected, RACE action=reject_pacing:801;ReplacementNotAllowed:3"
2026-09-16T04:59:24.8146084+00:00,2011989360,0.000000,0,1.000000,0.000000,0.000000,0.340000,SURVIVAL,SURVIVAL,NONE,H_t,reject_survival,phase=none;hMul=1.000;gMul=1.000;qMul=1.000;qAdd=0.000;rpiOff=0.000,1874,7458,"RacePacingRejected, RACE action=reject_survival:6654;RacePacingRejected, RACE action=reject_pacing:801;ReplacementNotAllowed:3"
2026-09-16T04:59:25.3142123+00:00,2012054848,0.000000,0,1.000000,0.000000,0.000000,0.340000,SURVIVAL,SURVIVAL,NONE,H_t,reject_survival,phase=none;hMul=1.000;gMul=1.000;qMul=1.000;qAdd=0.000;rpiOff=0.000,1874,7458,"RacePacingRejected, RACE action=reject_survival:6654;RacePacingRejected, RACE action=reject_pacing:801;ReplacementNotAllowed:3"
2026-09-16T04:59:25.8138317+00:00,2012054848,0.000000,0,1.000000,0.000000,0.000000,0.340000,SURVIVAL,SURVIVAL,NONE,H_t,reject_survival,phase=none;hMul=1.000;gMul=1.000;qMul=1.000;qAdd=0.000;rpiOff=0.000,1874,7458,"RacePacingRejected, RACE action=reject_survival:6654;RacePacingRejected, RACE action=reject_pacing:801;ReplacementNotAllowed:3"
2026-09-16T04:59:26.3145359+00:00,2012218832,0.000000,0,1.000000,0.000000,0.000000,0.340000,SURVIVAL,SURVIVAL,NONE,H_t,reject_survival,phase=none;hMul=1.000;gMul=1.000;qMul=1.000;qAdd=0.000;rpiOff=0.000,1874,7458,"RacePacingRejected, RACE action=reject_survival:6654;RacePacingRejected, RACE action=reject_pacing:801;ReplacementNotAllowed:3"
2026-09-16T04:59:26.8143049+00:00,2012218832,0.000000,0,1.000000,0.000000,0.000000,0.340000,SURVIVAL,SURVIVAL,NONE,H_t,reject_survival,phase=none;hMul=1.000;gMul=1.000;qMul=1.000;qAdd=0.000;rpiOff=0.000,1874,7458,"RacePacingRejected, RACE action=reject_survival:6654;RacePacingRejected, RACE action=reject_pacing:801;ReplacementNotAllowed:3"
2026-09-16T04:59:27.3140109+00:00,2012276144,0.000000,0,1.000000,0.000000,0.000000,0.340000,SURVIVAL,SURVIVAL,NONE,H_t,reject_survival,phase=none;hMul=1.000;gMul=1.000;qMul=1.000;qAdd=0.000;rpiOff=0.000,1874,7458,"RacePacingRejected, RACE action=reject_survival:6654;RacePacingRejected, RACE action=reject_pacing:801;ReplacementNotAllowed:3"
2026-09-16T04:59:27.8145746+00:00,2012276144,0.000000,0,1.000000,0.000000,0.000000,0.340000,SURVIVAL,SURVIVAL,NONE,H_t,reject_survival,phase=none;hMul=1.000;gMul=1.000;qMul=1.000;qAdd=0.000;rpiOff=0.000,1874,7458,"RacePacingRejected, RACE action=reject_survival:6654;RacePacingRejected, RACE action=reject_pacing:801;ReplacementNotAllowed:3"
2026-09-16T04:59:28.3139253+00:00,2012341680,0.000000,0,1.000000,0.000000,0.000000,0.340000,SURVIVAL,SURVIVAL,NONE,H_t,reject_survival,phase=none;hMul=1.000;gMul=1.000;qMul=1.000;qAdd=0.000;rpiOff=0.000,1874,7458,"RacePacingRejected, RACE action=reject_survival:6654;RacePacingRejected, RACE action=reject_pacing:801;ReplacementNotAllowed:3"
2026-09-16T04:59:28.8145493+00:00,2012349904,0.000000,0,1.000000,0.000000,0.000000,0.340000,SURVIVAL,SURVIVAL,NONE,H_t,reject_survival,phase=none;hMul=1.000;gMul=1.000;qMul=1.000;qAdd=0.000;rpiOff=0.000,1874,7458,"RacePacingRejected, RACE action=reject_survival:6654;RacePacingRejected, RACE action=reject_pacing:801;ReplacementNotAllowed:3"
2026-09-16T04:59:29.3141364+00:00,2012431888,0.000000,0,1.000000,0.000000,0.000000,0.340000,SURVIVAL,SURVIVAL,NONE,H_t,reject_survival,phase=none;hMul=1.000;gMul=1.000;qMul=1.000;qAdd=0.000;rpiOff=0.000,1874,7458,"RacePacingRejected, RACE action=reject_survival:6654;RacePacingRejected, RACE action=reject_pacing:801;ReplacementNotAllowed:3"
2026-09-16T04:59:29.8146586+00:00,2012431888,0.000000,0,1.000000,0.000000,0.000000,0.340000,SURVIVAL,SURVIVAL,NONE,H_t,reject_survival,phase=none;hMul=1.000;gMul=1.000;qMul=1.000;qAdd=0.000;rpiOff=0.000,1874,7458,"RacePacingRejected, RACE action=reject_survival:6654;RacePacingRejected, RACE action=reject_pacing:801;ReplacementNotAllowed:3"
2026-09-16T04:59:30.3145722+00:00,2012472752,0.000000,0,1.000000,0.000000,0.000000,0.340000,SURVIVAL,SURVIVAL,NONE,H_t,reject_survival,phase=none;hMul=1.000;gMul=1.000;qMul=1.000;qAdd=0.000;rpiOff=0.000,1874,7458,"RacePacingRejected, RACE action=reject_survival:6654;RacePacingRejected, RACE action=reject_pacing:801;ReplacementNotAllowed:3"
2026-09-16T04:59:30.8140459+00:00,2012472752,0.000000,0,1.000000,0.000000,0.000000,0.340000,SURVIVAL,SURVIVAL,NONE,H_t,reject_survival,phase=none;hMul=1.000;gMul=1.000;qMul=1.000;qAdd=0.000;rpiOff=0.000,1874,7458,"RacePacingRejected, RACE action=reject_survival:6654;RacePacingRejected, RACE action=reject_pacing:801;ReplacementNotAllowed:3"
2026-09-16T04:59:31.3139904+00:00,2012924880,0.000000,0,1.000000,0.000000,0.000000,0.340000,SURVIVAL,SURVIVAL,NONE,H_t,reject_survival,phase=none;hMul=1.000;gMul=1.000;qMul=1.000;qAdd=0.000;rpiOff=0.000,1874,7458,"RacePacingRejected, RACE action=reject_survival:6654;RacePacingRejected, RACE action=reject_pacing:801;ReplacementNotAllowed:3"
2026-09-16T04:59:31.8145049+00:00,2012933104,0.000000,0,1.000000,0.000000,0.000000,0.340000,SURVIVAL,SURVIVAL,NONE,H_t,reject_survival,phase=none;hMul=1.000;gMul=1.000;qMul=1.000;qAdd=0.000;rpiOff=0.000,1874,7458,"RacePacingRejected, RACE action=reject_survival:6654;RacePacingRejected, RACE action=reject_pacing:801;ReplacementNotAllowed:3"
2026-09-16T04:59:32.3140825+00:00,2012973968,0.000000,0,1.000000,0.000000,0.000000,0.340000,SURVIVAL,SURVIVAL,NONE,H_t,reject_survival,phase=none;hMul=1.000;gMul=1.000;qMul=1.000;qAdd=0.000;rpiOff=0.000,1874,7458,"RacePacingRejected, RACE action=reject_survival:6654;RacePacingRejected, RACE action=reject_pacing:801;ReplacementNotAllowed:3"
2026-09-16T04:59:32.8145873+00:00,2012973968,0.000000,0,1.000000,0.000000,0.000000,0.340000,SURVIVAL,SURVIVAL,NONE,H_t,reject_survival,phase=none;hMul=1.000;gMul=1.000;qMul=1.000;qAdd=0.000;rpiOff=0.000,1874,7458,"RacePacingRejected, RACE action=reject_survival:6654;RacePacingRejected, RACE action=reject_pacing:801;ReplacementNotAllowed:3"
2026-09-16T04:59:33.3139609+00:00,2013047928,0.000000,0,1.000000,0.000000,0.000000,0.340000,SURVIVAL,SURVIVAL,NONE,H_t,reject_survival,phase=none;hMul=1.000;gMul=1.000;qMul=1.000;qAdd=0.000;rpiOff=0.000,1874,7458,"RacePacingRejected, RACE action=reject_survival:6654;RacePacingRejected, RACE action=reject_pacing:801;ReplacementNotAllowed:3"
2026-09-16T04:59:33.8145607+00:00,2013055896,0.000000,0,1.000000,0.000000,0.000000,0.340000,SURVIVAL,SURVIVAL,NONE,H_t,reject_survival,phase=none;hMul=1.000;gMul=1.000;qMul=1.000;qAdd=0.000;rpiOff=0.000,1874,7458,"RacePacingRejected, RACE action=reject_survival:6654;RacePacingRejected, RACE action=reject_pacing:801;ReplacementNotAllowed:3"
2026-09-16T04:59:34.3140742+00:00,2013105200,0.000000,0,1.000000,0.000000,0.000000,0.340000,SURVIVAL,SURVIVAL,NONE,H_t,reject_survival,phase=none;hMul=1.000;gMul=1.000;qMul=1.000;qAdd=0.000;rpiOff=0.000,1874,7458,"RacePacingRejected, RACE action=reject_survival:6654;RacePacingRejected, RACE action=reject_pacing:801;ReplacementNotAllowed:3"
2026-09-16T04:59:34.8145605+00:00,2013113424,0.000000,0,1.000000,0.000000,0.000000,0.340000,SURVIVAL,SURVIVAL,NONE,H_t,reject_survival,phase=none;hMul=1.000;gMul=1.000;qMul=1.000;qAdd=0.000;rpiOff=0.000,1874,7458,"RacePacingRejected, RACE action=reject_survival:6654;RacePacingRejected, RACE action=reject_pacing:801;ReplacementNotAllowed:3"
2026-09-16T04:59:35.3139166+00:00,2013195152,0.000000,0,1.000000,0.000000,0.000000,0.340000,SURVIVAL,SURVIVAL,NONE,H_t,reject_survival,phase=none;hMul=1.000;gMul=1.000;qMul=1.000;qAdd=0.000;rpiOff=0.000,1874,7458,"RacePacingRejected, RACE action=reject_survival:6654;RacePacingRejected, RACE action=reject_pacing:801;ReplacementNotAllowed:3"
2026-09-16T04:59:35.8143923+00:00,2013195152,0.000000,0,1.000000,0.000000,0.000000,0.340000,SURVIVAL,SURVIVAL,NONE,H_t,reject_survival,phase=none;hMul=1.000;gMul=1.000;qMul=1.000;qAdd=0.000;rpiOff=0.000,1874,7458,"RacePacingRejected, RACE action=reject_survival:6654;RacePacingRejected, RACE action=reject_pacing:801;ReplacementNotAllowed:3"
2026-09-16T04:59:36.3141060+00:00,2013252464,0.000000,0,1.000000,0.000000,0.000000,0.340000,SURVIVAL,SURVIVAL,NONE,H_t,reject_survival,phase=none;hMul=1.000;gMul=1.000;qMul=1.000;qAdd=0.000;rpiOff=0.000,1874,7458,"RacePacingRejected, RACE action=reject_survival:6654;RacePacingRejected, RACE action=reject_pacing:801;ReplacementNotAllowed:3"
2026-09-16T04:59:36.8139080+00:00,2013252464,0.000000,0,1.000000,0.000000,0.000000,0.340000,SURVIVAL,SURVIVAL,NONE,H_t,reject_survival,phase=none;hMul=1.000;gMul=1.000;qMul=1.000;qAdd=0.000;rpiOff=0.000,1874,7458,"RacePacingRejected, RACE action=reject_survival:6654;RacePacingRejected, RACE action=reject_pacing:801;ReplacementNotAllowed:3"
2026-09-16T04:59:37.3144682+00:00,2013334280,0.000000,0,1.000000,0.000000,0.000000,0.340000,SURVIVAL,SURVIVAL,NONE,H_t,reject_survival,phase=none;hMul=1.000;gMul=1.000;qMul=1.000;qAdd=0.000;rpiOff=0.000,1874,7458,"RacePacingRejected, RACE action=reject_survival:6654;RacePacingRejected, RACE action=reject_pacing:801;ReplacementNotAllowed:3"
2026-09-16T04:59:37.8139252+00:00,2013334280,0.000000,0,1.000000,0.000000,0.000000,0.340000,SURVIVAL,SURVIVAL,NONE,H_t,reject_survival,phase=none;hMul=1.000;gMul=1.000;qMul=1.000;qAdd=0.000;rpiOff=0.000,1874,7458,"RacePacingRejected, RACE action=reject_survival:6654;RacePacingRejected, RACE action=reject_pacing:801;ReplacementNotAllowed:3"
2026-09-16T04:59:38.3143448+00:00,2013391592,0.000000,0,1.000000,0.000000,0.000000,0.340000,SURVIVAL,SURVIVAL,NONE,H_t,reject_survival,phase=none;hMul=1.000;gMul=1.000;qMul=1.000;qAdd=0.000;rpiOff=0.000,1874,7458,"RacePacingRejected, RACE action=reject_survival:6654;RacePacingRejected, RACE action=reject_pacing:801;ReplacementNotAllowed:3"
2026-09-16T04:59:38.8147111+00:00,2013391592,0.000000,0,1.000000,0.000000,0.000000,0.340000,SURVIVAL,SURVIVAL,NONE,H_t,reject_survival,phase=none;hMul=1.000;gMul=1.000;qMul=1.000;qAdd=0.000;rpiOff=0.000,1874,7458,"RacePacingRejected, RACE action=reject_survival:6654;RacePacingRejected, RACE action=reject_pacing:801;ReplacementNotAllowed:3"
2026-09-16T04:59:39.3139432+00:00,2013465608,0.000000,0,1.000000,0.000000,0.000000,0.340000,SURVIVAL,SURVIVAL,NONE,H_t,reject_survival,phase=none;hMul=1.000;gMul=1.000;qMul=1.000;qAdd=0.000;rpiOff=0.000,1874,7458,"RacePacingRejected, RACE action=reject_survival:6654;RacePacingRejected, RACE action=reject_pacing:801;ReplacementNotAllowed:3"
2026-09-16T04:59:39.8143524+00:00,2013473576,0.000000,0,1.000000,0.000000,0.000000,0.340000,SURVIVAL,SURVIVAL,NONE,H_t,reject_survival,phase=none;hMul=1.000;gMul=1.000;qMul=1.000;qAdd=0.000;rpiOff=0.000,1874,7458,"RacePacingRejected, RACE action=reject_survival:6654;RacePacingRejected, RACE action=reject_pacing:801;ReplacementNotAllowed:3"
2026-09-16T04:59:40.3140916+00:00,2013522920,0.000000,0,1.000000,0.000000,0.000000,0.340000,SURVIVAL,SURVIVAL,NONE,H_t,reject_survival,phase=none;hMul=1.000;gMul=1.000;qMul=1.000;qAdd=0.000;rpiOff=0.000,1874,7458,"RacePacingRejected, RACE action=reject_survival:6654;RacePacingRejected, RACE action=reject_pacing:801;ReplacementNotAllowed:3"
2026-09-16T04:59:40.8144839+00:00,2013531144,0.000000,0,1.000000,0.000000,0.000000,0.340000,SURVIVAL,SURVIVAL,NONE,H_t,reject_survival,phase=none;hMul=1.000;gMul=1.000;qMul=1.000;qAdd=0.000;rpiOff=0.000,1874,7458,"RacePacingRejected, RACE action=reject_survival:6654;RacePacingRejected, RACE action=reject_pacing:801;ReplacementNotAllowed:3"
2026-09-16T04:59:41.3138365+00:00,2013596680,0.000000,0,1.000000,0.000000,0.000000,0.340000,SURVIVAL,SURVIVAL,NONE,H_t,reject_survival,phase=none;hMul=1.000;gMul=1.000;qMul=1.000;qAdd=0.000;rpiOff=0.000,1874,7458,"RacePacingRejected, RACE action=reject_survival:6654;RacePacingRejected, RACE action=reject_pacing:801;ReplacementNotAllowed:3"
2026-09-16T04:59:41.8143072+00:00,2013596680,0.000000,0,1.000000,0.000000,0.000000,0.340000,SURVIVAL,SURVIVAL,NONE,H_t,reject_survival,phase=none;hMul=1.000;gMul=1.000;qMul=1.000;qAdd=0.000;rpiOff=0.000,1874,7458,"RacePacingRejected, RACE action=reject_survival:6654;RacePacingRejected, RACE action=reject_pacing:801;ReplacementNotAllowed:3"
2026-09-16T04:59:42.3138421+00:00,2013662216,0.000000,0,1.000000,0.000000,0.000000,0.340000,SURVIVAL,SURVIVAL,NONE,H_t,reject_survival,phase=none;hMul=1.000;gMul=1.000;qMul=1.000;qAdd=0.000;rpiOff=0.000,1874,7458,"RacePacingRejected, RACE action=reject_survival:6654;RacePacingRejected, RACE action=reject_pacing:801;ReplacementNotAllowed:3"
2026-09-16T04:59:42.8143277+00:00,2013662216,0.000000,0,1.000000,0.000000,0.000000,0.340000,SURVIVAL,SURVIVAL,NONE,H_t,reject_survival,phase=none;hMul=1.000;gMul=1.000;qMul=1.000;qAdd=0.000;rpiOff=0.000,1874,7458,"RacePacingRejected, RACE action=reject_survival:6654;RacePacingRejected, RACE action=reject_pacing:801;ReplacementNotAllowed:3"
2026-09-16T04:59:43.3138094+00:00,2013735696,0.000000,0,1.000000,0.000000,0.000000,0.340000,SURVIVAL,SURVIVAL,NONE,H_t,reject_survival,phase=none;hMul=1.000;gMul=1.000;qMul=1.000;qAdd=0.000;rpiOff=0.000,1874,7458,"RacePacingRejected, RACE action=reject_survival:6654;RacePacingRejected, RACE action=reject_pacing:801;ReplacementNotAllowed:3"
2026-09-16T04:59:43.8142827+00:00,2013743920,0.000000,0,1.000000,0.000000,0.000000,0.340000,SURVIVAL,SURVIVAL,NONE,H_t,reject_survival,phase=none;hMul=1.000;gMul=1.000;qMul=1.000;qAdd=0.000;rpiOff=0.000,1874,7458,"RacePacingRejected, RACE action=reject_survival:6654;RacePacingRejected, RACE action=reject_pacing:801;ReplacementNotAllowed:3"
2026-09-16T04:59:44.3140213+00:00,2013809456,0.000000,0,1.000000,0.000000,0.000000,0.340000,SURVIVAL,SURVIVAL,NONE,H_t,reject_survival,phase=none;hMul=1.000;gMul=1.000;qMul=1.000;qAdd=0.000;rpiOff=0.000,1874,7458,"RacePacingRejected, RACE action=reject_survival:6654;RacePacingRejected, RACE action=reject_pacing:801;ReplacementNotAllowed:3"
2026-09-16T04:59:44.8144994+00:00,2013809456,0.000000,0,1.000000,0.000000,0.000000,0.340000,SURVIVAL,SURVIVAL,NONE,H_t,reject_survival,phase=none;hMul=1.000;gMul=1.000;qMul=1.000;qAdd=0.000;rpiOff=0.000,1874,7458,"RacePacingRejected, RACE action=reject_survival:6654;RacePacingRejected, RACE action=reject_pacing:801;ReplacementNotAllowed:3"
2026-09-16T04:59:45.3138553+00:00,2013875248,0.000000,0,1.000000,0.000000,0.000000,0.340000,SURVIVAL,SURVIVAL,NONE,H_t,reject_survival,phase=none;hMul=1.000;gMul=1.000;qMul=1.000;qAdd=0.000;rpiOff=0.000,1874,7458,"RacePacingRejected, RACE action=reject_survival:6654;RacePacingRejected, RACE action=reject_pacing:801;ReplacementNotAllowed:3"
2026-09-16T04:59:45.8143373+00:00,2013883472,0.000000,0,1.000000,0.000000,0.000000,0.340000,SURVIVAL,SURVIVAL,NONE,H_t,reject_survival,phase=none;hMul=1.000;gMul=1.000;qMul=1.000;qAdd=0.000;rpiOff=0.000,1874,7458,"RacePacingRejected, RACE action=reject_survival:6654;RacePacingRejected, RACE action=reject_pacing:801;ReplacementNotAllowed:3"
2026-09-16T04:59:46.3141215+00:00,2013940272,0.000000,0,1.000000,0.000000,0.000000,0.340000,SURVIVAL,SURVIVAL,NONE,H_t,reject_survival,phase=none;hMul=1.000;gMul=1.000;qMul=1.000;qAdd=0.000;rpiOff=0.000,1874,7458,"RacePacingRejected, RACE action=reject_survival:6654;RacePacingRejected, RACE action=reject_pacing:801;ReplacementNotAllowed:3"
2026-09-16T04:59:46.8138409+00:00,2013940272,0.000000,0,1.000000,0.000000,0.000000,0.340000,SURVIVAL,SURVIVAL,NONE,H_t,reject_survival,phase=none;hMul=1.000;gMul=1.000;qMul=1.000;qAdd=0.000;rpiOff=0.000,1874,7458,"RacePacingRejected, RACE action=reject_survival:6654;RacePacingRejected, RACE action=reject_pacing:801;ReplacementNotAllowed:3"
2026-09-16T04:59:47.3144309+00:00,2014022512,0.000000,0,1.000000,0.000000,0.000000,0.340000,SURVIVAL,SURVIVAL,NONE,H_t,reject_survival,phase=none;hMul=1.000;gMul=1.000;qMul=1.000;qAdd=0.000;rpiOff=0.000,1874,7458,"RacePacingRejected, RACE action=reject_survival:6654;RacePacingRejected, RACE action=reject_pacing:801;ReplacementNotAllowed:3"
2026-09-16T04:59:47.8139330+00:00,2014030736,0.000000,0,1.000000,0.000000,0.000000,0.340000,SURVIVAL,SURVIVAL,NONE,H_t,reject_survival,phase=none;hMul=1.000;gMul=1.000;qMul=1.000;qAdd=0.000;rpiOff=0.000,1874,7458,"RacePacingRejected, RACE action=reject_survival:6654;RacePacingRejected, RACE action=reject_pacing:801;ReplacementNotAllowed:3"
2026-09-16T04:59:48.3144233+00:00,2014080080,0.000000,0,1.000000,0.000000,0.000000,0.340000,SURVIVAL,SURVIVAL,NONE,H_t,reject_survival,phase=none;hMul=1.000;gMul=1.000;qMul=1.000;qAdd=0.000;rpiOff=0.000,1874,7458,"RacePacingRejected, RACE action=reject_survival:6654;RacePacingRejected, RACE action=reject_pacing:801;ReplacementNotAllowed:3"
2026-09-16T04:59:48.8139382+00:00,2014080080,0.000000,0,1.000000,0.000000,0.000000,0.340000,SURVIVAL,SURVIVAL,NONE,H_t,reject_survival,phase=none;hMul=1.000;gMul=1.000;qMul=1.000;qAdd=0.000;rpiOff=0.000,1874,7458,"RacePacingRejected, RACE action=reject_survival:6654;RacePacingRejected, RACE action=reject_pacing:801;ReplacementNotAllowed:3"
2026-09-16T04:59:49.3143335+00:00,2014170288,0.000000,0,1.000000,0.000000,0.000000,0.340000,SURVIVAL,SURVIVAL,NONE,H_t,reject_survival,phase=none;hMul=1.000;gMul=1.000;qMul=1.000;qAdd=0.000;rpiOff=0.000,1874,7458,"RacePacingRejected, RACE action=reject_survival:6654;RacePacingRejected, RACE action=reject_pacing:801;ReplacementNotAllowed:3"
2026-09-16T04:59:49.8138236+00:00,2014178512,0.000000,0,1.000000,0.000000,0.000000,0.340000,SURVIVAL,SURVIVAL,NONE,H_t,reject_survival,phase=none;hMul=1.000;gMul=1.000;qMul=1.000;qAdd=0.000;rpiOff=0.000,1874,7458,"RacePacingRejected, RACE action=reject_survival:6654;RacePacingRejected, RACE action=reject_pacing:801;ReplacementNotAllowed:3"
2026-09-16T04:59:50.3146862+00:00,2014227600,0.000000,0,1.000000,0.000000,0.000000,0.340000,SURVIVAL,SURVIVAL,NONE,H_t,reject_survival,phase=none;hMul=1.000;gMul=1.000;qMul=1.000;qAdd=0.000;rpiOff=0.000,1874,7458,"RacePacingRejected, RACE action=reject_survival:6654;RacePacingRejected, RACE action=reject_pacing:801;ReplacementNotAllowed:3"
2026-09-16T04:59:50.8141753+00:00,2014235824,0.000000,0,1.000000,0.000000,0.000000,0.340000,SURVIVAL,SURVIVAL,NONE,H_t,reject_survival,phase=none;hMul=1.000;gMul=1.000;qMul=1.000;qAdd=0.000;rpiOff=0.000,1874,7458,"RacePacingRejected, RACE action=reject_survival:6654;RacePacingRejected, RACE action=reject_pacing:801;ReplacementNotAllowed:3"
2026-09-16T04:59:51.3146645+00:00,2014309328,0.000000,0,1.000000,0.000000,0.000000,0.340000,SURVIVAL,SURVIVAL,NONE,H_t,reject_survival,phase=none;hMul=1.000;gMul=1.000;qMul=1.000;qAdd=0.000;rpiOff=0.000,1874,7458,"RacePacingRejected, RACE action=reject_survival:6654;RacePacingRejected, RACE action=reject_pacing:801;ReplacementNotAllowed:3"
2026-09-16T04:59:51.8141544+00:00,2014309328,0.000000,0,1.000000,0.000000,0.000000,0.340000,SURVIVAL,SURVIVAL,NONE,H_t,reject_survival,phase=none;hMul=1.000;gMul=1.000;qMul=1.000;qAdd=0.000;rpiOff=0.000,1874,7458,"RacePacingRejected, RACE action=reject_survival:6654;RacePacingRejected, RACE action=reject_pacing:801;ReplacementNotAllowed:3"
2026-09-16T04:59:52.3140212+00:00,2014366896,0.000000,0,1.000000,0.000000,0.000000,0.340000,SURVIVAL,SURVIVAL,NONE,H_t,reject_survival,phase=none;hMul=1.000;gMul=1.000;qMul=1.000;qAdd=0.000;rpiOff=0.000,1874,7458,"RacePacingRejected, RACE action=reject_survival:6654;RacePacingRejected, RACE action=reject_pacing:801;ReplacementNotAllowed:3"
2026-09-16T04:59:52.8145235+00:00,2014366896,0.000000,0,1.000000,0.000000,0.000000,0.340000,SURVIVAL,SURVIVAL,NONE,H_t,reject_survival,phase=none;hMul=1.000;gMul=1.000;qMul=1.000;qAdd=0.000;rpiOff=0.000,1874,7458,"RacePacingRejected, RACE action=reject_survival:6654;RacePacingRejected, RACE action=reject_pacing:801;ReplacementNotAllowed:3"
2026-09-16T04:59:53.3138341+00:00,2014448880,0.000000,0,1.000000,0.000000,0.000000,0.340000,SURVIVAL,SURVIVAL,NONE,H_t,reject_survival,phase=none;hMul=1.000;gMul=1.000;qMul=1.000;qAdd=0.000;rpiOff=0.000,1874,7458,"RacePacingRejected, RACE action=reject_survival:6654;RacePacingRejected, RACE action=reject_pacing:801;ReplacementNotAllowed:3"
2026-09-16T04:59:53.8142590+00:00,2014448880,0.000000,0,1.000000,0.000000,0.000000,0.340000,SURVIVAL,SURVIVAL,NONE,H_t,reject_survival,phase=none;hMul=1.000;gMul=1.000;qMul=1.000;qAdd=0.000;rpiOff=0.000,1874,7458,"RacePacingRejected, RACE action=reject_survival:6654;RacePacingRejected, RACE action=reject_pacing:801;ReplacementNotAllowed:3"
2026-09-16T04:59:54.3141839+00:00,2014490000,0.000000,0,1.000000,0.000000,0.000000,0.340000,SURVIVAL,SURVIVAL,NONE,H_t,reject_survival,phase=none;hMul=1.000;gMul=1.000;qMul=1.000;qAdd=0.000;rpiOff=0.000,1874,7458,"RacePacingRejected, RACE action=reject_survival:6654;RacePacingRejected, RACE action=reject_pacing:801;ReplacementNotAllowed:3"
2026-09-16T04:59:54.8147535+00:00,2014490000,0.000000,0,1.000000,0.000000,0.000000,0.340000,SURVIVAL,SURVIVAL,NONE,H_t,reject_survival,phase=none;hMul=1.000;gMul=1.000;qMul=1.000;qAdd=0.000;rpiOff=0.000,1874,7458,"RacePacingRejected, RACE action=reject_survival:6654;RacePacingRejected, RACE action=reject_pacing:801;ReplacementNotAllowed:3"
2026-09-16T04:59:55.3141461+00:00,2014579696,0.000000,0,1.000000,0.000000,0.000000,0.340000,SURVIVAL,SURVIVAL,NONE,H_t,reject_survival,phase=none;hMul=1.000;gMul=1.000;qMul=1.000;qAdd=0.000;rpiOff=0.000,1874,7458,"RacePacingRejected, RACE action=reject_survival:6654;RacePacingRejected, RACE action=reject_pacing:801;ReplacementNotAllowed:3"
2026-09-16T04:59:55.8146248+00:00,2014579696,0.000000,0,1.000000,0.000000,0.000000,0.340000,SURVIVAL,SURVIVAL,NONE,H_t,reject_survival,phase=none;hMul=1.000;gMul=1.000;qMul=1.000;qAdd=0.000;rpiOff=0.000,1874,7458,"RacePacingRejected, RACE action=reject_survival:6654;RacePacingRejected, RACE action=reject_pacing:801;ReplacementNotAllowed:3"
2026-09-16T04:59:56.3142842+00:00,2014629040,0.000000,0,1.000000,0.000000,0.000000,0.340000,SURVIVAL,SURVIVAL,NONE,H_t,reject_survival,phase=none;hMul=1.000;gMul=1.000;qMul=1.000;qAdd=0.000;rpiOff=0.000,1874,7458,"RacePacingRejected, RACE action=reject_survival:6654;RacePacingRejected, RACE action=reject_pacing:801;ReplacementNotAllowed:3"
2026-09-16T04:59:56.8141083+00:00,2014637264,0.000000,0,1.000000,0.000000,0.000000,0.340000,SURVIVAL,SURVIVAL,NONE,H_t,reject_survival,phase=none;hMul=1.000;gMul=1.000;qMul=1.000;qAdd=0.000;rpiOff=0.000,1874,7458,"RacePacingRejected, RACE action=reject_survival:6654;RacePacingRejected, RACE action=reject_pacing:801;ReplacementNotAllowed:3"
2026-09-16T04:59:57.3138813+00:00,2014719248,0.000000,0,1.000000,0.000000,0.000000,0.340000,SURVIVAL,SURVIVAL,NONE,H_t,reject_survival,phase=none;hMul=1.000;gMul=1.000;qMul=1.000;qAdd=0.000;rpiOff=0.000,1874,7458,"RacePacingRejected, RACE action=reject_survival:6654;RacePacingRejected, RACE action=reject_pacing:801;ReplacementNotAllowed:3"
2026-09-16T04:59:57.8144053+00:00,2014727472,0.000000,0,1.000000,0.000000,0.000000,0.340000,SURVIVAL,SURVIVAL,NONE,H_t,reject_survival,phase=none;hMul=1.000;gMul=1.000;qMul=1.000;qAdd=0.000;rpiOff=0.000,1874,7458,"RacePacingRejected, RACE action=reject_survival:6654;RacePacingRejected, RACE action=reject_pacing:801;ReplacementNotAllowed:3"
2026-09-16T04:59:58.3138795+00:00,2014776320,0.000000,0,1.000000,0.000000,0.000000,0.340000,SURVIVAL,SURVIVAL,NONE,H_t,reject_survival,phase=none;hMul=1.000;gMul=1.000;qMul=1.000;qAdd=0.000;rpiOff=0.000,1874,7458,"RacePacingRejected, RACE action=reject_survival:6654;RacePacingRejected, RACE action=reject_pacing:801;ReplacementNotAllowed:3"
2026-09-16T04:59:58.8144214+00:00,2014776320,0.000000,0,1.000000,0.000000,0.000000,0.340000,SURVIVAL,SURVIVAL,NONE,H_t,reject_survival,phase=none;hMul=1.000;gMul=1.000;qMul=1.000;qAdd=0.000;rpiOff=0.000,1874,7458,"RacePacingRejected, RACE action=reject_survival:6654;RacePacingRejected, RACE action=reject_pacing:801;ReplacementNotAllowed:3"
2026-09-16T04:59:59.3140862+00:00,2015297064,0.000000,0,1.000000,0.000000,0.000000,0.340000,SURVIVAL,SURVIVAL,NONE,H_t,reject_survival,phase=none;hMul=1.000;gMul=1.000;qMul=1.000;qAdd=0.000;rpiOff=0.000,1874,7458,"RacePacingRejected, RACE action=reject_survival:6654;RacePacingRejected, RACE action=reject_pacing:801;ReplacementNotAllowed:3"
2026-09-16T04:59:59.8146092+00:00,2015305288,0.000000,0,1.000000,0.000000,0.000000,0.340000,SURVIVAL,SURVIVAL,NONE,H_t,reject_survival,phase=none;hMul=1.000;gMul=1.000;qMul=1.000;qAdd=0.000;rpiOff=0.000,1874,7458,"RacePacingRejected, RACE action=reject_survival:6654;RacePacingRejected, RACE action=reject_pacing:801;ReplacementNotAllowed:3"
2026-09-16T05:00:00.3141761+00:00,2015362856,0.000000,0,1.000000,0.000000,0.000000,0.340000,SURVIVAL,SURVIVAL,NONE,H_t,reject_survival,phase=none;hMul=1.000;gMul=1.000;qMul=1.000;qAdd=0.000;rpiOff=0.000,1874,7458,"RacePacingRejected, RACE action=reject_survival:6654;RacePacingRejected, RACE action=reject_pacing:801;ReplacementNotAllowed:3"
2026-09-16T05:00:00.8146546+00:00,2015371080,0.000000,0,1.000000,0.000000,0.000000,0.340000,SURVIVAL,SURVIVAL,NONE,H_t,reject_survival,phase=none;hMul=1.000;gMul=1.000;qMul=1.000;qAdd=0.000;rpiOff=0.000,1874,7458,"RacePacingRejected, RACE action=reject_survival:6654;RacePacingRejected, RACE action=reject_pacing:801;ReplacementNotAllowed:3"
2026-09-16T05:00:01.3140528+00:00,2015419912,0.000000,0,1.000000,0.000000,0.000000,0.340000,SURVIVAL,SURVIVAL,NONE,H_t,reject_survival,phase=none;hMul=1.000;gMul=1.000;qMul=1.000;qAdd=0.000;rpiOff=0.000,1874,7458,"RacePacingRejected, RACE action=reject_survival:6654;RacePacingRejected, RACE action=reject_pacing:801;ReplacementNotAllowed:3"
2026-09-16T05:00:01.8146673+00:00,2015428136,0.000000,0,1.000000,0.000000,0.000000,0.340000,SURVIVAL,SURVIVAL,NONE,H_t,reject_survival,phase=none;hMul=1.000;gMul=1.000;qMul=1.000;qAdd=0.000;rpiOff=0.000,1874,7458,"RacePacingRejected, RACE action=reject_survival:6654;RacePacingRejected, RACE action=reject_pacing:801;ReplacementNotAllowed:3"
2026-09-16T05:00:02.3140006+00:00,2015518088,0.000000,0,1.000000,0.000000,0.000000,0.340000,SURVIVAL,SURVIVAL,NONE,H_t,reject_survival,phase=none;hMul=1.000;gMul=1.000;qMul=1.000;qAdd=0.000;rpiOff=0.000,1874,7458,"RacePacingRejected, RACE action=reject_survival:6654;RacePacingRejected, RACE action=reject_pacing:801;ReplacementNotAllowed:3"
2026-09-16T05:00:02.8144911+00:00,2015518088,0.000000,0,1.000000,0.000000,0.000000,0.340000,SURVIVAL,SURVIVAL,NONE,H_t,reject_survival,phase=none;hMul=1.000;gMul=1.000;qMul=1.000;qAdd=0.000;rpiOff=0.000,1874,7458,"RacePacingRejected, RACE action=reject_survival:6654;RacePacingRejected, RACE action=reject_pacing:801;ReplacementNotAllowed:3"
2026-09-16T05:00:03.3139247+00:00,2015592104,0.000000,0,1.000000,0.000000,0.000000,0.340000,SURVIVAL,SURVIVAL,NONE,H_t,reject_survival,phase=none;hMul=1.000;gMul=1.000;qMul=1.000;qAdd=0.000;rpiOff=0.000,1874,7458,"RacePacingRejected, RACE action=reject_survival:6654;RacePacingRejected, RACE action=reject_pacing:801;ReplacementNotAllowed:3"
2026-09-16T05:00:03.8144111+00:00,2015600328,0.000000,0,1.000000,0.000000,0.000000,0.340000,SURVIVAL,SURVIVAL,NONE,H_t,reject_survival,phase=none;hMul=1.000;gMul=1.000;qMul=1.000;qAdd=0.000;rpiOff=0.000,1874,7458,"RacePacingRejected, RACE action=reject_survival:6654;RacePacingRejected, RACE action=reject_pacing:801;ReplacementNotAllowed:3"
2026-09-16T05:00:04.3140499+00:00,2015649672,0.000000,0,1.000000,0.000000,0.000000,0.340000,SURVIVAL,SURVIVAL,NONE,H_t,reject_survival,phase=none;hMul=1.000;gMul=1.000;qMul=1.000;qAdd=0.000;rpiOff=0.000,1874,7458,"RacePacingRejected, RACE action=reject_survival:6654;RacePacingRejected, RACE action=reject_pacing:801;ReplacementNotAllowed:3"
2026-09-16T05:00:04.8146026+00:00,2015657896,0.000000,0,1.000000,0.000000,0.000000,0.340000,SURVIVAL,SURVIVAL,NONE,H_t,reject_survival,phase=none;hMul=1.000;gMul=1.000;qMul=1.000;qAdd=0.000;rpiOff=0.000,1874,7458,"RacePacingRejected, RACE action=reject_survival:6654;RacePacingRejected, RACE action=reject_pacing:801;ReplacementNotAllowed:3"
2026-09-16T05:00:05.3139842+00:00,2015731144,0.000000,0,1.000000,0.000000,0.000000,0.340000,SURVIVAL,SURVIVAL,NONE,H_t,reject_survival,phase=none;hMul=1.000;gMul=1.000;qMul=1.000;qAdd=0.000;rpiOff=0.000,1874,7458,"RacePacingRejected, RACE action=reject_survival:6654;RacePacingRejected, RACE action=reject_pacing:801;ReplacementNotAllowed:3"
2026-09-16T05:00:05.8145799+00:00,2015731144,0.000000,0,1.000000,0.000000,0.000000,0.340000,SURVIVAL,SURVIVAL,NONE,H_t,reject_survival,phase=none;hMul=1.000;gMul=1.000;qMul=1.000;qAdd=0.000;rpiOff=0.000,1874,7458,"RacePacingRejected, RACE action=reject_survival:6654;RacePacingRejected, RACE action=reject_pacing:801;ReplacementNotAllowed:3"
2026-09-16T05:00:06.3143298+00:00,2015780488,0.000000,0,1.000000,0.000000,0.000000,0.340000,SURVIVAL,SURVIVAL,NONE,H_t,reject_survival,phase=none;hMul=1.000;gMul=1.000;qMul=1.000;qAdd=0.000;rpiOff=0.000,1874,7458,"RacePacingRejected, RACE action=reject_survival:6654;RacePacingRejected, RACE action=reject_pacing:801;ReplacementNotAllowed:3"
2026-09-16T05:00:06.8140856+00:00,2015788712,0.000000,0,1.000000,0.000000,0.000000,0.340000,SURVIVAL,SURVIVAL,NONE,H_t,reject_survival,phase=none;hMul=1.000;gMul=1.000;qMul=1.000;qAdd=0.000;rpiOff=0.000,1874,7458,"RacePacingRejected, RACE action=reject_survival:6654;RacePacingRejected, RACE action=reject_pacing:801;ReplacementNotAllowed:3"
2026-09-16T05:00:07.3146300+00:00,2015870696,0.000000,0,1.000000,0.000000,0.000000,0.340000,SURVIVAL,SURVIVAL,NONE,H_t,reject_survival,phase=none;hMul=1.000;gMul=1.000;qMul=1.000;qAdd=0.000;rpiOff=0.000,1874,7458,"RacePacingRejected, RACE action=reject_survival:6654;RacePacingRejected, RACE action=reject_pacing:801;ReplacementNotAllowed:3"
2026-09-16T05:00:07.8141463+00:00,2015870696,0.000000,0,1.000000,0.000000,0.000000,0.340000,SURVIVAL,SURVIVAL,NONE,H_t,reject_survival,phase=none;hMul=1.000;gMul=1.000;qMul=1.000;qAdd=0.000;rpiOff=0.000,1874,7458,"RacePacingRejected, RACE action=reject_survival:6654;RacePacingRejected, RACE action=reject_pacing:801;ReplacementNotAllowed:3"
2026-09-16T05:00:08.3138526+00:00,2015919752,0.000000,0,1.000000,0.000000,0.000000,0.340000,SURVIVAL,SURVIVAL,NONE,H_t,reject_survival,phase=none;hMul=1.000;gMul=1.000;qMul=1.000;qAdd=0.000;rpiOff=0.000,1874,7458,"RacePacingRejected, RACE action=reject_survival:6654;RacePacingRejected, RACE action=reject_pacing:801;ReplacementNotAllowed:3"
2026-09-16T05:00:08.8143849+00:00,2015927720,0.000000,0,1.000000,0.000000,0.000000,0.340000,SURVIVAL,SURVIVAL,NONE,H_t,reject_survival,phase=none;hMul=1.000;gMul=1.000;qMul=1.000;qAdd=0.000;rpiOff=0.000,1874,7458,"RacePacingRejected, RACE action=reject_survival:6654;RacePacingRejected, RACE action=reject_pacing:801;ReplacementNotAllowed:3"
2026-09-16T05:00:09.3145988+00:00,2016001480,0.000000,0,1.000000,0.000000,0.000000,0.340000,SURVIVAL,SURVIVAL,NONE,H_t,reject_survival,phase=none;hMul=1.000;gMul=1.000;qMul=1.000;qAdd=0.000;rpiOff=0.000,1874,7458,"RacePacingRejected, RACE action=reject_survival:6654;RacePacingRejected, RACE action=reject_pacing:801;ReplacementNotAllowed:3"
2026-09-16T05:00:09.8140753+00:00,2016009704,0.000000,0,1.000000,0.000000,0.000000,0.340000,SURVIVAL,SURVIVAL,NONE,H_t,reject_survival,phase=none;hMul=1.000;gMul=1.000;qMul=1.000;qAdd=0.000;rpiOff=0.000,1874,7458,"RacePacingRejected, RACE action=reject_survival:6654;RacePacingRejected, RACE action=reject_pacing:801;ReplacementNotAllowed:3"
2026-09-16T05:00:10.3139174+00:00,2016066968,0.000000,0,1.000000,0.000000,0.000000,0.340000,SURVIVAL,SURVIVAL,NONE,H_t,reject_survival,phase=none;hMul=1.000;gMul=1.000;qMul=1.000;qAdd=0.000;rpiOff=0.000,1874,7458,"RacePacingRejected, RACE action=reject_survival:6654;RacePacingRejected, RACE action=reject_pacing:801;ReplacementNotAllowed:3"
2026-09-16T05:00:10.8143987+00:00,2016066968,0.000000,0,1.000000,0.000000,0.000000,0.340000,SURVIVAL,SURVIVAL,NONE,H_t,reject_survival,phase=none;hMul=1.000;gMul=1.000;qMul=1.000;qAdd=0.000;rpiOff=0.000,1874,7458,"RacePacingRejected, RACE action=reject_survival:6654;RacePacingRejected, RACE action=reject_pacing:801;ReplacementNotAllowed:3"
2026-09-16T05:00:11.3147526+00:00,2016157432,0.000000,0,1.000000,0.000000,0.000000,0.340000,SURVIVAL,SURVIVAL,NONE,H_t,reject_survival,phase=none;hMul=1.000;gMul=1.000;qMul=1.000;qAdd=0.000;rpiOff=0.000,1874,7458,"RacePacingRejected, RACE action=reject_survival:6654;RacePacingRejected, RACE action=reject_pacing:801;ReplacementNotAllowed:3"
2026-09-16T05:00:11.8143399+00:00,2016157432,0.000000,0,1.000000,0.000000,0.000000,0.340000,SURVIVAL,SURVIVAL,NONE,H_t,reject_survival,phase=none;hMul=1.000;gMul=1.000;qMul=1.000;qAdd=0.000;rpiOff=0.000,1874,7458,"RacePacingRejected, RACE action=reject_survival:6654;RacePacingRejected, RACE action=reject_pacing:801;ReplacementNotAllowed:3"
2026-09-16T05:00:12.3139065+00:00,2016214488,0.000000,0,1.000000,0.000000,0.000000,0.340000,SURVIVAL,SURVIVAL,NONE,H_t,reject_survival,phase=none;hMul=1.000;gMul=1.000;qMul=1.000;qAdd=0.000;rpiOff=0.000,1874,7458,"RacePacingRejected, RACE action=reject_survival:6654;RacePacingRejected, RACE action=reject_pacing:801;ReplacementNotAllowed:3"
2026-09-16T05:00:12.8144019+00:00,2016214488,0.000000,0,1.000000,0.000000,0.000000,0.340000,SURVIVAL,SURVIVAL,NONE,H_t,reject_survival,phase=none;hMul=1.000;gMul=1.000;qMul=1.000;qAdd=0.000;rpiOff=0.000,1874,7458,"RacePacingRejected, RACE action=reject_survival:6654;RacePacingRejected, RACE action=reject_pacing:801;ReplacementNotAllowed:3"
2026-09-16T05:00:13.3138917+00:00,2016288248,0.000000,0,1.000000,0.000000,0.000000,0.340000,SURVIVAL,SURVIVAL,NONE,H_t,reject_survival,phase=none;hMul=1.000;gMul=1.000;qMul=1.000;qAdd=0.000;rpiOff=0.000,1874,7458,"RacePacingRejected, RACE action=reject_survival:6654;RacePacingRejected, RACE action=reject_pacing:801;ReplacementNotAllowed:3"
2026-09-16T05:00:13.8143827+00:00,2016296472,0.000000,0,1.000000,0.000000,0.000000,0.340000,SURVIVAL,SURVIVAL,NONE,H_t,reject_survival,phase=none;hMul=1.000;gMul=1.000;qMul=1.000;qAdd=0.000;rpiOff=0.000,1874,7458,"RacePacingRejected, RACE action=reject_survival:6654;RacePacingRejected, RACE action=reject_pacing:801;ReplacementNotAllowed:3"
2026-09-16T05:00:14.3141014+00:00,2016353528,0.000000,0,1.000000,0.000000,0.000000,0.340000,SURVIVAL,SURVIVAL,NONE,H_t,reject_survival,phase=none;hMul=1.000;gMul=1.000;qMul=1.000;qAdd=0.000;rpiOff=0.000,1874,7458,"RacePacingRejected, RACE action=reject_survival:6654;RacePacingRejected, RACE action=reject_pacing:801;ReplacementNotAllowed:3"
2026-09-16T05:00:14.8146201+00:00,2016353528,0.000000,0,1.000000,0.000000,0.000000,0.340000,SURVIVAL,SURVIVAL,NONE,H_t,reject_survival,phase=none;hMul=1.000;gMul=1.000;qMul=1.000;qAdd=0.000;rpiOff=0.000,1874,7458,"RacePacingRejected, RACE action=reject_survival:6654;RacePacingRejected, RACE action=reject_pacing:801;ReplacementNotAllowed:3"
2026-09-16T05:00:15.3139945+00:00,2016427288,0.000000,0,1.000000,0.000000,0.000000,0.340000,SURVIVAL,SURVIVAL,NONE,H_t,reject_survival,phase=none;hMul=1.000;gMul=1.000;qMul=1.000;qAdd=0.000;rpiOff=0.000,1874,7458,"RacePacingRejected, RACE action=reject_survival:6654;RacePacingRejected, RACE action=reject_pacing:801;ReplacementNotAllowed:3"
2026-09-16T05:00:15.8145529+00:00,2016427288,0.000000,0,1.000000,0.000000,0.000000,0.340000,SURVIVAL,SURVIVAL,NONE,H_t,reject_survival,phase=none;hMul=1.000;gMul=1.000;qMul=1.000;qAdd=0.000;rpiOff=0.000,1874,7458,"RacePacingRejected, RACE action=reject_survival:6654;RacePacingRejected, RACE action=reject_pacing:801;ReplacementNotAllowed:3"
2026-09-16T05:00:16.3143490+00:00,2016509528,0.000000,0,1.000000,0.000000,0.000000,0.340000,SURVIVAL,SURVIVAL,NONE,H_t,reject_survival,phase=none;hMul=1.000;gMul=1.000;qMul=1.000;qAdd=0.000;rpiOff=0.000,1874,7458,"RacePacingRejected, RACE action=reject_survival:6654;RacePacingRejected, RACE action=reject_pacing:801;ReplacementNotAllowed:3"
2026-09-16T05:00:16.8145581+00:00,2016517752,0.000000,0,1.000000,0.000000,0.000000,0.340000,SURVIVAL,SURVIVAL,NONE,H_t,reject_survival,phase=none;hMul=1.000;gMul=1.000;qMul=1.000;qAdd=0.000;rpiOff=0.000,1874,7458,"RacePacingRejected, RACE action=reject_survival:6654;RacePacingRejected, RACE action=reject_pacing:801;ReplacementNotAllowed:3"
2026-09-16T05:00:17.3147129+00:00,2016566840,0.000000,0,1.000000,0.000000,0.000000,0.340000,SURVIVAL,SURVIVAL,NONE,H_t,reject_survival,phase=none;hMul=1.000;gMul=1.000;qMul=1.000;qAdd=0.000;rpiOff=0.000,1874,7458,"RacePacingRejected, RACE action=reject_survival:6654;RacePacingRejected, RACE action=reject_pacing:801;ReplacementNotAllowed:3"
2026-09-16T05:00:17.8141581+00:00,2016575064,0.000000,0,1.000000,0.000000,0.000000,0.340000,SURVIVAL,SURVIVAL,NONE,H_t,reject_survival,phase=none;hMul=1.000;gMul=1.000;qMul=1.000;qAdd=0.000;rpiOff=0.000,1874,7458,"RacePacingRejected, RACE action=reject_survival:6654;RacePacingRejected, RACE action=reject_pacing:801;ReplacementNotAllowed:3"
2026-09-16T05:00:18.3147338+00:00,2016657304,0.000000,0,1.000000,0.000000,0.000000,0.340000,SURVIVAL,SURVIVAL,NONE,H_t,reject_survival,phase=none;hMul=1.000;gMul=1.000;qMul=1.000;qAdd=0.000;rpiOff=0.000,1874,7458,"RacePacingRejected, RACE action=reject_survival:6654;RacePacingRejected, RACE action=reject_pacing:801;ReplacementNotAllowed:3"
2026-09-16T05:00:18.8140233+00:00,2016657304,0.000000,0,1.000000,0.000000,0.000000,0.340000,SURVIVAL,SURVIVAL,NONE,H_t,reject_survival,phase=none;hMul=1.000;gMul=1.000;qMul=1.000;qAdd=0.000;rpiOff=0.000,1874,7458,"RacePacingRejected, RACE action=reject_survival:6654;RacePacingRejected, RACE action=reject_pacing:801;ReplacementNotAllowed:3"
2026-09-16T05:00:19.3147249+00:00,2016705544,0.000000,0,1.000000,0.000000,0.000000,0.340000,SURVIVAL,SURVIVAL,NONE,H_t,reject_survival,phase=none;hMul=1.000;gMul=1.000;qMul=1.000;qAdd=0.000;rpiOff=0.000,1874,7458,"RacePacingRejected, RACE action=reject_survival:6654;RacePacingRejected, RACE action=reject_pacing:801;ReplacementNotAllowed:3"
2026-09-16T05:00:19.8141321+00:00,2016713768,0.000000,0,1.000000,0.000000,0.000000,0.340000,SURVIVAL,SURVIVAL,NONE,H_t,reject_survival,phase=none;hMul=1.000;gMul=1.000;qMul=1.000;qAdd=0.000;rpiOff=0.000,1874,7458,"RacePacingRejected, RACE action=reject_survival:6654;RacePacingRejected, RACE action=reject_pacing:801;ReplacementNotAllowed:3"
2026-09-16T05:00:20.3145654+00:00,2016787528,0.000000,0,1.000000,0.000000,0.000000,0.340000,SURVIVAL,SURVIVAL,NONE,H_t,reject_survival,phase=none;hMul=1.000;gMul=1.000;qMul=1.000;qAdd=0.000;rpiOff=0.000,1874,7458,"RacePacingRejected, RACE action=reject_survival:6654;RacePacingRejected, RACE action=reject_pacing:801;ReplacementNotAllowed:3"
2026-09-16T05:00:20.8140375+00:00,2016787528,0.000000,0,1.000000,0.000000,0.000000,0.340000,SURVIVAL,SURVIVAL,NONE,H_t,reject_survival,phase=none;hMul=1.000;gMul=1.000;qMul=1.000;qAdd=0.000;rpiOff=0.000,1874,7458,"RacePacingRejected, RACE action=reject_survival:6654;RacePacingRejected, RACE action=reject_pacing:801;ReplacementNotAllowed:3"
2026-09-16T05:00:21.3140240+00:00,2016853320,0.000000,0,1.000000,0.000000,0.000000,0.340000,SURVIVAL,SURVIVAL,NONE,H_t,reject_survival,phase=none;hMul=1.000;gMul=1.000;qMul=1.000;qAdd=0.000;rpiOff=0.000,1874,7458,"RacePacingRejected, RACE action=reject_survival:6654;RacePacingRejected, RACE action=reject_pacing:801;ReplacementNotAllowed:3"
2026-09-16T05:00:21.8145872+00:00,2016853320,0.000000,0,1.000000,0.000000,0.000000,0.340000,SURVIVAL,SURVIVAL,NONE,H_t,reject_survival,phase=none;hMul=1.000;gMul=1.000;qMul=1.000;qAdd=0.000;rpiOff=0.000,1874,7458,"RacePacingRejected, RACE action=reject_survival:6654;RacePacingRejected, RACE action=reject_pacing:801;ReplacementNotAllowed:3"
2026-09-16T05:00:22.3139533+00:00,2016927080,0.000000,0,1.000000,0.000000,0.000000,0.340000,SURVIVAL,SURVIVAL,NONE,H_t,reject_survival,phase=none;hMul=1.000;gMul=1.000;qMul=1.000;qAdd=0.000;rpiOff=0.000,1874,7458,"RacePacingRejected, RACE action=reject_survival:6654;RacePacingRejected, RACE action=reject_pacing:801;ReplacementNotAllowed:3"
2026-09-16T05:00:22.8144399+00:00,2016927080,0.000000,0,1.000000,0.000000,0.000000,0.340000,SURVIVAL,SURVIVAL,NONE,H_t,reject_survival,phase=none;hMul=1.000;gMul=1.000;qMul=1.000;qAdd=0.000;rpiOff=0.000,1874,7458,"RacePacingRejected, RACE action=reject_survival:6654;RacePacingRejected, RACE action=reject_pacing:801;ReplacementNotAllowed:3"
2026-09-16T05:00:23.3147464+00:00,2017017032,0.000000,0,1.000000,0.000000,0.000000,0.340000,SURVIVAL,SURVIVAL,NONE,H_t,reject_survival,phase=none;hMul=1.000;gMul=1.000;qMul=1.000;qAdd=0.000;rpiOff=0.000,1874,7458,"RacePacingRejected, RACE action=reject_survival:6654;RacePacingRejected, RACE action=reject_pacing:801;ReplacementNotAllowed:3"
2026-09-16T05:00:23.8142114+00:00,2017017032,0.000000,0,1.000000,0.000000,0.000000,0.340000,SURVIVAL,SURVIVAL,NONE,H_t,reject_survival,phase=none;hMul=1.000;gMul=1.000;qMul=1.000;qAdd=0.000;rpiOff=0.000,1874,7458,"RacePacingRejected, RACE action=reject_survival:6654;RacePacingRejected, RACE action=reject_pacing:801;ReplacementNotAllowed:3"
2026-09-16T05:00:24.3141558+00:00,2017074088,0.000000,0,1.000000,0.000000,0.000000,0.340000,SURVIVAL,SURVIVAL,NONE,H_t,reject_survival,phase=none;hMul=1.000;gMul=1.000;qMul=1.000;qAdd=0.000;rpiOff=0.000,1874,7458,"RacePacingRejected, RACE action=reject_survival:6654;RacePacingRejected, RACE action=reject_pacing:801;ReplacementNotAllowed:3"
2026-09-16T05:00:24.8138267+00:00,2017082312,0.000000,0,1.000000,0.000000,0.000000,0.340000,SURVIVAL,SURVIVAL,NONE,H_t,reject_survival,phase=none;hMul=1.000;gMul=1.000;qMul=1.000;qAdd=0.000;rpiOff=0.000,1874,7458,"RacePacingRejected, RACE action=reject_survival:6654;RacePacingRejected, RACE action=reject_pacing:801;ReplacementNotAllowed:3"
2026-09-16T05:00:25.3141177+00:00,2017148104,0.000000,0,1.000000,0.000000,0.000000,0.340000,SURVIVAL,SURVIVAL,NONE,H_t,reject_survival,phase=none;hMul=1.000;gMul=1.000;qMul=1.000;qAdd=0.000;rpiOff=0.000,1874,7458,"RacePacingRejected, RACE action=reject_survival:6654;RacePacingRejected, RACE action=reject_pacing:801;ReplacementNotAllowed:3"
2026-09-16T05:00:25.8147244+00:00,2017156072,0.000000,0,1.000000,0.000000,0.000000,0.340000,SURVIVAL,SURVIVAL,NONE,H_t,reject_survival,phase=none;hMul=1.000;gMul=1.000;qMul=1.000;qAdd=0.000;rpiOff=0.000,1874,7458,"RacePacingRejected, RACE action=reject_survival:6654;RacePacingRejected, RACE action=reject_pacing:801;ReplacementNotAllowed:3"
2026-09-16T05:00:26.3144565+00:00,2017213384,0.000000,0,1.000000,0.000000,0.000000,0.340000,SURVIVAL,SURVIVAL,NONE,H_t,reject_survival,phase=none;hMul=1.000;gMul=1.000;qMul=1.000;qAdd=0.000;rpiOff=0.000,1874,7458,"RacePacingRejected, RACE action=reject_survival:6654;RacePacingRejected, RACE action=reject_pacing:801;ReplacementNotAllowed:3"
2026-09-16T05:00:26.8141353+00:00,2017213384,0.000000,0,1.000000,0.000000,0.000000,0.340000,SURVIVAL,SURVIVAL,NONE,H_t,reject_survival,phase=none;hMul=1.000;gMul=1.000;qMul=1.000;qAdd=0.000;rpiOff=0.000,1874,7458,"RacePacingRejected, RACE action=reject_survival:6654;RacePacingRejected, RACE action=reject_pacing:801;ReplacementNotAllowed:3"
2026-09-16T05:00:27.3138435+00:00,2017295368,0.000000,0,1.000000,0.000000,0.000000,0.340000,SURVIVAL,SURVIVAL,NONE,H_t,reject_survival,phase=none;hMul=1.000;gMul=1.000;qMul=1.000;qAdd=0.000;rpiOff=0.000,1874,7458,"RacePacingRejected, RACE action=reject_survival:6654;RacePacingRejected, RACE action=reject_pacing:801;ReplacementNotAllowed:3"
2026-09-16T05:00:27.8143654+00:00,2017303336,0.000000,0,1.000000,0.000000,0.000000,0.340000,SURVIVAL,SURVIVAL,NONE,H_t,reject_survival,phase=none;hMul=1.000;gMul=1.000;qMul=1.000;qAdd=0.000;rpiOff=0.000,1874,7458,"RacePacingRejected, RACE action=reject_survival:6654;RacePacingRejected, RACE action=reject_pacing:801;ReplacementNotAllowed:3"
2026-09-16T05:00:28.3138647+00:00,2017352680,0.000000,0,1.000000,0.000000,0.000000,0.340000,SURVIVAL,SURVIVAL,NONE,H_t,reject_survival,phase=none;hMul=1.000;gMul=1.000;qMul=1.000;qAdd=0.000;rpiOff=0.000,1874,7458,"RacePacingRejected, RACE action=reject_survival:6654;RacePacingRejected, RACE action=reject_pacing:801;ReplacementNotAllowed:3"
2026-09-16T05:00:28.8146247+00:00,2017352680,0.000000,0,1.000000,0.000000,0.000000,0.340000,SURVIVAL,SURVIVAL,NONE,H_t,reject_survival,phase=none;hMul=1.000;gMul=1.000;qMul=1.000;qAdd=0.000;rpiOff=0.000,1874,7458,"RacePacingRejected, RACE action=reject_survival:6654;RacePacingRejected, RACE action=reject_pacing:801;ReplacementNotAllowed:3"
2026-09-16T05:00:29.3140622+00:00,2017434664,0.000000,0,1.000000,0.000000,0.000000,0.340000,SURVIVAL,SURVIVAL,NONE,H_t,reject_survival,phase=none;hMul=1.000;gMul=1.000;qMul=1.000;qAdd=0.000;rpiOff=0.000,1874,7458,"RacePacingRejected, RACE action=reject_survival:6654;RacePacingRejected, RACE action=reject_pacing:801;ReplacementNotAllowed:3"
2026-09-16T05:00:29.8145964+00:00,2017442888,0.000000,0,1.000000,0.000000,0.000000,0.340000,SURVIVAL,SURVIVAL,NONE,H_t,reject_survival,phase=none;hMul=1.000;gMul=1.000;qMul=1.000;qAdd=0.000;rpiOff=0.000,1874,7458,"RacePacingRejected, RACE action=reject_survival:6654;RacePacingRejected, RACE action=reject_pacing:801;ReplacementNotAllowed:3"
2026-09-16T05:00:30.3140470+00:00,2017500456,0.000000,0,1.000000,0.000000,0.000000,0.340000,SURVIVAL,SURVIVAL,NONE,H_t,reject_survival,phase=none;hMul=1.000;gMul=1.000;qMul=1.000;qAdd=0.000;rpiOff=0.000,1874,7458,"RacePacingRejected, RACE action=reject_survival:6654;RacePacingRejected, RACE action=reject_pacing:801;ReplacementNotAllowed:3"
2026-09-16T05:00:30.8145739+00:00,2017508680,0.000000,0,1.000000,0.000000,0.000000,0.340000,SURVIVAL,SURVIVAL,NONE,H_t,reject_survival,phase=none;hMul=1.000;gMul=1.000;qMul=1.000;qAdd=0.000;rpiOff=0.000,1874,7458,"RacePacingRejected, RACE action=reject_survival:6654;RacePacingRejected, RACE action=reject_pacing:801;ReplacementNotAllowed:3"
2026-09-16T05:00:31.3139122+00:00,2017574216,0.000000,0,1.000000,0.000000,0.000000,0.340000,SURVIVAL,SURVIVAL,NONE,H_t,reject_survival,phase=none;hMul=1.000;gMul=1.000;qMul=1.000;qAdd=0.000;rpiOff=0.000,1874,7458,"RacePacingRejected, RACE action=reject_survival:6654;RacePacingRejected, RACE action=reject_pacing:801;ReplacementNotAllowed:3"
2026-09-16T05:00:31.8144942+00:00,2017574216,0.000000,0,1.000000,0.000000,0.000000,0.340000,SURVIVAL,SURVIVAL,NONE,H_t,reject_survival,phase=none;hMul=1.000;gMul=1.000;qMul=1.000;qAdd=0.000;rpiOff=0.000,1874,7458,"RacePacingRejected, RACE action=reject_survival:6654;RacePacingRejected, RACE action=reject_pacing:801;ReplacementNotAllowed:3"
2026-09-16T05:00:32.3140987+00:00,2017623304,0.000000,0,1.000000,0.000000,0.000000,0.340000,SURVIVAL,SURVIVAL,NONE,H_t,reject_survival,phase=none;hMul=1.000;gMul=1.000;qMul=1.000;qAdd=0.000;rpiOff=0.000,1874,7458,"RacePacingRejected, RACE action=reject_survival:6654;RacePacingRejected, RACE action=reject_pacing:801;ReplacementNotAllowed:3"
2026-09-16T05:00:32.8145896+00:00,2017623304,0.000000,0,1.000000,0.000000,0.000000,0.340000,SURVIVAL,SURVIVAL,NONE,H_t,reject_survival,phase=none;hMul=1.000;gMul=1.000;qMul=1.000;qAdd=0.000;rpiOff=0.000,1874,7458,"RacePacingRejected, RACE action=reject_survival:6654;RacePacingRejected, RACE action=reject_pacing:801;ReplacementNotAllowed:3"
2026-09-16T05:00:33.3140560+00:00,2017705288,0.000000,0,1.000000,0.000000,0.000000,0.340000,SURVIVAL,SURVIVAL,NONE,H_t,reject_survival,phase=none;hMul=1.000;gMul=1.000;qMul=1.000;qAdd=0.000;rpiOff=0.000,1874,7458,"RacePacingRejected, RACE action=reject_survival:6654;RacePacingRejected, RACE action=reject_pacing:801;ReplacementNotAllowed:3"
2026-09-16T05:00:33.8146455+00:00,2017705288,0.000000,0,1.000000,0.000000,0.000000,0.340000,SURVIVAL,SURVIVAL,NONE,H_t,reject_survival,phase=none;hMul=1.000;gMul=1.000;qMul=1.000;qAdd=0.000;rpiOff=0.000,1874,7458,"RacePacingRejected, RACE action=reject_survival:6654;RacePacingRejected, RACE action=reject_pacing:801;ReplacementNotAllowed:3"
2026-09-16T05:00:34.3142914+00:00,2017762600,0.000000,0,1.000000,0.000000,0.000000,0.340000,SURVIVAL,SURVIVAL,NONE,H_t,reject_survival,phase=none;hMul=1.000;gMul=1.000;qMul=1.000;qAdd=0.000;rpiOff=0.000,1874,7458,"RacePacingRejected, RACE action=reject_survival:6654;RacePacingRejected, RACE action=reject_pacing:801;ReplacementNotAllowed:3"
2026-09-16T05:00:34.8140151+00:00,2017762600,0.000000,0,1.000000,0.000000,0.000000,0.340000,SURVIVAL,SURVIVAL,NONE,H_t,reject_survival,phase=none;hMul=1.000;gMul=1.000;qMul=1.000;qAdd=0.000;rpiOff=0.000,1874,7458,"RacePacingRejected, RACE action=reject_survival:6654;RacePacingRejected, RACE action=reject_pacing:801;ReplacementNotAllowed:3"
2026-09-16T05:00:35.3144957+00:00,2017835848,0.000000,0,1.000000,0.000000,0.000000,0.340000,SURVIVAL,SURVIVAL,NONE,H_t,reject_survival,phase=none;hMul=1.000;gMul=1.000;qMul=1.000;qAdd=0.000;rpiOff=0.000,1874,7458,"RacePacingRejected, RACE action=reject_survival:6654;RacePacingRejected, RACE action=reject_pacing:801;ReplacementNotAllowed:3"
2026-09-16T05:00:35.8141174+00:00,2017844072,0.000000,0,1.000000,0.000000,0.000000,0.340000,SURVIVAL,SURVIVAL,NONE,H_t,reject_survival,phase=none;hMul=1.000;gMul=1.000;qMul=1.000;qAdd=0.000;rpiOff=0.000,1874,7458,"RacePacingRejected, RACE action=reject_survival:6654;RacePacingRejected, RACE action=reject_pacing:801;ReplacementNotAllowed:3"
2026-09-16T05:00:36.3138571+00:00,2017901384,0.000000,0,1.000000,0.000000,0.000000,0.340000,SURVIVAL,SURVIVAL,NONE,H_t,reject_survival,phase=none;hMul=1.000;gMul=1.000;qMul=1.000;qAdd=0.000;rpiOff=0.000,1874,7458,"RacePacingRejected, RACE action=reject_survival:6654;RacePacingRejected, RACE action=reject_pacing:801;ReplacementNotAllowed:3"
2026-09-16T05:00:36.8145885+00:00,2017901384,0.000000,0,1.000000,0.000000,0.000000,0.340000,SURVIVAL,SURVIVAL,NONE,H_t,reject_survival,phase=none;hMul=1.000;gMul=1.000;qMul=1.000;qAdd=0.000;rpiOff=0.000,1874,7458,"RacePacingRejected, RACE action=reject_survival:6654;RacePacingRejected, RACE action=reject_pacing:801;ReplacementNotAllowed:3"
2026-09-16T05:00:37.3141510+00:00,2017991592,0.000000,0,1.000000,0.000000,0.000000,0.340000,SURVIVAL,SURVIVAL,NONE,H_t,reject_survival,phase=none;hMul=1.000;gMul=1.000;qMul=1.000;qAdd=0.000;rpiOff=0.000,1874,7458,"RacePacingRejected, RACE action=reject_survival:6654;RacePacingRejected, RACE action=reject_pacing:801;ReplacementNotAllowed:3"
2026-09-16T05:00:37.8146622+00:00,2017991592,0.000000,0,1.000000,0.000000,0.000000,0.340000,SURVIVAL,SURVIVAL,NONE,H_t,reject_survival,phase=none;hMul=1.000;gMul=1.000;qMul=1.000;qAdd=0.000;rpiOff=0.000,1874,7458,"RacePacingRejected, RACE action=reject_survival:6654;RacePacingRejected, RACE action=reject_pacing:801;ReplacementNotAllowed:3"
2026-09-16T05:00:38.3142896+00:00,2018032712,0.000000,0,1.000000,0.000000,0.000000,0.340000,SURVIVAL,SURVIVAL,NONE,H_t,reject_survival,phase=none;hMul=1.000;gMul=1.000;qMul=1.000;qAdd=0.000;rpiOff=0.000,1874,7458,"RacePacingRejected, RACE action=reject_survival:6654;RacePacingRejected, RACE action=reject_pacing:801;ReplacementNotAllowed:3"
2026-09-16T05:00:38.8138209+00:00,2018040936,0.000000,0,1.000000,0.000000,0.000000,0.340000,SURVIVAL,SURVIVAL,NONE,H_t,reject_survival,phase=none;hMul=1.000;gMul=1.000;qMul=1.000;qAdd=0.000;rpiOff=0.000,1874,7458,"RacePacingRejected, RACE action=reject_survival:6654;RacePacingRejected, RACE action=reject_pacing:801;ReplacementNotAllowed:3"
2026-09-16T05:00:39.3142902+00:00,2018130888,0.000000,0,1.000000,0.000000,0.000000,0.340000,SURVIVAL,SURVIVAL,NONE,H_t,reject_survival,phase=none;hMul=1.000;gMul=1.000;qMul=1.000;qAdd=0.000;rpiOff=0.000,1874,7458,"RacePacingRejected, RACE action=reject_survival:6654;RacePacingRejected, RACE action=reject_pacing:801;ReplacementNotAllowed:3"
2026-09-16T05:00:39.8138185+00:00,2018139112,0.000000,0,1.000000,0.000000,0.000000,0.340000,SURVIVAL,SURVIVAL,NONE,H_t,reject_survival,phase=none;hMul=1.000;gMul=1.000;qMul=1.000;qAdd=0.000;rpiOff=0.000,1874,7458,"RacePacingRejected, RACE action=reject_survival:6654;RacePacingRejected, RACE action=reject_pacing:801;ReplacementNotAllowed:3"
2026-09-16T05:00:40.3144260+00:00,2018188456,0.000000,0,1.000000,0.000000,0.000000,0.340000,SURVIVAL,SURVIVAL,NONE,H_t,reject_survival,phase=none;hMul=1.000;gMul=1.000;qMul=1.000;qAdd=0.000;rpiOff=0.000,1874,7458,"RacePacingRejected, RACE action=reject_survival:6654;RacePacingRejected, RACE action=reject_pacing:801;ReplacementNotAllowed:3"
2026-09-16T05:00:40.8139605+00:00,2018196680,0.000000,0,1.000000,0.000000,0.000000,0.340000,SURVIVAL,SURVIVAL,NONE,H_t,reject_survival,phase=none;hMul=1.000;gMul=1.000;qMul=1.000;qAdd=0.000;rpiOff=0.000,1874,7458,"RacePacingRejected, RACE action=reject_survival:6654;RacePacingRejected, RACE action=reject_pacing:801;ReplacementNotAllowed:3"
2026-09-16T05:00:41.3142896+00:00,2018278152,0.000000,0,1.000000,0.000000,0.000000,0.340000,SURVIVAL,SURVIVAL,NONE,H_t,reject_survival,phase=none;hMul=1.000;gMul=1.000;qMul=1.000;qAdd=0.000;rpiOff=0.000,1874,7458,"RacePacingRejected, RACE action=reject_survival:6654;RacePacingRejected, RACE action=reject_pacing:801;ReplacementNotAllowed:3"
2026-09-16T05:00:41.8147437+00:00,2018278152,0.000000,0,1.000000,0.000000,0.000000,0.340000,SURVIVAL,SURVIVAL,NONE,H_t,reject_survival,phase=none;hMul=1.000;gMul=1.000;qMul=1.000;qAdd=0.000;rpiOff=0.000,1874,7458,"RacePacingRejected, RACE action=reject_survival:6654;RacePacingRejected, RACE action=reject_pacing:801;ReplacementNotAllowed:3"
2026-09-16T05:00:42.3145761+00:00,2018335656,0.000000,0,1.000000,0.000000,0.000000,0.340000,SURVIVAL,SURVIVAL,NONE,H_t,reject_survival,phase=none;hMul=1.000;gMul=1.000;qMul=1.000;qAdd=0.000;rpiOff=0.000,1874,7458,"RacePacingRejected, RACE action=reject_survival:6654;RacePacingRejected, RACE action=reject_pacing:801;ReplacementNotAllowed:3"
2026-09-16T05:00:42.8140654+00:00,2018343880,0.000000,0,1.000000,0.000000,0.000000,0.340000,SURVIVAL,SURVIVAL,NONE,H_t,reject_survival,phase=none;hMul=1.000;gMul=1.000;qMul=1.000;qAdd=0.000;rpiOff=0.000,1874,7458,"RacePacingRejected, RACE action=reject_survival:6654;RacePacingRejected, RACE action=reject_pacing:801;ReplacementNotAllowed:3"
2026-09-16T05:00:43.3145006+00:00,2018425864,0.000000,0,1.000000,0.000000,0.000000,0.340000,SURVIVAL,SURVIVAL,NONE,H_t,reject_survival,phase=none;hMul=1.000;gMul=1.000;qMul=1.000;qAdd=0.000;rpiOff=0.000,1874,7458,"RacePacingRejected, RACE action=reject_survival:6654;RacePacingRejected, RACE action=reject_pacing:801;ReplacementNotAllowed:3"
2026-09-16T05:00:43.8139890+00:00,2018434088,0.000000,0,1.000000,0.000000,0.000000,0.340000,SURVIVAL,SURVIVAL,NONE,H_t,reject_survival,phase=none;hMul=1.000;gMul=1.000;qMul=1.000;qAdd=0.000;rpiOff=0.000,1874,7458,"RacePacingRejected, RACE action=reject_survival:6654;RacePacingRejected, RACE action=reject_pacing:801;ReplacementNotAllowed:3"
2026-09-16T05:00:44.3138420+00:00,2018474952,0.000000,0,1.000000,0.000000,0.000000,0.340000,SURVIVAL,SURVIVAL,NONE,H_t,reject_survival,phase=none;hMul=1.000;gMul=1.000;qMul=1.000;qAdd=0.000;rpiOff=0.000,1874,7458,"RacePacingRejected, RACE action=reject_survival:6654;RacePacingRejected, RACE action=reject_pacing:801;ReplacementNotAllowed:3"
2026-09-16T05:00:44.8143583+00:00,2018483176,0.000000,0,1.000000,0.000000,0.000000,0.340000,SURVIVAL,SURVIVAL,NONE,H_t,reject_survival,phase=none;hMul=1.000;gMul=1.000;qMul=1.000;qAdd=0.000;rpiOff=0.000,1874,7458,"RacePacingRejected, RACE action=reject_survival:6654;RacePacingRejected, RACE action=reject_pacing:801;ReplacementNotAllowed:3"
2026-09-16T05:00:45.3147456+00:00,2018573640,0.000000,0,1.000000,0.000000,0.000000,0.340000,SURVIVAL,SURVIVAL,NONE,H_t,reject_survival,phase=none;hMul=1.000;gMul=1.000;qMul=1.000;qAdd=0.000;rpiOff=0.000,1874,7458,"RacePacingRejected, RACE action=reject_survival:6654;RacePacingRejected, RACE action=reject_pacing:801;ReplacementNotAllowed:3"
2026-09-16T05:00:45.8142779+00:00,2018581864,0.000000,0,1.000000,0.000000,0.000000,0.340000,SURVIVAL,SURVIVAL,NONE,H_t,reject_survival,phase=none;hMul=1.000;gMul=1.000;qMul=1.000;qAdd=0.000;rpiOff=0.000,1874,7458,"RacePacingRejected, RACE action=reject_survival:6654;RacePacingRejected, RACE action=reject_pacing:801;ReplacementNotAllowed:3"
2026-09-16T05:00:46.3141573+00:00,2018655624,0.000000,0,1.000000,0.000000,0.000000,0.340000,SURVIVAL,SURVIVAL,NONE,H_t,reject_survival,phase=none;hMul=1.000;gMul=1.000;qMul=1.000;qAdd=0.000;rpiOff=0.000,1874,7458,"RacePacingRejected, RACE action=reject_survival:6654;RacePacingRejected, RACE action=reject_pacing:801;ReplacementNotAllowed:3"
2026-09-16T05:00:46.8138699+00:00,2018663848,0.000000,0,1.000000,0.000000,0.000000,0.340000,SURVIVAL,SURVIVAL,NONE,H_t,reject_survival,phase=none;hMul=1.000;gMul=1.000;qMul=1.000;qAdd=0.000;rpiOff=0.000,1874,7458,"RacePacingRejected, RACE action=reject_survival:6654;RacePacingRejected, RACE action=reject_pacing:801;ReplacementNotAllowed:3"
2026-09-16T05:00:47.3146316+00:00,2018712936,0.000000,0,1.000000,0.000000,0.000000,0.340000,SURVIVAL,SURVIVAL,NONE,H_t,reject_survival,phase=none;hMul=1.000;gMul=1.000;qMul=1.000;qAdd=0.000;rpiOff=0.000,1874,7458,"RacePacingRejected, RACE action=reject_survival:6654;RacePacingRejected, RACE action=reject_pacing:801;ReplacementNotAllowed:3"
2026-09-16T05:00:47.8142149+00:00,2018712936,0.000000,0,1.000000,0.000000,0.000000,0.340000,SURVIVAL,SURVIVAL,NONE,H_t,reject_survival,phase=none;hMul=1.000;gMul=1.000;qMul=1.000;qAdd=0.000;rpiOff=0.000,1874,7458,"RacePacingRejected, RACE action=reject_survival:6654;RacePacingRejected, RACE action=reject_pacing:801;ReplacementNotAllowed:3"
2026-09-16T05:00:48.3140309+00:00,2019224096,0.000000,0,1.000000,0.000000,0.000000,0.340000,SURVIVAL,SURVIVAL,NONE,H_t,reject_survival,phase=none;hMul=1.000;gMul=1.000;qMul=1.000;qAdd=0.000;rpiOff=0.000,1874,7458,"RacePacingRejected, RACE action=reject_survival:6654;RacePacingRejected, RACE action=reject_pacing:801;ReplacementNotAllowed:3"
2026-09-16T05:00:48.8145985+00:00,2019232320,0.000000,0,1.000000,0.000000,0.000000,0.340000,SURVIVAL,SURVIVAL,NONE,H_t,reject_survival,phase=none;hMul=1.000;gMul=1.000;qMul=1.000;qAdd=0.000;rpiOff=0.000,1874,7458,"RacePacingRejected, RACE action=reject_survival:6654;RacePacingRejected, RACE action=reject_pacing:801;ReplacementNotAllowed:3"
2026-09-16T05:00:49.3141419+00:00,2019281360,0.000000,0,1.000000,0.000000,0.000000,0.340000,SURVIVAL,SURVIVAL,NONE,H_t,reject_survival,phase=none;hMul=1.000;gMul=1.000;qMul=1.000;qAdd=0.000;rpiOff=0.000,1874,7458,"RacePacingRejected, RACE action=reject_survival:6654;RacePacingRejected, RACE action=reject_pacing:801;ReplacementNotAllowed:3"
2026-09-16T05:00:49.8146369+00:00,2019289584,0.000000,0,1.000000,0.000000,0.000000,0.340000,SURVIVAL,SURVIVAL,NONE,H_t,reject_survival,phase=none;hMul=1.000;gMul=1.000;qMul=1.000;qAdd=0.000;rpiOff=0.000,1874,7458,"RacePacingRejected, RACE action=reject_survival:6654;RacePacingRejected, RACE action=reject_pacing:801;ReplacementNotAllowed:3"
2026-09-16T05:00:50.3143233+00:00,2019379456,0.000000,0,1.000000,0.000000,0.000000,0.340000,SURVIVAL,SURVIVAL,NONE,H_t,reject_survival,phase=none;hMul=1.000;gMul=1.000;qMul=1.000;qAdd=0.000;rpiOff=0.000,1874,7458,"RacePacingRejected, RACE action=reject_survival:6654;RacePacingRejected, RACE action=reject_pacing:801;ReplacementNotAllowed:3"
2026-09-16T05:00:50.8138409+00:00,2019379456,0.000000,0,1.000000,0.000000,0.000000,0.340000,SURVIVAL,SURVIVAL,NONE,H_t,reject_survival,phase=none;hMul=1.000;gMul=1.000;qMul=1.000;qAdd=0.000;rpiOff=0.000,1874,7458,"RacePacingRejected, RACE action=reject_survival:6654;RacePacingRejected, RACE action=reject_pacing:801;ReplacementNotAllowed:3"
2026-09-16T05:00:51.3143289+00:00,2019518560,0.000000,0,1.000000,0.000000,0.000000,0.340000,SURVIVAL,SURVIVAL,NONE,H_t,reject_survival,phase=none;hMul=1.000;gMul=1.000;qMul=1.000;qAdd=0.000;rpiOff=0.000,1874,7458,"RacePacingRejected, RACE action=reject_survival:6654;RacePacingRejected, RACE action=reject_pacing:801;ReplacementNotAllowed:3"
2026-09-16T05:00:51.8138638+00:00,2019518560,0.000000,0,1.000000,0.000000,0.000000,0.340000,SURVIVAL,SURVIVAL,NONE,H_t,reject_survival,phase=none;hMul=1.000;gMul=1.000;qMul=1.000;qAdd=0.000;rpiOff=0.000,1874,7458,"RacePacingRejected, RACE action=reject_survival:6654;RacePacingRejected, RACE action=reject_pacing:801;ReplacementNotAllowed:3"
2026-09-16T05:00:52.3142889+00:00,2019592320,0.000000,0,1.000000,0.000000,0.000000,0.340000,SURVIVAL,SURVIVAL,NONE,H_t,reject_survival,phase=none;hMul=1.000;gMul=1.000;qMul=1.000;qAdd=0.000;rpiOff=0.000,1874,7458,"RacePacingRejected, RACE action=reject_survival:6654;RacePacingRejected, RACE action=reject_pacing:801;ReplacementNotAllowed:3"
2026-09-16T05:00:52.8147474+00:00,2019592320,0.000000,0,1.000000,0.000000,0.000000,0.340000,SURVIVAL,SURVIVAL,NONE,H_t,reject_survival,phase=none;hMul=1.000;gMul=1.000;qMul=1.000;qAdd=0.000;rpiOff=0.000,1874,7458,"RacePacingRejected, RACE action=reject_survival:6654;RacePacingRejected, RACE action=reject_pacing:801;ReplacementNotAllowed:3"
2026-09-16T05:00:53.3147229+00:00,2019658112,0.000000,0,1.000000,0.000000,0.000000,0.340000,SURVIVAL,SURVIVAL,NONE,H_t,reject_survival,phase=none;hMul=1.000;gMul=1.000;qMul=1.000;qAdd=0.000;rpiOff=0.000,1874,7458,"RacePacingRejected, RACE action=reject_survival:6654;RacePacingRejected, RACE action=reject_pacing:801;ReplacementNotAllowed:3"
2026-09-16T05:00:53.8143741+00:00,2019658112,0.000000,0,1.000000,0.000000,0.000000,0.340000,SURVIVAL,SURVIVAL,NONE,H_t,reject_survival,phase=none;hMul=1.000;gMul=1.000;qMul=1.000;qAdd=0.000;rpiOff=0.000,1874,7458,"RacePacingRejected, RACE action=reject_survival:6654;RacePacingRejected, RACE action=reject_pacing:801;ReplacementNotAllowed:3"
2026-09-16T05:00:54.3138435+00:00,2019735616,0.000000,0,1.000000,0.000000,0.000000,0.340000,SURVIVAL,SURVIVAL,NONE,H_t,reject_survival,phase=none;hMul=1.000;gMul=1.000;qMul=1.000;qAdd=0.000;rpiOff=0.000,1874,7458,"RacePacingRejected, RACE action=reject_survival:6654;RacePacingRejected, RACE action=reject_pacing:801;ReplacementNotAllowed:3"
2026-09-16T05:00:54.8144107+00:00,2019743840,0.000000,0,1.000000,0.000000,0.000000,0.340000,SURVIVAL,SURVIVAL,NONE,H_t,reject_survival,phase=none;hMul=1.000;gMul=1.000;qMul=1.000;qAdd=0.000;rpiOff=0.000,1874,7458,"RacePacingRejected, RACE action=reject_survival:6654;RacePacingRejected, RACE action=reject_pacing:801;ReplacementNotAllowed:3"
2026-09-16T05:00:55.3140160+00:00,2019793184,0.000000,0,1.000000,0.000000,0.000000,0.340000,SURVIVAL,SURVIVAL,NONE,H_t,reject_survival,phase=none;hMul=1.000;gMul=1.000;qMul=1.000;qAdd=0.000;rpiOff=0.000,1874,7458,"RacePacingRejected, RACE action=reject_survival:6654;RacePacingRejected, RACE action=reject_pacing:801;ReplacementNotAllowed:3"
2026-09-16T05:00:55.8146436+00:00,2019801408,0.000000,0,1.000000,0.000000,0.000000,0.340000,SURVIVAL,SURVIVAL,NONE,H_t,reject_survival,phase=none;hMul=1.000;gMul=1.000;qMul=1.000;qAdd=0.000;rpiOff=0.000,1874,7458,"RacePacingRejected, RACE action=reject_survival:6654;RacePacingRejected, RACE action=reject_pacing:801;ReplacementNotAllowed:3"
2026-09-16T05:00:56.3141524+00:00,2019866688,0.000000,0,1.000000,0.000000,0.000000,0.340000,SURVIVAL,SURVIVAL,NONE,H_t,reject_survival,phase=none;hMul=1.000;gMul=1.000;qMul=1.000;qAdd=0.000;rpiOff=0.000,1874,7458,"RacePacingRejected, RACE action=reject_survival:6654;RacePacingRejected, RACE action=reject_pacing:801;ReplacementNotAllowed:3"
2026-09-16T05:00:56.8138354+00:00,2019874912,0.000000,0,1.000000,0.000000,0.000000,0.340000,SURVIVAL,SURVIVAL,NONE,H_t,reject_survival,phase=none;hMul=1.000;gMul=1.000;qMul=1.000;qAdd=0.000;rpiOff=0.000,1874,7458,"RacePacingRejected, RACE action=reject_survival:6654;RacePacingRejected, RACE action=reject_pacing:801;ReplacementNotAllowed:3"
2026-09-16T05:00:57.3146692+00:00,2020298624,0.000000,0,1.000000,0.000000,0.000000,0.340000,SURVIVAL,SURVIVAL,NONE,H_t,reject_survival,phase=none;hMul=1.000;gMul=1.000;qMul=1.000;qAdd=0.000;rpiOff=0.000,1874,7458,"RacePacingRejected, RACE action=reject_survival:6654;RacePacingRejected, RACE action=reject_pacing:801;ReplacementNotAllowed:3"
2026-09-16T05:00:57.8141709+00:00,2020298624,0.000000,0,1.000000,0.000000,0.000000,0.340000,SURVIVAL,SURVIVAL,NONE,H_t,reject_survival,phase=none;hMul=1.000;gMul=1.000;qMul=1.000;qAdd=0.000;rpiOff=0.000,1874,7458,"RacePacingRejected, RACE action=reject_survival:6654;RacePacingRejected, RACE action=reject_pacing:801;ReplacementNotAllowed:3"
2026-09-16T05:00:58.3145865+00:00,2020388304,0.000000,0,1.000000,0.000000,0.000000,0.340000,SURVIVAL,SURVIVAL,NONE,H_t,reject_survival,phase=none;hMul=1.000;gMul=1.000;qMul=1.000;qAdd=0.000;rpiOff=0.000,1874,7458,"RacePacingRejected, RACE action=reject_survival:6654;RacePacingRejected, RACE action=reject_pacing:801;ReplacementNotAllowed:3"
2026-09-16T05:00:58.8140466+00:00,2020388304,0.000000,0,1.000000,0.000000,0.000000,0.340000,SURVIVAL,SURVIVAL,NONE,H_t,reject_survival,phase=none;hMul=1.000;gMul=1.000;qMul=1.000;qAdd=0.000;rpiOff=0.000,1874,7458,"RacePacingRejected, RACE action=reject_survival:6654;RacePacingRejected, RACE action=reject_pacing:801;ReplacementNotAllowed:3"
2026-09-16T05:00:59.3147446+00:00,2020437392,0.000000,0,1.000000,0.000000,0.000000,0.340000,SURVIVAL,SURVIVAL,NONE,H_t,reject_survival,phase=none;hMul=1.000;gMul=1.000;qMul=1.000;qAdd=0.000;rpiOff=0.000,1874,7458,"RacePacingRejected, RACE action=reject_survival:6654;RacePacingRejected, RACE action=reject_pacing:801;ReplacementNotAllowed:3"
2026-09-16T05:00:59.8140359+00:00,2020437392,0.000000,0,1.000000,0.000000,0.000000,0.340000,SURVIVAL,SURVIVAL,NONE,H_t,reject_survival,phase=none;hMul=1.000;gMul=1.000;qMul=1.000;qAdd=0.000;rpiOff=0.000,1874,7458,"RacePacingRejected, RACE action=reject_survival:6654;RacePacingRejected, RACE action=reject_pacing:801;ReplacementNotAllowed:3"
2026-09-16T05:01:00.3146266+00:00,2020519376,0.000000,0,1.000000,0.000000,0.000000,0.340000,SURVIVAL,SURVIVAL,NONE,H_t,reject_survival,phase=none;hMul=1.000;gMul=1.000;qMul=1.000;qAdd=0.000;rpiOff=0.000,1874,7458,"RacePacingRejected, RACE action=reject_survival:6654;RacePacingRejected, RACE action=reject_pacing:801;ReplacementNotAllowed:3"
2026-09-16T05:01:00.8140673+00:00,2020519376,0.000000,0,1.000000,0.000000,0.000000,0.340000,SURVIVAL,SURVIVAL,NONE,H_t,reject_survival,phase=none;hMul=1.000;gMul=1.000;qMul=1.000;qAdd=0.000;rpiOff=0.000,1874,7458,"RacePacingRejected, RACE action=reject_survival:6654;RacePacingRejected, RACE action=reject_pacing:801;ReplacementNotAllowed:3"
2026-09-16T05:01:01.3140277+00:00,2020593392,0.000000,0,1.000000,0.000000,0.000000,0.340000,SURVIVAL,SURVIVAL,NONE,H_t,reject_survival,phase=none;hMul=1.000;gMul=1.000;qMul=1.000;qAdd=0.000;rpiOff=0.000,1874,7458,"RacePacingRejected, RACE action=reject_survival:6654;RacePacingRejected, RACE action=reject_pacing:801;ReplacementNotAllowed:3"
2026-09-16T05:01:01.8144971+00:00,2020593392,0.000000,0,1.000000,0.000000,0.000000,0.340000,SURVIVAL,SURVIVAL,NONE,H_t,reject_survival,phase=none;hMul=1.000;gMul=1.000;qMul=1.000;qAdd=0.000;rpiOff=0.000,1874,7458,"RacePacingRejected, RACE action=reject_survival:6654;RacePacingRejected, RACE action=reject_pacing:801;ReplacementNotAllowed:3"
2026-09-16T05:01:02.3140931+00:00,2020650904,0.000000,0,1.000000,0.000000,0.000000,0.340000,SURVIVAL,SURVIVAL,NONE,H_t,reject_survival,phase=none;hMul=1.000;gMul=1.000;qMul=1.000;qAdd=0.000;rpiOff=0.000,1874,7458,"RacePacingRejected, RACE action=reject_survival:6654;RacePacingRejected, RACE action=reject_pacing:801;ReplacementNotAllowed:3"
2026-09-16T05:01:02.8145847+00:00,2020659128,0.000000,0,1.000000,0.000000,0.000000,0.340000,SURVIVAL,SURVIVAL,NONE,H_t,reject_survival,phase=none;hMul=1.000;gMul=1.000;qMul=1.000;qAdd=0.000;rpiOff=0.000,1874,7458,"RacePacingRejected, RACE action=reject_survival:6654;RacePacingRejected, RACE action=reject_pacing:801;ReplacementNotAllowed:3"
2026-09-16T05:01:03.3140595+00:00,2020732888,0.000000,0,1.000000,0.000000,0.000000,0.340000,SURVIVAL,SURVIVAL,NONE,H_t,reject_survival,phase=none;hMul=1.000;gMul=1.000;qMul=1.000;qAdd=0.000;rpiOff=0.000,1874,7458,"RacePacingRejected, RACE action=reject_survival:6654;RacePacingRejected, RACE action=reject_pacing:801;ReplacementNotAllowed:3"
2026-09-16T05:01:03.8145918+00:00,2020741112,0.000000,0,1.000000,0.000000,0.000000,0.340000,SURVIVAL,SURVIVAL,NONE,H_t,reject_survival,phase=none;hMul=1.000;gMul=1.000;qMul=1.000;qAdd=0.000;rpiOff=0.000,1874,7458,"RacePacingRejected, RACE action=reject_survival:6654;RacePacingRejected, RACE action=reject_pacing:801;ReplacementNotAllowed:3"
2026-09-16T05:01:04.3142518+00:00,2020806920,0.000000,0,1.000000,0.000000,0.000000,0.340000,SURVIVAL,SURVIVAL,NONE,H_t,reject_survival,phase=none;hMul=1.000;gMul=1.000;qMul=1.000;qAdd=0.000;rpiOff=0.000,1874,7458,"RacePacingRejected, RACE action=reject_survival:6654;RacePacingRejected, RACE action=reject_pacing:801;ReplacementNotAllowed:3"
2026-09-16T05:01:04.8147385+00:00,2020806920,0.000000,0,1.000000,0.000000,0.000000,0.340000,SURVIVAL,SURVIVAL,NONE,H_t,reject_survival,phase=none;hMul=1.000;gMul=1.000;qMul=1.000;qAdd=0.000;rpiOff=0.000,1874,7458,"RacePacingRejected, RACE action=reject_survival:6654;RacePacingRejected, RACE action=reject_pacing:801;ReplacementNotAllowed:3"
2026-09-16T05:01:05.3142749+00:00,2020888648,0.000000,0,1.000000,0.000000,0.000000,0.340000,SURVIVAL,SURVIVAL,NONE,H_t,reject_survival,phase=none;hMul=1.000;gMul=1.000;qMul=1.000;qAdd=0.000;rpiOff=0.000,1874,7458,"RacePacingRejected, RACE action=reject_survival:6654;RacePacingRejected, RACE action=reject_pacing:801;ReplacementNotAllowed:3"
2026-09-16T05:01:05.8147756+00:00,2020888648,0.000000,0,1.000000,0.000000,0.000000,0.340000,SURVIVAL,SURVIVAL,NONE,H_t,reject_survival,phase=none;hMul=1.000;gMul=1.000;qMul=1.000;qAdd=0.000;rpiOff=0.000,1874,7458,"RacePacingRejected, RACE action=reject_survival:6654;RacePacingRejected, RACE action=reject_pacing:801;ReplacementNotAllowed:3"
2026-09-16T05:01:06.3144110+00:00,2020945656,0.000000,0,1.000000,0.000000,0.000000,0.340000,SURVIVAL,SURVIVAL,NONE,H_t,reject_survival,phase=none;hMul=1.000;gMul=1.000;qMul=1.000;qAdd=0.000;rpiOff=0.000,1874,7458,"RacePacingRejected, RACE action=reject_survival:6654;RacePacingRejected, RACE action=reject_pacing:801;ReplacementNotAllowed:3"
2026-09-16T05:01:06.8140636+00:00,2020945656,0.000000,0,1.000000,0.000000,0.000000,0.340000,SURVIVAL,SURVIVAL,NONE,H_t,reject_survival,phase=none;hMul=1.000;gMul=1.000;qMul=1.000;qAdd=0.000;rpiOff=0.000,1874,7458,"RacePacingRejected, RACE action=reject_survival:6654;RacePacingRejected, RACE action=reject_pacing:801;ReplacementNotAllowed:3"
2026-09-16T05:01:07.3146843+00:00,2021035592,0.000000,0,1.000000,0.000000,0.000000,0.340000,SURVIVAL,SURVIVAL,NONE,H_t,reject_survival,phase=none;hMul=1.000;gMul=1.000;qMul=1.000;qAdd=0.000;rpiOff=0.000,1874,7458,"RacePacingRejected, RACE action=reject_survival:6654;RacePacingRejected, RACE action=reject_pacing:801;ReplacementNotAllowed:3"
2026-09-16T05:01:07.8141774+00:00,2021035592,0.000000,0,1.000000,0.000000,0.000000,0.340000,SURVIVAL,SURVIVAL,NONE,H_t,reject_survival,phase=none;hMul=1.000;gMul=1.000;qMul=1.000;qAdd=0.000;rpiOff=0.000,1874,7458,"RacePacingRejected, RACE action=reject_survival:6654;RacePacingRejected, RACE action=reject_pacing:801;ReplacementNotAllowed:3"
2026-09-16T05:01:08.3138224+00:00,2021092648,0.000000,0,1.000000,0.000000,0.000000,0.340000,SURVIVAL,SURVIVAL,NONE,H_t,reject_survival,phase=none;hMul=1.000;gMul=1.000;qMul=1.000;qAdd=0.000;rpiOff=0.000,1874,7458,"RacePacingRejected, RACE action=reject_survival:6654;RacePacingRejected, RACE action=reject_pacing:801;ReplacementNotAllowed:3"
2026-09-16T05:01:08.8144179+00:00,2021092648,0.000000,0,1.000000,0.000000,0.000000,0.340000,SURVIVAL,SURVIVAL,NONE,H_t,reject_survival,phase=none;hMul=1.000;gMul=1.000;qMul=1.000;qAdd=0.000;rpiOff=0.000,1874,7458,"RacePacingRejected, RACE action=reject_survival:6654;RacePacingRejected, RACE action=reject_pacing:801;ReplacementNotAllowed:3"
2026-09-16T05:01:09.3145747+00:00,2021166664,0.000000,0,1.000000,0.000000,0.000000,0.340000,SURVIVAL,SURVIVAL,NONE,H_t,reject_survival,phase=none;hMul=1.000;gMul=1.000;qMul=1.000;qAdd=0.000;rpiOff=0.000,1874,7458,"RacePacingRejected, RACE action=reject_survival:6654;RacePacingRejected, RACE action=reject_pacing:801;ReplacementNotAllowed:3"
2026-09-16T05:01:09.8140883+00:00,2021174888,0.000000,0,1.000000,0.000000,0.000000,0.340000,SURVIVAL,SURVIVAL,NONE,H_t,reject_survival,phase=none;hMul=1.000;gMul=1.000;qMul=1.000;qAdd=0.000;rpiOff=0.000,1874,7458,"RacePacingRejected, RACE action=reject_survival:6654;RacePacingRejected, RACE action=reject_pacing:801;ReplacementNotAllowed:3"
2026-09-16T05:01:10.3141955+00:00,2021223976,0.000000,0,1.000000,0.000000,0.000000,0.340000,SURVIVAL,SURVIVAL,NONE,H_t,reject_survival,phase=none;hMul=1.000;gMul=1.000;qMul=1.000;qAdd=0.000;rpiOff=0.000,1874,7458,"RacePacingRejected, RACE action=reject_survival:6654;RacePacingRejected, RACE action=reject_pacing:801;ReplacementNotAllowed:3"
2026-09-16T05:01:10.8146854+00:00,2021223976,0.000000,0,1.000000,0.000000,0.000000,0.340000,SURVIVAL,SURVIVAL,NONE,H_t,reject_survival,phase=none;hMul=1.000;gMul=1.000;qMul=1.000;qAdd=0.000;rpiOff=0.000,1874,7458,"RacePacingRejected, RACE action=reject_survival:6654;RacePacingRejected, RACE action=reject_pacing:801;ReplacementNotAllowed:3"
2026-09-16T05:01:11.3144555+00:00,2021747360,0.000000,0,1.000000,0.000000,0.000000,0.340000,SURVIVAL,SURVIVAL,NONE,H_t,reject_survival,phase=none;hMul=1.000;gMul=1.000;qMul=1.000;qAdd=0.000;rpiOff=0.000,1874,7458,"RacePacingRejected, RACE action=reject_survival:6654;RacePacingRejected, RACE action=reject_pacing:801;ReplacementNotAllowed:3"
2026-09-16T05:01:11.8139207+00:00,2021747360,0.000000,0,1.000000,0.000000,0.000000,0.340000,SURVIVAL,SURVIVAL,NONE,H_t,reject_survival,phase=none;hMul=1.000;gMul=1.000;qMul=1.000;qAdd=0.000;rpiOff=0.000,1874,7458,"RacePacingRejected, RACE action=reject_survival:6654;RacePacingRejected, RACE action=reject_pacing:801;ReplacementNotAllowed:3"
2026-09-16T05:01:12.3145113+00:00,2021788224,0.000000,0,1.000000,0.000000,0.000000,0.340000,SURVIVAL,SURVIVAL,NONE,H_t,reject_survival,phase=none;hMul=1.000;gMul=1.000;qMul=1.000;qAdd=0.000;rpiOff=0.000,1874,7458,"RacePacingRejected, RACE action=reject_survival:6654;RacePacingRejected, RACE action=reject_pacing:801;ReplacementNotAllowed:3"
2026-09-16T05:01:12.8141456+00:00,2021796448,0.000000,0,1.000000,0.000000,0.000000,0.340000,SURVIVAL,SURVIVAL,NONE,H_t,reject_survival,phase=none;hMul=1.000;gMul=1.000;qMul=1.000;qAdd=0.000;rpiOff=0.000,1874,7458,"RacePacingRejected, RACE action=reject_survival:6654;RacePacingRejected, RACE action=reject_pacing:801;ReplacementNotAllowed:3"
2026-09-16T05:01:13.3144460+00:00,2021877872,0.000000,0,1.000000,0.000000,0.000000,0.340000,SURVIVAL,SURVIVAL,NONE,H_t,reject_survival,phase=none;hMul=1.000;gMul=1.000;qMul=1.000;qAdd=0.000;rpiOff=0.000,1874,7458,"RacePacingRejected, RACE action=reject_survival:6654;RacePacingRejected, RACE action=reject_pacing:801;ReplacementNotAllowed:3"
2026-09-16T05:01:13.8140693+00:00,2021877872,0.000000,0,1.000000,0.000000,0.000000,0.340000,SURVIVAL,SURVIVAL,NONE,H_t,reject_survival,phase=none;hMul=1.000;gMul=1.000;qMul=1.000;qAdd=0.000;rpiOff=0.000,1874,7458,"RacePacingRejected, RACE action=reject_survival:6654;RacePacingRejected, RACE action=reject_pacing:801;ReplacementNotAllowed:3"
2026-09-16T05:01:14.3146342+00:00,2021935440,0.000000,0,1.000000,0.000000,0.000000,0.340000,SURVIVAL,SURVIVAL,NONE,H_t,reject_survival,phase=none;hMul=1.000;gMul=1.000;qMul=1.000;qAdd=0.000;rpiOff=0.000,1874,7458,"RacePacingRejected, RACE action=reject_survival:6654;RacePacingRejected, RACE action=reject_pacing:801;ReplacementNotAllowed:3"
2026-09-16T05:01:14.8141665+00:00,2021935440,0.000000,0,1.000000,0.000000,0.000000,0.340000,SURVIVAL,SURVIVAL,NONE,H_t,reject_survival,phase=none;hMul=1.000;gMul=1.000;qMul=1.000;qAdd=0.000;rpiOff=0.000,1874,7458,"RacePacingRejected, RACE action=reject_survival:6654;RacePacingRejected, RACE action=reject_pacing:801;ReplacementNotAllowed:3"
2026-09-16T05:01:15.3145839+00:00,2022009160,0.000000,0,1.000000,0.000000,0.000000,0.340000,SURVIVAL,SURVIVAL,NONE,H_t,reject_survival,phase=none;hMul=1.000;gMul=1.000;qMul=1.000;qAdd=0.000;rpiOff=0.000,1874,7458,"RacePacingRejected, RACE action=reject_survival:6654;RacePacingRejected, RACE action=reject_pacing:801;ReplacementNotAllowed:3"
2026-09-16T05:01:15.8140788+00:00,2022017384,0.000000,0,1.000000,0.000000,0.000000,0.340000,SURVIVAL,SURVIVAL,NONE,H_t,reject_survival,phase=none;hMul=1.000;gMul=1.000;qMul=1.000;qAdd=0.000;rpiOff=0.000,1874,7458,"RacePacingRejected, RACE action=reject_survival:6654;RacePacingRejected, RACE action=reject_pacing:801;ReplacementNotAllowed:3"
2026-09-16T05:01:16.3139492+00:00,2022082920,0.000000,0,1.000000,0.000000,0.000000,0.340000,SURVIVAL,SURVIVAL,NONE,H_t,reject_survival,phase=none;hMul=1.000;gMul=1.000;qMul=1.000;qAdd=0.000;rpiOff=0.000,1874,7458,"RacePacingRejected, RACE action=reject_survival:6654;RacePacingRejected, RACE action=reject_pacing:801;ReplacementNotAllowed:3"
2026-09-16T05:01:16.8138605+00:00,2022082920,0.000000,0,1.000000,0.000000,0.000000,0.340000,SURVIVAL,SURVIVAL,NONE,H_t,reject_survival,phase=none;hMul=1.000;gMul=1.000;qMul=1.000;qAdd=0.000;rpiOff=0.000,1874,7458,"RacePacingRejected, RACE action=reject_survival:6654;RacePacingRejected, RACE action=reject_pacing:801;ReplacementNotAllowed:3"
2026-09-16T05:01:17.3142421+00:00,2022173384,0.000000,0,1.000000,0.000000,0.000000,0.340000,SURVIVAL,SURVIVAL,NONE,H_t,reject_survival,phase=none;hMul=1.000;gMul=1.000;qMul=1.000;qAdd=0.000;rpiOff=0.000,1874,7458,"RacePacingRejected, RACE action=reject_survival:6654;RacePacingRejected, RACE action=reject_pacing:801;ReplacementNotAllowed:3"
2026-09-16T05:01:17.8138451+00:00,2022173384,0.000000,0,1.000000,0.000000,0.000000,0.340000,SURVIVAL,SURVIVAL,NONE,H_t,reject_survival,phase=none;hMul=1.000;gMul=1.000;qMul=1.000;qAdd=0.000;rpiOff=0.000,1874,7458,"RacePacingRejected, RACE action=reject_survival:6654;RacePacingRejected, RACE action=reject_pacing:801;ReplacementNotAllowed:3"
2026-09-16T05:01:18.3142758+00:00,2022247144,0.000000,0,1.000000,0.000000,0.000000,0.340000,SURVIVAL,SURVIVAL,NONE,H_t,reject_survival,phase=none;hMul=1.000;gMul=1.000;qMul=1.000;qAdd=0.000;rpiOff=0.000,1874,7458,"RacePacingRejected, RACE action=reject_survival:6654;RacePacingRejected, RACE action=reject_pacing:801;ReplacementNotAllowed:3"
2026-09-16T05:01:18.8138527+00:00,2022255112,0.000000,0,1.000000,0.000000,0.000000,0.340000,SURVIVAL,SURVIVAL,NONE,H_t,reject_survival,phase=none;hMul=1.000;gMul=1.000;qMul=1.000;qAdd=0.000;rpiOff=0.000,1874,7458,"RacePacingRejected, RACE action=reject_survival:6654;RacePacingRejected, RACE action=reject_pacing:801;ReplacementNotAllowed:3"
2026-09-16T05:01:19.3143771+00:00,2022304200,0.000000,0,1.000000,0.000000,0.000000,0.340000,SURVIVAL,SURVIVAL,NONE,H_t,reject_survival,phase=none;hMul=1.000;gMul=1.000;qMul=1.000;qAdd=0.000;rpiOff=0.000,1874,7458,"RacePacingRejected, RACE action=reject_survival:6654;RacePacingRejected, RACE action=reject_pacing:801;ReplacementNotAllowed:3"
2026-09-16T05:01:19.8139328+00:00,2022312424,0.000000,0,1.000000,0.000000,0.000000,0.340000,SURVIVAL,SURVIVAL,NONE,H_t,reject_survival,phase=none;hMul=1.000;gMul=1.000;qMul=1.000;qAdd=0.000;rpiOff=0.000,1874,7458,"RacePacingRejected, RACE action=reject_survival:6654;RacePacingRejected, RACE action=reject_pacing:801;ReplacementNotAllowed:3"
2026-09-16T05:01:20.3143996+00:00,2022394408,0.000000,0,1.000000,0.000000,0.000000,0.340000,SURVIVAL,SURVIVAL,NONE,H_t,reject_survival,phase=none;hMul=1.000;gMul=1.000;qMul=1.000;qAdd=0.000;rpiOff=0.000,1874,7458,"RacePacingRejected, RACE action=reject_survival:6654;RacePacingRejected, RACE action=reject_pacing:801;ReplacementNotAllowed:3"
2026-09-16T05:01:20.8138918+00:00,2022394408,0.000000,0,1.000000,0.000000,0.000000,0.340000,SURVIVAL,SURVIVAL,NONE,H_t,reject_survival,phase=none;hMul=1.000;gMul=1.000;qMul=1.000;qAdd=0.000;rpiOff=0.000,1874,7458,"RacePacingRejected, RACE action=reject_survival:6654;RacePacingRejected, RACE action=reject_pacing:801;ReplacementNotAllowed:3"
2026-09-16T05:01:21.3144909+00:00,2022451976,0.000000,0,1.000000,0.000000,0.000000,0.340000,SURVIVAL,SURVIVAL,NONE,H_t,reject_survival,phase=none;hMul=1.000;gMul=1.000;qMul=1.000;qAdd=0.000;rpiOff=0.000,1874,7458,"RacePacingRejected, RACE action=reject_survival:6654;RacePacingRejected, RACE action=reject_pacing:801;ReplacementNotAllowed:3"
2026-09-16T05:01:21.8140539+00:00,2022451976,0.000000,0,1.000000,0.000000,0.000000,0.340000,SURVIVAL,SURVIVAL,NONE,H_t,reject_survival,phase=none;hMul=1.000;gMul=1.000;qMul=1.000;qAdd=0.000;rpiOff=0.000,1874,7458,"RacePacingRejected, RACE action=reject_survival:6654;RacePacingRejected, RACE action=reject_pacing:801;ReplacementNotAllowed:3"
2026-09-16T05:01:22.3146203+00:00,2022542184,0.000000,0,1.000000,0.000000,0.000000,0.340000,SURVIVAL,SURVIVAL,NONE,H_t,reject_survival,phase=none;hMul=1.000;gMul=1.000;qMul=1.000;qAdd=0.000;rpiOff=0.000,1874,7458,"RacePacingRejected, RACE action=reject_survival:6654;RacePacingRejected, RACE action=reject_pacing:801;ReplacementNotAllowed:3"
2026-09-16T05:01:22.8138862+00:00,2022550152,0.000000,0,1.000000,0.000000,0.000000,0.340000,SURVIVAL,SURVIVAL,NONE,H_t,reject_survival,phase=none;hMul=1.000;gMul=1.000;qMul=1.000;qAdd=0.000;rpiOff=0.000,1874,7458,"RacePacingRejected, RACE action=reject_survival:6654;RacePacingRejected, RACE action=reject_pacing:801;ReplacementNotAllowed:3"
2026-09-16T05:01:23.3138660+00:00,2022582792,0.000000,0,1.000000,0.000000,0.000000,0.340000,SURVIVAL,SURVIVAL,NONE,H_t,reject_survival,phase=none;hMul=1.000;gMul=1.000;qMul=1.000;qAdd=0.000;rpiOff=0.000,1874,7458,"RacePacingRejected, RACE action=reject_survival:6654;RacePacingRejected, RACE action=reject_pacing:801;ReplacementNotAllowed:3"
2026-09-16T05:01:23.8143459+00:00,2022582792,0.000000,0,1.000000,0.000000,0.000000,0.340000,SURVIVAL,SURVIVAL,NONE,H_t,reject_survival,phase=none;hMul=1.000;gMul=1.000;qMul=1.000;qAdd=0.000;rpiOff=0.000,1874,7458,"RacePacingRejected, RACE action=reject_survival:6654;RacePacingRejected, RACE action=reject_pacing:801;ReplacementNotAllowed:3"
2026-09-16T05:01:24.3147734+00:00,2022656552,0.000000,0,1.000000,0.000000,0.000000,0.340000,SURVIVAL,SURVIVAL,NONE,H_t,reject_survival,phase=none;hMul=1.000;gMul=1.000;qMul=1.000;qAdd=0.000;rpiOff=0.000,1874,7458,"RacePacingRejected, RACE action=reject_survival:6654;RacePacingRejected, RACE action=reject_pacing:801;ReplacementNotAllowed:3"
2026-09-16T05:01:24.8142274+00:00,2022664776,0.000000,0,1.000000,0.000000,0.000000,0.340000,SURVIVAL,SURVIVAL,NONE,H_t,reject_survival,phase=none;hMul=1.000;gMul=1.000;qMul=1.000;qAdd=0.000;rpiOff=0.000,1874,7458,"RacePacingRejected, RACE action=reject_survival:6654;RacePacingRejected, RACE action=reject_pacing:801;ReplacementNotAllowed:3"
2026-09-16T05:01:25.3141296+00:00,2022705640,0.000000,0,1.000000,0.000000,0.000000,0.340000,SURVIVAL,SURVIVAL,NONE,H_t,reject_survival,phase=none;hMul=1.000;gMul=1.000;qMul=1.000;qAdd=0.000;rpiOff=0.000,1874,7458,"RacePacingRejected, RACE action=reject_survival:6654;RacePacingRejected, RACE action=reject_pacing:801;ReplacementNotAllowed:3"
2026-09-16T05:01:25.8146081+00:00,2022713864,0.000000,0,1.000000,0.000000,0.000000,0.340000,SURVIVAL,SURVIVAL,NONE,H_t,reject_survival,phase=none;hMul=1.000;gMul=1.000;qMul=1.000;qAdd=0.000;rpiOff=0.000,1874,7458,"RacePacingRejected, RACE action=reject_survival:6654;RacePacingRejected, RACE action=reject_pacing:801;ReplacementNotAllowed:3"
2026-09-16T05:01:26.3141107+00:00,2022787624,0.000000,0,1.000000,0.000000,0.000000,0.340000,SURVIVAL,SURVIVAL,NONE,H_t,reject_survival,phase=none;hMul=1.000;gMul=1.000;qMul=1.000;qAdd=0.000;rpiOff=0.000,1874,7458,"RacePacingRejected, RACE action=reject_survival:6654;RacePacingRejected, RACE action=reject_pacing:801;ReplacementNotAllowed:3"
2026-09-16T05:01:26.8138928+00:00,2022795848,0.000000,0,1.000000,0.000000,0.000000,0.340000,SURVIVAL,SURVIVAL,NONE,H_t,reject_survival,phase=none;hMul=1.000;gMul=1.000;qMul=1.000;qAdd=0.000;rpiOff=0.000,1874,7458,"RacePacingRejected, RACE action=reject_survival:6654;RacePacingRejected, RACE action=reject_pacing:801;ReplacementNotAllowed:3"
2026-09-16T05:01:27.3146349+00:00,2022844896,0.000000,0,1.000000,0.000000,0.000000,0.340000,SURVIVAL,SURVIVAL,NONE,H_t,reject_survival,phase=none;hMul=1.000;gMul=1.000;qMul=1.000;qAdd=0.000;rpiOff=0.000,1874,7458,"RacePacingRejected, RACE action=reject_survival:6654;RacePacingRejected, RACE action=reject_pacing:801;ReplacementNotAllowed:3"
2026-09-16T05:01:27.8141007+00:00,2022852864,0.000000,0,1.000000,0.000000,0.000000,0.340000,SURVIVAL,SURVIVAL,NONE,H_t,reject_survival,phase=none;hMul=1.000;gMul=1.000;qMul=1.000;qAdd=0.000;rpiOff=0.000,1874,7458,"RacePacingRejected, RACE action=reject_survival:6654;RacePacingRejected, RACE action=reject_pacing:801;ReplacementNotAllowed:3"
2026-09-16T05:01:28.3147596+00:00,2022918144,0.000000,0,1.000000,0.000000,0.000000,0.340000,SURVIVAL,SURVIVAL,NONE,H_t,reject_survival,phase=none;hMul=1.000;gMul=1.000;qMul=1.000;qAdd=0.000;rpiOff=0.000,1874,7458,"RacePacingRejected, RACE action=reject_survival:6654;RacePacingRejected, RACE action=reject_pacing:801;ReplacementNotAllowed:3"
2026-09-16T05:01:28.8142858+00:00,2022926368,0.000000,0,1.000000,0.000000,0.000000,0.340000,SURVIVAL,SURVIVAL,NONE,H_t,reject_survival,phase=none;hMul=1.000;gMul=1.000;qMul=1.000;qAdd=0.000;rpiOff=0.000,1874,7458,"RacePacingRejected, RACE action=reject_survival:6654;RacePacingRejected, RACE action=reject_pacing:801;ReplacementNotAllowed:3"
2026-09-16T05:01:29.3138239+00:00,2022992112,0.000000,0,1.000000,0.000000,0.000000,0.340000,SURVIVAL,SURVIVAL,NONE,H_t,reject_survival,phase=none;hMul=1.000;gMul=1.000;qMul=1.000;qAdd=0.000;rpiOff=0.000,1874,7458,"RacePacingRejected, RACE action=reject_survival:6654;RacePacingRejected, RACE action=reject_pacing:801;ReplacementNotAllowed:3"
2026-09-16T05:01:29.8143678+00:00,2023000336,0.000000,0,1.000000,0.000000,0.000000,0.340000,SURVIVAL,SURVIVAL,NONE,H_t,reject_survival,phase=none;hMul=1.000;gMul=1.000;qMul=1.000;qAdd=0.000;rpiOff=0.000,1874,7458,"RacePacingRejected, RACE action=reject_survival:6654;RacePacingRejected, RACE action=reject_pacing:801;ReplacementNotAllowed:3"
2026-09-16T05:01:30.3138487+00:00,2023073840,0.000000,0,1.000000,0.000000,0.000000,0.340000,SURVIVAL,SURVIVAL,NONE,H_t,reject_survival,phase=none;hMul=1.000;gMul=1.000;qMul=1.000;qAdd=0.000;rpiOff=0.000,1874,7458,"RacePacingRejected, RACE action=reject_survival:6654;RacePacingRejected, RACE action=reject_pacing:801;ReplacementNotAllowed:3"
2026-09-16T05:01:30.8144527+00:00,2023073840,0.000000,0,1.000000,0.000000,0.000000,0.340000,SURVIVAL,SURVIVAL,NONE,H_t,reject_survival,phase=none;hMul=1.000;gMul=1.000;qMul=1.000;qAdd=0.000;rpiOff=0.000,1874,7458,"RacePacingRejected, RACE action=reject_survival:6654;RacePacingRejected, RACE action=reject_pacing:801;ReplacementNotAllowed:3"
2026-09-16T05:01:31.3139335+00:00,2023213456,0.000000,0,1.000000,0.000000,0.000000,0.340000,SURVIVAL,SURVIVAL,NONE,H_t,reject_survival,phase=none;hMul=1.000;gMul=1.000;qMul=1.000;qAdd=0.000;rpiOff=0.000,1874,7458,"RacePacingRejected, RACE action=reject_survival:6654;RacePacingRejected, RACE action=reject_pacing:801;ReplacementNotAllowed:3"
2026-09-16T05:01:31.8146463+00:00,2023213456,0.000000,0,1.000000,0.000000,0.000000,0.340000,SURVIVAL,SURVIVAL,NONE,H_t,reject_survival,phase=none;hMul=1.000;gMul=1.000;qMul=1.000;qAdd=0.000;rpiOff=0.000,1874,7458,"RacePacingRejected, RACE action=reject_survival:6654;RacePacingRejected, RACE action=reject_pacing:801;ReplacementNotAllowed:3"
2026-09-16T05:01:32.3144397+00:00,2023295120,0.000000,0,1.000000,0.000000,0.000000,0.340000,SURVIVAL,SURVIVAL,NONE,H_t,reject_survival,phase=none;hMul=1.000;gMul=1.000;qMul=1.000;qAdd=0.000;rpiOff=0.000,1874,7458,"RacePacingRejected, RACE action=reject_survival:6654;RacePacingRejected, RACE action=reject_pacing:801;ReplacementNotAllowed:3"
2026-09-16T05:01:32.8140516+00:00,2023303344,0.000000,0,1.000000,0.000000,0.000000,0.340000,SURVIVAL,SURVIVAL,NONE,H_t,reject_survival,phase=none;hMul=1.000;gMul=1.000;qMul=1.000;qAdd=0.000;rpiOff=0.000,1874,7458,"RacePacingRejected, RACE action=reject_survival:6654;RacePacingRejected, RACE action=reject_pacing:801;ReplacementNotAllowed:3"
2026-09-16T05:01:33.3145551+00:00,2023335984,0.000000,0,1.000000,0.000000,0.000000,0.340000,SURVIVAL,SURVIVAL,NONE,H_t,reject_survival,phase=none;hMul=1.000;gMul=1.000;qMul=1.000;qAdd=0.000;rpiOff=0.000,1874,7458,"RacePacingRejected, RACE action=reject_survival:6654;RacePacingRejected, RACE action=reject_pacing:801;ReplacementNotAllowed:3"
2026-09-16T05:01:33.8140220+00:00,2023344208,0.000000,0,1.000000,0.000000,0.000000,0.340000,SURVIVAL,SURVIVAL,NONE,H_t,reject_survival,phase=none;hMul=1.000;gMul=1.000;qMul=1.000;qAdd=0.000;rpiOff=0.000,1874,7458,"RacePacingRejected, RACE action=reject_survival:6654;RacePacingRejected, RACE action=reject_pacing:801;ReplacementNotAllowed:3"
2026-09-16T05:01:34.3145097+00:00,2023434416,0.000000,0,1.000000,0.000000,0.000000,0.340000,SURVIVAL,SURVIVAL,NONE,H_t,reject_survival,phase=none;hMul=1.000;gMul=1.000;qMul=1.000;qAdd=0.000;rpiOff=0.000,1874,7458,"RacePacingRejected, RACE action=reject_survival:6654;RacePacingRejected, RACE action=reject_pacing:801;ReplacementNotAllowed:3"
2026-09-16T05:01:34.8139466+00:00,2023434416,0.000000,0,1.000000,0.000000,0.000000,0.340000,SURVIVAL,SURVIVAL,NONE,H_t,reject_survival,phase=none;hMul=1.000;gMul=1.000;qMul=1.000;qAdd=0.000;rpiOff=0.000,1874,7458,"RacePacingRejected, RACE action=reject_survival:6654;RacePacingRejected, RACE action=reject_pacing:801;ReplacementNotAllowed:3"
2026-09-16T05:01:35.3147499+00:00,2023851960,0.000000,0,1.000000,0.000000,0.000000,0.340000,SURVIVAL,SURVIVAL,NONE,H_t,reject_survival,phase=none;hMul=1.000;gMul=1.000;qMul=1.000;qAdd=0.000;rpiOff=0.000,1874,7458,"RacePacingRejected, RACE action=reject_survival:6654;RacePacingRejected, RACE action=reject_pacing:801;ReplacementNotAllowed:3"
2026-09-16T05:01:35.8142366+00:00,2023851960,0.000000,0,1.000000,0.000000,0.000000,0.340000,SURVIVAL,SURVIVAL,NONE,H_t,reject_survival,phase=none;hMul=1.000;gMul=1.000;qMul=1.000;qAdd=0.000;rpiOff=0.000,1874,7458,"RacePacingRejected, RACE action=reject_survival:6654;RacePacingRejected, RACE action=reject_pacing:801;ReplacementNotAllowed:3"
2026-09-16T05:01:36.3157950+00:00,2023933944,0.000000,0,1.000000,0.000000,0.000000,0.340000,SURVIVAL,SURVIVAL,NONE,H_t,reject_survival,phase=none;hMul=1.000;gMul=1.000;qMul=1.000;qAdd=0.000;rpiOff=0.000,1874,7458,"RacePacingRejected, RACE action=reject_survival:6654;RacePacingRejected, RACE action=reject_pacing:801;ReplacementNotAllowed:3"
2026-09-16T05:01:36.8144436+00:00,2023933944,0.000000,0,1.000000,0.000000,0.000000,0.340000,SURVIVAL,SURVIVAL,NONE,H_t,reject_survival,phase=none;hMul=1.000;gMul=1.000;qMul=1.000;qAdd=0.000;rpiOff=0.000,1874,7458,"RacePacingRejected, RACE action=reject_survival:6654;RacePacingRejected, RACE action=reject_pacing:801;ReplacementNotAllowed:3"
2026-09-16T05:01:37.3139890+00:00,2024007704,0.000000,0,1.000000,0.000000,0.000000,0.340000,SURVIVAL,SURVIVAL,NONE,H_t,reject_survival,phase=none;hMul=1.000;gMul=1.000;qMul=1.000;qAdd=0.000;rpiOff=0.000,1874,7458,"RacePacingRejected, RACE action=reject_survival:6654;RacePacingRejected, RACE action=reject_pacing:801;ReplacementNotAllowed:3"
2026-09-16T05:01:37.8144308+00:00,2024007704,0.000000,0,1.000000,0.000000,0.000000,0.340000,SURVIVAL,SURVIVAL,NONE,H_t,reject_survival,phase=none;hMul=1.000;gMul=1.000;qMul=1.000;qAdd=0.000;rpiOff=0.000,1874,7458,"RacePacingRejected, RACE action=reject_survival:6654;RacePacingRejected, RACE action=reject_pacing:801;ReplacementNotAllowed:3"
2026-09-16T05:01:38.3139088+00:00,2024056768,0.000000,0,1.000000,0.000000,0.000000,0.340000,SURVIVAL,SURVIVAL,NONE,H_t,reject_survival,phase=none;hMul=1.000;gMul=1.000;qMul=1.000;qAdd=0.000;rpiOff=0.000,1874,7458,"RacePacingRejected, RACE action=reject_survival:6654;RacePacingRejected, RACE action=reject_pacing:801;ReplacementNotAllowed:3"
2026-09-16T05:01:38.8144329+00:00,2024064992,0.000000,0,1.000000,0.000000,0.000000,0.340000,SURVIVAL,SURVIVAL,NONE,H_t,reject_survival,phase=none;hMul=1.000;gMul=1.000;qMul=1.000;qAdd=0.000;rpiOff=0.000,1874,7458,"RacePacingRejected, RACE action=reject_survival:6654;RacePacingRejected, RACE action=reject_pacing:801;ReplacementNotAllowed:3"
2026-09-16T05:01:39.3139615+00:00,2024146720,0.000000,0,1.000000,0.000000,0.000000,0.340000,SURVIVAL,SURVIVAL,NONE,H_t,reject_survival,phase=none;hMul=1.000;gMul=1.000;qMul=1.000;qAdd=0.000;rpiOff=0.000,1874,7458,"RacePacingRejected, RACE action=reject_survival:6654;RacePacingRejected, RACE action=reject_pacing:801;ReplacementNotAllowed:3"
2026-09-16T05:01:39.8145126+00:00,2024146720,0.000000,0,1.000000,0.000000,0.000000,0.340000,SURVIVAL,SURVIVAL,NONE,H_t,reject_survival,phase=none;hMul=1.000;gMul=1.000;qMul=1.000;qAdd=0.000;rpiOff=0.000,1874,7458,"RacePacingRejected, RACE action=reject_survival:6654;RacePacingRejected, RACE action=reject_pacing:801;ReplacementNotAllowed:3"
2026-09-16T05:01:40.3140048+00:00,2024195808,0.000000,0,1.000000,0.000000,0.000000,0.340000,SURVIVAL,SURVIVAL,NONE,H_t,reject_survival,phase=none;hMul=1.000;gMul=1.000;qMul=1.000;qAdd=0.000;rpiOff=0.000,1874,7458,"RacePacingRejected, RACE action=reject_survival:6654;RacePacingRejected, RACE action=reject_pacing:801;ReplacementNotAllowed:3"
2026-09-16T05:01:40.8144288+00:00,2024204032,0.000000,0,1.000000,0.000000,0.000000,0.340000,SURVIVAL,SURVIVAL,NONE,H_t,reject_survival,phase=none;hMul=1.000;gMul=1.000;qMul=1.000;qAdd=0.000;rpiOff=0.000,1874,7458,"RacePacingRejected, RACE action=reject_survival:6654;RacePacingRejected, RACE action=reject_pacing:801;ReplacementNotAllowed:3"
2026-09-16T05:01:41.3138603+00:00,2024269312,0.000000,0,1.000000,0.000000,0.000000,0.340000,SURVIVAL,SURVIVAL,NONE,H_t,reject_survival,phase=none;hMul=1.000;gMul=1.000;qMul=1.000;qAdd=0.000;rpiOff=0.000,1874,7458,"RacePacingRejected, RACE action=reject_survival:6654;RacePacingRejected, RACE action=reject_pacing:801;ReplacementNotAllowed:3"
2026-09-16T05:01:41.8144641+00:00,2024277536,0.000000,0,1.000000,0.000000,0.000000,0.340000,SURVIVAL,SURVIVAL,NONE,H_t,reject_survival,phase=none;hMul=1.000;gMul=1.000;qMul=1.000;qAdd=0.000;rpiOff=0.000,1874,7458,"RacePacingRejected, RACE action=reject_survival:6654;RacePacingRejected, RACE action=reject_pacing:801;ReplacementNotAllowed:3"
2026-09-16T05:01:42.3141499+00:00,2024335104,0.000000,0,1.000000,0.000000,0.000000,0.340000,SURVIVAL,SURVIVAL,NONE,H_t,reject_survival,phase=none;hMul=1.000;gMul=1.000;qMul=1.000;qAdd=0.000;rpiOff=0.000,1874,7458,"RacePacingRejected, RACE action=reject_survival:6654;RacePacingRejected, RACE action=reject_pacing:801;ReplacementNotAllowed:3"
2026-09-16T05:01:42.8146697+00:00,2024335104,0.000000,0,1.000000,0.000000,0.000000,0.340000,SURVIVAL,SURVIVAL,NONE,H_t,reject_survival,phase=none;hMul=1.000;gMul=1.000;qMul=1.000;qAdd=0.000;rpiOff=0.000,1874,7458,"RacePacingRejected, RACE action=reject_survival:6654;RacePacingRejected, RACE action=reject_pacing:801;ReplacementNotAllowed:3"
2026-09-16T05:01:43.3142419+00:00,2024408608,0.000000,0,1.000000,0.000000,0.000000,0.340000,SURVIVAL,SURVIVAL,NONE,H_t,reject_survival,phase=none;hMul=1.000;gMul=1.000;qMul=1.000;qAdd=0.000;rpiOff=0.000,1874,7458,"RacePacingRejected, RACE action=reject_survival:6654;RacePacingRejected, RACE action=reject_pacing:801;ReplacementNotAllowed:3"
2026-09-16T05:01:43.8147843+00:00,2024416832,0.000000,0,1.000000,0.000000,0.000000,0.340000,SURVIVAL,SURVIVAL,NONE,H_t,reject_survival,phase=none;hMul=1.000;gMul=1.000;qMul=1.000;qAdd=0.000;rpiOff=0.000,1874,7458,"RacePacingRejected, RACE action=reject_survival:6654;RacePacingRejected, RACE action=reject_pacing:801;ReplacementNotAllowed:3"
2026-09-16T05:01:44.3143745+00:00,2024466176,0.000000,0,1.000000,0.000000,0.000000,0.340000,SURVIVAL,SURVIVAL,NONE,H_t,reject_survival,phase=none;hMul=1.000;gMul=1.000;qMul=1.000;qAdd=0.000;rpiOff=0.000,1874,7458,"RacePacingRejected, RACE action=reject_survival:6654;RacePacingRejected, RACE action=reject_pacing:801;ReplacementNotAllowed:3"
2026-09-16T05:01:44.8138678+00:00,2024474400,0.000000,0,1.000000,0.000000,0.000000,0.340000,SURVIVAL,SURVIVAL,NONE,H_t,reject_survival,phase=none;hMul=1.000;gMul=1.000;qMul=1.000;qAdd=0.000;rpiOff=0.000,1874,7458,"RacePacingRejected, RACE action=reject_survival:6654;RacePacingRejected, RACE action=reject_pacing:801;ReplacementNotAllowed:3"
2026-09-16T05:01:45.3141704+00:00,2024555872,0.000000,0,1.000000,0.000000,0.000000,0.340000,SURVIVAL,SURVIVAL,NONE,H_t,reject_survival,phase=none;hMul=1.000;gMul=1.000;qMul=1.000;qAdd=0.000;rpiOff=0.000,1874,7458,"RacePacingRejected, RACE action=reject_survival:6654;RacePacingRejected, RACE action=reject_pacing:801;ReplacementNotAllowed:3"
2026-09-16T05:01:45.8146400+00:00,2024555872,0.000000,0,1.000000,0.000000,0.000000,0.340000,SURVIVAL,SURVIVAL,NONE,H_t,reject_survival,phase=none;hMul=1.000;gMul=1.000;qMul=1.000;qAdd=0.000;rpiOff=0.000,1874,7458,"RacePacingRejected, RACE action=reject_survival:6654;RacePacingRejected, RACE action=reject_pacing:801;ReplacementNotAllowed:3"
2026-09-16T05:01:46.3140846+00:00,2024605216,0.000000,0,1.000000,0.000000,0.000000,0.340000,SURVIVAL,SURVIVAL,NONE,H_t,reject_survival,phase=none;hMul=1.000;gMul=1.000;qMul=1.000;qAdd=0.000;rpiOff=0.000,1874,7458,"RacePacingRejected, RACE action=reject_survival:6654;RacePacingRejected, RACE action=reject_pacing:801;ReplacementNotAllowed:3"
2026-09-16T05:01:46.8148025+00:00,2024613440,0.000000,0,1.000000,0.000000,0.000000,0.340000,SURVIVAL,SURVIVAL,NONE,H_t,reject_survival,phase=none;hMul=1.000;gMul=1.000;qMul=1.000;qAdd=0.000;rpiOff=0.000,1874,7458,"RacePacingRejected, RACE action=reject_survival:6654;RacePacingRejected, RACE action=reject_pacing:801;ReplacementNotAllowed:3"
2026-09-16T05:01:47.3145333+00:00,2024695680,0.000000,0,1.000000,0.000000,0.000000,0.340000,SURVIVAL,SURVIVAL,NONE,H_t,reject_survival,phase=none;hMul=1.000;gMul=1.000;qMul=1.000;qAdd=0.000;rpiOff=0.000,1874,7458,"RacePacingRejected, RACE action=reject_survival:6654;RacePacingRejected, RACE action=reject_pacing:801;ReplacementNotAllowed:3"
2026-09-16T05:01:47.8139886+00:00,2024695680,0.000000,0,1.000000,0.000000,0.000000,0.340000,SURVIVAL,SURVIVAL,NONE,H_t,reject_survival,phase=none;hMul=1.000;gMul=1.000;qMul=1.000;qAdd=0.000;rpiOff=0.000,1874,7458,"RacePacingRejected, RACE action=reject_survival:6654;RacePacingRejected, RACE action=reject_pacing:801;ReplacementNotAllowed:3"
2026-09-16T05:01:48.3146175+00:00,2024744768,0.000000,0,1.000000,0.000000,0.000000,0.340000,SURVIVAL,SURVIVAL,NONE,H_t,reject_survival,phase=none;hMul=1.000;gMul=1.000;qMul=1.000;qAdd=0.000;rpiOff=0.000,1874,7458,"RacePacingRejected, RACE action=reject_survival:6654;RacePacingRejected, RACE action=reject_pacing:801;ReplacementNotAllowed:3"
2026-09-16T05:01:48.8141648+00:00,2024752992,0.000000,0,1.000000,0.000000,0.000000,0.340000,SURVIVAL,SURVIVAL,NONE,H_t,reject_survival,phase=none;hMul=1.000;gMul=1.000;qMul=1.000;qAdd=0.000;rpiOff=0.000,1874,7458,"RacePacingRejected, RACE action=reject_survival:6654;RacePacingRejected, RACE action=reject_pacing:801;ReplacementNotAllowed:3"
2026-09-16T05:01:49.3144411+00:00,2024835232,0.000000,0,1.000000,0.000000,0.000000,0.340000,SURVIVAL,SURVIVAL,NONE,H_t,reject_survival,phase=none;hMul=1.000;gMul=1.000;qMul=1.000;qAdd=0.000;rpiOff=0.000,1874,7458,"RacePacingRejected, RACE action=reject_survival:6654;RacePacingRejected, RACE action=reject_pacing:801;ReplacementNotAllowed:3"
2026-09-16T05:01:49.8139292+00:00,2024835232,0.000000,0,1.000000,0.000000,0.000000,0.340000,SURVIVAL,SURVIVAL,NONE,H_t,reject_survival,phase=none;hMul=1.000;gMul=1.000;qMul=1.000;qAdd=0.000;rpiOff=0.000,1874,7458,"RacePacingRejected, RACE action=reject_survival:6654;RacePacingRejected, RACE action=reject_pacing:801;ReplacementNotAllowed:3"
2026-09-16T05:01:50.3138267+00:00,2024900512,0.000000,0,1.000000,0.000000,0.000000,0.340000,SURVIVAL,SURVIVAL,NONE,H_t,reject_survival,phase=none;hMul=1.000;gMul=1.000;qMul=1.000;qAdd=0.000;rpiOff=0.000,1874,7458,"RacePacingRejected, RACE action=reject_survival:6654;RacePacingRejected, RACE action=reject_pacing:801;ReplacementNotAllowed:3"
2026-09-16T05:01:50.8145264+00:00,2024908736,0.000000,0,1.000000,0.000000,0.000000,0.340000,SURVIVAL,SURVIVAL,NONE,H_t,reject_survival,phase=none;hMul=1.000;gMul=1.000;qMul=1.000;qAdd=0.000;rpiOff=0.000,1874,7458,"RacePacingRejected, RACE action=reject_survival:6654;RacePacingRejected, RACE action=reject_pacing:801;ReplacementNotAllowed:3"
2026-09-16T05:01:51.3147765+00:00,2024982240,0.000000,0,1.000000,0.000000,0.000000,0.340000,SURVIVAL,SURVIVAL,NONE,H_t,reject_survival,phase=none;hMul=1.000;gMul=1.000;qMul=1.000;qAdd=0.000;rpiOff=0.000,1874,7458,"RacePacingRejected, RACE action=reject_survival:6654;RacePacingRejected, RACE action=reject_pacing:801;ReplacementNotAllowed:3"
2026-09-16T05:01:51.8142871+00:00,2024982240,0.000000,0,1.000000,0.000000,0.000000,0.340000,SURVIVAL,SURVIVAL,NONE,H_t,reject_survival,phase=none;hMul=1.000;gMul=1.000;qMul=1.000;qAdd=0.000;rpiOff=0.000,1874,7458,"RacePacingRejected, RACE action=reject_survival:6654;RacePacingRejected, RACE action=reject_pacing:801;ReplacementNotAllowed:3"
2026-09-16T05:01:52.3146055+00:00,2025494328,0.000000,0,1.000000,0.000000,0.000000,0.340000,SURVIVAL,SURVIVAL,NONE,H_t,reject_survival,phase=none;hMul=1.000;gMul=1.000;qMul=1.000;qAdd=0.000;rpiOff=0.000,1874,7458,"RacePacingRejected, RACE action=reject_survival:6654;RacePacingRejected, RACE action=reject_pacing:801;ReplacementNotAllowed:3"
2026-09-16T05:01:52.8144228+00:00,2025502552,0.000000,0,1.000000,0.000000,0.000000,0.340000,SURVIVAL,SURVIVAL,NONE,H_t,reject_survival,phase=none;hMul=1.000;gMul=1.000;qMul=1.000;qAdd=0.000;rpiOff=0.000,1874,7458,"RacePacingRejected, RACE action=reject_survival:6654;RacePacingRejected, RACE action=reject_pacing:801;ReplacementNotAllowed:3"
2026-09-16T05:01:53.3142984+00:00,2025576056,0.000000,0,1.000000,0.000000,0.000000,0.340000,SURVIVAL,SURVIVAL,NONE,H_t,reject_survival,phase=none;hMul=1.000;gMul=1.000;qMul=1.000;qAdd=0.000;rpiOff=0.000,1874,7458,"RacePacingRejected, RACE action=reject_survival:6654;RacePacingRejected, RACE action=reject_pacing:801;ReplacementNotAllowed:3"
2026-09-16T05:01:53.8140316+00:00,2025576056,0.000000,0,1.000000,0.000000,0.000000,0.340000,SURVIVAL,SURVIVAL,NONE,H_t,reject_survival,phase=none;hMul=1.000;gMul=1.000;qMul=1.000;qAdd=0.000;rpiOff=0.000,1874,7458,"RacePacingRejected, RACE action=reject_survival:6654;RacePacingRejected, RACE action=reject_pacing:801;ReplacementNotAllowed:3"
2026-09-16T05:01:54.3141596+00:00,2025641848,0.000000,0,1.000000,0.000000,0.000000,0.340000,SURVIVAL,SURVIVAL,NONE,H_t,reject_survival,phase=none;hMul=1.000;gMul=1.000;qMul=1.000;qAdd=0.000;rpiOff=0.000,1874,7458,"RacePacingRejected, RACE action=reject_survival:6654;RacePacingRejected, RACE action=reject_pacing:801;ReplacementNotAllowed:3"
2026-09-16T05:01:54.8147427+00:00,2025641848,0.000000,0,1.000000,0.000000,0.000000,0.340000,SURVIVAL,SURVIVAL,NONE,H_t,reject_survival,phase=none;hMul=1.000;gMul=1.000;qMul=1.000;qAdd=0.000;rpiOff=0.000,1874,7458,"RacePacingRejected, RACE action=reject_survival:6654;RacePacingRejected, RACE action=reject_pacing:801;ReplacementNotAllowed:3"
2026-09-16T05:01:55.3141462+00:00,2025707128,0.000000,0,1.000000,0.000000,0.000000,0.340000,SURVIVAL,SURVIVAL,NONE,H_t,reject_survival,phase=none;hMul=1.000;gMul=1.000;qMul=1.000;qAdd=0.000;rpiOff=0.000,1874,7458,"RacePacingRejected, RACE action=reject_survival:6654;RacePacingRejected, RACE action=reject_pacing:801;ReplacementNotAllowed:3"
2026-09-16T05:01:55.8147630+00:00,2025715352,0.000000,0,1.000000,0.000000,0.000000,0.340000,SURVIVAL,SURVIVAL,NONE,H_t,reject_survival,phase=none;hMul=1.000;gMul=1.000;qMul=1.000;qAdd=0.000;rpiOff=0.000,1874,7458,"RacePacingRejected, RACE action=reject_survival:6654;RacePacingRejected, RACE action=reject_pacing:801;ReplacementNotAllowed:3"
2026-09-16T05:01:56.3142663+00:00,2025764696,0.000000,0,1.000000,0.000000,0.000000,0.340000,SURVIVAL,SURVIVAL,NONE,H_t,reject_survival,phase=none;hMul=1.000;gMul=1.000;qMul=1.000;qAdd=0.000;rpiOff=0.000,1874,7458,"RacePacingRejected, RACE action=reject_survival:6654;RacePacingRejected, RACE action=reject_pacing:801;ReplacementNotAllowed:3"
2026-09-16T05:01:56.8141521+00:00,2025764696,0.000000,0,1.000000,0.000000,0.000000,0.340000,SURVIVAL,SURVIVAL,NONE,H_t,reject_survival,phase=none;hMul=1.000;gMul=1.000;qMul=1.000;qAdd=0.000;rpiOff=0.000,1874,7458,"RacePacingRejected, RACE action=reject_survival:6654;RacePacingRejected, RACE action=reject_pacing:801;ReplacementNotAllowed:3"
2026-09-16T05:01:57.3138244+00:00,2025846680,0.000000,0,1.000000,0.000000,0.000000,0.340000,SURVIVAL,SURVIVAL,NONE,H_t,reject_survival,phase=none;hMul=1.000;gMul=1.000;qMul=1.000;qAdd=0.000;rpiOff=0.000,1874,7458,"RacePacingRejected, RACE action=reject_survival:6654;RacePacingRejected, RACE action=reject_pacing:801;ReplacementNotAllowed:3"
2026-09-16T05:01:57.8144811+00:00,2025854648,0.000000,0,1.000000,0.000000,0.000000,0.340000,SURVIVAL,SURVIVAL,NONE,H_t,reject_survival,phase=none;hMul=1.000;gMul=1.000;qMul=1.000;qAdd=0.000;rpiOff=0.000,1874,7458,"RacePacingRejected, RACE action=reject_survival:6654;RacePacingRejected, RACE action=reject_pacing:801;ReplacementNotAllowed:3"
2026-09-16T05:01:58.3140538+00:00,2025903736,0.000000,0,1.000000,0.000000,0.000000,0.340000,SURVIVAL,SURVIVAL,NONE,H_t,reject_survival,phase=none;hMul=1.000;gMul=1.000;qMul=1.000;qAdd=0.000;rpiOff=0.000,1874,7458,"RacePacingRejected, RACE action=reject_survival:6654;RacePacingRejected, RACE action=reject_pacing:801;ReplacementNotAllowed:3"
2026-09-16T05:01:58.8146450+00:00,2025903736,0.000000,0,1.000000,0.000000,0.000000,0.340000,SURVIVAL,SURVIVAL,NONE,H_t,reject_survival,phase=none;hMul=1.000;gMul=1.000;qMul=1.000;qAdd=0.000;rpiOff=0.000,1874,7458,"RacePacingRejected, RACE action=reject_survival:6654;RacePacingRejected, RACE action=reject_pacing:801;ReplacementNotAllowed:3"
2026-09-16T05:01:59.3140359+00:00,2025985976,0.000000,0,1.000000,0.000000,0.000000,0.340000,SURVIVAL,SURVIVAL,NONE,H_t,reject_survival,phase=none;hMul=1.000;gMul=1.000;qMul=1.000;qAdd=0.000;rpiOff=0.000,1874,7458,"RacePacingRejected, RACE action=reject_survival:6654;RacePacingRejected, RACE action=reject_pacing:801;ReplacementNotAllowed:3"
2026-09-16T05:01:59.8145523+00:00,2025985976,0.000000,0,1.000000,0.000000,0.000000,0.340000,SURVIVAL,SURVIVAL,NONE,H_t,reject_survival,phase=none;hMul=1.000;gMul=1.000;qMul=1.000;qAdd=0.000;rpiOff=0.000,1874,7458,"RacePacingRejected, RACE action=reject_survival:6654;RacePacingRejected, RACE action=reject_pacing:801;ReplacementNotAllowed:3"
2026-09-16T05:02:00.3143490+00:00,2026059480,0.000000,0,1.000000,0.000000,0.000000,0.340000,SURVIVAL,SURVIVAL,NONE,H_t,reject_survival,phase=none;hMul=1.000;gMul=1.000;qMul=1.000;qAdd=0.000;rpiOff=0.000,1874,7458,"RacePacingRejected, RACE action=reject_survival:6654;RacePacingRejected, RACE action=reject_pacing:801;ReplacementNotAllowed:3"
2026-09-16T05:02:00.8139897+00:00,2026059480,0.000000,0,1.000000,0.000000,0.000000,0.340000,SURVIVAL,SURVIVAL,NONE,H_t,reject_survival,phase=none;hMul=1.000;gMul=1.000;qMul=1.000;qAdd=0.000;rpiOff=0.000,1874,7458,"RacePacingRejected, RACE action=reject_survival:6654;RacePacingRejected, RACE action=reject_pacing:801;ReplacementNotAllowed:3"
2026-09-16T05:02:01.3145073+00:00,2026116792,0.000000,0,1.000000,0.000000,0.000000,0.340000,SURVIVAL,SURVIVAL,NONE,H_t,reject_survival,phase=none;hMul=1.000;gMul=1.000;qMul=1.000;qAdd=0.000;rpiOff=0.000,1874,7458,"RacePacingRejected, RACE action=reject_survival:6654;RacePacingRejected, RACE action=reject_pacing:801;ReplacementNotAllowed:3"
2026-09-16T05:02:01.8141673+00:00,2026116792,0.000000,0,1.000000,0.000000,0.000000,0.340000,SURVIVAL,SURVIVAL,NONE,H_t,reject_survival,phase=none;hMul=1.000;gMul=1.000;qMul=1.000;qAdd=0.000;rpiOff=0.000,1874,7458,"RacePacingRejected, RACE action=reject_survival:6654;RacePacingRejected, RACE action=reject_pacing:801;ReplacementNotAllowed:3"
2026-09-16T05:02:02.3146546+00:00,2026182328,0.000000,0,1.000000,0.000000,0.000000,0.340000,SURVIVAL,SURVIVAL,NONE,H_t,reject_survival,phase=none;hMul=1.000;gMul=1.000;qMul=1.000;qAdd=0.000;rpiOff=0.000,1874,7458,"RacePacingRejected, RACE action=reject_survival:6654;RacePacingRejected, RACE action=reject_pacing:801;ReplacementNotAllowed:3"
2026-09-16T05:02:02.8142888+00:00,2026190552,0.000000,0,1.000000,0.000000,0.000000,0.340000,SURVIVAL,SURVIVAL,NONE,H_t,reject_survival,phase=none;hMul=1.000;gMul=1.000;qMul=1.000;qAdd=0.000;rpiOff=0.000,1874,7458,"RacePacingRejected, RACE action=reject_survival:6654;RacePacingRejected, RACE action=reject_pacing:801;ReplacementNotAllowed:3"
2026-09-16T05:02:03.3147646+00:00,2026248120,0.000000,0,1.000000,0.000000,0.000000,0.340000,SURVIVAL,SURVIVAL,NONE,H_t,reject_survival,phase=none;hMul=1.000;gMul=1.000;qMul=1.000;qAdd=0.000;rpiOff=0.000,1874,7458,"RacePacingRejected, RACE action=reject_survival:6654;RacePacingRejected, RACE action=reject_pacing:801;ReplacementNotAllowed:3"
2026-09-16T05:02:03.8143610+00:00,2026248120,0.000000,0,1.000000,0.000000,0.000000,0.340000,SURVIVAL,SURVIVAL,NONE,H_t,reject_survival,phase=none;hMul=1.000;gMul=1.000;qMul=1.000;qAdd=0.000;rpiOff=0.000,1874,7458,"RacePacingRejected, RACE action=reject_survival:6654;RacePacingRejected, RACE action=reject_pacing:801;ReplacementNotAllowed:3"
2026-09-16T05:02:04.3147557+00:00,2026321880,0.000000,0,1.000000,0.000000,0.000000,0.340000,SURVIVAL,SURVIVAL,NONE,H_t,reject_survival,phase=none;hMul=1.000;gMul=1.000;qMul=1.000;qAdd=0.000;rpiOff=0.000,1874,7458,"RacePacingRejected, RACE action=reject_survival:6654;RacePacingRejected, RACE action=reject_pacing:801;ReplacementNotAllowed:3"
2026-09-16T05:02:04.8143930+00:00,2026330104,0.000000,0,1.000000,0.000000,0.000000,0.340000,SURVIVAL,SURVIVAL,NONE,H_t,reject_survival,phase=none;hMul=1.000;gMul=1.000;qMul=1.000;qAdd=0.000;rpiOff=0.000,1874,7458,"RacePacingRejected, RACE action=reject_survival:6654;RacePacingRejected, RACE action=reject_pacing:801;ReplacementNotAllowed:3"
2026-09-16T05:02:05.3139640+00:00,2026395384,0.000000,0,1.000000,0.000000,0.000000,0.340000,SURVIVAL,SURVIVAL,NONE,H_t,reject_survival,phase=none;hMul=1.000;gMul=1.000;qMul=1.000;qAdd=0.000;rpiOff=0.000,1874,7458,"RacePacingRejected, RACE action=reject_survival:6654;RacePacingRejected, RACE action=reject_pacing:801;ReplacementNotAllowed:3"
2026-09-16T05:02:05.8145667+00:00,2026395384,0.000000,0,1.000000,0.000000,0.000000,0.340000,SURVIVAL,SURVIVAL,NONE,H_t,reject_survival,phase=none;hMul=1.000;gMul=1.000;qMul=1.000;qAdd=0.000;rpiOff=0.000,1874,7458,"RacePacingRejected, RACE action=reject_survival:6654;RacePacingRejected, RACE action=reject_pacing:801;ReplacementNotAllowed:3"
2026-09-16T05:02:06.3143225+00:00,2026469400,0.000000,0,1.000000,0.000000,0.000000,0.340000,SURVIVAL,SURVIVAL,NONE,H_t,reject_survival,phase=none;hMul=1.000;gMul=1.000;qMul=1.000;qAdd=0.000;rpiOff=0.000,1874,7458,"RacePacingRejected, RACE action=reject_survival:6654;RacePacingRejected, RACE action=reject_pacing:801;ReplacementNotAllowed:3"
2026-09-16T05:02:06.8141885+00:00,2026477368,0.000000,0,1.000000,0.000000,0.000000,0.340000,SURVIVAL,SURVIVAL,NONE,H_t,reject_survival,phase=none;hMul=1.000;gMul=1.000;qMul=1.000;qAdd=0.000;rpiOff=0.000,1874,7458,"RacePacingRejected, RACE action=reject_survival:6654;RacePacingRejected, RACE action=reject_pacing:801;ReplacementNotAllowed:3"
2026-09-16T05:02:07.3140339+00:00,2026526712,0.000000,0,1.000000,0.000000,0.000000,0.340000,SURVIVAL,SURVIVAL,NONE,H_t,reject_survival,phase=none;hMul=1.000;gMul=1.000;qMul=1.000;qAdd=0.000;rpiOff=0.000,1874,7458,"RacePacingRejected, RACE action=reject_survival:6654;RacePacingRejected, RACE action=reject_pacing:801;ReplacementNotAllowed:3"
2026-09-16T05:02:07.8146155+00:00,2026526712,0.000000,0,1.000000,0.000000,0.000000,0.340000,SURVIVAL,SURVIVAL,NONE,H_t,reject_survival,phase=none;hMul=1.000;gMul=1.000;qMul=1.000;qAdd=0.000;rpiOff=0.000,1874,7458,"RacePacingRejected, RACE action=reject_survival:6654;RacePacingRejected, RACE action=reject_pacing:801;ReplacementNotAllowed:3"
2026-09-16T05:02:08.3141256+00:00,2026608440,0.000000,0,1.000000,0.000000,0.000000,0.340000,SURVIVAL,SURVIVAL,NONE,H_t,reject_survival,phase=none;hMul=1.000;gMul=1.000;qMul=1.000;qAdd=0.000;rpiOff=0.000,1874,7458,"RacePacingRejected, RACE action=reject_survival:6654;RacePacingRejected, RACE action=reject_pacing:801;ReplacementNotAllowed:3"
2026-09-16T05:02:08.8138576+00:00,2026616664,0.000000,0,1.000000,0.000000,0.000000,0.340000,SURVIVAL,SURVIVAL,NONE,H_t,reject_survival,phase=none;hMul=1.000;gMul=1.000;qMul=1.000;qAdd=0.000;rpiOff=0.000,1874,7458,"RacePacingRejected, RACE action=reject_survival:6654;RacePacingRejected, RACE action=reject_pacing:801;ReplacementNotAllowed:3"
2026-09-16T05:02:09.3142845+00:00,2026690424,0.000000,0,1.000000,0.000000,0.000000,0.340000,SURVIVAL,SURVIVAL,NONE,H_t,reject_survival,phase=none;hMul=1.000;gMul=1.000;qMul=1.000;qAdd=0.000;rpiOff=0.000,1874,7458,"RacePacingRejected, RACE action=reject_survival:6654;RacePacingRejected, RACE action=reject_pacing:801;ReplacementNotAllowed:3"
2026-09-16T05:02:09.8138636+00:00,2026698392,0.000000,0,1.000000,0.000000,0.000000,0.340000,SURVIVAL,SURVIVAL,NONE,H_t,reject_survival,phase=none;hMul=1.000;gMul=1.000;qMul=1.000;qAdd=0.000;rpiOff=0.000,1874,7458,"RacePacingRejected, RACE action=reject_survival:6654;RacePacingRejected, RACE action=reject_pacing:801;ReplacementNotAllowed:3"
2026-09-16T05:02:10.3143960+00:00,2026739512,0.000000,0,1.000000,0.000000,0.000000,0.340000,SURVIVAL,SURVIVAL,NONE,H_t,reject_survival,phase=none;hMul=1.000;gMul=1.000;qMul=1.000;qAdd=0.000;rpiOff=0.000,1874,7458,"RacePacingRejected, RACE action=reject_survival:6654;RacePacingRejected, RACE action=reject_pacing:801;ReplacementNotAllowed:3"
2026-09-16T05:02:10.8139790+00:00,2026747736,0.000000,0,1.000000,0.000000,0.000000,0.340000,SURVIVAL,SURVIVAL,NONE,H_t,reject_survival,phase=none;hMul=1.000;gMul=1.000;qMul=1.000;qAdd=0.000;rpiOff=0.000,1874,7458,"RacePacingRejected, RACE action=reject_survival:6654;RacePacingRejected, RACE action=reject_pacing:801;ReplacementNotAllowed:3"
2026-09-16T05:02:11.3143704+00:00,2026821240,0.000000,0,1.000000,0.000000,0.000000,0.340000,SURVIVAL,SURVIVAL,NONE,H_t,reject_survival,phase=none;hMul=1.000;gMul=1.000;qMul=1.000;qAdd=0.000;rpiOff=0.000,1874,7458,"RacePacingRejected, RACE action=reject_survival:6654;RacePacingRejected, RACE action=reject_pacing:801;ReplacementNotAllowed:3"
2026-09-16T05:02:11.8139407+00:00,2026821240,0.000000,0,1.000000,0.000000,0.000000,0.340000,SURVIVAL,SURVIVAL,NONE,H_t,reject_survival,phase=none;hMul=1.000;gMul=1.000;qMul=1.000;qAdd=0.000;rpiOff=0.000,1874,7458,"RacePacingRejected, RACE action=reject_survival:6654;RacePacingRejected, RACE action=reject_pacing:801;ReplacementNotAllowed:3"
2026-09-16T05:02:12.3146303+00:00,2026878552,0.000000,0,1.000000,0.000000,0.000000,0.340000,SURVIVAL,SURVIVAL,NONE,H_t,reject_survival,phase=none;hMul=1.000;gMul=1.000;qMul=1.000;qAdd=0.000;rpiOff=0.000,1874,7458,"RacePacingRejected, RACE action=reject_survival:6654;RacePacingRejected, RACE action=reject_pacing:801;ReplacementNotAllowed:3"
2026-09-16T05:02:12.8141789+00:00,2026886776,0.000000,0,1.000000,0.000000,0.000000,0.340000,SURVIVAL,SURVIVAL,NONE,H_t,reject_survival,phase=none;hMul=1.000;gMul=1.000;qMul=1.000;qAdd=0.000;rpiOff=0.000,1874,7458,"RacePacingRejected, RACE action=reject_survival:6654;RacePacingRejected, RACE action=reject_pacing:801;ReplacementNotAllowed:3"
2026-09-16T05:02:13.3146448+00:00,2026944088,0.000000,0,1.000000,0.000000,0.000000,0.340000,SURVIVAL,SURVIVAL,NONE,H_t,reject_survival,phase=none;hMul=1.000;gMul=1.000;qMul=1.000;qAdd=0.000;rpiOff=0.000,1874,7458,"RacePacingRejected, RACE action=reject_survival:6654;RacePacingRejected, RACE action=reject_pacing:801;ReplacementNotAllowed:3"
2026-09-16T05:02:13.8142563+00:00,2026952312,0.000000,0,1.000000,0.000000,0.000000,0.340000,SURVIVAL,SURVIVAL,NONE,H_t,reject_survival,phase=none;hMul=1.000;gMul=1.000;qMul=1.000;qAdd=0.000;rpiOff=0.000,1874,7458,"RacePacingRejected, RACE action=reject_survival:6654;RacePacingRejected, RACE action=reject_pacing:801;ReplacementNotAllowed:3"
2026-09-16T05:02:14.3148009+00:00,2027017592,0.000000,0,1.000000,0.000000,0.000000,0.340000,SURVIVAL,SURVIVAL,NONE,H_t,reject_survival,phase=none;hMul=1.000;gMul=1.000;qMul=1.000;qAdd=0.000;rpiOff=0.000,1874,7458,"RacePacingRejected, RACE action=reject_survival:6654;RacePacingRejected, RACE action=reject_pacing:801;ReplacementNotAllowed:3"
2026-09-16T05:02:14.8144087+00:00,2027017592,0.000000,0,1.000000,0.000000,0.000000,0.340000,SURVIVAL,SURVIVAL,NONE,H_t,reject_survival,phase=none;hMul=1.000;gMul=1.000;qMul=1.000;qAdd=0.000;rpiOff=0.000,1874,7458,"RacePacingRejected, RACE action=reject_survival:6654;RacePacingRejected, RACE action=reject_pacing:801;ReplacementNotAllowed:3"
2026-09-16T05:02:15.3138239+00:00,2027099576,0.000000,0,1.000000,0.000000,0.000000,0.340000,SURVIVAL,SURVIVAL,NONE,H_t,reject_survival,phase=none;hMul=1.000;gMul=1.000;qMul=1.000;qAdd=0.000;rpiOff=0.000,1874,7458,"RacePacingRejected, RACE action=reject_survival:6654;RacePacingRejected, RACE action=reject_pacing:801;ReplacementNotAllowed:3"
2026-09-16T05:02:15.8144378+00:00,2027099576,0.000000,0,1.000000,0.000000,0.000000,0.340000,SURVIVAL,SURVIVAL,NONE,H_t,reject_survival,phase=none;hMul=1.000;gMul=1.000;qMul=1.000;qAdd=0.000;rpiOff=0.000,1874,7458,"RacePacingRejected, RACE action=reject_survival:6654;RacePacingRejected, RACE action=reject_pacing:801;ReplacementNotAllowed:3"
2026-09-16T05:02:16.3139867+00:00,2027173336,0.000000,0,1.000000,0.000000,0.000000,0.340000,SURVIVAL,SURVIVAL,NONE,H_t,reject_survival,phase=none;hMul=1.000;gMul=1.000;qMul=1.000;qAdd=0.000;rpiOff=0.000,1874,7458,"RacePacingRejected, RACE action=reject_survival:6654;RacePacingRejected, RACE action=reject_pacing:801;ReplacementNotAllowed:3"
2026-09-16T05:02:16.8138459+00:00,2027181560,0.000000,0,1.000000,0.000000,0.000000,0.340000,SURVIVAL,SURVIVAL,NONE,H_t,reject_survival,phase=none;hMul=1.000;gMul=1.000;qMul=1.000;qAdd=0.000;rpiOff=0.000,1874,7458,"RacePacingRejected, RACE action=reject_survival:6654;RacePacingRejected, RACE action=reject_pacing:801;ReplacementNotAllowed:3"
2026-09-16T05:02:17.3146859+00:00,2027230648,0.000000,0,1.000000,0.000000,0.000000,0.340000,SURVIVAL,SURVIVAL,NONE,H_t,reject_survival,phase=none;hMul=1.000;gMul=1.000;qMul=1.000;qAdd=0.000;rpiOff=0.000,1874,7458,"RacePacingRejected, RACE action=reject_survival:6654;RacePacingRejected, RACE action=reject_pacing:801;ReplacementNotAllowed:3"
2026-09-16T05:02:17.8142560+00:00,2027238872,0.000000,0,1.000000,0.000000,0.000000,0.340000,SURVIVAL,SURVIVAL,NONE,H_t,reject_survival,phase=none;hMul=1.000;gMul=1.000;qMul=1.000;qAdd=0.000;rpiOff=0.000,1874,7458,"RacePacingRejected, RACE action=reject_survival:6654;RacePacingRejected, RACE action=reject_pacing:801;ReplacementNotAllowed:3"
2026-09-16T05:02:18.3147388+00:00,2027312888,0.000000,0,1.000000,0.000000,0.000000,0.340000,SURVIVAL,SURVIVAL,NONE,H_t,reject_survival,phase=none;hMul=1.000;gMul=1.000;qMul=1.000;qAdd=0.000;rpiOff=0.000,1874,7458,"RacePacingRejected, RACE action=reject_survival:6654;RacePacingRejected, RACE action=reject_pacing:801;ReplacementNotAllowed:3"
2026-09-16T05:02:18.8142775+00:00,2027321112,0.000000,0,1.000000,0.000000,0.000000,0.340000,SURVIVAL,SURVIVAL,NONE,H_t,reject_survival,phase=none;hMul=1.000;gMul=1.000;qMul=1.000;qAdd=0.000;rpiOff=0.000,1874,7458,"RacePacingRejected, RACE action=reject_survival:6654;RacePacingRejected, RACE action=reject_pacing:801;ReplacementNotAllowed:3"
2026-09-16T05:02:19.3138651+00:00,2027370200,0.000000,0,1.000000,0.000000,0.000000,0.340000,SURVIVAL,SURVIVAL,NONE,H_t,reject_survival,phase=none;hMul=1.000;gMul=1.000;qMul=1.000;qAdd=0.000;rpiOff=0.000,1874,7458,"RacePacingRejected, RACE action=reject_survival:6654;RacePacingRejected, RACE action=reject_pacing:801;ReplacementNotAllowed:3"
2026-09-16T05:02:19.8145321+00:00,2027378424,0.000000,0,1.000000,0.000000,0.000000,0.340000,SURVIVAL,SURVIVAL,NONE,H_t,reject_survival,phase=none;hMul=1.000;gMul=1.000;qMul=1.000;qAdd=0.000;rpiOff=0.000,1874,7458,"RacePacingRejected, RACE action=reject_survival:6654;RacePacingRejected, RACE action=reject_pacing:801;ReplacementNotAllowed:3"
2026-09-16T05:02:20.3142270+00:00,2027452184,0.000000,0,1.000000,0.000000,0.000000,0.340000,SURVIVAL,SURVIVAL,NONE,H_t,reject_survival,phase=none;hMul=1.000;gMul=1.000;qMul=1.000;qAdd=0.000;rpiOff=0.000,1874,7458,"RacePacingRejected, RACE action=reject_survival:6654;RacePacingRejected, RACE action=reject_pacing:801;ReplacementNotAllowed:3"
2026-09-16T05:02:20.8147617+00:00,2027460408,0.000000,0,1.000000,0.000000,0.000000,0.340000,SURVIVAL,SURVIVAL,NONE,H_t,reject_survival,phase=none;hMul=1.000;gMul=1.000;qMul=1.000;qAdd=0.000;rpiOff=0.000,1874,7458,"RacePacingRejected, RACE action=reject_survival:6654;RacePacingRejected, RACE action=reject_pacing:801;ReplacementNotAllowed:3"
2026-09-16T05:02:21.3145587+00:00,2027534168,0.000000,0,1.000000,0.000000,0.000000,0.340000,SURVIVAL,SURVIVAL,NONE,H_t,reject_survival,phase=none;hMul=1.000;gMul=1.000;qMul=1.000;qAdd=0.000;rpiOff=0.000,1874,7458,"RacePacingRejected, RACE action=reject_survival:6654;RacePacingRejected, RACE action=reject_pacing:801;ReplacementNotAllowed:3"
2026-09-16T05:02:21.8140517+00:00,2027542392,0.000000,0,1.000000,0.000000,0.000000,0.340000,SURVIVAL,SURVIVAL,NONE,H_t,reject_survival,phase=none;hMul=1.000;gMul=1.000;qMul=1.000;qAdd=0.000;rpiOff=0.000,1874,7458,"RacePacingRejected, RACE action=reject_survival:6654;RacePacingRejected, RACE action=reject_pacing:801;ReplacementNotAllowed:3"
2026-09-16T05:02:22.3146626+00:00,2027591480,0.000000,0,1.000000,0.000000,0.000000,0.340000,SURVIVAL,SURVIVAL,NONE,H_t,reject_survival,phase=none;hMul=1.000;gMul=1.000;qMul=1.000;qAdd=0.000;rpiOff=0.000,1874,7458,"RacePacingRejected, RACE action=reject_survival:6654;RacePacingRejected, RACE action=reject_pacing:801;ReplacementNotAllowed:3"
2026-09-16T05:02:22.8141279+00:00,2027599704,0.000000,0,1.000000,0.000000,0.000000,0.340000,SURVIVAL,SURVIVAL,NONE,H_t,reject_survival,phase=none;hMul=1.000;gMul=1.000;qMul=1.000;qAdd=0.000;rpiOff=0.000,1874,7458,"RacePacingRejected, RACE action=reject_survival:6654;RacePacingRejected, RACE action=reject_pacing:801;ReplacementNotAllowed:3"
2026-09-16T05:02:23.3145845+00:00,2027681432,0.000000,0,1.000000,0.000000,0.000000,0.340000,SURVIVAL,SURVIVAL,NONE,H_t,reject_survival,phase=none;hMul=1.000;gMul=1.000;qMul=1.000;qAdd=0.000;rpiOff=0.000,1874,7458,"RacePacingRejected, RACE action=reject_survival:6654;RacePacingRejected, RACE action=reject_pacing:801;ReplacementNotAllowed:3"
2026-09-16T05:02:23.8138480+00:00,2027681432,0.000000,0,1.000000,0.000000,0.000000,0.340000,SURVIVAL,SURVIVAL,NONE,H_t,reject_survival,phase=none;hMul=1.000;gMul=1.000;qMul=1.000;qAdd=0.000;rpiOff=0.000,1874,7458,"RacePacingRejected, RACE action=reject_survival:6654;RacePacingRejected, RACE action=reject_pacing:801;ReplacementNotAllowed:3"
2026-09-16T05:02:24.3138634+00:00,2027755208,0.000000,0,1.000000,0.000000,0.000000,0.340000,SURVIVAL,SURVIVAL,NONE,H_t,reject_survival,phase=none;hMul=1.000;gMul=1.000;qMul=1.000;qAdd=0.000;rpiOff=0.000,1874,7458,"RacePacingRejected, RACE action=reject_survival:6654;RacePacingRejected, RACE action=reject_pacing:801;ReplacementNotAllowed:3"
2026-09-16T05:02:24.8142294+00:00,2027755208,0.000000,0,1.000000,0.000000,0.000000,0.340000,SURVIVAL,SURVIVAL,NONE,H_t,reject_survival,phase=none;hMul=1.000;gMul=1.000;qMul=1.000;qAdd=0.000;rpiOff=0.000,1874,7458,"RacePacingRejected, RACE action=reject_survival:6654;RacePacingRejected, RACE action=reject_pacing:801;ReplacementNotAllowed:3"
2026-09-16T05:02:25.3138365+00:00,2027845672,0.000000,0,1.000000,0.000000,0.000000,0.340000,SURVIVAL,SURVIVAL,NONE,H_t,reject_survival,phase=none;hMul=1.000;gMul=1.000;qMul=1.000;qAdd=0.000;rpiOff=0.000,1874,7458,"RacePacingRejected, RACE action=reject_survival:6654;RacePacingRejected, RACE action=reject_pacing:801;ReplacementNotAllowed:3"
2026-09-16T05:02:25.8142728+00:00,2027853896,0.000000,0,1.000000,0.000000,0.000000,0.340000,SURVIVAL,SURVIVAL,NONE,H_t,reject_survival,phase=none;hMul=1.000;gMul=1.000;qMul=1.000;qAdd=0.000;rpiOff=0.000,1874,7458,"RacePacingRejected, RACE action=reject_survival:6654;RacePacingRejected, RACE action=reject_pacing:801;ReplacementNotAllowed:3"
2026-09-16T05:02:26.3138709+00:00,2027886792,0.000000,0,1.000000,0.000000,0.000000,0.340000,SURVIVAL,SURVIVAL,NONE,H_t,reject_survival,phase=none;hMul=1.000;gMul=1.000;qMul=1.000;qAdd=0.000;rpiOff=0.000,1874,7458,"RacePacingRejected, RACE action=reject_survival:6654;RacePacingRejected, RACE action=reject_pacing:801;ReplacementNotAllowed:3"
2026-09-16T05:02:26.8145686+00:00,2027894584,0.000000,0,1.000000,0.000000,0.000000,0.340000,SURVIVAL,SURVIVAL,NONE,H_t,reject_survival,phase=none;hMul=1.000;gMul=1.000;qMul=1.000;qAdd=0.000;rpiOff=0.000,1874,7458,"RacePacingRejected, RACE action=reject_survival:6654;RacePacingRejected, RACE action=reject_pacing:801;ReplacementNotAllowed:3"
2026-09-16T05:02:27.3141375+00:00,2027976568,0.000000,0,1.000000,0.000000,0.000000,0.340000,SURVIVAL,SURVIVAL,NONE,H_t,reject_survival,phase=none;hMul=1.000;gMul=1.000;qMul=1.000;qAdd=0.000;rpiOff=0.000,1874,7458,"RacePacingRejected, RACE action=reject_survival:6654;RacePacingRejected, RACE action=reject_pacing:801;ReplacementNotAllowed:3"
2026-09-16T05:02:27.8145743+00:00,2027976568,0.000000,0,1.000000,0.000000,0.000000,0.340000,SURVIVAL,SURVIVAL,NONE,H_t,reject_survival,phase=none;hMul=1.000;gMul=1.000;qMul=1.000;qAdd=0.000;rpiOff=0.000,1874,7458,"RacePacingRejected, RACE action=reject_survival:6654;RacePacingRejected, RACE action=reject_pacing:801;ReplacementNotAllowed:3"
2026-09-16T05:02:28.3141964+00:00,2028042360,0.000000,0,1.000000,0.000000,0.000000,0.340000,SURVIVAL,SURVIVAL,NONE,H_t,reject_survival,phase=none;hMul=1.000;gMul=1.000;qMul=1.000;qAdd=0.000;rpiOff=0.000,1874,7458,"RacePacingRejected, RACE action=reject_survival:6654;RacePacingRejected, RACE action=reject_pacing:801;ReplacementNotAllowed:3"
2026-09-16T05:02:28.8146538+00:00,2028042360,0.000000,0,1.000000,0.000000,0.000000,0.340000,SURVIVAL,SURVIVAL,NONE,H_t,reject_survival,phase=none;hMul=1.000;gMul=1.000;qMul=1.000;qAdd=0.000;rpiOff=0.000,1874,7458,"RacePacingRejected, RACE action=reject_survival:6654;RacePacingRejected, RACE action=reject_pacing:801;ReplacementNotAllowed:3"
2026-09-16T05:02:29.3141609+00:00,2028124088,0.000000,0,1.000000,0.000000,0.000000,0.340000,SURVIVAL,SURVIVAL,NONE,H_t,reject_survival,phase=none;hMul=1.000;gMul=1.000;qMul=1.000;qAdd=0.000;rpiOff=0.000,1874,7458,"RacePacingRejected, RACE action=reject_survival:6654;RacePacingRejected, RACE action=reject_pacing:801;ReplacementNotAllowed:3"
2026-09-16T05:02:29.8146549+00:00,2028124088,0.000000,0,1.000000,0.000000,0.000000,0.340000,SURVIVAL,SURVIVAL,NONE,H_t,reject_survival,phase=none;hMul=1.000;gMul=1.000;qMul=1.000;qAdd=0.000;rpiOff=0.000,1874,7458,"RacePacingRejected, RACE action=reject_survival:6654;RacePacingRejected, RACE action=reject_pacing:801;ReplacementNotAllowed:3"
2026-09-16T05:02:30.3143989+00:00,2028173432,0.000000,0,1.000000,0.000000,0.000000,0.340000,SURVIVAL,SURVIVAL,NONE,H_t,reject_survival,phase=none;hMul=1.000;gMul=1.000;qMul=1.000;qAdd=0.000;rpiOff=0.000,1874,7458,"RacePacingRejected, RACE action=reject_survival:6654;RacePacingRejected, RACE action=reject_pacing:801;ReplacementNotAllowed:3"
2026-09-16T05:02:30.8138503+00:00,2028181656,0.000000,0,1.000000,0.000000,0.000000,0.340000,SURVIVAL,SURVIVAL,NONE,H_t,reject_survival,phase=none;hMul=1.000;gMul=1.000;qMul=1.000;qAdd=0.000;rpiOff=0.000,1874,7458,"RacePacingRejected, RACE action=reject_survival:6654;RacePacingRejected, RACE action=reject_pacing:801;ReplacementNotAllowed:3"
2026-09-16T05:02:31.3143205+00:00,2028263640,0.000000,0,1.000000,0.000000,0.000000,0.340000,SURVIVAL,SURVIVAL,NONE,H_t,reject_survival,phase=none;hMul=1.000;gMul=1.000;qMul=1.000;qAdd=0.000;rpiOff=0.000,1874,7458,"RacePacingRejected, RACE action=reject_survival:6654;RacePacingRejected, RACE action=reject_pacing:801;ReplacementNotAllowed:3"
2026-09-16T05:02:31.8138694+00:00,2028263640,0.000000,0,1.000000,0.000000,0.000000,0.340000,SURVIVAL,SURVIVAL,NONE,H_t,reject_survival,phase=none;hMul=1.000;gMul=1.000;qMul=1.000;qAdd=0.000;rpiOff=0.000,1874,7458,"RacePacingRejected, RACE action=reject_survival:6654;RacePacingRejected, RACE action=reject_pacing:801;ReplacementNotAllowed:3"
2026-09-16T05:02:32.3145204+00:00,2028312728,0.000000,0,1.000000,0.000000,0.000000,0.340000,SURVIVAL,SURVIVAL,NONE,H_t,reject_survival,phase=none;hMul=1.000;gMul=1.000;qMul=1.000;qAdd=0.000;rpiOff=0.000,1874,7458,"RacePacingRejected, RACE action=reject_survival:6654;RacePacingRejected, RACE action=reject_pacing:801;ReplacementNotAllowed:3"
2026-09-16T05:02:32.8140756+00:00,2028312728,0.000000,0,1.000000,0.000000,0.000000,0.340000,SURVIVAL,SURVIVAL,NONE,H_t,reject_survival,phase=none;hMul=1.000;gMul=1.000;qMul=1.000;qAdd=0.000;rpiOff=0.000,1874,7458,"RacePacingRejected, RACE action=reject_survival:6654;RacePacingRejected, RACE action=reject_pacing:801;ReplacementNotAllowed:3"
2026-09-16T05:02:33.3144257+00:00,2028402936,0.000000,0,1.000000,0.000000,0.000000,0.340000,SURVIVAL,SURVIVAL,NONE,H_t,reject_survival,phase=none;hMul=1.000;gMul=1.000;qMul=1.000;qAdd=0.000;rpiOff=0.000,1874,7458,"RacePacingRejected, RACE action=reject_survival:6654;RacePacingRejected, RACE action=reject_pacing:801;ReplacementNotAllowed:3"
2026-09-16T05:02:33.8139692+00:00,2028402936,0.000000,0,1.000000,0.000000,0.000000,0.340000,SURVIVAL,SURVIVAL,NONE,H_t,reject_survival,phase=none;hMul=1.000;gMul=1.000;qMul=1.000;qAdd=0.000;rpiOff=0.000,1874,7458,"RacePacingRejected, RACE action=reject_survival:6654;RacePacingRejected, RACE action=reject_pacing:801;ReplacementNotAllowed:3"
2026-09-16T05:02:34.3147461+00:00,2028452024,0.000000,0,1.000000,0.000000,0.000000,0.340000,SURVIVAL,SURVIVAL,NONE,H_t,reject_survival,phase=none;hMul=1.000;gMul=1.000;qMul=1.000;qAdd=0.000;rpiOff=0.000,1874,7458,"RacePacingRejected, RACE action=reject_survival:6654;RacePacingRejected, RACE action=reject_pacing:801;ReplacementNotAllowed:3"
2026-09-16T05:02:34.8141916+00:00,2028460248,0.000000,0,1.000000,0.000000,0.000000,0.340000,SURVIVAL,SURVIVAL,NONE,H_t,reject_survival,phase=none;hMul=1.000;gMul=1.000;qMul=1.000;qAdd=0.000;rpiOff=0.000,1874,7458,"RacePacingRejected, RACE action=reject_survival:6654;RacePacingRejected, RACE action=reject_pacing:801;ReplacementNotAllowed:3"
2026-09-16T05:02:35.3146317+00:00,2028533752,0.000000,0,1.000000,0.000000,0.000000,0.340000,SURVIVAL,SURVIVAL,NONE,H_t,reject_survival,phase=none;hMul=1.000;gMul=1.000;qMul=1.000;qAdd=0.000;rpiOff=0.000,1874,7458,"RacePacingRejected, RACE action=reject_survival:6654;RacePacingRejected, RACE action=reject_pacing:801;ReplacementNotAllowed:3"
2026-09-16T05:02:35.8140784+00:00,2028533752,0.000000,0,1.000000,0.000000,0.000000,0.340000,SURVIVAL,SURVIVAL,NONE,H_t,reject_survival,phase=none;hMul=1.000;gMul=1.000;qMul=1.000;qAdd=0.000;rpiOff=0.000,1874,7458,"RacePacingRejected, RACE action=reject_survival:6654;RacePacingRejected, RACE action=reject_pacing:801;ReplacementNotAllowed:3"
2026-09-16T05:02:36.3148063+00:00,2028583096,0.000000,0,1.000000,0.000000,0.000000,0.340000,SURVIVAL,SURVIVAL,NONE,H_t,reject_survival,phase=none;hMul=1.000;gMul=1.000;qMul=1.000;qAdd=0.000;rpiOff=0.000,1874,7458,"RacePacingRejected, RACE action=reject_survival:6654;RacePacingRejected, RACE action=reject_pacing:801;ReplacementNotAllowed:3"
2026-09-16T05:02:36.8145323+00:00,2028591320,0.000000,0,1.000000,0.000000,0.000000,0.340000,SURVIVAL,SURVIVAL,NONE,H_t,reject_survival,phase=none;hMul=1.000;gMul=1.000;qMul=1.000;qAdd=0.000;rpiOff=0.000,1874,7458,"RacePacingRejected, RACE action=reject_survival:6654;RacePacingRejected, RACE action=reject_pacing:801;ReplacementNotAllowed:3"
2026-09-16T05:02:37.3143571+00:00,2028665080,0.000000,0,1.000000,0.000000,0.000000,0.340000,SURVIVAL,SURVIVAL,NONE,H_t,reject_survival,phase=none;hMul=1.000;gMul=1.000;qMul=1.000;qAdd=0.000;rpiOff=0.000,1874,7458,"RacePacingRejected, RACE action=reject_survival:6654;RacePacingRejected, RACE action=reject_pacing:801;ReplacementNotAllowed:3"
2026-09-16T05:02:37.8138763+00:00,2028665080,0.000000,0,1.000000,0.000000,0.000000,0.340000,SURVIVAL,SURVIVAL,NONE,H_t,reject_survival,phase=none;hMul=1.000;gMul=1.000;qMul=1.000;qAdd=0.000;rpiOff=0.000,1874,7458,"RacePacingRejected, RACE action=reject_survival:6654;RacePacingRejected, RACE action=reject_pacing:801;ReplacementNotAllowed:3"
2026-09-16T05:02:38.3144360+00:00,2028722392,0.000000,0,1.000000,0.000000,0.000000,0.340000,SURVIVAL,SURVIVAL,NONE,H_t,reject_survival,phase=none;hMul=1.000;gMul=1.000;qMul=1.000;qAdd=0.000;rpiOff=0.000,1874,7458,"RacePacingRejected, RACE action=reject_survival:6654;RacePacingRejected, RACE action=reject_pacing:801;ReplacementNotAllowed:3"
2026-09-16T05:02:38.8141745+00:00,2028730616,0.000000,0,1.000000,0.000000,0.000000,0.340000,SURVIVAL,SURVIVAL,NONE,H_t,reject_survival,phase=none;hMul=1.000;gMul=1.000;qMul=1.000;qAdd=0.000;rpiOff=0.000,1874,7458,"RacePacingRejected, RACE action=reject_survival:6654;RacePacingRejected, RACE action=reject_pacing:801;ReplacementNotAllowed:3"
2026-09-16T05:02:39.3145436+00:00,2028812344,0.000000,0,1.000000,0.000000,0.000000,0.340000,SURVIVAL,SURVIVAL,NONE,H_t,reject_survival,phase=none;hMul=1.000;gMul=1.000;qMul=1.000;qAdd=0.000;rpiOff=0.000,1874,7458,"RacePacingRejected, RACE action=reject_survival:6654;RacePacingRejected, RACE action=reject_pacing:801;ReplacementNotAllowed:3"
2026-09-16T05:02:39.8141450+00:00,2028812344,0.000000,0,1.000000,0.000000,0.000000,0.340000,SURVIVAL,SURVIVAL,NONE,H_t,reject_survival,phase=none;hMul=1.000;gMul=1.000;qMul=1.000;qAdd=0.000;rpiOff=0.000,1874,7458,"RacePacingRejected, RACE action=reject_survival:6654;RacePacingRejected, RACE action=reject_pacing:801;ReplacementNotAllowed:3"
2026-09-16T05:02:40.3147120+00:00,2028869912,0.000000,0,1.000000,0.000000,0.000000,0.340000,SURVIVAL,SURVIVAL,NONE,H_t,reject_survival,phase=none;hMul=1.000;gMul=1.000;qMul=1.000;qAdd=0.000;rpiOff=0.000,1874,7458,"RacePacingRejected, RACE action=reject_survival:6654;RacePacingRejected, RACE action=reject_pacing:801;ReplacementNotAllowed:3"
2026-09-16T05:02:40.8142504+00:00,2028877880,0.000000,0,1.000000,0.000000,0.000000,0.340000,SURVIVAL,SURVIVAL,NONE,H_t,reject_survival,phase=none;hMul=1.000;gMul=1.000;qMul=1.000;qAdd=0.000;rpiOff=0.000,1874,7458,"RacePacingRejected, RACE action=reject_survival:6654;RacePacingRejected, RACE action=reject_pacing:801;ReplacementNotAllowed:3"
2026-09-16T05:02:41.3145706+00:00,2028951640,0.000000,0,1.000000,0.000000,0.000000,0.340000,SURVIVAL,SURVIVAL,NONE,H_t,reject_survival,phase=none;hMul=1.000;gMul=1.000;qMul=1.000;qAdd=0.000;rpiOff=0.000,1874,7458,"RacePacingRejected, RACE action=reject_survival:6654;RacePacingRejected, RACE action=reject_pacing:801;ReplacementNotAllowed:3"
2026-09-16T05:02:41.8140402+00:00,2028959864,0.000000,0,1.000000,0.000000,0.000000,0.340000,SURVIVAL,SURVIVAL,NONE,H_t,reject_survival,phase=none;hMul=1.000;gMul=1.000;qMul=1.000;qAdd=0.000;rpiOff=0.000,1874,7458,"RacePacingRejected, RACE action=reject_survival:6654;RacePacingRejected, RACE action=reject_pacing:801;ReplacementNotAllowed:3"
2026-09-16T05:02:42.3138864+00:00,2029000984,0.000000,0,1.000000,0.000000,0.000000,0.340000,SURVIVAL,SURVIVAL,NONE,H_t,reject_survival,phase=none;hMul=1.000;gMul=1.000;qMul=1.000;qAdd=0.000;rpiOff=0.000,1874,7458,"RacePacingRejected, RACE action=reject_survival:6654;RacePacingRejected, RACE action=reject_pacing:801;ReplacementNotAllowed:3"
2026-09-16T05:02:42.8144534+00:00,2029009208,0.000000,0,1.000000,0.000000,0.000000,0.340000,SURVIVAL,SURVIVAL,NONE,H_t,reject_survival,phase=none;hMul=1.000;gMul=1.000;qMul=1.000;qAdd=0.000;rpiOff=0.000,1874,7458,"RacePacingRejected, RACE action=reject_survival:6654;RacePacingRejected, RACE action=reject_pacing:801;ReplacementNotAllowed:3"
2026-09-16T05:02:43.3140474+00:00,2029090936,0.000000,0,1.000000,0.000000,0.000000,0.340000,SURVIVAL,SURVIVAL,NONE,H_t,reject_survival,phase=none;hMul=1.000;gMul=1.000;qMul=1.000;qAdd=0.000;rpiOff=0.000,1874,7458,"RacePacingRejected, RACE action=reject_survival:6654;RacePacingRejected, RACE action=reject_pacing:801;ReplacementNotAllowed:3"
2026-09-16T05:02:43.8146304+00:00,2029090936,0.000000,0,1.000000,0.000000,0.000000,0.340000,SURVIVAL,SURVIVAL,NONE,H_t,reject_survival,phase=none;hMul=1.000;gMul=1.000;qMul=1.000;qAdd=0.000;rpiOff=0.000,1874,7458,"RacePacingRejected, RACE action=reject_survival:6654;RacePacingRejected, RACE action=reject_pacing:801;ReplacementNotAllowed:3"
2026-09-16T05:02:44.3141047+00:00,2029140024,0.000000,0,1.000000,0.000000,0.000000,0.340000,SURVIVAL,SURVIVAL,NONE,H_t,reject_survival,phase=none;hMul=1.000;gMul=1.000;qMul=1.000;qAdd=0.000;rpiOff=0.000,1874,7458,"RacePacingRejected, RACE action=reject_survival:6654;RacePacingRejected, RACE action=reject_pacing:801;ReplacementNotAllowed:3"
2026-09-16T05:02:44.8146066+00:00,2029140024,0.000000,0,1.000000,0.000000,0.000000,0.340000,SURVIVAL,SURVIVAL,NONE,H_t,reject_survival,phase=none;hMul=1.000;gMul=1.000;qMul=1.000;qAdd=0.000;rpiOff=0.000,1874,7458,"RacePacingRejected, RACE action=reject_survival:6654;RacePacingRejected, RACE action=reject_pacing:801;ReplacementNotAllowed:3"
2026-09-16T05:02:45.3139213+00:00,2029214040,0.000000,0,1.000000,0.000000,0.000000,0.340000,SURVIVAL,SURVIVAL,NONE,H_t,reject_survival,phase=none;hMul=1.000;gMul=1.000;qMul=1.000;qAdd=0.000;rpiOff=0.000,1874,7458,"RacePacingRejected, RACE action=reject_survival:6654;RacePacingRejected, RACE action=reject_pacing:801;ReplacementNotAllowed:3"
2026-09-16T05:02:45.8144539+00:00,2029214040,0.000000,0,1.000000,0.000000,0.000000,0.340000,SURVIVAL,SURVIVAL,NONE,H_t,reject_survival,phase=none;hMul=1.000;gMul=1.000;qMul=1.000;qAdd=0.000;rpiOff=0.000,1874,7458,"RacePacingRejected, RACE action=reject_survival:6654;RacePacingRejected, RACE action=reject_pacing:801;ReplacementNotAllowed:3"
2026-09-16T05:02:46.3140133+00:00,2029262872,0.000000,0,1.000000,0.000000,0.000000,0.340000,SURVIVAL,SURVIVAL,NONE,H_t,reject_survival,phase=none;hMul=1.000;gMul=1.000;qMul=1.000;qAdd=0.000;rpiOff=0.000,1874,7458,"RacePacingRejected, RACE action=reject_survival:6654;RacePacingRejected, RACE action=reject_pacing:801;ReplacementNotAllowed:3"
2026-09-16T05:02:46.8148049+00:00,2029271096,0.000000,0,1.000000,0.000000,0.000000,0.340000,SURVIVAL,SURVIVAL,NONE,H_t,reject_survival,phase=none;hMul=1.000;gMul=1.000;qMul=1.000;qAdd=0.000;rpiOff=0.000,1874,7458,"RacePacingRejected, RACE action=reject_survival:6654;RacePacingRejected, RACE action=reject_pacing:801;ReplacementNotAllowed:3"
2026-09-16T05:02:47.3144197+00:00,2029353080,0.000000,0,1.000000,0.000000,0.000000,0.340000,SURVIVAL,SURVIVAL,NONE,H_t,reject_survival,phase=none;hMul=1.000;gMul=1.000;qMul=1.000;qAdd=0.000;rpiOff=0.000,1874,7458,"RacePacingRejected, RACE action=reject_survival:6654;RacePacingRejected, RACE action=reject_pacing:801;ReplacementNotAllowed:3"
2026-09-16T05:02:47.8139885+00:00,2029353080,0.000000,0,1.000000,0.000000,0.000000,0.340000,SURVIVAL,SURVIVAL,NONE,H_t,reject_survival,phase=none;hMul=1.000;gMul=1.000;qMul=1.000;qAdd=0.000;rpiOff=0.000,1874,7458,"RacePacingRejected, RACE action=reject_survival:6654;RacePacingRejected, RACE action=reject_pacing:801;ReplacementNotAllowed:3"
2026-09-16T05:02:48.3145006+00:00,2029410392,0.000000,0,1.000000,0.000000,0.000000,0.340000,SURVIVAL,SURVIVAL,NONE,H_t,reject_survival,phase=none;hMul=1.000;gMul=1.000;qMul=1.000;qAdd=0.000;rpiOff=0.000,1874,7458,"RacePacingRejected, RACE action=reject_survival:6654;RacePacingRejected, RACE action=reject_pacing:801;ReplacementNotAllowed:3"
2026-09-16T05:02:48.8140337+00:00,2029410392,0.000000,0,1.000000,0.000000,0.000000,0.340000,SURVIVAL,SURVIVAL,NONE,H_t,reject_survival,phase=none;hMul=1.000;gMul=1.000;qMul=1.000;qAdd=0.000;rpiOff=0.000,1874,7458,"RacePacingRejected, RACE action=reject_survival:6654;RacePacingRejected, RACE action=reject_pacing:801;ReplacementNotAllowed:3"
2026-09-16T05:02:49.3145562+00:00,2029492376,0.000000,0,1.000000,0.000000,0.000000,0.340000,SURVIVAL,SURVIVAL,NONE,H_t,reject_survival,phase=none;hMul=1.000;gMul=1.000;qMul=1.000;qAdd=0.000;rpiOff=0.000,1874,7458,"RacePacingRejected, RACE action=reject_survival:6654;RacePacingRejected, RACE action=reject_pacing:801;ReplacementNotAllowed:3"
2026-09-16T05:02:49.8141853+00:00,2029500600,0.000000,0,1.000000,0.000000,0.000000,0.340000,SURVIVAL,SURVIVAL,NONE,H_t,reject_survival,phase=none;hMul=1.000;gMul=1.000;qMul=1.000;qAdd=0.000;rpiOff=0.000,1874,7458,"RacePacingRejected, RACE action=reject_survival:6654;RacePacingRejected, RACE action=reject_pacing:801;ReplacementNotAllowed:3"
2026-09-16T05:02:50.3146723+00:00,2029549432,0.000000,0,1.000000,0.000000,0.000000,0.340000,SURVIVAL,SURVIVAL,NONE,H_t,reject_survival,phase=none;hMul=1.000;gMul=1.000;qMul=1.000;qAdd=0.000;rpiOff=0.000,1874,7458,"RacePacingRejected, RACE action=reject_survival:6654;RacePacingRejected, RACE action=reject_pacing:801;ReplacementNotAllowed:3"
2026-09-16T05:02:50.8141465+00:00,2029557656,0.000000,0,1.000000,0.000000,0.000000,0.340000,SURVIVAL,SURVIVAL,NONE,H_t,reject_survival,phase=none;hMul=1.000;gMul=1.000;qMul=1.000;qAdd=0.000;rpiOff=0.000,1874,7458,"RacePacingRejected, RACE action=reject_survival:6654;RacePacingRejected, RACE action=reject_pacing:801;ReplacementNotAllowed:3"
2026-09-16T05:02:51.3146889+00:00,2029631672,0.000000,0,1.000000,0.000000,0.000000,0.340000,SURVIVAL,SURVIVAL,NONE,H_t,reject_survival,phase=none;hMul=1.000;gMul=1.000;qMul=1.000;qAdd=0.000;rpiOff=0.000,1874,7458,"RacePacingRejected, RACE action=reject_survival:6654;RacePacingRejected, RACE action=reject_pacing:801;ReplacementNotAllowed:3"
2026-09-16T05:02:51.8143168+00:00,2029639896,0.000000,0,1.000000,0.000000,0.000000,0.340000,SURVIVAL,SURVIVAL,NONE,H_t,reject_survival,phase=none;hMul=1.000;gMul=1.000;qMul=1.000;qAdd=0.000;rpiOff=0.000,1874,7458,"RacePacingRejected, RACE action=reject_survival:6654;RacePacingRejected, RACE action=reject_pacing:801;ReplacementNotAllowed:3"
2026-09-16T05:02:52.3139478+00:00,2029697464,0.000000,0,1.000000,0.000000,0.000000,0.340000,SURVIVAL,SURVIVAL,NONE,H_t,reject_survival,phase=none;hMul=1.000;gMul=1.000;qMul=1.000;qAdd=0.000;rpiOff=0.000,1874,7458,"RacePacingRejected, RACE action=reject_survival:6654;RacePacingRejected, RACE action=reject_pacing:801;ReplacementNotAllowed:3"
2026-09-16T05:02:52.8145910+00:00,2029697464,0.000000,0,1.000000,0.000000,0.000000,0.340000,SURVIVAL,SURVIVAL,NONE,H_t,reject_survival,phase=none;hMul=1.000;gMul=1.000;qMul=1.000;qAdd=0.000;rpiOff=0.000,1874,7458,"RacePacingRejected, RACE action=reject_survival:6654;RacePacingRejected, RACE action=reject_pacing:801;ReplacementNotAllowed:3"
2026-09-16T05:02:53.3139111+00:00,2029770968,0.000000,0,1.000000,0.000000,0.000000,0.340000,SURVIVAL,SURVIVAL,NONE,H_t,reject_survival,phase=none;hMul=1.000;gMul=1.000;qMul=1.000;qAdd=0.000;rpiOff=0.000,1874,7458,"RacePacingRejected, RACE action=reject_survival:6654;RacePacingRejected, RACE action=reject_pacing:801;ReplacementNotAllowed:3"
2026-09-16T05:02:53.8144643+00:00,2029779192,0.000000,0,1.000000,0.000000,0.000000,0.340000,SURVIVAL,SURVIVAL,NONE,H_t,reject_survival,phase=none;hMul=1.000;gMul=1.000;qMul=1.000;qAdd=0.000;rpiOff=0.000,1874,7458,"RacePacingRejected, RACE action=reject_survival:6654;RacePacingRejected, RACE action=reject_pacing:801;ReplacementNotAllowed:3"
2026-09-16T05:02:54.3147453+00:00,2029860920,0.000000,0,1.000000,0.000000,0.000000,0.340000,SURVIVAL,SURVIVAL,NONE,H_t,reject_survival,phase=none;hMul=1.000;gMul=1.000;qMul=1.000;qAdd=0.000;rpiOff=0.000,1874,7458,"RacePacingRejected, RACE action=reject_survival:6654;RacePacingRejected, RACE action=reject_pacing:801;ReplacementNotAllowed:3"
2026-09-16T05:02:54.8143406+00:00,2029860920,0.000000,0,1.000000,0.000000,0.000000,0.340000,SURVIVAL,SURVIVAL,NONE,H_t,reject_survival,phase=none;hMul=1.000;gMul=1.000;qMul=1.000;qAdd=0.000;rpiOff=0.000,1874,7458,"RacePacingRejected, RACE action=reject_survival:6654;RacePacingRejected, RACE action=reject_pacing:801;ReplacementNotAllowed:3"
2026-09-16T05:02:55.3141305+00:00,2029910264,0.000000,0,1.000000,0.000000,0.000000,0.340000,SURVIVAL,SURVIVAL,NONE,H_t,reject_survival,phase=none;hMul=1.000;gMul=1.000;qMul=1.000;qAdd=0.000;rpiOff=0.000,1874,7458,"RacePacingRejected, RACE action=reject_survival:6654;RacePacingRejected, RACE action=reject_pacing:801;ReplacementNotAllowed:3"
2026-09-16T05:02:55.8147212+00:00,2029918488,0.000000,0,1.000000,0.000000,0.000000,0.340000,SURVIVAL,SURVIVAL,NONE,H_t,reject_survival,phase=none;hMul=1.000;gMul=1.000;qMul=1.000;qAdd=0.000;rpiOff=0.000,1874,7458,"RacePacingRejected, RACE action=reject_survival:6654;RacePacingRejected, RACE action=reject_pacing:801;ReplacementNotAllowed:3"
2026-09-16T05:02:56.3145494+00:00,2030000472,0.000000,0,1.000000,0.000000,0.000000,0.340000,SURVIVAL,SURVIVAL,NONE,H_t,reject_survival,phase=none;hMul=1.000;gMul=1.000;qMul=1.000;qAdd=0.000;rpiOff=0.000,1874,7458,"RacePacingRejected, RACE action=reject_survival:6654;RacePacingRejected, RACE action=reject_pacing:801;ReplacementNotAllowed:3"
2026-09-16T05:02:56.8143540+00:00,2030000472,0.000000,0,1.000000,0.000000,0.000000,0.340000,SURVIVAL,SURVIVAL,NONE,H_t,reject_survival,phase=none;hMul=1.000;gMul=1.000;qMul=1.000;qAdd=0.000;rpiOff=0.000,1874,7458,"RacePacingRejected, RACE action=reject_survival:6654;RacePacingRejected, RACE action=reject_pacing:801;ReplacementNotAllowed:3"
2026-09-16T05:02:57.3142505+00:00,2030041336,0.000000,0,1.000000,0.000000,0.000000,0.340000,SURVIVAL,SURVIVAL,NONE,H_t,reject_survival,phase=none;hMul=1.000;gMul=1.000;qMul=1.000;qAdd=0.000;rpiOff=0.000,1874,7458,"RacePacingRejected, RACE action=reject_survival:6654;RacePacingRejected, RACE action=reject_pacing:801;ReplacementNotAllowed:3"
2026-09-16T05:02:57.8147520+00:00,2030049304,0.000000,0,1.000000,0.000000,0.000000,0.340000,SURVIVAL,SURVIVAL,NONE,H_t,reject_survival,phase=none;hMul=1.000;gMul=1.000;qMul=1.000;qAdd=0.000;rpiOff=0.000,1874,7458,"RacePacingRejected, RACE action=reject_survival:6654;RacePacingRejected, RACE action=reject_pacing:801;ReplacementNotAllowed:3"
2026-09-16T05:02:58.3147190+00:00,2030139768,0.000000,0,1.000000,0.000000,0.000000,0.340000,SURVIVAL,SURVIVAL,NONE,H_t,reject_survival,phase=none;hMul=1.000;gMul=1.000;qMul=1.000;qAdd=0.000;rpiOff=0.000,1874,7458,"RacePacingRejected, RACE action=reject_survival:6654;RacePacingRejected, RACE action=reject_pacing:801;ReplacementNotAllowed:3"
2026-09-16T05:02:58.8142218+00:00,2030139768,0.000000,0,1.000000,0.000000,0.000000,0.340000,SURVIVAL,SURVIVAL,NONE,H_t,reject_survival,phase=none;hMul=1.000;gMul=1.000;qMul=1.000;qAdd=0.000;rpiOff=0.000,1874,7458,"RacePacingRejected, RACE action=reject_survival:6654;RacePacingRejected, RACE action=reject_pacing:801;ReplacementNotAllowed:3"
2026-09-16T05:02:59.3147172+00:00,2030180632,0.000000,0,1.000000,0.000000,0.000000,0.340000,SURVIVAL,SURVIVAL,NONE,H_t,reject_survival,phase=none;hMul=1.000;gMul=1.000;qMul=1.000;qAdd=0.000;rpiOff=0.000,1874,7458,"RacePacingRejected, RACE action=reject_survival:6654;RacePacingRejected, RACE action=reject_pacing:801;ReplacementNotAllowed:3"
2026-09-16T05:02:59.8142823+00:00,2030188856,0.000000,0,1.000000,0.000000,0.000000,0.340000,SURVIVAL,SURVIVAL,NONE,H_t,reject_survival,phase=none;hMul=1.000;gMul=1.000;qMul=1.000;qAdd=0.000;rpiOff=0.000,1874,7458,"RacePacingRejected, RACE action=reject_survival:6654;RacePacingRejected, RACE action=reject_pacing:801;ReplacementNotAllowed:3"
2026-09-16T05:03:00.3139562+00:00,2030270312,0.000000,0,1.000000,0.000000,0.000000,0.340000,SURVIVAL,SURVIVAL,NONE,H_t,reject_survival,phase=none;hMul=1.000;gMul=1.000;qMul=1.000;qAdd=0.000;rpiOff=0.000,1874,7458,"RacePacingRejected, RACE action=reject_survival:6654;RacePacingRejected, RACE action=reject_pacing:801;ReplacementNotAllowed:3"
2026-09-16T05:03:00.8146391+00:00,2030270312,0.000000,0,1.000000,0.000000,0.000000,0.340000,SURVIVAL,SURVIVAL,NONE,H_t,reject_survival,phase=none;hMul=1.000;gMul=1.000;qMul=1.000;qAdd=0.000;rpiOff=0.000,1874,7458,"RacePacingRejected, RACE action=reject_survival:6654;RacePacingRejected, RACE action=reject_pacing:801;ReplacementNotAllowed:3"
2026-09-16T05:03:01.3142186+00:00,2030327624,0.000000,0,1.000000,0.000000,0.000000,0.340000,SURVIVAL,SURVIVAL,NONE,H_t,reject_survival,phase=none;hMul=1.000;gMul=1.000;qMul=1.000;qAdd=0.000;rpiOff=0.000,1874,7458,"RacePacingRejected, RACE action=reject_survival:6654;RacePacingRejected, RACE action=reject_pacing:801;ReplacementNotAllowed:3"
2026-09-16T05:03:01.8138496+00:00,2030335848,0.000000,0,1.000000,0.000000,0.000000,0.340000,SURVIVAL,SURVIVAL,NONE,H_t,reject_survival,phase=none;hMul=1.000;gMul=1.000;qMul=1.000;qAdd=0.000;rpiOff=0.000,1874,7458,"RacePacingRejected, RACE action=reject_survival:6654;RacePacingRejected, RACE action=reject_pacing:801;ReplacementNotAllowed:3"
2026-09-16T05:03:02.3144522+00:00,2030409608,0.000000,0,1.000000,0.000000,0.000000,0.340000,SURVIVAL,SURVIVAL,NONE,H_t,reject_survival,phase=none;hMul=1.000;gMul=1.000;qMul=1.000;qAdd=0.000;rpiOff=0.000,1874,7458,"RacePacingRejected, RACE action=reject_survival:6654;RacePacingRejected, RACE action=reject_pacing:801;ReplacementNotAllowed:3"
2026-09-16T05:03:02.8140239+00:00,2030417832,0.000000,0,1.000000,0.000000,0.000000,0.340000,SURVIVAL,SURVIVAL,NONE,H_t,reject_survival,phase=none;hMul=1.000;gMul=1.000;qMul=1.000;qAdd=0.000;rpiOff=0.000,1874,7458,"RacePacingRejected, RACE action=reject_survival:6654;RacePacingRejected, RACE action=reject_pacing:801;ReplacementNotAllowed:3"
2026-09-16T05:03:03.3145482+00:00,2030466920,0.000000,0,1.000000,0.000000,0.000000,0.340000,SURVIVAL,SURVIVAL,NONE,H_t,reject_survival,phase=none;hMul=1.000;gMul=1.000;qMul=1.000;qAdd=0.000;rpiOff=0.000,1874,7458,"RacePacingRejected, RACE action=reject_survival:6654;RacePacingRejected, RACE action=reject_pacing:801;ReplacementNotAllowed:3"
2026-09-16T05:03:03.8140616+00:00,2030475144,0.000000,0,1.000000,0.000000,0.000000,0.340000,SURVIVAL,SURVIVAL,NONE,H_t,reject_survival,phase=none;hMul=1.000;gMul=1.000;qMul=1.000;qAdd=0.000;rpiOff=0.000,1874,7458,"RacePacingRejected, RACE action=reject_survival:6654;RacePacingRejected, RACE action=reject_pacing:801;ReplacementNotAllowed:3"
2026-09-16T05:03:04.3145627+00:00,2030556872,0.000000,0,1.000000,0.000000,0.000000,0.340000,SURVIVAL,SURVIVAL,NONE,H_t,reject_survival,phase=none;hMul=1.000;gMul=1.000;qMul=1.000;qAdd=0.000;rpiOff=0.000,1874,7458,"RacePacingRejected, RACE action=reject_survival:6654;RacePacingRejected, RACE action=reject_pacing:801;ReplacementNotAllowed:3"
2026-09-16T05:03:04.8140458+00:00,2030565096,0.000000,0,1.000000,0.000000,0.000000,0.340000,SURVIVAL,SURVIVAL,NONE,H_t,reject_survival,phase=none;hMul=1.000;gMul=1.000;qMul=1.000;qAdd=0.000;rpiOff=0.000,1874,7458,"RacePacingRejected, RACE action=reject_survival:6654;RacePacingRejected, RACE action=reject_pacing:801;ReplacementNotAllowed:3"
2026-09-16T05:03:05.3145985+00:00,2030614184,0.000000,0,1.000000,0.000000,0.000000,0.340000,SURVIVAL,SURVIVAL,NONE,H_t,reject_survival,phase=none;hMul=1.000;gMul=1.000;qMul=1.000;qAdd=0.000;rpiOff=0.000,1874,7458,"RacePacingRejected, RACE action=reject_survival:6654;RacePacingRejected, RACE action=reject_pacing:801;ReplacementNotAllowed:3"
2026-09-16T05:03:05.8140464+00:00,2030622408,0.000000,0,1.000000,0.000000,0.000000,0.340000,SURVIVAL,SURVIVAL,NONE,H_t,reject_survival,phase=none;hMul=1.000;gMul=1.000;qMul=1.000;qAdd=0.000;rpiOff=0.000,1874,7458,"RacePacingRejected, RACE action=reject_survival:6654;RacePacingRejected, RACE action=reject_pacing:801;ReplacementNotAllowed:3"
2026-09-16T05:03:06.3138266+00:00,2030687944,0.000000,0,1.000000,0.000000,0.000000,0.340000,SURVIVAL,SURVIVAL,NONE,H_t,reject_survival,phase=none;hMul=1.000;gMul=1.000;qMul=1.000;qAdd=0.000;rpiOff=0.000,1874,7458,"RacePacingRejected, RACE action=reject_survival:6654;RacePacingRejected, RACE action=reject_pacing:801;ReplacementNotAllowed:3"
2026-09-16T05:03:06.8145729+00:00,2030696168,0.000000,0,1.000000,0.000000,0.000000,0.340000,SURVIVAL,SURVIVAL,NONE,H_t,reject_survival,phase=none;hMul=1.000;gMul=1.000;qMul=1.000;qAdd=0.000;rpiOff=0.000,1874,7458,"RacePacingRejected, RACE action=reject_survival:6654;RacePacingRejected, RACE action=reject_pacing:801;ReplacementNotAllowed:3"
2026-09-16T05:03:07.3145481+00:00,2030786000,0.000000,0,1.000000,0.000000,0.000000,0.340000,SURVIVAL,SURVIVAL,NONE,H_t,reject_survival,phase=none;hMul=1.000;gMul=1.000;qMul=1.000;qAdd=0.000;rpiOff=0.000,1874,7458,"RacePacingRejected, RACE action=reject_survival:6654;RacePacingRejected, RACE action=reject_pacing:801;ReplacementNotAllowed:3"
2026-09-16T05:03:07.8140582+00:00,2030786000,0.000000,0,1.000000,0.000000,0.000000,0.340000,SURVIVAL,SURVIVAL,NONE,H_t,reject_survival,phase=none;hMul=1.000;gMul=1.000;qMul=1.000;qAdd=0.000;rpiOff=0.000,1874,7458,"RacePacingRejected, RACE action=reject_survival:6654;RacePacingRejected, RACE action=reject_pacing:801;ReplacementNotAllowed:3"
2026-09-16T05:03:08.3146103+00:00,2030843568,0.000000,0,1.000000,0.000000,0.000000,0.340000,SURVIVAL,SURVIVAL,NONE,H_t,reject_survival,phase=none;hMul=1.000;gMul=1.000;qMul=1.000;qAdd=0.000;rpiOff=0.000,1874,7458,"RacePacingRejected, RACE action=reject_survival:6654;RacePacingRejected, RACE action=reject_pacing:801;ReplacementNotAllowed:3"
2026-09-16T05:03:08.8141649+00:00,2030843568,0.000000,0,1.000000,0.000000,0.000000,0.340000,SURVIVAL,SURVIVAL,NONE,H_t,reject_survival,phase=none;hMul=1.000;gMul=1.000;qMul=1.000;qAdd=0.000;rpiOff=0.000,1874,7458,"RacePacingRejected, RACE action=reject_survival:6654;RacePacingRejected, RACE action=reject_pacing:801;ReplacementNotAllowed:3"
2026-09-16T05:03:09.3146569+00:00,2030917584,0.000000,0,1.000000,0.000000,0.000000,0.340000,SURVIVAL,SURVIVAL,NONE,H_t,reject_survival,phase=none;hMul=1.000;gMul=1.000;qMul=1.000;qAdd=0.000;rpiOff=0.000,1874,7458,"RacePacingRejected, RACE action=reject_survival:6654;RacePacingRejected, RACE action=reject_pacing:801;ReplacementNotAllowed:3"
2026-09-16T05:03:09.8141465+00:00,2030917584,0.000000,0,1.000000,0.000000,0.000000,0.340000,SURVIVAL,SURVIVAL,NONE,H_t,reject_survival,phase=none;hMul=1.000;gMul=1.000;qMul=1.000;qAdd=0.000;rpiOff=0.000,1874,7458,"RacePacingRejected, RACE action=reject_survival:6654;RacePacingRejected, RACE action=reject_pacing:801;ReplacementNotAllowed:3"
2026-09-16T05:03:10.3147531+00:00,2030966416,0.000000,0,1.000000,0.000000,0.000000,0.340000,SURVIVAL,SURVIVAL,NONE,H_t,reject_survival,phase=none;hMul=1.000;gMul=1.000;qMul=1.000;qAdd=0.000;rpiOff=0.000,1874,7458,"RacePacingRejected, RACE action=reject_survival:6654;RacePacingRejected, RACE action=reject_pacing:801;ReplacementNotAllowed:3"
2026-09-16T05:03:10.8140802+00:00,2030974640,0.000000,0,1.000000,0.000000,0.000000,0.340000,SURVIVAL,SURVIVAL,NONE,H_t,reject_survival,phase=none;hMul=1.000;gMul=1.000;qMul=1.000;qAdd=0.000;rpiOff=0.000,1874,7458,"RacePacingRejected, RACE action=reject_survival:6654;RacePacingRejected, RACE action=reject_pacing:801;ReplacementNotAllowed:3"
2026-09-16T05:03:11.3140363+00:00,2031089520,0.000000,0,1.000000,0.000000,0.000000,0.340000,SURVIVAL,SURVIVAL,NONE,H_t,reject_survival,phase=none;hMul=1.000;gMul=1.000;qMul=1.000;qAdd=0.000;rpiOff=0.000,1874,7458,"RacePacingRejected, RACE action=reject_survival:6654;RacePacingRejected, RACE action=reject_pacing:801;ReplacementNotAllowed:3"
2026-09-16T05:03:11.8144765+00:00,2031089520,0.000000,0,1.000000,0.000000,0.000000,0.340000,SURVIVAL,SURVIVAL,NONE,H_t,reject_survival,phase=none;hMul=1.000;gMul=1.000;qMul=1.000;qAdd=0.000;rpiOff=0.000,1874,7458,"RacePacingRejected, RACE action=reject_survival:6654;RacePacingRejected, RACE action=reject_pacing:801;ReplacementNotAllowed:3"
2026-09-16T05:03:12.3142239+00:00,2031146576,0.000000,0,1.000000,0.000000,0.000000,0.340000,SURVIVAL,SURVIVAL,NONE,H_t,reject_survival,phase=none;hMul=1.000;gMul=1.000;qMul=1.000;qAdd=0.000;rpiOff=0.000,1874,7458,"RacePacingRejected, RACE action=reject_survival:6654;RacePacingRejected, RACE action=reject_pacing:801;ReplacementNotAllowed:3"
2026-09-16T05:03:12.8138775+00:00,2031146576,0.000000,0,1.000000,0.000000,0.000000,0.340000,SURVIVAL,SURVIVAL,NONE,H_t,reject_survival,phase=none;hMul=1.000;gMul=1.000;qMul=1.000;qAdd=0.000;rpiOff=0.000,1874,7458,"RacePacingRejected, RACE action=reject_survival:6654;RacePacingRejected, RACE action=reject_pacing:801;ReplacementNotAllowed:3"
2026-09-16T05:03:13.3143860+00:00,2031220592,0.000000,0,1.000000,0.000000,0.000000,0.340000,SURVIVAL,SURVIVAL,NONE,H_t,reject_survival,phase=none;hMul=1.000;gMul=1.000;qMul=1.000;qAdd=0.000;rpiOff=0.000,1874,7458,"RacePacingRejected, RACE action=reject_survival:6654;RacePacingRejected, RACE action=reject_pacing:801;ReplacementNotAllowed:3"
2026-09-16T05:03:13.8138837+00:00,2031220592,0.000000,0,1.000000,0.000000,0.000000,0.340000,SURVIVAL,SURVIVAL,NONE,H_t,reject_survival,phase=none;hMul=1.000;gMul=1.000;qMul=1.000;qAdd=0.000;rpiOff=0.000,1874,7458,"RacePacingRejected, RACE action=reject_survival:6654;RacePacingRejected, RACE action=reject_pacing:801;ReplacementNotAllowed:3"
2026-09-16T05:03:14.3144612+00:00,2031286384,0.000000,0,1.000000,0.000000,0.000000,0.340000,SURVIVAL,SURVIVAL,NONE,H_t,reject_survival,phase=none;hMul=1.000;gMul=1.000;qMul=1.000;qAdd=0.000;rpiOff=0.000,1874,7458,"RacePacingRejected, RACE action=reject_survival:6654;RacePacingRejected, RACE action=reject_pacing:801;ReplacementNotAllowed:3"
2026-09-16T05:03:14.8139377+00:00,2031294608,0.000000,0,1.000000,0.000000,0.000000,0.340000,SURVIVAL,SURVIVAL,NONE,H_t,reject_survival,phase=none;hMul=1.000;gMul=1.000;qMul=1.000;qAdd=0.000;rpiOff=0.000,1874,7458,"RacePacingRejected, RACE action=reject_survival:6654;RacePacingRejected, RACE action=reject_pacing:801;ReplacementNotAllowed:3"
2026-09-16T05:03:15.3144190+00:00,2031450400,0.000000,0,1.000000,0.000000,0.000000,0.340000,SURVIVAL,SURVIVAL,NONE,H_t,reject_survival,phase=none;hMul=1.000;gMul=1.000;qMul=1.000;qAdd=0.000;rpiOff=0.000,1874,7458,"RacePacingRejected, RACE action=reject_survival:6654;RacePacingRejected, RACE action=reject_pacing:801;ReplacementNotAllowed:3"
2026-09-16T05:03:15.8138453+00:00,2031450400,0.000000,0,1.000000,0.000000,0.000000,0.340000,SURVIVAL,SURVIVAL,NONE,H_t,reject_survival,phase=none;hMul=1.000;gMul=1.000;qMul=1.000;qAdd=0.000;rpiOff=0.000,1874,7458,"RacePacingRejected, RACE action=reject_survival:6654;RacePacingRejected, RACE action=reject_pacing:801;ReplacementNotAllowed:3"
2026-09-16T05:03:16.3144772+00:00,2031507712,0.000000,0,1.000000,0.000000,0.000000,0.340000,SURVIVAL,SURVIVAL,NONE,H_t,reject_survival,phase=none;hMul=1.000;gMul=1.000;qMul=1.000;qAdd=0.000;rpiOff=0.000,1874,7458,"RacePacingRejected, RACE action=reject_survival:6654;RacePacingRejected, RACE action=reject_pacing:801;ReplacementNotAllowed:3"
2026-09-16T05:03:16.8143713+00:00,2031507712,0.000000,0,1.000000,0.000000,0.000000,0.340000,SURVIVAL,SURVIVAL,NONE,H_t,reject_survival,phase=none;hMul=1.000;gMul=1.000;qMul=1.000;qAdd=0.000;rpiOff=0.000,1874,7458,"RacePacingRejected, RACE action=reject_survival:6654;RacePacingRejected, RACE action=reject_pacing:801;ReplacementNotAllowed:3"
2026-09-16T05:03:17.3140721+00:00,2031597584,0.000000,0,1.000000,0.000000,0.000000,0.340000,SURVIVAL,SURVIVAL,NONE,H_t,reject_survival,phase=none;hMul=1.000;gMul=1.000;qMul=1.000;qAdd=0.000;rpiOff=0.000,1874,7458,"RacePacingRejected, RACE action=reject_survival:6654;RacePacingRejected, RACE action=reject_pacing:801;ReplacementNotAllowed:3"
2026-09-16T05:03:17.8146981+00:00,2031605552,0.000000,0,1.000000,0.000000,0.000000,0.340000,SURVIVAL,SURVIVAL,NONE,H_t,reject_survival,phase=none;hMul=1.000;gMul=1.000;qMul=1.000;qAdd=0.000;rpiOff=0.000,1874,7458,"RacePacingRejected, RACE action=reject_survival:6654;RacePacingRejected, RACE action=reject_pacing:801;ReplacementNotAllowed:3"
2026-09-16T05:03:18.3143416+00:00,2032046048,0.000000,0,1.000000,0.000000,0.000000,0.340000,SURVIVAL,SURVIVAL,NONE,H_t,reject_survival,phase=none;hMul=1.000;gMul=1.000;qMul=1.000;qAdd=0.000;rpiOff=0.000,1874,7458,"RacePacingRejected, RACE action=reject_survival:6654;RacePacingRejected, RACE action=reject_pacing:801;ReplacementNotAllowed:3"
2026-09-16T05:03:18.8138676+00:00,2032046048,0.000000,0,1.000000,0.000000,0.000000,0.340000,SURVIVAL,SURVIVAL,NONE,H_t,reject_survival,phase=none;hMul=1.000;gMul=1.000;qMul=1.000;qAdd=0.000;rpiOff=0.000,1874,7458,"RacePacingRejected, RACE action=reject_survival:6654;RacePacingRejected, RACE action=reject_pacing:801;ReplacementNotAllowed:3"
2026-09-16T05:03:19.3143157+00:00,2032103360,0.000000,0,1.000000,0.000000,0.000000,0.340000,SURVIVAL,SURVIVAL,NONE,H_t,reject_survival,phase=none;hMul=1.000;gMul=1.000;qMul=1.000;qAdd=0.000;rpiOff=0.000,1874,7458,"RacePacingRejected, RACE action=reject_survival:6654;RacePacingRejected, RACE action=reject_pacing:801;ReplacementNotAllowed:3"
2026-09-16T05:03:19.8138351+00:00,2032111584,0.000000,0,1.000000,0.000000,0.000000,0.340000,SURVIVAL,SURVIVAL,NONE,H_t,reject_survival,phase=none;hMul=1.000;gMul=1.000;qMul=1.000;qAdd=0.000;rpiOff=0.000,1874,7458,"RacePacingRejected, RACE action=reject_survival:6654;RacePacingRejected, RACE action=reject_pacing:801;ReplacementNotAllowed:3"
2026-09-16T05:03:20.3142524+00:00,2032177120,0.000000,0,1.000000,0.000000,0.000000,0.340000,SURVIVAL,SURVIVAL,NONE,H_t,reject_survival,phase=none;hMul=1.000;gMul=1.000;qMul=1.000;qAdd=0.000;rpiOff=0.000,1874,7458,"RacePacingRejected, RACE action=reject_survival:6654;RacePacingRejected, RACE action=reject_pacing:801;ReplacementNotAllowed:3"
2026-09-16T05:03:20.8138365+00:00,2032185344,0.000000,0,1.000000,0.000000,0.000000,0.340000,SURVIVAL,SURVIVAL,NONE,H_t,reject_survival,phase=none;hMul=1.000;gMul=1.000;qMul=1.000;qAdd=0.000;rpiOff=0.000,1874,7458,"RacePacingRejected, RACE action=reject_survival:6654;RacePacingRejected, RACE action=reject_pacing:801;ReplacementNotAllowed:3"
2026-09-16T05:03:21.3146541+00:00,2032234432,0.000000,0,1.000000,0.000000,0.000000,0.340000,SURVIVAL,SURVIVAL,NONE,H_t,reject_survival,phase=none;hMul=1.000;gMul=1.000;qMul=1.000;qAdd=0.000;rpiOff=0.000,1874,7458,"RacePacingRejected, RACE action=reject_survival:6654;RacePacingRejected, RACE action=reject_pacing:801;ReplacementNotAllowed:3"
2026-09-16T05:03:21.8141767+00:00,2032242656,0.000000,0,1.000000,0.000000,0.000000,0.340000,SURVIVAL,SURVIVAL,NONE,H_t,reject_survival,phase=none;hMul=1.000;gMul=1.000;qMul=1.000;qAdd=0.000;rpiOff=0.000,1874,7458,"RacePacingRejected, RACE action=reject_survival:6654;RacePacingRejected, RACE action=reject_pacing:801;ReplacementNotAllowed:3"
2026-09-16T05:03:22.3145579+00:00,2032316416,0.000000,0,1.000000,0.000000,0.000000,0.340000,SURVIVAL,SURVIVAL,NONE,H_t,reject_survival,phase=none;hMul=1.000;gMul=1.000;qMul=1.000;qAdd=0.000;rpiOff=0.000,1874,7458,"RacePacingRejected, RACE action=reject_survival:6654;RacePacingRejected, RACE action=reject_pacing:801;ReplacementNotAllowed:3"
2026-09-16T05:03:22.8140672+00:00,2032324640,0.000000,0,1.000000,0.000000,0.000000,0.340000,SURVIVAL,SURVIVAL,NONE,H_t,reject_survival,phase=none;hMul=1.000;gMul=1.000;qMul=1.000;qAdd=0.000;rpiOff=0.000,1874,7458,"RacePacingRejected, RACE action=reject_survival:6654;RacePacingRejected, RACE action=reject_pacing:801;ReplacementNotAllowed:3"
2026-09-16T05:03:23.3138911+00:00,2032373728,0.000000,0,1.000000,0.000000,0.000000,0.340000,SURVIVAL,SURVIVAL,NONE,H_t,reject_survival,phase=none;hMul=1.000;gMul=1.000;qMul=1.000;qAdd=0.000;rpiOff=0.000,1874,7458,"RacePacingRejected, RACE action=reject_survival:6654;RacePacingRejected, RACE action=reject_pacing:801;ReplacementNotAllowed:3"
2026-09-16T05:03:23.8144322+00:00,2032373728,0.000000,0,1.000000,0.000000,0.000000,0.340000,SURVIVAL,SURVIVAL,NONE,H_t,reject_survival,phase=none;hMul=1.000;gMul=1.000;qMul=1.000;qAdd=0.000;rpiOff=0.000,1874,7458,"RacePacingRejected, RACE action=reject_survival:6654;RacePacingRejected, RACE action=reject_pacing:801;ReplacementNotAllowed:3"
2026-09-16T05:03:24.3147192+00:00,2032447488,0.000000,0,1.000000,0.000000,0.000000,0.340000,SURVIVAL,SURVIVAL,NONE,H_t,reject_survival,phase=none;hMul=1.000;gMul=1.000;qMul=1.000;qAdd=0.000;rpiOff=0.000,1874,7458,"RacePacingRejected, RACE action=reject_survival:6654;RacePacingRejected, RACE action=reject_pacing:801;ReplacementNotAllowed:3"
2026-09-16T05:03:24.8142386+00:00,2032455712,0.000000,0,1.000000,0.000000,0.000000,0.340000,SURVIVAL,SURVIVAL,NONE,H_t,reject_survival,phase=none;hMul=1.000;gMul=1.000;qMul=1.000;qAdd=0.000;rpiOff=0.000,1874,7458,"RacePacingRejected, RACE action=reject_survival:6654;RacePacingRejected, RACE action=reject_pacing:801;ReplacementNotAllowed:3"
2026-09-16T05:03:25.3143108+00:00,2032537440,0.000000,0,1.000000,0.000000,0.000000,0.340000,SURVIVAL,SURVIVAL,NONE,H_t,reject_survival,phase=none;hMul=1.000;gMul=1.000;qMul=1.000;qAdd=0.000;rpiOff=0.000,1874,7458,"RacePacingRejected, RACE action=reject_survival:6654;RacePacingRejected, RACE action=reject_pacing:801;ReplacementNotAllowed:3"
2026-09-16T05:03:25.8138436+00:00,2032537440,0.000000,0,1.000000,0.000000,0.000000,0.340000,SURVIVAL,SURVIVAL,NONE,H_t,reject_survival,phase=none;hMul=1.000;gMul=1.000;qMul=1.000;qAdd=0.000;rpiOff=0.000,1874,7458,"RacePacingRejected, RACE action=reject_survival:6654;RacePacingRejected, RACE action=reject_pacing:801;ReplacementNotAllowed:3"
2026-09-16T05:03:26.3145700+00:00,2032586784,0.000000,0,1.000000,0.000000,0.000000,0.340000,SURVIVAL,SURVIVAL,NONE,H_t,reject_survival,phase=none;hMul=1.000;gMul=1.000;qMul=1.000;qAdd=0.000;rpiOff=0.000,1874,7458,"RacePacingRejected, RACE action=reject_survival:6654;RacePacingRejected, RACE action=reject_pacing:801;ReplacementNotAllowed:3"
2026-09-16T05:03:26.8143135+00:00,2032594752,0.000000,0,1.000000,0.000000,0.000000,0.340000,SURVIVAL,SURVIVAL,NONE,H_t,reject_survival,phase=none;hMul=1.000;gMul=1.000;qMul=1.000;qAdd=0.000;rpiOff=0.000,1874,7458,"RacePacingRejected, RACE action=reject_survival:6654;RacePacingRejected, RACE action=reject_pacing:801;ReplacementNotAllowed:3"
2026-09-16T05:03:27.3139408+00:00,2032676480,0.000000,0,1.000000,0.000000,0.000000,0.340000,SURVIVAL,SURVIVAL,NONE,H_t,reject_survival,phase=none;hMul=1.000;gMul=1.000;qMul=1.000;qAdd=0.000;rpiOff=0.000,1874,7458,"RacePacingRejected, RACE action=reject_survival:6654;RacePacingRejected, RACE action=reject_pacing:801;ReplacementNotAllowed:3"
2026-09-16T05:03:27.8145797+00:00,2032684704,0.000000,0,1.000000,0.000000,0.000000,0.340000,SURVIVAL,SURVIVAL,NONE,H_t,reject_survival,phase=none;hMul=1.000;gMul=1.000;qMul=1.000;qAdd=0.000;rpiOff=0.000,1874,7458,"RacePacingRejected, RACE action=reject_survival:6654;RacePacingRejected, RACE action=reject_pacing:801;ReplacementNotAllowed:3"
2026-09-16T05:03:28.3141915+00:00,2032742272,0.000000,0,1.000000,0.000000,0.000000,0.340000,SURVIVAL,SURVIVAL,NONE,H_t,reject_survival,phase=none;hMul=1.000;gMul=1.000;qMul=1.000;qAdd=0.000;rpiOff=0.000,1874,7458,"RacePacingRejected, RACE action=reject_survival:6654;RacePacingRejected, RACE action=reject_pacing:801;ReplacementNotAllowed:3"
2026-09-16T05:03:28.8147567+00:00,2032742272,0.000000,0,1.000000,0.000000,0.000000,0.340000,SURVIVAL,SURVIVAL,NONE,H_t,reject_survival,phase=none;hMul=1.000;gMul=1.000;qMul=1.000;qAdd=0.000;rpiOff=0.000,1874,7458,"RacePacingRejected, RACE action=reject_survival:6654;RacePacingRejected, RACE action=reject_pacing:801;ReplacementNotAllowed:3"
2026-09-16T05:03:29.3145684+00:00,2032832480,0.000000,0,1.000000,0.000000,0.000000,0.340000,SURVIVAL,SURVIVAL,NONE,H_t,reject_survival,phase=none;hMul=1.000;gMul=1.000;qMul=1.000;qAdd=0.000;rpiOff=0.000,1874,7458,"RacePacingRejected, RACE action=reject_survival:6654;RacePacingRejected, RACE action=reject_pacing:801;ReplacementNotAllowed:3"
2026-09-16T05:03:29.8141981+00:00,2032832480,0.000000,0,1.000000,0.000000,0.000000,0.340000,SURVIVAL,SURVIVAL,NONE,H_t,reject_survival,phase=none;hMul=1.000;gMul=1.000;qMul=1.000;qAdd=0.000;rpiOff=0.000,1874,7458,"RacePacingRejected, RACE action=reject_survival:6654;RacePacingRejected, RACE action=reject_pacing:801;ReplacementNotAllowed:3"
2026-09-16T05:03:30.3144835+00:00,2032906240,0.000000,0,1.000000,0.000000,0.000000,0.340000,SURVIVAL,SURVIVAL,NONE,H_t,reject_survival,phase=none;hMul=1.000;gMul=1.000;qMul=1.000;qAdd=0.000;rpiOff=0.000,1874,7458,"RacePacingRejected, RACE action=reject_survival:6654;RacePacingRejected, RACE action=reject_pacing:801;ReplacementNotAllowed:3"
2026-09-16T05:03:30.8140390+00:00,2032906240,0.000000,0,1.000000,0.000000,0.000000,0.340000,SURVIVAL,SURVIVAL,NONE,H_t,reject_survival,phase=none;hMul=1.000;gMul=1.000;qMul=1.000;qAdd=0.000;rpiOff=0.000,1874,7458,"RacePacingRejected, RACE action=reject_survival:6654;RacePacingRejected, RACE action=reject_pacing:801;ReplacementNotAllowed:3"
2026-09-16T05:03:31.3140000+00:00,2032963552,0.000000,0,1.000000,0.000000,0.000000,0.340000,SURVIVAL,SURVIVAL,NONE,H_t,reject_survival,phase=none;hMul=1.000;gMul=1.000;qMul=1.000;qAdd=0.000;rpiOff=0.000,1874,7458,"RacePacingRejected, RACE action=reject_survival:6654;RacePacingRejected, RACE action=reject_pacing:801;ReplacementNotAllowed:3"
2026-09-16T05:03:31.8146131+00:00,2032963552,0.000000,0,1.000000,0.000000,0.000000,0.340000,SURVIVAL,SURVIVAL,NONE,H_t,reject_survival,phase=none;hMul=1.000;gMul=1.000;qMul=1.000;qAdd=0.000;rpiOff=0.000,1874,7458,"RacePacingRejected, RACE action=reject_survival:6654;RacePacingRejected, RACE action=reject_pacing:801;ReplacementNotAllowed:3"
2026-09-16T05:03:32.3142732+00:00,2033045536,0.000000,0,1.000000,0.000000,0.000000,0.340000,SURVIVAL,SURVIVAL,NONE,H_t,reject_survival,phase=none;hMul=1.000;gMul=1.000;qMul=1.000;qAdd=0.000;rpiOff=0.000,1874,7458,"RacePacingRejected, RACE action=reject_survival:6654;RacePacingRejected, RACE action=reject_pacing:801;ReplacementNotAllowed:3"
2026-09-16T05:03:32.8138254+00:00,2033045536,0.000000,0,1.000000,0.000000,0.000000,0.340000,SURVIVAL,SURVIVAL,NONE,H_t,reject_survival,phase=none;hMul=1.000;gMul=1.000;qMul=1.000;qAdd=0.000;rpiOff=0.000,1874,7458,"RacePacingRejected, RACE action=reject_survival:6654;RacePacingRejected, RACE action=reject_pacing:801;ReplacementNotAllowed:3"
2026-09-16T05:03:33.3141385+00:00,2033110816,0.000000,0,1.000000,0.000000,0.000000,0.340000,SURVIVAL,SURVIVAL,NONE,H_t,reject_survival,phase=none;hMul=1.000;gMul=1.000;qMul=1.000;qAdd=0.000;rpiOff=0.000,1874,7458,"RacePacingRejected, RACE action=reject_survival:6654;RacePacingRejected, RACE action=reject_pacing:801;ReplacementNotAllowed:3"
2026-09-16T05:03:33.8146327+00:00,2033110816,0.000000,0,1.000000,0.000000,0.000000,0.340000,SURVIVAL,SURVIVAL,NONE,H_t,reject_survival,phase=none;hMul=1.000;gMul=1.000;qMul=1.000;qAdd=0.000;rpiOff=0.000,1874,7458,"RacePacingRejected, RACE action=reject_survival:6654;RacePacingRejected, RACE action=reject_pacing:801;ReplacementNotAllowed:3"
2026-09-16T05:03:34.3139500+00:00,2033184320,0.000000,0,1.000000,0.000000,0.000000,0.340000,SURVIVAL,SURVIVAL,NONE,H_t,reject_survival,phase=none;hMul=1.000;gMul=1.000;qMul=1.000;qAdd=0.000;rpiOff=0.000,1874,7458,"RacePacingRejected, RACE action=reject_survival:6654;RacePacingRejected, RACE action=reject_pacing:801;ReplacementNotAllowed:3"
2026-09-16T05:03:34.8144512+00:00,2033184320,0.000000,0,1.000000,0.000000,0.000000,0.340000,SURVIVAL,SURVIVAL,NONE,H_t,reject_survival,phase=none;hMul=1.000;gMul=1.000;qMul=1.000;qAdd=0.000;rpiOff=0.000,1874,7458,"RacePacingRejected, RACE action=reject_survival:6654;RacePacingRejected, RACE action=reject_pacing:801;ReplacementNotAllowed:3"
2026-09-16T05:03:35.3147481+00:00,2033258080,0.000000,0,1.000000,0.000000,0.000000,0.340000,SURVIVAL,SURVIVAL,NONE,H_t,reject_survival,phase=none;hMul=1.000;gMul=1.000;qMul=1.000;qAdd=0.000;rpiOff=0.000,1874,7458,"RacePacingRejected, RACE action=reject_survival:6654;RacePacingRejected, RACE action=reject_pacing:801;ReplacementNotAllowed:3"
2026-09-16T05:03:35.8142323+00:00,2033266304,0.000000,0,1.000000,0.000000,0.000000,0.340000,SURVIVAL,SURVIVAL,NONE,H_t,reject_survival,phase=none;hMul=1.000;gMul=1.000;qMul=1.000;qAdd=0.000;rpiOff=0.000,1874,7458,"RacePacingRejected, RACE action=reject_survival:6654;RacePacingRejected, RACE action=reject_pacing:801;ReplacementNotAllowed:3"
2026-09-16T05:03:36.3147639+00:00,2033323872,0.000000,0,1.000000,0.000000,0.000000,0.340000,SURVIVAL,SURVIVAL,NONE,H_t,reject_survival,phase=none;hMul=1.000;gMul=1.000;qMul=1.000;qAdd=0.000;rpiOff=0.000,1874,7458,"RacePacingRejected, RACE action=reject_survival:6654;RacePacingRejected, RACE action=reject_pacing:801;ReplacementNotAllowed:3"
2026-09-16T05:03:36.8145269+00:00,2033331840,0.000000,0,1.000000,0.000000,0.000000,0.340000,SURVIVAL,SURVIVAL,NONE,H_t,reject_survival,phase=none;hMul=1.000;gMul=1.000;qMul=1.000;qAdd=0.000;rpiOff=0.000,1874,7458,"RacePacingRejected, RACE action=reject_survival:6654;RacePacingRejected, RACE action=reject_pacing:801;ReplacementNotAllowed:3"
2026-09-16T05:03:37.3140981+00:00,2033405856,0.000000,0,1.000000,0.000000,0.000000,0.340000,SURVIVAL,SURVIVAL,NONE,H_t,reject_survival,phase=none;hMul=1.000;gMul=1.000;qMul=1.000;qAdd=0.000;rpiOff=0.000,1874,7458,"RacePacingRejected, RACE action=reject_survival:6654;RacePacingRejected, RACE action=reject_pacing:801;ReplacementNotAllowed:3"
2026-09-16T05:03:37.8147381+00:00,2033405856,0.000000,0,1.000000,0.000000,0.000000,0.340000,SURVIVAL,SURVIVAL,NONE,H_t,reject_survival,phase=none;hMul=1.000;gMul=1.000;qMul=1.000;qAdd=0.000;rpiOff=0.000,1874,7458,"RacePacingRejected, RACE action=reject_survival:6654;RacePacingRejected, RACE action=reject_pacing:801;ReplacementNotAllowed:3"
2026-09-16T05:03:38.3141242+00:00,2033455200,0.000000,0,1.000000,0.000000,0.000000,0.340000,SURVIVAL,SURVIVAL,NONE,H_t,reject_survival,phase=none;hMul=1.000;gMul=1.000;qMul=1.000;qAdd=0.000;rpiOff=0.000,1874,7458,"RacePacingRejected, RACE action=reject_survival:6654;RacePacingRejected, RACE action=reject_pacing:801;ReplacementNotAllowed:3"
2026-09-16T05:03:38.8146261+00:00,2033463424,0.000000,0,1.000000,0.000000,0.000000,0.340000,SURVIVAL,SURVIVAL,NONE,H_t,reject_survival,phase=none;hMul=1.000;gMul=1.000;qMul=1.000;qAdd=0.000;rpiOff=0.000,1874,7458,"RacePacingRejected, RACE action=reject_survival:6654;RacePacingRejected, RACE action=reject_pacing:801;ReplacementNotAllowed:3"
2026-09-16T05:03:39.3141375+00:00,2033544896,0.000000,0,1.000000,0.000000,0.000000,0.340000,SURVIVAL,SURVIVAL,NONE,H_t,reject_survival,phase=none;hMul=1.000;gMul=1.000;qMul=1.000;qAdd=0.000;rpiOff=0.000,1874,7458,"RacePacingRejected, RACE action=reject_survival:6654;RacePacingRejected, RACE action=reject_pacing:801;ReplacementNotAllowed:3"
2026-09-16T05:03:39.8138134+00:00,2033544896,0.000000,0,1.000000,0.000000,0.000000,0.340000,SURVIVAL,SURVIVAL,NONE,H_t,reject_survival,phase=none;hMul=1.000;gMul=1.000;qMul=1.000;qAdd=0.000;rpiOff=0.000,1874,7458,"RacePacingRejected, RACE action=reject_survival:6654;RacePacingRejected, RACE action=reject_pacing:801;ReplacementNotAllowed:3"
2026-09-16T05:03:40.3142706+00:00,2033594240,0.000000,0,1.000000,0.000000,0.000000,0.340000,SURVIVAL,SURVIVAL,NONE,H_t,reject_survival,phase=none;hMul=1.000;gMul=1.000;qMul=1.000;qAdd=0.000;rpiOff=0.000,1874,7458,"RacePacingRejected, RACE action=reject_survival:6654;RacePacingRejected, RACE action=reject_pacing:801;ReplacementNotAllowed:3"
2026-09-16T05:03:40.8147572+00:00,2033594240,0.000000,0,1.000000,0.000000,0.000000,0.340000,SURVIVAL,SURVIVAL,NONE,H_t,reject_survival,phase=none;hMul=1.000;gMul=1.000;qMul=1.000;qAdd=0.000;rpiOff=0.000,1874,7458,"RacePacingRejected, RACE action=reject_survival:6654;RacePacingRejected, RACE action=reject_pacing:801;ReplacementNotAllowed:3"
2026-09-16T05:03:41.3143398+00:00,2033676480,0.000000,0,1.000000,0.000000,0.000000,0.340000,SURVIVAL,SURVIVAL,NONE,H_t,reject_survival,phase=none;hMul=1.000;gMul=1.000;qMul=1.000;qAdd=0.000;rpiOff=0.000,1874,7458,"RacePacingRejected, RACE action=reject_survival:6654;RacePacingRejected, RACE action=reject_pacing:801;ReplacementNotAllowed:3"
2026-09-16T05:03:41.8138702+00:00,2033676480,0.000000,0,1.000000,0.000000,0.000000,0.340000,SURVIVAL,SURVIVAL,NONE,H_t,reject_survival,phase=none;hMul=1.000;gMul=1.000;qMul=1.000;qAdd=0.000;rpiOff=0.000,1874,7458,"RacePacingRejected, RACE action=reject_survival:6654;RacePacingRejected, RACE action=reject_pacing:801;ReplacementNotAllowed:3"
2026-09-16T05:03:42.3146785+00:00,2033733536,0.000000,0,1.000000,0.000000,0.000000,0.340000,SURVIVAL,SURVIVAL,NONE,H_t,reject_survival,phase=none;hMul=1.000;gMul=1.000;qMul=1.000;qAdd=0.000;rpiOff=0.000,1874,7458,"RacePacingRejected, RACE action=reject_survival:6654;RacePacingRejected, RACE action=reject_pacing:801;ReplacementNotAllowed:3"
2026-09-16T05:03:42.8143567+00:00,2033733536,0.000000,0,1.000000,0.000000,0.000000,0.340000,SURVIVAL,SURVIVAL,NONE,H_t,reject_survival,phase=none;hMul=1.000;gMul=1.000;qMul=1.000;qAdd=0.000;rpiOff=0.000,1874,7458,"RacePacingRejected, RACE action=reject_survival:6654;RacePacingRejected, RACE action=reject_pacing:801;ReplacementNotAllowed:3"
2026-09-16T05:03:43.3147050+00:00,2033807296,0.000000,0,1.000000,0.000000,0.000000,0.340000,SURVIVAL,SURVIVAL,NONE,H_t,reject_survival,phase=none;hMul=1.000;gMul=1.000;qMul=1.000;qAdd=0.000;rpiOff=0.000,1874,7458,"RacePacingRejected, RACE action=reject_survival:6654;RacePacingRejected, RACE action=reject_pacing:801;ReplacementNotAllowed:3"
2026-09-16T05:03:43.8143202+00:00,2033807296,0.000000,0,1.000000,0.000000,0.000000,0.340000,SURVIVAL,SURVIVAL,NONE,H_t,reject_survival,phase=none;hMul=1.000;gMul=1.000;qMul=1.000;qAdd=0.000;rpiOff=0.000,1874,7458,"RacePacingRejected, RACE action=reject_survival:6654;RacePacingRejected, RACE action=reject_pacing:801;ReplacementNotAllowed:3"
2026-09-16T05:03:44.3139266+00:00,2033864864,0.000000,0,1.000000,0.000000,0.000000,0.340000,SURVIVAL,SURVIVAL,NONE,H_t,reject_survival,phase=none;hMul=1.000;gMul=1.000;qMul=1.000;qAdd=0.000;rpiOff=0.000,1874,7458,"RacePacingRejected, RACE action=reject_survival:6654;RacePacingRejected, RACE action=reject_pacing:801;ReplacementNotAllowed:3"
2026-09-16T05:03:44.8145290+00:00,2033873088,0.000000,0,1.000000,0.000000,0.000000,0.340000,SURVIVAL,SURVIVAL,NONE,H_t,reject_survival,phase=none;hMul=1.000;gMul=1.000;qMul=1.000;qAdd=0.000;rpiOff=0.000,1874,7458,"RacePacingRejected, RACE action=reject_survival:6654;RacePacingRejected, RACE action=reject_pacing:801;ReplacementNotAllowed:3"
2026-09-16T05:03:45.3138649+00:00,2033946592,0.000000,0,1.000000,0.000000,0.000000,0.340000,SURVIVAL,SURVIVAL,NONE,H_t,reject_survival,phase=none;hMul=1.000;gMul=1.000;qMul=1.000;qAdd=0.000;rpiOff=0.000,1874,7458,"RacePacingRejected, RACE action=reject_survival:6654;RacePacingRejected, RACE action=reject_pacing:801;ReplacementNotAllowed:3"
2026-09-16T05:03:45.8144139+00:00,2033946592,0.000000,0,1.000000,0.000000,0.000000,0.340000,SURVIVAL,SURVIVAL,NONE,H_t,reject_survival,phase=none;hMul=1.000;gMul=1.000;qMul=1.000;qAdd=0.000;rpiOff=0.000,1874,7458,"RacePacingRejected, RACE action=reject_survival:6654;RacePacingRejected, RACE action=reject_pacing:801;ReplacementNotAllowed:3"
2026-09-16T05:03:46.3142639+00:00,2034036504,0.000000,0,1.000000,0.000000,0.000000,0.340000,SURVIVAL,SURVIVAL,NONE,H_t,reject_survival,phase=none;hMul=1.000;gMul=1.000;qMul=1.000;qAdd=0.000;rpiOff=0.000,1874,7458,"RacePacingRejected, RACE action=reject_survival:6654;RacePacingRejected, RACE action=reject_pacing:801;ReplacementNotAllowed:3"
2026-09-16T05:03:46.8139261+00:00,2034044728,0.000000,0,1.000000,0.000000,0.000000,0.340000,SURVIVAL,SURVIVAL,NONE,H_t,reject_survival,phase=none;hMul=1.000;gMul=1.000;qMul=1.000;qAdd=0.000;rpiOff=0.000,1874,7458,"RacePacingRejected, RACE action=reject_survival:6654;RacePacingRejected, RACE action=reject_pacing:801;ReplacementNotAllowed:3"
2026-09-16T05:03:47.3146441+00:00,2034093560,0.000000,0,1.000000,0.000000,0.000000,0.340000,SURVIVAL,SURVIVAL,NONE,H_t,reject_survival,phase=none;hMul=1.000;gMul=1.000;qMul=1.000;qAdd=0.000;rpiOff=0.000,1874,7458,"RacePacingRejected, RACE action=reject_survival:6654;RacePacingRejected, RACE action=reject_pacing:801;ReplacementNotAllowed:3"
2026-09-16T05:03:47.8141042+00:00,2034093560,0.000000,0,1.000000,0.000000,0.000000,0.340000,SURVIVAL,SURVIVAL,NONE,H_t,reject_survival,phase=none;hMul=1.000;gMul=1.000;qMul=1.000;qAdd=0.000;rpiOff=0.000,1874,7458,"RacePacingRejected, RACE action=reject_survival:6654;RacePacingRejected, RACE action=reject_pacing:801;ReplacementNotAllowed:3"
2026-09-16T05:03:48.3144889+00:00,2034175800,0.000000,0,1.000000,0.000000,0.000000,0.340000,SURVIVAL,SURVIVAL,NONE,H_t,reject_survival,phase=none;hMul=1.000;gMul=1.000;qMul=1.000;qAdd=0.000;rpiOff=0.000,1874,7458,"RacePacingRejected, RACE action=reject_survival:6654;RacePacingRejected, RACE action=reject_pacing:801;ReplacementNotAllowed:3"
2026-09-16T05:03:48.8139677+00:00,2034184024,0.000000,0,1.000000,0.000000,0.000000,0.340000,SURVIVAL,SURVIVAL,NONE,H_t,reject_survival,phase=none;hMul=1.000;gMul=1.000;qMul=1.000;qAdd=0.000;rpiOff=0.000,1874,7458,"RacePacingRejected, RACE action=reject_survival:6654;RacePacingRejected, RACE action=reject_pacing:801;ReplacementNotAllowed:3"
2026-09-16T05:03:49.3147785+00:00,2034224888,0.000000,0,1.000000,0.000000,0.000000,0.340000,SURVIVAL,SURVIVAL,NONE,H_t,reject_survival,phase=none;hMul=1.000;gMul=1.000;qMul=1.000;qAdd=0.000;rpiOff=0.000,1874,7458,"RacePacingRejected, RACE action=reject_survival:6654;RacePacingRejected, RACE action=reject_pacing:801;ReplacementNotAllowed:3"
2026-09-16T05:03:49.8142438+00:00,2034232856,0.000000,0,1.000000,0.000000,0.000000,0.340000,SURVIVAL,SURVIVAL,NONE,H_t,reject_survival,phase=none;hMul=1.000;gMul=1.000;qMul=1.000;qAdd=0.000;rpiOff=0.000,1874,7458,"RacePacingRejected, RACE action=reject_survival:6654;RacePacingRejected, RACE action=reject_pacing:801;ReplacementNotAllowed:3"
2026-09-16T05:03:50.3147118+00:00,2034306616,0.000000,0,1.000000,0.000000,0.000000,0.340000,SURVIVAL,SURVIVAL,NONE,H_t,reject_survival,phase=none;hMul=1.000;gMul=1.000;qMul=1.000;qAdd=0.000;rpiOff=0.000,1874,7458,"RacePacingRejected, RACE action=reject_survival:6654;RacePacingRejected, RACE action=reject_pacing:801;ReplacementNotAllowed:3"
2026-09-16T05:03:50.8143170+00:00,2034314840,0.000000,0,1.000000,0.000000,0.000000,0.340000,SURVIVAL,SURVIVAL,NONE,H_t,reject_survival,phase=none;hMul=1.000;gMul=1.000;qMul=1.000;qAdd=0.000;rpiOff=0.000,1874,7458,"RacePacingRejected, RACE action=reject_survival:6654;RacePacingRejected, RACE action=reject_pacing:801;ReplacementNotAllowed:3"
2026-09-16T05:03:51.3138699+00:00,2034380632,0.000000,0,1.000000,0.000000,0.000000,0.340000,SURVIVAL,SURVIVAL,NONE,H_t,reject_survival,phase=none;hMul=1.000;gMul=1.000;qMul=1.000;qAdd=0.000;rpiOff=0.000,1874,7458,"RacePacingRejected, RACE action=reject_survival:6654;RacePacingRejected, RACE action=reject_pacing:801;ReplacementNotAllowed:3"
2026-09-16T05:03:51.8143622+00:00,2034380632,0.000000,0,1.000000,0.000000,0.000000,0.340000,SURVIVAL,SURVIVAL,NONE,H_t,reject_survival,phase=none;hMul=1.000;gMul=1.000;qMul=1.000;qAdd=0.000;rpiOff=0.000,1874,7458,"RacePacingRejected, RACE action=reject_survival:6654;RacePacingRejected, RACE action=reject_pacing:801;ReplacementNotAllowed:3"
2026-09-16T05:03:52.3140497+00:00,2034454136,0.000000,0,1.000000,0.000000,0.000000,0.340000,SURVIVAL,SURVIVAL,NONE,H_t,reject_survival,phase=none;hMul=1.000;gMul=1.000;qMul=1.000;qAdd=0.000;rpiOff=0.000,1874,7458,"RacePacingRejected, RACE action=reject_survival:6654;RacePacingRejected, RACE action=reject_pacing:801;ReplacementNotAllowed:3"
2026-09-16T05:03:52.8147491+00:00,2034454136,0.000000,0,1.000000,0.000000,0.000000,0.340000,SURVIVAL,SURVIVAL,NONE,H_t,reject_survival,phase=none;hMul=1.000;gMul=1.000;qMul=1.000;qAdd=0.000;rpiOff=0.000,1874,7458,"RacePacingRejected, RACE action=reject_survival:6654;RacePacingRejected, RACE action=reject_pacing:801;ReplacementNotAllowed:3"
2026-09-16T05:03:53.3144214+00:00,2034527896,0.000000,0,1.000000,0.000000,0.000000,0.340000,SURVIVAL,SURVIVAL,NONE,H_t,reject_survival,phase=none;hMul=1.000;gMul=1.000;qMul=1.000;qAdd=0.000;rpiOff=0.000,1874,7458,"RacePacingRejected, RACE action=reject_survival:6654;RacePacingRejected, RACE action=reject_pacing:801;ReplacementNotAllowed:3"
2026-09-16T05:03:53.8140073+00:00,2034536120,0.000000,0,1.000000,0.000000,0.000000,0.340000,SURVIVAL,SURVIVAL,NONE,H_t,reject_survival,phase=none;hMul=1.000;gMul=1.000;qMul=1.000;qAdd=0.000;rpiOff=0.000,1874,7458,"RacePacingRejected, RACE action=reject_survival:6654;RacePacingRejected, RACE action=reject_pacing:801;ReplacementNotAllowed:3"
2026-09-16T05:03:54.3146110+00:00,2034585208,0.000000,0,1.000000,0.000000,0.000000,0.340000,SURVIVAL,SURVIVAL,NONE,H_t,reject_survival,phase=none;hMul=1.000;gMul=1.000;qMul=1.000;qAdd=0.000;rpiOff=0.000,1874,7458,"RacePacingRejected, RACE action=reject_survival:6654;RacePacingRejected, RACE action=reject_pacing:801;ReplacementNotAllowed:3"
2026-09-16T05:03:54.8140602+00:00,2034593176,0.000000,0,1.000000,0.000000,0.000000,0.340000,SURVIVAL,SURVIVAL,NONE,H_t,reject_survival,phase=none;hMul=1.000;gMul=1.000;qMul=1.000;qAdd=0.000;rpiOff=0.000,1874,7458,"RacePacingRejected, RACE action=reject_survival:6654;RacePacingRejected, RACE action=reject_pacing:801;ReplacementNotAllowed:3"
2026-09-16T05:03:55.3144300+00:00,2034658712,0.000000,0,1.000000,0.000000,0.000000,0.340000,SURVIVAL,SURVIVAL,NONE,H_t,reject_survival,phase=none;hMul=1.000;gMul=1.000;qMul=1.000;qAdd=0.000;rpiOff=0.000,1874,7458,"RacePacingRejected, RACE action=reject_survival:6654;RacePacingRejected, RACE action=reject_pacing:801;ReplacementNotAllowed:3"
2026-09-16T05:03:55.8138871+00:00,2034658712,0.000000,0,1.000000,0.000000,0.000000,0.340000,SURVIVAL,SURVIVAL,NONE,H_t,reject_survival,phase=none;hMul=1.000;gMul=1.000;qMul=1.000;qAdd=0.000;rpiOff=0.000,1874,7458,"RacePacingRejected, RACE action=reject_survival:6654;RacePacingRejected, RACE action=reject_pacing:801;ReplacementNotAllowed:3"
2026-09-16T05:03:56.3144146+00:00,2034708056,0.000000,0,1.000000,0.000000,0.000000,0.340000,SURVIVAL,SURVIVAL,NONE,H_t,reject_survival,phase=none;hMul=1.000;gMul=1.000;qMul=1.000;qAdd=0.000;rpiOff=0.000,1874,7458,"RacePacingRejected, RACE action=reject_survival:6654;RacePacingRejected, RACE action=reject_pacing:801;ReplacementNotAllowed:3"
2026-09-16T05:03:56.8140582+00:00,2034708056,0.000000,0,1.000000,0.000000,0.000000,0.340000,SURVIVAL,SURVIVAL,NONE,H_t,reject_survival,phase=none;hMul=1.000;gMul=1.000;qMul=1.000;qAdd=0.000;rpiOff=0.000,1874,7458,"RacePacingRejected, RACE action=reject_survival:6654;RacePacingRejected, RACE action=reject_pacing:801;ReplacementNotAllowed:3"
2026-09-16T05:03:57.3147480+00:00,2034789784,0.000000,0,1.000000,0.000000,0.000000,0.340000,SURVIVAL,SURVIVAL,NONE,H_t,reject_survival,phase=none;hMul=1.000;gMul=1.000;qMul=1.000;qAdd=0.000;rpiOff=0.000,1874,7458,"RacePacingRejected, RACE action=reject_survival:6654;RacePacingRejected, RACE action=reject_pacing:801;ReplacementNotAllowed:3"
2026-09-16T05:03:57.8143695+00:00,2034789784,0.000000,0,1.000000,0.000000,0.000000,0.340000,SURVIVAL,SURVIVAL,NONE,H_t,reject_survival,phase=none;hMul=1.000;gMul=1.000;qMul=1.000;qAdd=0.000;rpiOff=0.000,1874,7458,"RacePacingRejected, RACE action=reject_survival:6654;RacePacingRejected, RACE action=reject_pacing:801;ReplacementNotAllowed:3"
2026-09-16T05:03:58.3183610+00:00,2034855576,0.000000,0,1.000000,0.000000,0.000000,0.340000,SURVIVAL,SURVIVAL,NONE,H_t,reject_survival,phase=none;hMul=1.000;gMul=1.000;qMul=1.000;qAdd=0.000;rpiOff=0.000,1874,7458,"RacePacingRejected, RACE action=reject_survival:6654;RacePacingRejected, RACE action=reject_pacing:801;ReplacementNotAllowed:3"
2026-09-16T05:03:58.8139800+00:00,2034855576,0.000000,0,1.000000,0.000000,0.000000,0.340000,SURVIVAL,SURVIVAL,NONE,H_t,reject_survival,phase=none;hMul=1.000;gMul=1.000;qMul=1.000;qAdd=0.000;rpiOff=0.000,1874,7458,"RacePacingRejected, RACE action=reject_survival:6654;RacePacingRejected, RACE action=reject_pacing:801;ReplacementNotAllowed:3"
2026-09-16T05:03:59.3141788+00:00,2034920856,0.000000,0,1.000000,0.000000,0.000000,0.340000,SURVIVAL,SURVIVAL,NONE,H_t,reject_survival,phase=none;hMul=1.000;gMul=1.000;qMul=1.000;qAdd=0.000;rpiOff=0.000,1874,7458,"RacePacingRejected, RACE action=reject_survival:6654;RacePacingRejected, RACE action=reject_pacing:801;ReplacementNotAllowed:3"
2026-09-16T05:03:59.8145510+00:00,2034929080,0.000000,0,1.000000,0.000000,0.000000,0.340000,SURVIVAL,SURVIVAL,NONE,H_t,reject_survival,phase=none;hMul=1.000;gMul=1.000;qMul=1.000;qAdd=0.000;rpiOff=0.000,1874,7458,"RacePacingRejected, RACE action=reject_survival:6654;RacePacingRejected, RACE action=reject_pacing:801;ReplacementNotAllowed:3"
2026-09-16T05:04:00.3139228+00:00,2035002840,0.000000,0,1.000000,0.000000,0.000000,0.340000,SURVIVAL,SURVIVAL,NONE,H_t,reject_survival,phase=none;hMul=1.000;gMul=1.000;qMul=1.000;qAdd=0.000;rpiOff=0.000,1874,7458,"RacePacingRejected, RACE action=reject_survival:6654;RacePacingRejected, RACE action=reject_pacing:801;ReplacementNotAllowed:3"
2026-09-16T05:04:00.8142945+00:00,2035011064,0.000000,0,1.000000,0.000000,0.000000,0.340000,SURVIVAL,SURVIVAL,NONE,H_t,reject_survival,phase=none;hMul=1.000;gMul=1.000;qMul=1.000;qAdd=0.000;rpiOff=0.000,1874,7458,"RacePacingRejected, RACE action=reject_survival:6654;RacePacingRejected, RACE action=reject_pacing:801;ReplacementNotAllowed:3"
2026-09-16T05:04:01.3138910+00:00,2035060408,0.000000,0,1.000000,0.000000,0.000000,0.340000,SURVIVAL,SURVIVAL,NONE,H_t,reject_survival,phase=none;hMul=1.000;gMul=1.000;qMul=1.000;qAdd=0.000;rpiOff=0.000,1874,7458,"RacePacingRejected, RACE action=reject_survival:6654;RacePacingRejected, RACE action=reject_pacing:801;ReplacementNotAllowed:3"
2026-09-16T05:04:01.8144755+00:00,2035068632,0.000000,0,1.000000,0.000000,0.000000,0.340000,SURVIVAL,SURVIVAL,NONE,H_t,reject_survival,phase=none;hMul=1.000;gMul=1.000;qMul=1.000;qAdd=0.000;rpiOff=0.000,1874,7458,"RacePacingRejected, RACE action=reject_survival:6654;RacePacingRejected, RACE action=reject_pacing:801;ReplacementNotAllowed:3"
2026-09-16T05:04:02.3143216+00:00,2035150616,0.000000,0,1.000000,0.000000,0.000000,0.340000,SURVIVAL,SURVIVAL,NONE,H_t,reject_survival,phase=none;hMul=1.000;gMul=1.000;qMul=1.000;qAdd=0.000;rpiOff=0.000,1874,7458,"RacePacingRejected, RACE action=reject_survival:6654;RacePacingRejected, RACE action=reject_pacing:801;ReplacementNotAllowed:3"
2026-09-16T05:04:02.8139113+00:00,2035150616,0.000000,0,1.000000,0.000000,0.000000,0.340000,SURVIVAL,SURVIVAL,NONE,H_t,reject_survival,phase=none;hMul=1.000;gMul=1.000;qMul=1.000;qAdd=0.000;rpiOff=0.000,1874,7458,"RacePacingRejected, RACE action=reject_survival:6654;RacePacingRejected, RACE action=reject_pacing:801;ReplacementNotAllowed:3"
2026-09-16T05:04:03.3144684+00:00,2035191480,0.000000,0,1.000000,0.000000,0.000000,0.340000,SURVIVAL,SURVIVAL,NONE,H_t,reject_survival,phase=none;hMul=1.000;gMul=1.000;qMul=1.000;qAdd=0.000;rpiOff=0.000,1874,7458,"RacePacingRejected, RACE action=reject_survival:6654;RacePacingRejected, RACE action=reject_pacing:801;ReplacementNotAllowed:3"
2026-09-16T05:04:03.8139783+00:00,2035199704,0.000000,0,1.000000,0.000000,0.000000,0.340000,SURVIVAL,SURVIVAL,NONE,H_t,reject_survival,phase=none;hMul=1.000;gMul=1.000;qMul=1.000;qAdd=0.000;rpiOff=0.000,1874,7458,"RacePacingRejected, RACE action=reject_survival:6654;RacePacingRejected, RACE action=reject_pacing:801;ReplacementNotAllowed:3"
2026-09-16T05:04:04.3142946+00:00,2035655800,0.000000,0,1.000000,0.000000,0.000000,0.340000,SURVIVAL,SURVIVAL,NONE,H_t,reject_survival,phase=none;hMul=1.000;gMul=1.000;qMul=1.000;qAdd=0.000;rpiOff=0.000,1874,7458,"RacePacingRejected, RACE action=reject_survival:6654;RacePacingRejected, RACE action=reject_pacing:801;ReplacementNotAllowed:3"
2026-09-16T05:04:04.8138950+00:00,2035664024,0.000000,0,1.000000,0.000000,0.000000,0.340000,SURVIVAL,SURVIVAL,NONE,H_t,reject_survival,phase=none;hMul=1.000;gMul=1.000;qMul=1.000;qAdd=0.000;rpiOff=0.000,1874,7458,"RacePacingRejected, RACE action=reject_survival:6654;RacePacingRejected, RACE action=reject_pacing:801;ReplacementNotAllowed:3"
2026-09-16T05:04:05.3146017+00:00,2035705144,0.000000,0,1.000000,0.000000,0.000000,0.340000,SURVIVAL,SURVIVAL,NONE,H_t,reject_survival,phase=none;hMul=1.000;gMul=1.000;qMul=1.000;qAdd=0.000;rpiOff=0.000,1874,7458,"RacePacingRejected, RACE action=reject_survival:6654;RacePacingRejected, RACE action=reject_pacing:801;ReplacementNotAllowed:3"
2026-09-16T05:04:05.8140765+00:00,2035713112,0.000000,0,1.000000,0.000000,0.000000,0.340000,SURVIVAL,SURVIVAL,NONE,H_t,reject_survival,phase=none;hMul=1.000;gMul=1.000;qMul=1.000;qAdd=0.000;rpiOff=0.000,1874,7458,"RacePacingRejected, RACE action=reject_survival:6654;RacePacingRejected, RACE action=reject_pacing:801;ReplacementNotAllowed:3"
2026-09-16T05:04:06.3142024+00:00,2036239216,0.000000,0,1.000000,0.000000,0.000000,0.340000,SURVIVAL,SURVIVAL,NONE,H_t,reject_survival,phase=none;hMul=1.000;gMul=1.000;qMul=1.000;qAdd=0.000;rpiOff=0.000,1874,7458,"RacePacingRejected, RACE action=reject_survival:6654;RacePacingRejected, RACE action=reject_pacing:801;ReplacementNotAllowed:3"
2026-09-16T05:04:06.8139520+00:00,2036239216,0.000000,0,1.000000,0.000000,0.000000,0.340000,SURVIVAL,SURVIVAL,NONE,H_t,reject_survival,phase=none;hMul=1.000;gMul=1.000;qMul=1.000;qAdd=0.000;rpiOff=0.000,1874,7458,"RacePacingRejected, RACE action=reject_survival:6654;RacePacingRejected, RACE action=reject_pacing:801;ReplacementNotAllowed:3"
2026-09-16T05:04:07.3145728+00:00,2036288048,0.000000,0,1.000000,0.000000,0.000000,0.340000,SURVIVAL,SURVIVAL,NONE,H_t,reject_survival,phase=none;hMul=1.000;gMul=1.000;qMul=1.000;qAdd=0.000;rpiOff=0.000,1874,7458,"RacePacingRejected, RACE action=reject_survival:6654;RacePacingRejected, RACE action=reject_pacing:801;ReplacementNotAllowed:3"
2026-09-16T05:04:07.8140161+00:00,2036288048,0.000000,0,1.000000,0.000000,0.000000,0.340000,SURVIVAL,SURVIVAL,NONE,H_t,reject_survival,phase=none;hMul=1.000;gMul=1.000;qMul=1.000;qAdd=0.000;rpiOff=0.000,1874,7458,"RacePacingRejected, RACE action=reject_survival:6654;RacePacingRejected, RACE action=reject_pacing:801;ReplacementNotAllowed:3"
2026-09-16T05:04:08.3144928+00:00,2036376952,0.000000,0,1.000000,0.000000,0.000000,0.340000,SURVIVAL,SURVIVAL,NONE,H_t,reject_survival,phase=none;hMul=1.000;gMul=1.000;qMul=1.000;qAdd=0.000;rpiOff=0.000,1874,7458,"RacePacingRejected, RACE action=reject_survival:6654;RacePacingRejected, RACE action=reject_pacing:801;ReplacementNotAllowed:3"
2026-09-16T05:04:08.8140746+00:00,2036376952,0.000000,0,1.000000,0.000000,0.000000,0.340000,SURVIVAL,SURVIVAL,NONE,H_t,reject_survival,phase=none;hMul=1.000;gMul=1.000;qMul=1.000;qAdd=0.000;rpiOff=0.000,1874,7458,"RacePacingRejected, RACE action=reject_survival:6654;RacePacingRejected, RACE action=reject_pacing:801;ReplacementNotAllowed:3"
2026-09-16T05:04:09.3147714+00:00,2036434264,0.000000,0,1.000000,0.000000,0.000000,0.340000,SURVIVAL,SURVIVAL,NONE,H_t,reject_survival,phase=none;hMul=1.000;gMul=1.000;qMul=1.000;qAdd=0.000;rpiOff=0.000,1874,7458,"RacePacingRejected, RACE action=reject_survival:6654;RacePacingRejected, RACE action=reject_pacing:801;ReplacementNotAllowed:3"
2026-09-16T05:04:09.8143240+00:00,2036434264,0.000000,0,1.000000,0.000000,0.000000,0.340000,SURVIVAL,SURVIVAL,NONE,H_t,reject_survival,phase=none;hMul=1.000;gMul=1.000;qMul=1.000;qAdd=0.000;rpiOff=0.000,1874,7458,"RacePacingRejected, RACE action=reject_survival:6654;RacePacingRejected, RACE action=reject_pacing:801;ReplacementNotAllowed:3"
2026-09-16T05:04:10.3143675+00:00,2037013480,0.000000,0,1.000000,0.000000,0.000000,0.340000,SURVIVAL,SURVIVAL,NONE,H_t,reject_survival,phase=none;hMul=1.000;gMul=1.000;qMul=1.000;qAdd=0.000;rpiOff=0.000,1874,7458,"RacePacingRejected, RACE action=reject_survival:6654;RacePacingRejected, RACE action=reject_pacing:801;ReplacementNotAllowed:3"
2026-09-16T05:04:10.8142968+00:00,2037013480,0.000000,0,1.000000,0.000000,0.000000,0.340000,SURVIVAL,SURVIVAL,NONE,H_t,reject_survival,phase=none;hMul=1.000;gMul=1.000;qMul=1.000;qAdd=0.000;rpiOff=0.000,1874,7458,"RacePacingRejected, RACE action=reject_survival:6654;RacePacingRejected, RACE action=reject_pacing:801;ReplacementNotAllowed:3"
2026-09-16T05:04:11.3139295+00:00,2037071064,0.000000,0,1.000000,0.000000,0.000000,0.340000,SURVIVAL,SURVIVAL,NONE,H_t,reject_survival,phase=none;hMul=1.000;gMul=1.000;qMul=1.000;qAdd=0.000;rpiOff=0.000,1874,7458,"RacePacingRejected, RACE action=reject_survival:6654;RacePacingRejected, RACE action=reject_pacing:801;ReplacementNotAllowed:3"
2026-09-16T05:04:11.8144449+00:00,2037071064,0.000000,0,1.000000,0.000000,0.000000,0.340000,SURVIVAL,SURVIVAL,NONE,H_t,reject_survival,phase=none;hMul=1.000;gMul=1.000;qMul=1.000;qAdd=0.000;rpiOff=0.000,1874,7458,"RacePacingRejected, RACE action=reject_survival:6654;RacePacingRejected, RACE action=reject_pacing:801;ReplacementNotAllowed:3"
2026-09-16T05:04:12.3139212+00:00,2037144504,0.000000,0,1.000000,0.000000,0.000000,0.340000,SURVIVAL,SURVIVAL,NONE,H_t,reject_survival,phase=none;hMul=1.000;gMul=1.000;qMul=1.000;qAdd=0.000;rpiOff=0.000,1874,7458,"RacePacingRejected, RACE action=reject_survival:6654;RacePacingRejected, RACE action=reject_pacing:801;ReplacementNotAllowed:3"
2026-09-16T05:04:12.8144275+00:00,2037152728,0.000000,0,1.000000,0.000000,0.000000,0.340000,SURVIVAL,SURVIVAL,NONE,H_t,reject_survival,phase=none;hMul=1.000;gMul=1.000;qMul=1.000;qAdd=0.000;rpiOff=0.000,1874,7458,"RacePacingRejected, RACE action=reject_survival:6654;RacePacingRejected, RACE action=reject_pacing:801;ReplacementNotAllowed:3"
2026-09-16T05:04:13.3140950+00:00,2037607632,0.000000,0,1.000000,0.000000,0.000000,0.340000,SURVIVAL,SURVIVAL,NONE,H_t,reject_survival,phase=none;hMul=1.000;gMul=1.000;qMul=1.000;qAdd=0.000;rpiOff=0.000,1874,7458,"RacePacingRejected, RACE action=reject_survival:6654;RacePacingRejected, RACE action=reject_pacing:801;ReplacementNotAllowed:3"
2026-09-16T05:04:13.8145606+00:00,2037607632,0.000000,0,1.000000,0.000000,0.000000,0.340000,SURVIVAL,SURVIVAL,NONE,H_t,reject_survival,phase=none;hMul=1.000;gMul=1.000;qMul=1.000;qAdd=0.000;rpiOff=0.000,1874,7458,"RacePacingRejected, RACE action=reject_survival:6654;RacePacingRejected, RACE action=reject_pacing:801;ReplacementNotAllowed:3"
2026-09-16T05:04:14.3140493+00:00,2037656976,0.000000,0,1.000000,0.000000,0.000000,0.340000,SURVIVAL,SURVIVAL,NONE,H_t,reject_survival,phase=none;hMul=1.000;gMul=1.000;qMul=1.000;qAdd=0.000;rpiOff=0.000,1874,7458,"RacePacingRejected, RACE action=reject_survival:6654;RacePacingRejected, RACE action=reject_pacing:801;ReplacementNotAllowed:3"
2026-09-16T05:04:14.8145528+00:00,2037656976,0.000000,0,1.000000,0.000000,0.000000,0.340000,SURVIVAL,SURVIVAL,NONE,H_t,reject_survival,phase=none;hMul=1.000;gMul=1.000;qMul=1.000;qAdd=0.000;rpiOff=0.000,1874,7458,"RacePacingRejected, RACE action=reject_survival:6654;RacePacingRejected, RACE action=reject_pacing:801;ReplacementNotAllowed:3"
2026-09-16T05:04:15.3139465+00:00,2037738448,0.000000,0,1.000000,0.000000,0.000000,0.340000,SURVIVAL,SURVIVAL,NONE,H_t,reject_survival,phase=none;hMul=1.000;gMul=1.000;qMul=1.000;qAdd=0.000;rpiOff=0.000,1874,7458,"RacePacingRejected, RACE action=reject_survival:6654;RacePacingRejected, RACE action=reject_pacing:801;ReplacementNotAllowed:3"
2026-09-16T05:04:15.8144186+00:00,2037746216,0.000000,0,1.000000,0.000000,0.000000,0.340000,SURVIVAL,SURVIVAL,NONE,H_t,reject_survival,phase=none;hMul=1.000;gMul=1.000;qMul=1.000;qAdd=0.000;rpiOff=0.000,1874,7458,"RacePacingRejected, RACE action=reject_survival:6654;RacePacingRejected, RACE action=reject_pacing:801;ReplacementNotAllowed:3"
2026-09-16T05:04:16.3140439+00:00,2037787336,0.000000,0,1.000000,0.000000,0.000000,0.340000,SURVIVAL,SURVIVAL,NONE,H_t,reject_survival,phase=none;hMul=1.000;gMul=1.000;qMul=1.000;qAdd=0.000;rpiOff=0.000,1874,7458,"RacePacingRejected, RACE action=reject_survival:6654;RacePacingRejected, RACE action=reject_pacing:801;ReplacementNotAllowed:3"
2026-09-16T05:04:16.8138036+00:00,2037795560,0.000000,0,1.000000,0.000000,0.000000,0.340000,SURVIVAL,SURVIVAL,NONE,H_t,reject_survival,phase=none;hMul=1.000;gMul=1.000;qMul=1.000;qAdd=0.000;rpiOff=0.000,1874,7458,"RacePacingRejected, RACE action=reject_survival:6654;RacePacingRejected, RACE action=reject_pacing:801;ReplacementNotAllowed:3"
2026-09-16T05:04:17.3146194+00:00,2037885368,0.000000,0,1.000000,0.000000,0.000000,0.340000,SURVIVAL,SURVIVAL,NONE,H_t,reject_survival,phase=none;hMul=1.000;gMul=1.000;qMul=1.000;qAdd=0.000;rpiOff=0.000,1874,7458,"RacePacingRejected, RACE action=reject_survival:6654;RacePacingRejected, RACE action=reject_pacing:801;ReplacementNotAllowed:3"
2026-09-16T05:04:17.8141928+00:00,2037885368,0.000000,0,1.000000,0.000000,0.000000,0.340000,SURVIVAL,SURVIVAL,NONE,H_t,reject_survival,phase=none;hMul=1.000;gMul=1.000;qMul=1.000;qAdd=0.000;rpiOff=0.000,1874,7458,"RacePacingRejected, RACE action=reject_survival:6654;RacePacingRejected, RACE action=reject_pacing:801;ReplacementNotAllowed:3"
2026-09-16T05:04:18.3146772+00:00,2037934728,0.000000,0,1.000000,0.000000,0.000000,0.340000,SURVIVAL,SURVIVAL,NONE,H_t,reject_survival,phase=none;hMul=1.000;gMul=1.000;qMul=1.000;qAdd=0.000;rpiOff=0.000,1874,7458,"RacePacingRejected, RACE action=reject_survival:6654;RacePacingRejected, RACE action=reject_pacing:801;ReplacementNotAllowed:3"
2026-09-16T05:04:18.8142368+00:00,2037934728,0.000000,0,1.000000,0.000000,0.000000,0.340000,SURVIVAL,SURVIVAL,NONE,H_t,reject_survival,phase=none;hMul=1.000;gMul=1.000;qMul=1.000;qAdd=0.000;rpiOff=0.000,1874,7458,"RacePacingRejected, RACE action=reject_survival:6654;RacePacingRejected, RACE action=reject_pacing:801;ReplacementNotAllowed:3"
2026-09-16T05:04:19.3147396+00:00,2038024680,0.000000,0,1.000000,0.000000,0.000000,0.340000,SURVIVAL,SURVIVAL,NONE,H_t,reject_survival,phase=none;hMul=1.000;gMul=1.000;qMul=1.000;qAdd=0.000;rpiOff=0.000,1874,7458,"RacePacingRejected, RACE action=reject_survival:6654;RacePacingRejected, RACE action=reject_pacing:801;ReplacementNotAllowed:3"
2026-09-16T05:04:19.8142316+00:00,2038024680,0.000000,0,1.000000,0.000000,0.000000,0.340000,SURVIVAL,SURVIVAL,NONE,H_t,reject_survival,phase=none;hMul=1.000;gMul=1.000;qMul=1.000;qAdd=0.000;rpiOff=0.000,1874,7458,"RacePacingRejected, RACE action=reject_survival:6654;RacePacingRejected, RACE action=reject_pacing:801;ReplacementNotAllowed:3"
2026-09-16T05:04:20.3138353+00:00,2038082248,0.000000,0,1.000000,0.000000,0.000000,0.340000,SURVIVAL,SURVIVAL,NONE,H_t,reject_survival,phase=none;hMul=1.000;gMul=1.000;qMul=1.000;qAdd=0.000;rpiOff=0.000,1874,7458,"RacePacingRejected, RACE action=reject_survival:6654;RacePacingRejected, RACE action=reject_pacing:801;ReplacementNotAllowed:3"
2026-09-16T05:04:20.8143121+00:00,2038082248,0.000000,0,1.000000,0.000000,0.000000,0.340000,SURVIVAL,SURVIVAL,NONE,H_t,reject_survival,phase=none;hMul=1.000;gMul=1.000;qMul=1.000;qAdd=0.000;rpiOff=0.000,1874,7458,"RacePacingRejected, RACE action=reject_survival:6654;RacePacingRejected, RACE action=reject_pacing:801;ReplacementNotAllowed:3"
2026-09-16T05:04:21.3141390+00:00,2038590976,0.000000,0,1.000000,0.000000,0.000000,0.340000,SURVIVAL,SURVIVAL,NONE,H_t,reject_survival,phase=none;hMul=1.000;gMul=1.000;qMul=1.000;qAdd=0.000;rpiOff=0.000,1874,7458,"RacePacingRejected, RACE action=reject_survival:6654;RacePacingRejected, RACE action=reject_pacing:801;ReplacementNotAllowed:3"
2026-09-16T05:04:21.8146843+00:00,2038599200,0.000000,0,1.000000,0.000000,0.000000,0.340000,SURVIVAL,SURVIVAL,NONE,H_t,reject_survival,phase=none;hMul=1.000;gMul=1.000;qMul=1.000;qAdd=0.000;rpiOff=0.000,1874,7458,"RacePacingRejected, RACE action=reject_survival:6654;RacePacingRejected, RACE action=reject_pacing:801;ReplacementNotAllowed:3"
2026-09-16T05:04:22.3142873+00:00,2038648544,0.000000,0,1.000000,0.000000,0.000000,0.340000,SURVIVAL,SURVIVAL,NONE,H_t,reject_survival,phase=none;hMul=1.000;gMul=1.000;qMul=1.000;qAdd=0.000;rpiOff=0.000,1874,7458,"RacePacingRejected, RACE action=reject_survival:6654;RacePacingRejected, RACE action=reject_pacing:801;ReplacementNotAllowed:3"
2026-09-16T05:04:22.8138362+00:00,2038648544,0.000000,0,1.000000,0.000000,0.000000,0.340000,SURVIVAL,SURVIVAL,NONE,H_t,reject_survival,phase=none;hMul=1.000;gMul=1.000;qMul=1.000;qAdd=0.000;rpiOff=0.000,1874,7458,"RacePacingRejected, RACE action=reject_survival:6654;RacePacingRejected, RACE action=reject_pacing:801;ReplacementNotAllowed:3"
2026-09-16T05:04:23.3144118+00:00,2038713824,0.000000,0,1.000000,0.000000,0.000000,0.340000,SURVIVAL,SURVIVAL,NONE,H_t,reject_survival,phase=none;hMul=1.000;gMul=1.000;qMul=1.000;qAdd=0.000;rpiOff=0.000,1874,7458,"RacePacingRejected, RACE action=reject_survival:6654;RacePacingRejected, RACE action=reject_pacing:801;ReplacementNotAllowed:3"
2026-09-16T05:04:23.8139553+00:00,2038722048,0.000000,0,1.000000,0.000000,0.000000,0.340000,SURVIVAL,SURVIVAL,NONE,H_t,reject_survival,phase=none;hMul=1.000;gMul=1.000;qMul=1.000;qAdd=0.000;rpiOff=0.000,1874,7458,"RacePacingRejected, RACE action=reject_survival:6654;RacePacingRejected, RACE action=reject_pacing:801;ReplacementNotAllowed:3"
2026-09-16T05:04:24.3144649+00:00,2038787840,0.000000,0,1.000000,0.000000,0.000000,0.340000,SURVIVAL,SURVIVAL,NONE,H_t,reject_survival,phase=none;hMul=1.000;gMul=1.000;qMul=1.000;qAdd=0.000;rpiOff=0.000,1874,7458,"RacePacingRejected, RACE action=reject_survival:6654;RacePacingRejected, RACE action=reject_pacing:801;ReplacementNotAllowed:3"
2026-09-16T05:04:24.8139660+00:00,2038787840,0.000000,0,1.000000,0.000000,0.000000,0.340000,SURVIVAL,SURVIVAL,NONE,H_t,reject_survival,phase=none;hMul=1.000;gMul=1.000;qMul=1.000;qAdd=0.000;rpiOff=0.000,1874,7458,"RacePacingRejected, RACE action=reject_survival:6654;RacePacingRejected, RACE action=reject_pacing:801;ReplacementNotAllowed:3"
2026-09-16T05:04:25.3143240+00:00,2038869568,0.000000,0,1.000000,0.000000,0.000000,0.340000,SURVIVAL,SURVIVAL,NONE,H_t,reject_survival,phase=none;hMul=1.000;gMul=1.000;qMul=1.000;qAdd=0.000;rpiOff=0.000,1874,7458,"RacePacingRejected, RACE action=reject_survival:6654;RacePacingRejected, RACE action=reject_pacing:801;ReplacementNotAllowed:3"
2026-09-16T05:04:25.8138431+00:00,2038869568,0.000000,0,1.000000,0.000000,0.000000,0.340000,SURVIVAL,SURVIVAL,NONE,H_t,reject_survival,phase=none;hMul=1.000;gMul=1.000;qMul=1.000;qAdd=0.000;rpiOff=0.000,1874,7458,"RacePacingRejected, RACE action=reject_survival:6654;RacePacingRejected, RACE action=reject_pacing:801;ReplacementNotAllowed:3"
2026-09-16T05:04:26.3142997+00:00,2038918656,0.000000,0,1.000000,0.000000,0.000000,0.340000,SURVIVAL,SURVIVAL,NONE,H_t,reject_survival,phase=none;hMul=1.000;gMul=1.000;qMul=1.000;qAdd=0.000;rpiOff=0.000,1874,7458,"RacePacingRejected, RACE action=reject_survival:6654;RacePacingRejected, RACE action=reject_pacing:801;ReplacementNotAllowed:3"
2026-09-16T05:04:26.8140146+00:00,2038918656,0.000000,0,1.000000,0.000000,0.000000,0.340000,SURVIVAL,SURVIVAL,NONE,H_t,reject_survival,phase=none;hMul=1.000;gMul=1.000;qMul=1.000;qAdd=0.000;rpiOff=0.000,1874,7458,"RacePacingRejected, RACE action=reject_survival:6654;RacePacingRejected, RACE action=reject_pacing:801;ReplacementNotAllowed:3"
2026-09-16T05:04:27.3146166+00:00,2039008864,0.000000,0,1.000000,0.000000,0.000000,0.340000,SURVIVAL,SURVIVAL,NONE,H_t,reject_survival,phase=none;hMul=1.000;gMul=1.000;qMul=1.000;qAdd=0.000;rpiOff=0.000,1874,7458,"RacePacingRejected, RACE action=reject_survival:6654;RacePacingRejected, RACE action=reject_pacing:801;ReplacementNotAllowed:3"
2026-09-16T05:04:27.8139706+00:00,2039008864,0.000000,0,1.000000,0.000000,0.000000,0.340000,SURVIVAL,SURVIVAL,NONE,H_t,reject_survival,phase=none;hMul=1.000;gMul=1.000;qMul=1.000;qAdd=0.000;rpiOff=0.000,1874,7458,"RacePacingRejected, RACE action=reject_survival:6654;RacePacingRejected, RACE action=reject_pacing:801;ReplacementNotAllowed:3"
2026-09-16T05:04:28.3139801+00:00,2039057952,0.000000,0,1.000000,0.000000,0.000000,0.340000,SURVIVAL,SURVIVAL,NONE,H_t,reject_survival,phase=none;hMul=1.000;gMul=1.000;qMul=1.000;qAdd=0.000;rpiOff=0.000,1874,7458,"RacePacingRejected, RACE action=reject_survival:6654;RacePacingRejected, RACE action=reject_pacing:801;ReplacementNotAllowed:3"
2026-09-16T05:04:28.8145323+00:00,2039066176,0.000000,0,1.000000,0.000000,0.000000,0.340000,SURVIVAL,SURVIVAL,NONE,H_t,reject_survival,phase=none;hMul=1.000;gMul=1.000;qMul=1.000;qAdd=0.000;rpiOff=0.000,1874,7458,"RacePacingRejected, RACE action=reject_survival:6654;RacePacingRejected, RACE action=reject_pacing:801;ReplacementNotAllowed:3"
2026-09-16T05:04:29.3138850+00:00,2039147904,0.000000,0,1.000000,0.000000,0.000000,0.340000,SURVIVAL,SURVIVAL,NONE,H_t,reject_survival,phase=none;hMul=1.000;gMul=1.000;qMul=1.000;qAdd=0.000;rpiOff=0.000,1874,7458,"RacePacingRejected, RACE action=reject_survival:6654;RacePacingRejected, RACE action=reject_pacing:801;ReplacementNotAllowed:3"
2026-09-16T05:04:29.8143879+00:00,2039147904,0.000000,0,1.000000,0.000000,0.000000,0.340000,SURVIVAL,SURVIVAL,NONE,H_t,reject_survival,phase=none;hMul=1.000;gMul=1.000;qMul=1.000;qAdd=0.000;rpiOff=0.000,1874,7458,"RacePacingRejected, RACE action=reject_survival:6654;RacePacingRejected, RACE action=reject_pacing:801;ReplacementNotAllowed:3"
2026-09-16T05:04:30.3138293+00:00,2039229888,0.000000,0,1.000000,0.000000,0.000000,0.340000,SURVIVAL,SURVIVAL,NONE,H_t,reject_survival,phase=none;hMul=1.000;gMul=1.000;qMul=1.000;qAdd=0.000;rpiOff=0.000,1874,7458,"RacePacingRejected, RACE action=reject_survival:6654;RacePacingRejected, RACE action=reject_pacing:801;ReplacementNotAllowed:3"
2026-09-16T05:04:30.8144453+00:00,2039238112,0.000000,0,1.000000,0.000000,0.000000,0.340000,SURVIVAL,SURVIVAL,NONE,H_t,reject_survival,phase=none;hMul=1.000;gMul=1.000;qMul=1.000;qAdd=0.000;rpiOff=0.000,1874,7458,"RacePacingRejected, RACE action=reject_survival:6654;RacePacingRejected, RACE action=reject_pacing:801;ReplacementNotAllowed:3"
2026-09-16T05:04:31.3140884+00:00,2039279232,0.000000,0,1.000000,0.000000,0.000000,0.340000,SURVIVAL,SURVIVAL,NONE,H_t,reject_survival,phase=none;hMul=1.000;gMul=1.000;qMul=1.000;qAdd=0.000;rpiOff=0.000,1874,7458,"RacePacingRejected, RACE action=reject_survival:6654;RacePacingRejected, RACE action=reject_pacing:801;ReplacementNotAllowed:3"
2026-09-16T05:04:31.8147850+00:00,2039279232,0.000000,0,1.000000,0.000000,0.000000,0.340000,SURVIVAL,SURVIVAL,NONE,H_t,reject_survival,phase=none;hMul=1.000;gMul=1.000;qMul=1.000;qAdd=0.000;rpiOff=0.000,1874,7458,"RacePacingRejected, RACE action=reject_survival:6654;RacePacingRejected, RACE action=reject_pacing:801;ReplacementNotAllowed:3"
2026-09-16T05:04:32.3144086+00:00,2039353248,0.000000,0,1.000000,0.000000,0.000000,0.340000,SURVIVAL,SURVIVAL,NONE,H_t,reject_survival,phase=none;hMul=1.000;gMul=1.000;qMul=1.000;qAdd=0.000;rpiOff=0.000,1874,7458,"RacePacingRejected, RACE action=reject_survival:6654;RacePacingRejected, RACE action=reject_pacing:801;ReplacementNotAllowed:3"
2026-09-16T05:04:32.8139655+00:00,2039353248,0.000000,0,1.000000,0.000000,0.000000,0.340000,SURVIVAL,SURVIVAL,NONE,H_t,reject_survival,phase=none;hMul=1.000;gMul=1.000;qMul=1.000;qAdd=0.000;rpiOff=0.000,1874,7458,"RacePacingRejected, RACE action=reject_survival:6654;RacePacingRejected, RACE action=reject_pacing:801;ReplacementNotAllowed:3"
2026-09-16T05:04:33.3144636+00:00,2039410560,0.000000,0,1.000000,0.000000,0.000000,0.340000,SURVIVAL,SURVIVAL,NONE,H_t,reject_survival,phase=none;hMul=1.000;gMul=1.000;qMul=1.000;qAdd=0.000;rpiOff=0.000,1874,7458,"RacePacingRejected, RACE action=reject_survival:6654;RacePacingRejected, RACE action=reject_pacing:801;ReplacementNotAllowed:3"
2026-09-16T05:04:33.8139807+00:00,2039410560,0.000000,0,1.000000,0.000000,0.000000,0.340000,SURVIVAL,SURVIVAL,NONE,H_t,reject_survival,phase=none;hMul=1.000;gMul=1.000;qMul=1.000;qAdd=0.000;rpiOff=0.000,1874,7458,"RacePacingRejected, RACE action=reject_survival:6654;RacePacingRejected, RACE action=reject_pacing:801;ReplacementNotAllowed:3"
2026-09-16T05:04:34.3144289+00:00,2039484064,0.000000,0,1.000000,0.000000,0.000000,0.340000,SURVIVAL,SURVIVAL,NONE,H_t,reject_survival,phase=none;hMul=1.000;gMul=1.000;qMul=1.000;qAdd=0.000;rpiOff=0.000,1874,7458,"RacePacingRejected, RACE action=reject_survival:6654;RacePacingRejected, RACE action=reject_pacing:801;ReplacementNotAllowed:3"
2026-09-16T05:04:34.8139273+00:00,2039492288,0.000000,0,1.000000,0.000000,0.000000,0.340000,SURVIVAL,SURVIVAL,NONE,H_t,reject_survival,phase=none;hMul=1.000;gMul=1.000;qMul=1.000;qAdd=0.000;rpiOff=0.000,1874,7458,"RacePacingRejected, RACE action=reject_survival:6654;RacePacingRejected, RACE action=reject_pacing:801;ReplacementNotAllowed:3"
2026-09-16T05:04:35.3145287+00:00,2039549856,0.000000,0,1.000000,0.000000,0.000000,0.340000,SURVIVAL,SURVIVAL,NONE,H_t,reject_survival,phase=none;hMul=1.000;gMul=1.000;qMul=1.000;qAdd=0.000;rpiOff=0.000,1874,7458,"RacePacingRejected, RACE action=reject_survival:6654;RacePacingRejected, RACE action=reject_pacing:801;ReplacementNotAllowed:3"
2026-09-16T05:04:35.8140833+00:00,2039557824,0.000000,0,1.000000,0.000000,0.000000,0.340000,SURVIVAL,SURVIVAL,NONE,H_t,reject_survival,phase=none;hMul=1.000;gMul=1.000;qMul=1.000;qAdd=0.000;rpiOff=0.000,1874,7458,"RacePacingRejected, RACE action=reject_survival:6654;RacePacingRejected, RACE action=reject_pacing:801;ReplacementNotAllowed:3"
2026-09-16T05:04:36.3141632+00:00,2039623360,0.000000,0,1.000000,0.000000,0.000000,0.340000,SURVIVAL,SURVIVAL,NONE,H_t,reject_survival,phase=none;hMul=1.000;gMul=1.000;qMul=1.000;qAdd=0.000;rpiOff=0.000,1874,7458,"RacePacingRejected, RACE action=reject_survival:6654;RacePacingRejected, RACE action=reject_pacing:801;ReplacementNotAllowed:3"
2026-09-16T05:04:36.8139289+00:00,2039631584,0.000000,0,1.000000,0.000000,0.000000,0.340000,SURVIVAL,SURVIVAL,NONE,H_t,reject_survival,phase=none;hMul=1.000;gMul=1.000;qMul=1.000;qAdd=0.000;rpiOff=0.000,1874,7458,"RacePacingRejected, RACE action=reject_survival:6654;RacePacingRejected, RACE action=reject_pacing:801;ReplacementNotAllowed:3"
2026-09-16T05:04:37.3143016+00:00,2039713568,0.000000,0,1.000000,0.000000,0.000000,0.340000,SURVIVAL,SURVIVAL,NONE,H_t,reject_survival,phase=none;hMul=1.000;gMul=1.000;qMul=1.000;qAdd=0.000;rpiOff=0.000,1874,7458,"RacePacingRejected, RACE action=reject_survival:6654;RacePacingRejected, RACE action=reject_pacing:801;ReplacementNotAllowed:3"
2026-09-16T05:04:37.8147879+00:00,2039713568,0.000000,0,1.000000,0.000000,0.000000,0.340000,SURVIVAL,SURVIVAL,NONE,H_t,reject_survival,phase=none;hMul=1.000;gMul=1.000;qMul=1.000;qAdd=0.000;rpiOff=0.000,1874,7458,"RacePacingRejected, RACE action=reject_survival:6654;RacePacingRejected, RACE action=reject_pacing:801;ReplacementNotAllowed:3"
2026-09-16T05:04:38.3144663+00:00,2039762656,0.000000,0,1.000000,0.000000,0.000000,0.340000,SURVIVAL,SURVIVAL,NONE,H_t,reject_survival,phase=none;hMul=1.000;gMul=1.000;qMul=1.000;qAdd=0.000;rpiOff=0.000,1874,7458,"RacePacingRejected, RACE action=reject_survival:6654;RacePacingRejected, RACE action=reject_pacing:801;ReplacementNotAllowed:3"
2026-09-16T05:04:38.8139924+00:00,2039770880,0.000000,0,1.000000,0.000000,0.000000,0.340000,SURVIVAL,SURVIVAL,NONE,H_t,reject_survival,phase=none;hMul=1.000;gMul=1.000;qMul=1.000;qAdd=0.000;rpiOff=0.000,1874,7458,"RacePacingRejected, RACE action=reject_survival:6654;RacePacingRejected, RACE action=reject_pacing:801;ReplacementNotAllowed:3"
2026-09-16T05:04:39.3144680+00:00,2039844384,0.000000,0,1.000000,0.000000,0.000000,0.340000,SURVIVAL,SURVIVAL,NONE,H_t,reject_survival,phase=none;hMul=1.000;gMul=1.000;qMul=1.000;qAdd=0.000;rpiOff=0.000,1874,7458,"RacePacingRejected, RACE action=reject_survival:6654;RacePacingRejected, RACE action=reject_pacing:801;ReplacementNotAllowed:3"
2026-09-16T05:04:39.8139545+00:00,2039852608,0.000000,0,1.000000,0.000000,0.000000,0.340000,SURVIVAL,SURVIVAL,NONE,H_t,reject_survival,phase=none;hMul=1.000;gMul=1.000;qMul=1.000;qAdd=0.000;rpiOff=0.000,1874,7458,"RacePacingRejected, RACE action=reject_survival:6654;RacePacingRejected, RACE action=reject_pacing:801;ReplacementNotAllowed:3"
2026-09-16T05:04:40.3145067+00:00,2039926368,0.000000,0,1.000000,0.000000,0.000000,0.340000,SURVIVAL,SURVIVAL,NONE,H_t,reject_survival,phase=none;hMul=1.000;gMul=1.000;qMul=1.000;qAdd=0.000;rpiOff=0.000,1874,7458,"RacePacingRejected, RACE action=reject_survival:6654;RacePacingRejected, RACE action=reject_pacing:801;ReplacementNotAllowed:3"
2026-09-16T05:04:40.8139824+00:00,2039926368,0.000000,0,1.000000,0.000000,0.000000,0.340000,SURVIVAL,SURVIVAL,NONE,H_t,reject_survival,phase=none;hMul=1.000;gMul=1.000;qMul=1.000;qAdd=0.000;rpiOff=0.000,1874,7458,"RacePacingRejected, RACE action=reject_survival:6654;RacePacingRejected, RACE action=reject_pacing:801;ReplacementNotAllowed:3"
2026-09-16T05:04:41.3145090+00:00,2040000384,0.000000,0,1.000000,0.000000,0.000000,0.340000,SURVIVAL,SURVIVAL,NONE,H_t,reject_survival,phase=none;hMul=1.000;gMul=1.000;qMul=1.000;qAdd=0.000;rpiOff=0.000,1874,7458,"RacePacingRejected, RACE action=reject_survival:6654;RacePacingRejected, RACE action=reject_pacing:801;ReplacementNotAllowed:3"
2026-09-16T05:04:41.8139837+00:00,2040000384,0.000000,0,1.000000,0.000000,0.000000,0.340000,SURVIVAL,SURVIVAL,NONE,H_t,reject_survival,phase=none;hMul=1.000;gMul=1.000;qMul=1.000;qAdd=0.000;rpiOff=0.000,1874,7458,"RacePacingRejected, RACE action=reject_survival:6654;RacePacingRejected, RACE action=reject_pacing:801;ReplacementNotAllowed:3"
2026-09-16T05:04:42.3147354+00:00,2040057440,0.000000,0,1.000000,0.000000,0.000000,0.340000,SURVIVAL,SURVIVAL,NONE,H_t,reject_survival,phase=none;hMul=1.000;gMul=1.000;qMul=1.000;qAdd=0.000;rpiOff=0.000,1874,7458,"RacePacingRejected, RACE action=reject_survival:6654;RacePacingRejected, RACE action=reject_pacing:801;ReplacementNotAllowed:3"
2026-09-16T05:04:42.8142167+00:00,2040065664,0.000000,0,1.000000,0.000000,0.000000,0.340000,SURVIVAL,SURVIVAL,NONE,H_t,reject_survival,phase=none;hMul=1.000;gMul=1.000;qMul=1.000;qAdd=0.000;rpiOff=0.000,1874,7458,"RacePacingRejected, RACE action=reject_survival:6654;RacePacingRejected, RACE action=reject_pacing:801;ReplacementNotAllowed:3"
2026-09-16T05:04:43.3145855+00:00,2040147648,0.000000,0,1.000000,0.000000,0.000000,0.340000,SURVIVAL,SURVIVAL,NONE,H_t,reject_survival,phase=none;hMul=1.000;gMul=1.000;qMul=1.000;qAdd=0.000;rpiOff=0.000,1874,7458,"RacePacingRejected, RACE action=reject_survival:6654;RacePacingRejected, RACE action=reject_pacing:801;ReplacementNotAllowed:3"
2026-09-16T05:04:43.8138724+00:00,2040147648,0.000000,0,1.000000,0.000000,0.000000,0.340000,SURVIVAL,SURVIVAL,NONE,H_t,reject_survival,phase=none;hMul=1.000;gMul=1.000;qMul=1.000;qAdd=0.000;rpiOff=0.000,1874,7458,"RacePacingRejected, RACE action=reject_survival:6654;RacePacingRejected, RACE action=reject_pacing:801;ReplacementNotAllowed:3"
2026-09-16T05:04:44.3138635+00:00,2040221664,0.000000,0,1.000000,0.000000,0.000000,0.340000,SURVIVAL,SURVIVAL,NONE,H_t,reject_survival,phase=none;hMul=1.000;gMul=1.000;qMul=1.000;qAdd=0.000;rpiOff=0.000,1874,7458,"RacePacingRejected, RACE action=reject_survival:6654;RacePacingRejected, RACE action=reject_pacing:801;ReplacementNotAllowed:3"
2026-09-16T05:04:44.8142900+00:00,2040229888,0.000000,0,1.000000,0.000000,0.000000,0.340000,SURVIVAL,SURVIVAL,NONE,H_t,reject_survival,phase=none;hMul=1.000;gMul=1.000;qMul=1.000;qAdd=0.000;rpiOff=0.000,1874,7458,"RacePacingRejected, RACE action=reject_survival:6654;RacePacingRejected, RACE action=reject_pacing:801;ReplacementNotAllowed:3"
2026-09-16T05:04:45.3138798+00:00,2040377168,0.000000,0,1.000000,0.000000,0.000000,0.340000,SURVIVAL,SURVIVAL,NONE,H_t,reject_survival,phase=none;hMul=1.000;gMul=1.000;qMul=1.000;qAdd=0.000;rpiOff=0.000,1874,7458,"RacePacingRejected, RACE action=reject_survival:6654;RacePacingRejected, RACE action=reject_pacing:801;ReplacementNotAllowed:3"
2026-09-16T05:04:45.8144341+00:00,2040377168,0.000000,0,1.000000,0.000000,0.000000,0.340000,SURVIVAL,SURVIVAL,NONE,H_t,reject_survival,phase=none;hMul=1.000;gMul=1.000;qMul=1.000;qAdd=0.000;rpiOff=0.000,1874,7458,"RacePacingRejected, RACE action=reject_survival:6654;RacePacingRejected, RACE action=reject_pacing:801;ReplacementNotAllowed:3"
2026-09-16T05:04:46.3142777+00:00,2040466584,0.000000,0,1.000000,0.000000,0.000000,0.340000,SURVIVAL,SURVIVAL,NONE,H_t,reject_survival,phase=none;hMul=1.000;gMul=1.000;qMul=1.000;qAdd=0.000;rpiOff=0.000,1874,7458,"RacePacingRejected, RACE action=reject_survival:6654;RacePacingRejected, RACE action=reject_pacing:801;ReplacementNotAllowed:3"
2026-09-16T05:04:46.8140246+00:00,2040466584,0.000000,0,1.000000,0.000000,0.000000,0.340000,SURVIVAL,SURVIVAL,NONE,H_t,reject_survival,phase=none;hMul=1.000;gMul=1.000;qMul=1.000;qAdd=0.000;rpiOff=0.000,1874,7458,"RacePacingRejected, RACE action=reject_survival:6654;RacePacingRejected, RACE action=reject_pacing:801;ReplacementNotAllowed:3"
2026-09-16T05:04:47.3137996+00:00,2040589208,0.000000,0,1.000000,0.000000,0.000000,0.340000,SURVIVAL,SURVIVAL,NONE,H_t,reject_survival,phase=none;hMul=1.000;gMul=1.000;qMul=1.000;qAdd=0.000;rpiOff=0.000,1874,7458,"RacePacingRejected, RACE action=reject_survival:6654;RacePacingRejected, RACE action=reject_pacing:801;ReplacementNotAllowed:3"
2026-09-16T05:04:47.8142874+00:00,2040597432,0.000000,0,1.000000,0.000000,0.000000,0.340000,SURVIVAL,SURVIVAL,NONE,H_t,reject_survival,phase=none;hMul=1.000;gMul=1.000;qMul=1.000;qAdd=0.000;rpiOff=0.000,1874,7458,"RacePacingRejected, RACE action=reject_survival:6654;RacePacingRejected, RACE action=reject_pacing:801;ReplacementNotAllowed:3"
2026-09-16T05:04:48.3145857+00:00,2040679416,0.000000,0,1.000000,0.000000,0.000000,0.340000,SURVIVAL,SURVIVAL,NONE,H_t,reject_survival,phase=none;hMul=1.000;gMul=1.000;qMul=1.000;qAdd=0.000;rpiOff=0.000,1874,7458,"RacePacingRejected, RACE action=reject_survival:6654;RacePacingRejected, RACE action=reject_pacing:801;ReplacementNotAllowed:3"
2026-09-16T05:04:48.8141102+00:00,2040679416,0.000000,0,1.000000,0.000000,0.000000,0.340000,SURVIVAL,SURVIVAL,NONE,H_t,reject_survival,phase=none;hMul=1.000;gMul=1.000;qMul=1.000;qAdd=0.000;rpiOff=0.000,1874,7458,"RacePacingRejected, RACE action=reject_survival:6654;RacePacingRejected, RACE action=reject_pacing:801;ReplacementNotAllowed:3"
2026-09-16T05:04:49.3139641+00:00,2040736472,0.000000,0,1.000000,0.000000,0.000000,0.340000,SURVIVAL,SURVIVAL,NONE,H_t,reject_survival,phase=none;hMul=1.000;gMul=1.000;qMul=1.000;qAdd=0.000;rpiOff=0.000,1874,7458,"RacePacingRejected, RACE action=reject_survival:6654;RacePacingRejected, RACE action=reject_pacing:801;ReplacementNotAllowed:3"
2026-09-16T05:04:49.8145200+00:00,2040744696,0.000000,0,1.000000,0.000000,0.000000,0.340000,SURVIVAL,SURVIVAL,NONE,H_t,reject_survival,phase=none;hMul=1.000;gMul=1.000;qMul=1.000;qAdd=0.000;rpiOff=0.000,1874,7458,"RacePacingRejected, RACE action=reject_survival:6654;RacePacingRejected, RACE action=reject_pacing:801;ReplacementNotAllowed:3"
2026-09-16T05:04:50.3138221+00:00,2040826680,0.000000,0,1.000000,0.000000,0.000000,0.340000,SURVIVAL,SURVIVAL,NONE,H_t,reject_survival,phase=none;hMul=1.000;gMul=1.000;qMul=1.000;qAdd=0.000;rpiOff=0.000,1874,7458,"RacePacingRejected, RACE action=reject_survival:6654;RacePacingRejected, RACE action=reject_pacing:801;ReplacementNotAllowed:3"
2026-09-16T05:04:50.8143438+00:00,2040834904,0.000000,0,1.000000,0.000000,0.000000,0.340000,SURVIVAL,SURVIVAL,NONE,H_t,reject_survival,phase=none;hMul=1.000;gMul=1.000;qMul=1.000;qAdd=0.000;rpiOff=0.000,1874,7458,"RacePacingRejected, RACE action=reject_survival:6654;RacePacingRejected, RACE action=reject_pacing:801;ReplacementNotAllowed:3"
2026-09-16T05:04:51.3139267+00:00,2041282152,0.000000,0,1.000000,0.000000,0.000000,0.340000,SURVIVAL,SURVIVAL,NONE,H_t,reject_survival,phase=none;hMul=1.000;gMul=1.000;qMul=1.000;qAdd=0.000;rpiOff=0.000,1874,7458,"RacePacingRejected, RACE action=reject_survival:6654;RacePacingRejected, RACE action=reject_pacing:801;ReplacementNotAllowed:3"
2026-09-16T05:04:51.8144250+00:00,2041282152,0.000000,0,1.000000,0.000000,0.000000,0.340000,SURVIVAL,SURVIVAL,NONE,H_t,reject_survival,phase=none;hMul=1.000;gMul=1.000;qMul=1.000;qAdd=0.000;rpiOff=0.000,1874,7458,"RacePacingRejected, RACE action=reject_survival:6654;RacePacingRejected, RACE action=reject_pacing:801;ReplacementNotAllowed:3"
2026-09-16T05:04:52.3140360+00:00,2041331496,0.000000,0,1.000000,0.000000,0.000000,0.340000,SURVIVAL,SURVIVAL,NONE,H_t,reject_survival,phase=none;hMul=1.000;gMul=1.000;qMul=1.000;qAdd=0.000;rpiOff=0.000,1874,7458,"RacePacingRejected, RACE action=reject_survival:6654;RacePacingRejected, RACE action=reject_pacing:801;ReplacementNotAllowed:3"
2026-09-16T05:04:52.8146574+00:00,2041331496,0.000000,0,1.000000,0.000000,0.000000,0.340000,SURVIVAL,SURVIVAL,NONE,H_t,reject_survival,phase=none;hMul=1.000;gMul=1.000;qMul=1.000;qAdd=0.000;rpiOff=0.000,1874,7458,"RacePacingRejected, RACE action=reject_survival:6654;RacePacingRejected, RACE action=reject_pacing:801;ReplacementNotAllowed:3"
2026-09-16T05:04:53.3140298+00:00,2041413224,0.000000,0,1.000000,0.000000,0.000000,0.340000,SURVIVAL,SURVIVAL,NONE,H_t,reject_survival,phase=none;hMul=1.000;gMul=1.000;qMul=1.000;qAdd=0.000;rpiOff=0.000,1874,7458,"RacePacingRejected, RACE action=reject_survival:6654;RacePacingRejected, RACE action=reject_pacing:801;ReplacementNotAllowed:3"
2026-09-16T05:04:53.8146306+00:00,2041413224,0.000000,0,1.000000,0.000000,0.000000,0.340000,SURVIVAL,SURVIVAL,NONE,H_t,reject_survival,phase=none;hMul=1.000;gMul=1.000;qMul=1.000;qAdd=0.000;rpiOff=0.000,1874,7458,"RacePacingRejected, RACE action=reject_survival:6654;RacePacingRejected, RACE action=reject_pacing:801;ReplacementNotAllowed:3"
2026-09-16T05:04:54.3139886+00:00,2041494952,0.000000,0,1.000000,0.000000,0.000000,0.340000,SURVIVAL,SURVIVAL,NONE,H_t,reject_survival,phase=none;hMul=1.000;gMul=1.000;qMul=1.000;qAdd=0.000;rpiOff=0.000,1874,7458,"RacePacingRejected, RACE action=reject_survival:6654;RacePacingRejected, RACE action=reject_pacing:801;ReplacementNotAllowed:3"
2026-09-16T05:04:54.8146487+00:00,2041503176,0.000000,0,1.000000,0.000000,0.000000,0.340000,SURVIVAL,SURVIVAL,NONE,H_t,reject_survival,phase=none;hMul=1.000;gMul=1.000;qMul=1.000;qAdd=0.000;rpiOff=0.000,1874,7458,"RacePacingRejected, RACE action=reject_survival:6654;RacePacingRejected, RACE action=reject_pacing:801;ReplacementNotAllowed:3"
2026-09-16T05:04:55.3141121+00:00,2041560744,0.000000,0,1.000000,0.000000,0.000000,0.340000,SURVIVAL,SURVIVAL,NONE,H_t,reject_survival,phase=none;hMul=1.000;gMul=1.000;qMul=1.000;qAdd=0.000;rpiOff=0.000,1874,7458,"RacePacingRejected, RACE action=reject_survival:6654;RacePacingRejected, RACE action=reject_pacing:801;ReplacementNotAllowed:3"
2026-09-16T05:04:55.8146284+00:00,2041568712,0.000000,0,1.000000,0.000000,0.000000,0.340000,SURVIVAL,SURVIVAL,NONE,H_t,reject_survival,phase=none;hMul=1.000;gMul=1.000;qMul=1.000;qAdd=0.000;rpiOff=0.000,1874,7458,"RacePacingRejected, RACE action=reject_survival:6654;RacePacingRejected, RACE action=reject_pacing:801;ReplacementNotAllowed:3"
2026-09-16T05:04:56.3144140+00:00,2041642472,0.000000,0,1.000000,0.000000,0.000000,0.340000,SURVIVAL,SURVIVAL,NONE,H_t,reject_survival,phase=none;hMul=1.000;gMul=1.000;qMul=1.000;qAdd=0.000;rpiOff=0.000,1874,7458,"RacePacingRejected, RACE action=reject_survival:6654;RacePacingRejected, RACE action=reject_pacing:801;ReplacementNotAllowed:3"
2026-09-16T05:04:56.8141412+00:00,2041650696,0.000000,0,1.000000,0.000000,0.000000,0.340000,SURVIVAL,SURVIVAL,NONE,H_t,reject_survival,phase=none;hMul=1.000;gMul=1.000;qMul=1.000;qAdd=0.000;rpiOff=0.000,1874,7458,"RacePacingRejected, RACE action=reject_survival:6654;RacePacingRejected, RACE action=reject_pacing:801;ReplacementNotAllowed:3"
2026-09-16T05:04:57.3139079+00:00,2041716488,0.000000,0,1.000000,0.000000,0.000000,0.340000,SURVIVAL,SURVIVAL,NONE,H_t,reject_survival,phase=none;hMul=1.000;gMul=1.000;qMul=1.000;qAdd=0.000;rpiOff=0.000,1874,7458,"RacePacingRejected, RACE action=reject_survival:6654;RacePacingRejected, RACE action=reject_pacing:801;ReplacementNotAllowed:3"
2026-09-16T05:04:57.8143939+00:00,2041716488,0.000000,0,1.000000,0.000000,0.000000,0.340000,SURVIVAL,SURVIVAL,NONE,H_t,reject_survival,phase=none;hMul=1.000;gMul=1.000;qMul=1.000;qAdd=0.000;rpiOff=0.000,1874,7458,"RacePacingRejected, RACE action=reject_survival:6654;RacePacingRejected, RACE action=reject_pacing:801;ReplacementNotAllowed:3"
2026-09-16T05:04:58.3147013+00:00,2041798216,0.000000,0,1.000000,0.000000,0.000000,0.340000,SURVIVAL,SURVIVAL,NONE,H_t,reject_survival,phase=none;hMul=1.000;gMul=1.000;qMul=1.000;qAdd=0.000;rpiOff=0.000,1874,7458,"RacePacingRejected, RACE action=reject_survival:6654;RacePacingRejected, RACE action=reject_pacing:801;ReplacementNotAllowed:3"
2026-09-16T05:04:58.8142742+00:00,2041798216,0.000000,0,1.000000,0.000000,0.000000,0.340000,SURVIVAL,SURVIVAL,NONE,H_t,reject_survival,phase=none;hMul=1.000;gMul=1.000;qMul=1.000;qAdd=0.000;rpiOff=0.000,1874,7458,"RacePacingRejected, RACE action=reject_survival:6654;RacePacingRejected, RACE action=reject_pacing:801;ReplacementNotAllowed:3"
2026-09-16T05:04:59.3139655+00:00,2041847304,0.000000,0,1.000000,0.000000,0.000000,0.340000,SURVIVAL,SURVIVAL,NONE,H_t,reject_survival,phase=none;hMul=1.000;gMul=1.000;qMul=1.000;qAdd=0.000;rpiOff=0.000,1874,7458,"RacePacingRejected, RACE action=reject_survival:6654;RacePacingRejected, RACE action=reject_pacing:801;ReplacementNotAllowed:3"
2026-09-16T05:04:59.8145035+00:00,2041855528,0.000000,0,1.000000,0.000000,0.000000,0.340000,SURVIVAL,SURVIVAL,NONE,H_t,reject_survival,phase=none;hMul=1.000;gMul=1.000;qMul=1.000;qAdd=0.000;rpiOff=0.000,1874,7458,"RacePacingRejected, RACE action=reject_survival:6654;RacePacingRejected, RACE action=reject_pacing:801;ReplacementNotAllowed:3"
2026-09-16T05:05:00.3139617+00:00,2041937256,0.000000,0,1.000000,0.000000,0.000000,0.340000,SURVIVAL,SURVIVAL,NONE,H_t,reject_survival,phase=none;hMul=1.000;gMul=1.000;qMul=1.000;qAdd=0.000;rpiOff=0.000,1874,7458,"RacePacingRejected, RACE action=reject_survival:6654;RacePacingRejected, RACE action=reject_pacing:801;ReplacementNotAllowed:3"
2026-09-16T05:05:00.8144581+00:00,2041937256,0.000000,0,1.000000,0.000000,0.000000,0.340000,SURVIVAL,SURVIVAL,NONE,H_t,reject_survival,phase=none;hMul=1.000;gMul=1.000;qMul=1.000;qAdd=0.000;rpiOff=0.000,1874,7458,"RacePacingRejected, RACE action=reject_survival:6654;RacePacingRejected, RACE action=reject_pacing:801;ReplacementNotAllowed:3"
2026-09-16T05:05:01.3138556+00:00,2041986344,0.000000,0,1.000000,0.000000,0.000000,0.340000,SURVIVAL,SURVIVAL,NONE,H_t,reject_survival,phase=none;hMul=1.000;gMul=1.000;qMul=1.000;qAdd=0.000;rpiOff=0.000,1874,7458,"RacePacingRejected, RACE action=reject_survival:6654;RacePacingRejected, RACE action=reject_pacing:801;ReplacementNotAllowed:3"
2026-09-16T05:05:01.8143578+00:00,2041986344,0.000000,0,1.000000,0.000000,0.000000,0.340000,SURVIVAL,SURVIVAL,NONE,H_t,reject_survival,phase=none;hMul=1.000;gMul=1.000;qMul=1.000;qAdd=0.000;rpiOff=0.000,1874,7458,"RacePacingRejected, RACE action=reject_survival:6654;RacePacingRejected, RACE action=reject_pacing:801;ReplacementNotAllowed:3"
2026-09-16T05:05:02.3139448+00:00,2042085032,0.000000,0,1.000000,0.000000,0.000000,0.340000,SURVIVAL,SURVIVAL,NONE,H_t,reject_survival,phase=none;hMul=1.000;gMul=1.000;qMul=1.000;qAdd=0.000;rpiOff=0.000,1874,7458,"RacePacingRejected, RACE action=reject_survival:6654;RacePacingRejected, RACE action=reject_pacing:801;ReplacementNotAllowed:3"
2026-09-16T05:05:02.8144345+00:00,2042085032,0.000000,0,1.000000,0.000000,0.000000,0.340000,SURVIVAL,SURVIVAL,NONE,H_t,reject_survival,phase=none;hMul=1.000;gMul=1.000;qMul=1.000;qAdd=0.000;rpiOff=0.000,1874,7458,"RacePacingRejected, RACE action=reject_survival:6654;RacePacingRejected, RACE action=reject_pacing:801;ReplacementNotAllowed:3"
2026-09-16T05:05:03.3141024+00:00,2042142344,0.000000,0,1.000000,0.000000,0.000000,0.340000,SURVIVAL,SURVIVAL,NONE,H_t,reject_survival,phase=none;hMul=1.000;gMul=1.000;qMul=1.000;qAdd=0.000;rpiOff=0.000,1874,7458,"RacePacingRejected, RACE action=reject_survival:6654;RacePacingRejected, RACE action=reject_pacing:801;ReplacementNotAllowed:3"
2026-09-16T05:05:03.8146621+00:00,2042150568,0.000000,0,1.000000,0.000000,0.000000,0.340000,SURVIVAL,SURVIVAL,NONE,H_t,reject_survival,phase=none;hMul=1.000;gMul=1.000;qMul=1.000;qAdd=0.000;rpiOff=0.000,1874,7458,"RacePacingRejected, RACE action=reject_survival:6654;RacePacingRejected, RACE action=reject_pacing:801;ReplacementNotAllowed:3"
2026-09-16T05:05:04.3140132+00:00,2042240520,0.000000,0,1.000000,0.000000,0.000000,0.340000,SURVIVAL,SURVIVAL,NONE,H_t,reject_survival,phase=none;hMul=1.000;gMul=1.000;qMul=1.000;qAdd=0.000;rpiOff=0.000,1874,7458,"RacePacingRejected, RACE action=reject_survival:6654;RacePacingRejected, RACE action=reject_pacing:801;ReplacementNotAllowed:3"
2026-09-16T05:05:04.8145376+00:00,2042240520,0.000000,0,1.000000,0.000000,0.000000,0.340000,SURVIVAL,SURVIVAL,NONE,H_t,reject_survival,phase=none;hMul=1.000;gMul=1.000;qMul=1.000;qAdd=0.000;rpiOff=0.000,1874,7458,"RacePacingRejected, RACE action=reject_survival:6654;RacePacingRejected, RACE action=reject_pacing:801;ReplacementNotAllowed:3"
2026-09-16T05:05:05.3139855+00:00,2042314280,0.000000,0,1.000000,0.000000,0.000000,0.340000,SURVIVAL,SURVIVAL,NONE,H_t,reject_survival,phase=none;hMul=1.000;gMul=1.000;qMul=1.000;qAdd=0.000;rpiOff=0.000,1874,7458,"RacePacingRejected, RACE action=reject_survival:6654;RacePacingRejected, RACE action=reject_pacing:801;ReplacementNotAllowed:3"
2026-09-16T05:05:05.8145113+00:00,2042314280,0.000000,0,1.000000,0.000000,0.000000,0.340000,SURVIVAL,SURVIVAL,NONE,H_t,reject_survival,phase=none;hMul=1.000;gMul=1.000;qMul=1.000;qAdd=0.000;rpiOff=0.000,1874,7458,"RacePacingRejected, RACE action=reject_survival:6654;RacePacingRejected, RACE action=reject_pacing:801;ReplacementNotAllowed:3"
2026-09-16T05:05:06.3143297+00:00,2042363112,0.000000,0,1.000000,0.000000,0.000000,0.340000,SURVIVAL,SURVIVAL,NONE,H_t,reject_survival,phase=none;hMul=1.000;gMul=1.000;qMul=1.000;qAdd=0.000;rpiOff=0.000,1874,7458,"RacePacingRejected, RACE action=reject_survival:6654;RacePacingRejected, RACE action=reject_pacing:801;ReplacementNotAllowed:3"
2026-09-16T05:05:06.8140656+00:00,2042371336,0.000000,0,1.000000,0.000000,0.000000,0.340000,SURVIVAL,SURVIVAL,NONE,H_t,reject_survival,phase=none;hMul=1.000;gMul=1.000;qMul=1.000;qAdd=0.000;rpiOff=0.000,1874,7458,"RacePacingRejected, RACE action=reject_survival:6654;RacePacingRejected, RACE action=reject_pacing:801;ReplacementNotAllowed:3"
2026-09-16T05:05:07.3147067+00:00,2042453320,0.000000,0,1.000000,0.000000,0.000000,0.340000,SURVIVAL,SURVIVAL,NONE,H_t,reject_survival,phase=none;hMul=1.000;gMul=1.000;qMul=1.000;qAdd=0.000;rpiOff=0.000,1874,7458,"RacePacingRejected, RACE action=reject_survival:6654;RacePacingRejected, RACE action=reject_pacing:801;ReplacementNotAllowed:3"
2026-09-16T05:05:07.8142309+00:00,2042461544,0.000000,0,1.000000,0.000000,0.000000,0.340000,SURVIVAL,SURVIVAL,NONE,H_t,reject_survival,phase=none;hMul=1.000;gMul=1.000;qMul=1.000;qAdd=0.000;rpiOff=0.000,1874,7458,"RacePacingRejected, RACE action=reject_survival:6654;RacePacingRejected, RACE action=reject_pacing:801;ReplacementNotAllowed:3"
2026-09-16T05:05:08.3147507+00:00,2042870952,0.000000,0,1.000000,0.000000,0.000000,0.340000,SURVIVAL,SURVIVAL,NONE,H_t,reject_survival,phase=none;hMul=1.000;gMul=1.000;qMul=1.000;qAdd=0.000;rpiOff=0.000,1874,7458,"RacePacingRejected, RACE action=reject_survival:6654;RacePacingRejected, RACE action=reject_pacing:801;ReplacementNotAllowed:3"
2026-09-16T05:05:08.8143201+00:00,2042870952,0.000000,0,1.000000,0.000000,0.000000,0.340000,SURVIVAL,SURVIVAL,NONE,H_t,reject_survival,phase=none;hMul=1.000;gMul=1.000;qMul=1.000;qAdd=0.000;rpiOff=0.000,1874,7458,"RacePacingRejected, RACE action=reject_survival:6654;RacePacingRejected, RACE action=reject_pacing:801;ReplacementNotAllowed:3"
2026-09-16T05:05:09.3146839+00:00,2042952936,0.000000,0,1.000000,0.000000,0.000000,0.340000,SURVIVAL,SURVIVAL,NONE,H_t,reject_survival,phase=none;hMul=1.000;gMul=1.000;qMul=1.000;qAdd=0.000;rpiOff=0.000,1874,7458,"RacePacingRejected, RACE action=reject_survival:6654;RacePacingRejected, RACE action=reject_pacing:801;ReplacementNotAllowed:3"
2026-09-16T05:05:09.8142671+00:00,2042961160,0.000000,0,1.000000,0.000000,0.000000,0.340000,SURVIVAL,SURVIVAL,NONE,H_t,reject_survival,phase=none;hMul=1.000;gMul=1.000;qMul=1.000;qAdd=0.000;rpiOff=0.000,1874,7458,"RacePacingRejected, RACE action=reject_survival:6654;RacePacingRejected, RACE action=reject_pacing:801;ReplacementNotAllowed:3"
2026-09-16T05:05:10.3138846+00:00,2043010504,0.000000,0,1.000000,0.000000,0.000000,0.340000,SURVIVAL,SURVIVAL,NONE,H_t,reject_survival,phase=none;hMul=1.000;gMul=1.000;qMul=1.000;qAdd=0.000;rpiOff=0.000,1874,7458,"RacePacingRejected, RACE action=reject_survival:6654;RacePacingRejected, RACE action=reject_pacing:801;ReplacementNotAllowed:3"
2026-09-16T05:05:10.8143940+00:00,2043018472,0.000000,0,1.000000,0.000000,0.000000,0.340000,SURVIVAL,SURVIVAL,NONE,H_t,reject_survival,phase=none;hMul=1.000;gMul=1.000;qMul=1.000;qAdd=0.000;rpiOff=0.000,1874,7458,"RacePacingRejected, RACE action=reject_survival:6654;RacePacingRejected, RACE action=reject_pacing:801;ReplacementNotAllowed:3"
2026-09-16T05:05:11.3138552+00:00,2043092488,0.000000,0,1.000000,0.000000,0.000000,0.340000,SURVIVAL,SURVIVAL,NONE,H_t,reject_survival,phase=none;hMul=1.000;gMul=1.000;qMul=1.000;qAdd=0.000;rpiOff=0.000,1874,7458,"RacePacingRejected, RACE action=reject_survival:6654;RacePacingRejected, RACE action=reject_pacing:801;ReplacementNotAllowed:3"
2026-09-16T05:05:11.8144046+00:00,2043092488,0.000000,0,1.000000,0.000000,0.000000,0.340000,SURVIVAL,SURVIVAL,NONE,H_t,reject_survival,phase=none;hMul=1.000;gMul=1.000;qMul=1.000;qAdd=0.000;rpiOff=0.000,1874,7458,"RacePacingRejected, RACE action=reject_survival:6654;RacePacingRejected, RACE action=reject_pacing:801;ReplacementNotAllowed:3"
2026-09-16T05:05:12.3140303+00:00,2043158024,0.000000,0,1.000000,0.000000,0.000000,0.340000,SURVIVAL,SURVIVAL,NONE,H_t,reject_survival,phase=none;hMul=1.000;gMul=1.000;qMul=1.000;qAdd=0.000;rpiOff=0.000,1874,7458,"RacePacingRejected, RACE action=reject_survival:6654;RacePacingRejected, RACE action=reject_pacing:801;ReplacementNotAllowed:3"
2026-09-16T05:05:12.8145167+00:00,2043158024,0.000000,0,1.000000,0.000000,0.000000,0.340000,SURVIVAL,SURVIVAL,NONE,H_t,reject_survival,phase=none;hMul=1.000;gMul=1.000;qMul=1.000;qAdd=0.000;rpiOff=0.000,1874,7458,"RacePacingRejected, RACE action=reject_survival:6654;RacePacingRejected, RACE action=reject_pacing:801;ReplacementNotAllowed:3"
2026-09-16T05:05:13.3139706+00:00,2043239752,0.000000,0,1.000000,0.000000,0.000000,0.340000,SURVIVAL,SURVIVAL,NONE,H_t,reject_survival,phase=none;hMul=1.000;gMul=1.000;qMul=1.000;qAdd=0.000;rpiOff=0.000,1874,7458,"RacePacingRejected, RACE action=reject_survival:6654;RacePacingRejected, RACE action=reject_pacing:801;ReplacementNotAllowed:3"
2026-09-16T05:05:13.8145440+00:00,2043247976,0.000000,0,1.000000,0.000000,0.000000,0.340000,SURVIVAL,SURVIVAL,NONE,H_t,reject_survival,phase=none;hMul=1.000;gMul=1.000;qMul=1.000;qAdd=0.000;rpiOff=0.000,1874,7458,"RacePacingRejected, RACE action=reject_survival:6654;RacePacingRejected, RACE action=reject_pacing:801;ReplacementNotAllowed:3"
2026-09-16T05:05:14.3139559+00:00,2043317384,0.000000,0,1.000000,0.000000,0.000000,0.340000,SURVIVAL,SURVIVAL,NONE,H_t,reject_survival,phase=none;hMul=1.000;gMul=1.000;qMul=1.000;qAdd=0.000;rpiOff=0.000,1874,7458,"RacePacingRejected, RACE action=reject_survival:6654;RacePacingRejected, RACE action=reject_pacing:801;ReplacementNotAllowed:3"
2026-09-16T05:05:14.8145518+00:00,2043317384,0.000000,0,1.000000,0.000000,0.000000,0.340000,SURVIVAL,SURVIVAL,NONE,H_t,reject_survival,phase=none;hMul=1.000;gMul=1.000;qMul=1.000;qAdd=0.000;rpiOff=0.000,1874,7458,"RacePacingRejected, RACE action=reject_survival:6654;RacePacingRejected, RACE action=reject_pacing:801;ReplacementNotAllowed:3"
2026-09-16T05:05:15.3140635+00:00,2043387096,0.000000,0,1.000000,0.000000,0.000000,0.340000,SURVIVAL,SURVIVAL,NONE,H_t,reject_survival,phase=none;hMul=1.000;gMul=1.000;qMul=1.000;qAdd=0.000;rpiOff=0.000,1874,7458,"RacePacingRejected, RACE action=reject_survival:6654;RacePacingRejected, RACE action=reject_pacing:801;ReplacementNotAllowed:3"
2026-09-16T05:05:15.8145294+00:00,2043387096,0.000000,0,1.000000,0.000000,0.000000,0.340000,SURVIVAL,SURVIVAL,NONE,H_t,reject_survival,phase=none;hMul=1.000;gMul=1.000;qMul=1.000;qAdd=0.000;rpiOff=0.000,1874,7458,"RacePacingRejected, RACE action=reject_survival:6654;RacePacingRejected, RACE action=reject_pacing:801;ReplacementNotAllowed:3"
2026-09-16T05:05:16.3141264+00:00,2043460200,0.000000,0,1.000000,0.000000,0.000000,0.340000,SURVIVAL,SURVIVAL,NONE,H_t,reject_survival,phase=none;hMul=1.000;gMul=1.000;qMul=1.000;qAdd=0.000;rpiOff=0.000,1874,7458,"RacePacingRejected, RACE action=reject_survival:6654;RacePacingRejected, RACE action=reject_pacing:801;ReplacementNotAllowed:3"
2026-09-16T05:05:16.8138975+00:00,2043468424,0.000000,0,1.000000,0.000000,0.000000,0.340000,SURVIVAL,SURVIVAL,NONE,H_t,reject_survival,phase=none;hMul=1.000;gMul=1.000;qMul=1.000;qAdd=0.000;rpiOff=0.000,1874,7458,"RacePacingRejected, RACE action=reject_survival:6654;RacePacingRejected, RACE action=reject_pacing:801;ReplacementNotAllowed:3"
2026-09-16T05:05:17.3146262+00:00,2043542184,0.000000,0,1.000000,0.000000,0.000000,0.340000,SURVIVAL,SURVIVAL,NONE,H_t,reject_survival,phase=none;hMul=1.000;gMul=1.000;qMul=1.000;qAdd=0.000;rpiOff=0.000,1874,7458,"RacePacingRejected, RACE action=reject_survival:6654;RacePacingRejected, RACE action=reject_pacing:801;ReplacementNotAllowed:3"
2026-09-16T05:05:17.8141495+00:00,2043542184,0.000000,0,1.000000,0.000000,0.000000,0.340000,SURVIVAL,SURVIVAL,NONE,H_t,reject_survival,phase=none;hMul=1.000;gMul=1.000;qMul=1.000;qAdd=0.000;rpiOff=0.000,1874,7458,"RacePacingRejected, RACE action=reject_survival:6654;RacePacingRejected, RACE action=reject_pacing:801;ReplacementNotAllowed:3"
2026-09-16T05:05:18.3145081+00:00,2043623912,0.000000,0,1.000000,0.000000,0.000000,0.340000,SURVIVAL,SURVIVAL,NONE,H_t,reject_survival,phase=none;hMul=1.000;gMul=1.000;qMul=1.000;qAdd=0.000;rpiOff=0.000,1874,7458,"RacePacingRejected, RACE action=reject_survival:6654;RacePacingRejected, RACE action=reject_pacing:801;ReplacementNotAllowed:3"
2026-09-16T05:05:18.8140308+00:00,2043632136,0.000000,0,1.000000,0.000000,0.000000,0.340000,SURVIVAL,SURVIVAL,NONE,H_t,reject_survival,phase=none;hMul=1.000;gMul=1.000;qMul=1.000;qAdd=0.000;rpiOff=0.000,1874,7458,"RacePacingRejected, RACE action=reject_survival:6654;RacePacingRejected, RACE action=reject_pacing:801;ReplacementNotAllowed:3"
2026-09-16T05:05:19.3145453+00:00,2043681480,0.000000,0,1.000000,0.000000,0.000000,0.340000,SURVIVAL,SURVIVAL,NONE,H_t,reject_survival,phase=none;hMul=1.000;gMul=1.000;qMul=1.000;qAdd=0.000;rpiOff=0.000,1874,7458,"RacePacingRejected, RACE action=reject_survival:6654;RacePacingRejected, RACE action=reject_pacing:801;ReplacementNotAllowed:3"
2026-09-16T05:05:19.8141373+00:00,2043681480,0.000000,0,1.000000,0.000000,0.000000,0.340000,SURVIVAL,SURVIVAL,NONE,H_t,reject_survival,phase=none;hMul=1.000;gMul=1.000;qMul=1.000;qAdd=0.000;rpiOff=0.000,1874,7458,"RacePacingRejected, RACE action=reject_survival:6654;RacePacingRejected, RACE action=reject_pacing:801;ReplacementNotAllowed:3"
2026-09-16T05:05:20.3146018+00:00,2043755240,0.000000,0,1.000000,0.000000,0.000000,0.340000,SURVIVAL,SURVIVAL,NONE,H_t,reject_survival,phase=none;hMul=1.000;gMul=1.000;qMul=1.000;qAdd=0.000;rpiOff=0.000,1874,7458,"RacePacingRejected, RACE action=reject_survival:6654;RacePacingRejected, RACE action=reject_pacing:801;ReplacementNotAllowed:3"
2026-09-16T05:05:20.8141155+00:00,2043763464,0.000000,0,1.000000,0.000000,0.000000,0.340000,SURVIVAL,SURVIVAL,NONE,H_t,reject_survival,phase=none;hMul=1.000;gMul=1.000;qMul=1.000;qAdd=0.000;rpiOff=0.000,1874,7458,"RacePacingRejected, RACE action=reject_survival:6654;RacePacingRejected, RACE action=reject_pacing:801;ReplacementNotAllowed:3"
2026-09-16T05:05:21.3138598+00:00,2043812808,0.000000,0,1.000000,0.000000,0.000000,0.340000,SURVIVAL,SURVIVAL,NONE,H_t,reject_survival,phase=none;hMul=1.000;gMul=1.000;qMul=1.000;qAdd=0.000;rpiOff=0.000,1874,7458,"RacePacingRejected, RACE action=reject_survival:6654;RacePacingRejected, RACE action=reject_pacing:801;ReplacementNotAllowed:3"
2026-09-16T05:05:21.8144578+00:00,2043821032,0.000000,0,1.000000,0.000000,0.000000,0.340000,SURVIVAL,SURVIVAL,NONE,H_t,reject_survival,phase=none;hMul=1.000;gMul=1.000;qMul=1.000;qAdd=0.000;rpiOff=0.000,1874,7458,"RacePacingRejected, RACE action=reject_survival:6654;RacePacingRejected, RACE action=reject_pacing:801;ReplacementNotAllowed:3"
2026-09-16T05:05:22.3139326+00:00,2043902504,0.000000,0,1.000000,0.000000,0.000000,0.340000,SURVIVAL,SURVIVAL,NONE,H_t,reject_survival,phase=none;hMul=1.000;gMul=1.000;qMul=1.000;qAdd=0.000;rpiOff=0.000,1874,7458,"RacePacingRejected, RACE action=reject_survival:6654;RacePacingRejected, RACE action=reject_pacing:801;ReplacementNotAllowed:3"
2026-09-16T05:05:22.8145621+00:00,2043902504,0.000000,0,1.000000,0.000000,0.000000,0.340000,SURVIVAL,SURVIVAL,NONE,H_t,reject_survival,phase=none;hMul=1.000;gMul=1.000;qMul=1.000;qAdd=0.000;rpiOff=0.000,1874,7458,"RacePacingRejected, RACE action=reject_survival:6654;RacePacingRejected, RACE action=reject_pacing:801;ReplacementNotAllowed:3"
2026-09-16T05:05:23.3140107+00:00,2043984488,0.000000,0,1.000000,0.000000,0.000000,0.340000,SURVIVAL,SURVIVAL,NONE,H_t,reject_survival,phase=none;hMul=1.000;gMul=1.000;qMul=1.000;qAdd=0.000;rpiOff=0.000,1874,7458,"RacePacingRejected, RACE action=reject_survival:6654;RacePacingRejected, RACE action=reject_pacing:801;ReplacementNotAllowed:3"
2026-09-16T05:05:23.8147136+00:00,2043984488,0.000000,0,1.000000,0.000000,0.000000,0.340000,SURVIVAL,SURVIVAL,NONE,H_t,reject_survival,phase=none;hMul=1.000;gMul=1.000;qMul=1.000;qAdd=0.000;rpiOff=0.000,1874,7458,"RacePacingRejected, RACE action=reject_survival:6654;RacePacingRejected, RACE action=reject_pacing:801;ReplacementNotAllowed:3"
2026-09-16T05:05:24.3142352+00:00,2044041800,0.000000,0,1.000000,0.000000,0.000000,0.340000,SURVIVAL,SURVIVAL,NONE,H_t,reject_survival,phase=none;hMul=1.000;gMul=1.000;qMul=1.000;qAdd=0.000;rpiOff=0.000,1874,7458,"RacePacingRejected, RACE action=reject_survival:6654;RacePacingRejected, RACE action=reject_pacing:801;ReplacementNotAllowed:3"
2026-09-16T05:05:24.8138245+00:00,2044050024,0.000000,0,1.000000,0.000000,0.000000,0.340000,SURVIVAL,SURVIVAL,NONE,H_t,reject_survival,phase=none;hMul=1.000;gMul=1.000;qMul=1.000;qAdd=0.000;rpiOff=0.000,1874,7458,"RacePacingRejected, RACE action=reject_survival:6654;RacePacingRejected, RACE action=reject_pacing:801;ReplacementNotAllowed:3"
2026-09-16T05:05:25.3143108+00:00,2044115560,0.000000,0,1.000000,0.000000,0.000000,0.340000,SURVIVAL,SURVIVAL,NONE,H_t,reject_survival,phase=none;hMul=1.000;gMul=1.000;qMul=1.000;qAdd=0.000;rpiOff=0.000,1874,7458,"RacePacingRejected, RACE action=reject_survival:6654;RacePacingRejected, RACE action=reject_pacing:801;ReplacementNotAllowed:3"
2026-09-16T05:05:25.8138433+00:00,2044123784,0.000000,0,1.000000,0.000000,0.000000,0.340000,SURVIVAL,SURVIVAL,NONE,H_t,reject_survival,phase=none;hMul=1.000;gMul=1.000;qMul=1.000;qAdd=0.000;rpiOff=0.000,1874,7458,"RacePacingRejected, RACE action=reject_survival:6654;RacePacingRejected, RACE action=reject_pacing:801;ReplacementNotAllowed:3"
2026-09-16T05:05:26.3147237+00:00,2044173128,0.000000,0,1.000000,0.000000,0.000000,0.340000,SURVIVAL,SURVIVAL,NONE,H_t,reject_survival,phase=none;hMul=1.000;gMul=1.000;qMul=1.000;qAdd=0.000;rpiOff=0.000,1874,7458,"RacePacingRejected, RACE action=reject_survival:6654;RacePacingRejected, RACE action=reject_pacing:801;ReplacementNotAllowed:3"
2026-09-16T05:05:26.8144716+00:00,2044173128,0.000000,0,1.000000,0.000000,0.000000,0.340000,SURVIVAL,SURVIVAL,NONE,H_t,reject_survival,phase=none;hMul=1.000;gMul=1.000;qMul=1.000;qAdd=0.000;rpiOff=0.000,1874,7458,"RacePacingRejected, RACE action=reject_survival:6654;RacePacingRejected, RACE action=reject_pacing:801;ReplacementNotAllowed:3"
2026-09-16T05:05:27.3141286+00:00,2044263080,0.000000,0,1.000000,0.000000,0.000000,0.340000,SURVIVAL,SURVIVAL,NONE,H_t,reject_survival,phase=none;hMul=1.000;gMul=1.000;qMul=1.000;qAdd=0.000;rpiOff=0.000,1874,7458,"RacePacingRejected, RACE action=reject_survival:6654;RacePacingRejected, RACE action=reject_pacing:801;ReplacementNotAllowed:3"
2026-09-16T05:05:27.8146533+00:00,2044263080,0.000000,0,1.000000,0.000000,0.000000,0.340000,SURVIVAL,SURVIVAL,NONE,H_t,reject_survival,phase=none;hMul=1.000;gMul=1.000;qMul=1.000;qAdd=0.000;rpiOff=0.000,1874,7458,"RacePacingRejected, RACE action=reject_survival:6654;RacePacingRejected, RACE action=reject_pacing:801;ReplacementNotAllowed:3"
2026-09-16T05:05:28.3140561+00:00,2044353288,0.000000,0,1.000000,0.000000,0.000000,0.340000,SURVIVAL,SURVIVAL,NONE,H_t,reject_survival,phase=none;hMul=1.000;gMul=1.000;qMul=1.000;qAdd=0.000;rpiOff=0.000,1874,7458,"RacePacingRejected, RACE action=reject_survival:6654;RacePacingRejected, RACE action=reject_pacing:801;ReplacementNotAllowed:3"
2026-09-16T05:05:28.8145519+00:00,2044361512,0.000000,0,1.000000,0.000000,0.000000,0.340000,SURVIVAL,SURVIVAL,NONE,H_t,reject_survival,phase=none;hMul=1.000;gMul=1.000;qMul=1.000;qAdd=0.000;rpiOff=0.000,1874,7458,"RacePacingRejected, RACE action=reject_survival:6654;RacePacingRejected, RACE action=reject_pacing:801;ReplacementNotAllowed:3"
2026-09-16T05:05:29.3140499+00:00,2044407208,0.000000,0,1.000000,0.000000,0.000000,0.340000,SURVIVAL,SURVIVAL,NONE,H_t,reject_survival,phase=none;hMul=1.000;gMul=1.000;qMul=1.000;qAdd=0.000;rpiOff=0.000,1874,7458,"RacePacingRejected, RACE action=reject_survival:6654;RacePacingRejected, RACE action=reject_pacing:801;ReplacementNotAllowed:3"
2026-09-16T05:05:29.8145188+00:00,2044415432,0.000000,0,1.000000,0.000000,0.000000,0.340000,SURVIVAL,SURVIVAL,NONE,H_t,reject_survival,phase=none;hMul=1.000;gMul=1.000;qMul=1.000;qAdd=0.000;rpiOff=0.000,1874,7458,"RacePacingRejected, RACE action=reject_survival:6654;RacePacingRejected, RACE action=reject_pacing:801;ReplacementNotAllowed:3"
2026-09-16T05:05:30.3139522+00:00,2044505896,0.000000,0,1.000000,0.000000,0.000000,0.340000,SURVIVAL,SURVIVAL,NONE,H_t,reject_survival,phase=none;hMul=1.000;gMul=1.000;qMul=1.000;qAdd=0.000;rpiOff=0.000,1874,7458,"RacePacingRejected, RACE action=reject_survival:6654;RacePacingRejected, RACE action=reject_pacing:801;ReplacementNotAllowed:3"
2026-09-16T05:05:30.8145260+00:00,2044505896,0.000000,0,1.000000,0.000000,0.000000,0.340000,SURVIVAL,SURVIVAL,NONE,H_t,reject_survival,phase=none;hMul=1.000;gMul=1.000;qMul=1.000;qAdd=0.000;rpiOff=0.000,1874,7458,"RacePacingRejected, RACE action=reject_survival:6654;RacePacingRejected, RACE action=reject_pacing:801;ReplacementNotAllowed:3"
2026-09-16T05:05:31.3140393+00:00,2044554984,0.000000,0,1.000000,0.000000,0.000000,0.340000,SURVIVAL,SURVIVAL,NONE,H_t,reject_survival,phase=none;hMul=1.000;gMul=1.000;qMul=1.000;qAdd=0.000;rpiOff=0.000,1874,7458,"RacePacingRejected, RACE action=reject_survival:6654;RacePacingRejected, RACE action=reject_pacing:801;ReplacementNotAllowed:3"
2026-09-16T05:05:31.8145762+00:00,2044563208,0.000000,0,1.000000,0.000000,0.000000,0.340000,SURVIVAL,SURVIVAL,NONE,H_t,reject_survival,phase=none;hMul=1.000;gMul=1.000;qMul=1.000;qAdd=0.000;rpiOff=0.000,1874,7458,"RacePacingRejected, RACE action=reject_survival:6654;RacePacingRejected, RACE action=reject_pacing:801;ReplacementNotAllowed:3"
2026-09-16T05:05:32.3141819+00:00,2044632776,0.000000,0,1.000000,0.000000,0.000000,0.340000,SURVIVAL,SURVIVAL,NONE,H_t,reject_survival,phase=none;hMul=1.000;gMul=1.000;qMul=1.000;qAdd=0.000;rpiOff=0.000,1874,7458,"RacePacingRejected, RACE action=reject_survival:6654;RacePacingRejected, RACE action=reject_pacing:801;ReplacementNotAllowed:3"
2026-09-16T05:05:32.8146546+00:00,2044640744,0.000000,0,1.000000,0.000000,0.000000,0.340000,SURVIVAL,SURVIVAL,NONE,H_t,reject_survival,phase=none;hMul=1.000;gMul=1.000;qMul=1.000;qAdd=0.000;rpiOff=0.000,1874,7458,"RacePacingRejected, RACE action=reject_survival:6654;RacePacingRejected, RACE action=reject_pacing:801;ReplacementNotAllowed:3"
2026-09-16T05:05:33.3141544+00:00,2044698312,0.000000,0,1.000000,0.000000,0.000000,0.340000,SURVIVAL,SURVIVAL,NONE,H_t,reject_survival,phase=none;hMul=1.000;gMul=1.000;qMul=1.000;qAdd=0.000;rpiOff=0.000,1874,7458,"RacePacingRejected, RACE action=reject_survival:6654;RacePacingRejected, RACE action=reject_pacing:801;ReplacementNotAllowed:3"
2026-09-16T05:05:33.8146318+00:00,2044706536,0.000000,0,1.000000,0.000000,0.000000,0.340000,SURVIVAL,SURVIVAL,NONE,H_t,reject_survival,phase=none;hMul=1.000;gMul=1.000;qMul=1.000;qAdd=0.000;rpiOff=0.000,1874,7458,"RacePacingRejected, RACE action=reject_survival:6654;RacePacingRejected, RACE action=reject_pacing:801;ReplacementNotAllowed:3"
2026-09-16T05:05:34.3141176+00:00,2044788776,0.000000,0,1.000000,0.000000,0.000000,0.340000,SURVIVAL,SURVIVAL,NONE,H_t,reject_survival,phase=none;hMul=1.000;gMul=1.000;qMul=1.000;qAdd=0.000;rpiOff=0.000,1874,7458,"RacePacingRejected, RACE action=reject_survival:6654;RacePacingRejected, RACE action=reject_pacing:801;ReplacementNotAllowed:3"
2026-09-16T05:05:34.8145986+00:00,2044797000,0.000000,0,1.000000,0.000000,0.000000,0.340000,SURVIVAL,SURVIVAL,NONE,H_t,reject_survival,phase=none;hMul=1.000;gMul=1.000;qMul=1.000;qAdd=0.000;rpiOff=0.000,1874,7458,"RacePacingRejected, RACE action=reject_survival:6654;RacePacingRejected, RACE action=reject_pacing:801;ReplacementNotAllowed:3"
2026-09-16T05:05:35.3143480+00:00,2045308688,0.000000,0,1.000000,0.000000,0.000000,0.340000,SURVIVAL,SURVIVAL,NONE,H_t,reject_survival,phase=none;hMul=1.000;gMul=1.000;qMul=1.000;qAdd=0.000;rpiOff=0.000,1874,7458,"RacePacingRejected, RACE action=reject_survival:6654;RacePacingRejected, RACE action=reject_pacing:801;ReplacementNotAllowed:3"
2026-09-16T05:05:35.8138350+00:00,2045316912,0.000000,0,1.000000,0.000000,0.000000,0.340000,SURVIVAL,SURVIVAL,NONE,H_t,reject_survival,phase=none;hMul=1.000;gMul=1.000;qMul=1.000;qAdd=0.000;rpiOff=0.000,1874,7458,"RacePacingRejected, RACE action=reject_survival:6654;RacePacingRejected, RACE action=reject_pacing:801;ReplacementNotAllowed:3"
2026-09-16T05:05:36.3146407+00:00,2045374480,0.000000,0,1.000000,0.000000,0.000000,0.340000,SURVIVAL,SURVIVAL,NONE,H_t,reject_survival,phase=none;hMul=1.000;gMul=1.000;qMul=1.000;qAdd=0.000;rpiOff=0.000,1874,7458,"RacePacingRejected, RACE action=reject_survival:6654;RacePacingRejected, RACE action=reject_pacing:801;ReplacementNotAllowed:3"
2026-09-16T05:05:36.8143616+00:00,2045374480,0.000000,0,1.000000,0.000000,0.000000,0.340000,SURVIVAL,SURVIVAL,NONE,H_t,reject_survival,phase=none;hMul=1.000;gMul=1.000;qMul=1.000;qAdd=0.000;rpiOff=0.000,1874,7458,"RacePacingRejected, RACE action=reject_survival:6654;RacePacingRejected, RACE action=reject_pacing:801;ReplacementNotAllowed:3"
2026-09-16T05:05:37.3139301+00:00,2045456736,0.000000,0,1.000000,0.000000,0.000000,0.340000,SURVIVAL,SURVIVAL,NONE,H_t,reject_survival,phase=none;hMul=1.000;gMul=1.000;qMul=1.000;qAdd=0.000;rpiOff=0.000,1874,7458,"RacePacingRejected, RACE action=reject_survival:6654;RacePacingRejected, RACE action=reject_pacing:801;ReplacementNotAllowed:3"
2026-09-16T05:05:37.8144168+00:00,2045456736,0.000000,0,1.000000,0.000000,0.000000,0.340000,SURVIVAL,SURVIVAL,NONE,H_t,reject_survival,phase=none;hMul=1.000;gMul=1.000;qMul=1.000;qAdd=0.000;rpiOff=0.000,1874,7458,"RacePacingRejected, RACE action=reject_survival:6654;RacePacingRejected, RACE action=reject_pacing:801;ReplacementNotAllowed:3"
2026-09-16T05:05:38.3141237+00:00,2045522272,0.000000,0,1.000000,0.000000,0.000000,0.340000,SURVIVAL,SURVIVAL,NONE,H_t,reject_survival,phase=none;hMul=1.000;gMul=1.000;qMul=1.000;qAdd=0.000;rpiOff=0.000,1874,7458,"RacePacingRejected, RACE action=reject_survival:6654;RacePacingRejected, RACE action=reject_pacing:801;ReplacementNotAllowed:3"
2026-09-16T05:05:38.8144350+00:00,2045522272,0.000000,0,1.000000,0.000000,0.000000,0.340000,SURVIVAL,SURVIVAL,NONE,H_t,reject_survival,phase=none;hMul=1.000;gMul=1.000;qMul=1.000;qAdd=0.000;rpiOff=0.000,1874,7458,"RacePacingRejected, RACE action=reject_survival:6654;RacePacingRejected, RACE action=reject_pacing:801;ReplacementNotAllowed:3"
2026-09-16T05:05:39.3147087+00:00,2045595776,0.000000,0,1.000000,0.000000,0.000000,0.340000,SURVIVAL,SURVIVAL,NONE,H_t,reject_survival,phase=none;hMul=1.000;gMul=1.000;qMul=1.000;qAdd=0.000;rpiOff=0.000,1874,7458,"RacePacingRejected, RACE action=reject_survival:6654;RacePacingRejected, RACE action=reject_pacing:801;ReplacementNotAllowed:3"
2026-09-16T05:05:39.8140847+00:00,2045604000,0.000000,0,1.000000,0.000000,0.000000,0.340000,SURVIVAL,SURVIVAL,NONE,H_t,reject_survival,phase=none;hMul=1.000;gMul=1.000;qMul=1.000;qAdd=0.000;rpiOff=0.000,1874,7458,"RacePacingRejected, RACE action=reject_survival:6654;RacePacingRejected, RACE action=reject_pacing:801;ReplacementNotAllowed:3"
2026-09-16T05:05:40.3140119+00:00,2045653088,0.000000,0,1.000000,0.000000,0.000000,0.340000,SURVIVAL,SURVIVAL,NONE,H_t,reject_survival,phase=none;hMul=1.000;gMul=1.000;qMul=1.000;qAdd=0.000;rpiOff=0.000,1874,7458,"RacePacingRejected, RACE action=reject_survival:6654;RacePacingRejected, RACE action=reject_pacing:801;ReplacementNotAllowed:3"
2026-09-16T05:05:40.8144873+00:00,2045661312,0.000000,0,1.000000,0.000000,0.000000,0.340000,SURVIVAL,SURVIVAL,NONE,H_t,reject_survival,phase=none;hMul=1.000;gMul=1.000;qMul=1.000;qAdd=0.000;rpiOff=0.000,1874,7458,"RacePacingRejected, RACE action=reject_survival:6654;RacePacingRejected, RACE action=reject_pacing:801;ReplacementNotAllowed:3"
2026-09-16T05:05:41.3138924+00:00,2045743296,0.000000,0,1.000000,0.000000,0.000000,0.340000,SURVIVAL,SURVIVAL,NONE,H_t,reject_survival,phase=none;hMul=1.000;gMul=1.000;qMul=1.000;qAdd=0.000;rpiOff=0.000,1874,7458,"RacePacingRejected, RACE action=reject_survival:6654;RacePacingRejected, RACE action=reject_pacing:801;ReplacementNotAllowed:3"
2026-09-16T05:05:41.8143665+00:00,2045751520,0.000000,0,1.000000,0.000000,0.000000,0.340000,SURVIVAL,SURVIVAL,NONE,H_t,reject_survival,phase=none;hMul=1.000;gMul=1.000;qMul=1.000;qAdd=0.000;rpiOff=0.000,1874,7458,"RacePacingRejected, RACE action=reject_survival:6654;RacePacingRejected, RACE action=reject_pacing:801;ReplacementNotAllowed:3"
2026-09-16T05:05:42.3139119+00:00,2045800232,0.000000,0,1.000000,0.000000,0.000000,0.340000,SURVIVAL,SURVIVAL,NONE,H_t,reject_survival,phase=none;hMul=1.000;gMul=1.000;qMul=1.000;qAdd=0.000;rpiOff=0.000,1874,7458,"RacePacingRejected, RACE action=reject_survival:6654;RacePacingRejected, RACE action=reject_pacing:801;ReplacementNotAllowed:3"
2026-09-16T05:05:42.8143882+00:00,2045808456,0.000000,0,1.000000,0.000000,0.000000,0.340000,SURVIVAL,SURVIVAL,NONE,H_t,reject_survival,phase=none;hMul=1.000;gMul=1.000;qMul=1.000;qAdd=0.000;rpiOff=0.000,1874,7458,"RacePacingRejected, RACE action=reject_survival:6654;RacePacingRejected, RACE action=reject_pacing:801;ReplacementNotAllowed:3"
2026-09-16T05:05:43.3138492+00:00,2045874248,0.000000,0,1.000000,0.000000,0.000000,0.340000,SURVIVAL,SURVIVAL,NONE,H_t,reject_survival,phase=none;hMul=1.000;gMul=1.000;qMul=1.000;qAdd=0.000;rpiOff=0.000,1874,7458,"RacePacingRejected, RACE action=reject_survival:6654;RacePacingRejected, RACE action=reject_pacing:801;ReplacementNotAllowed:3"
2026-09-16T05:05:43.8143355+00:00,2045882472,0.000000,0,1.000000,0.000000,0.000000,0.340000,SURVIVAL,SURVIVAL,NONE,H_t,reject_survival,phase=none;hMul=1.000;gMul=1.000;qMul=1.000;qAdd=0.000;rpiOff=0.000,1874,7458,"RacePacingRejected, RACE action=reject_survival:6654;RacePacingRejected, RACE action=reject_pacing:801;ReplacementNotAllowed:3"
2026-09-16T05:05:44.3146531+00:00,2045972168,0.000000,0,1.000000,0.000000,0.000000,0.340000,SURVIVAL,SURVIVAL,NONE,H_t,reject_survival,phase=none;hMul=1.000;gMul=1.000;qMul=1.000;qAdd=0.000;rpiOff=0.000,1874,7458,"RacePacingRejected, RACE action=reject_survival:6654;RacePacingRejected, RACE action=reject_pacing:801;ReplacementNotAllowed:3"
2026-09-16T05:05:44.8142230+00:00,2045972168,0.000000,0,1.000000,0.000000,0.000000,0.340000,SURVIVAL,SURVIVAL,NONE,H_t,reject_survival,phase=none;hMul=1.000;gMul=1.000;qMul=1.000;qAdd=0.000;rpiOff=0.000,1874,7458,"RacePacingRejected, RACE action=reject_survival:6654;RacePacingRejected, RACE action=reject_pacing:801;ReplacementNotAllowed:3"
2026-09-16T05:05:45.3138716+00:00,2046029480,0.000000,0,1.000000,0.000000,0.000000,0.340000,SURVIVAL,SURVIVAL,NONE,H_t,reject_survival,phase=none;hMul=1.000;gMul=1.000;qMul=1.000;qAdd=0.000;rpiOff=0.000,1874,7458,"RacePacingRejected, RACE action=reject_survival:6654;RacePacingRejected, RACE action=reject_pacing:801;ReplacementNotAllowed:3"
2026-09-16T05:05:45.8143396+00:00,2046029480,0.000000,0,1.000000,0.000000,0.000000,0.340000,SURVIVAL,SURVIVAL,NONE,H_t,reject_survival,phase=none;hMul=1.000;gMul=1.000;qMul=1.000;qAdd=0.000;rpiOff=0.000,1874,7458,"RacePacingRejected, RACE action=reject_survival:6654;RacePacingRejected, RACE action=reject_pacing:801;ReplacementNotAllowed:3"
2026-09-16T05:05:46.3142943+00:00,2046095016,0.000000,0,1.000000,0.000000,0.000000,0.340000,SURVIVAL,SURVIVAL,NONE,H_t,reject_survival,phase=none;hMul=1.000;gMul=1.000;qMul=1.000;qAdd=0.000;rpiOff=0.000,1874,7458,"RacePacingRejected, RACE action=reject_survival:6654;RacePacingRejected, RACE action=reject_pacing:801;ReplacementNotAllowed:3"
2026-09-16T05:05:46.8141583+00:00,2046095016,0.000000,0,1.000000,0.000000,0.000000,0.340000,SURVIVAL,SURVIVAL,NONE,H_t,reject_survival,phase=none;hMul=1.000;gMul=1.000;qMul=1.000;qAdd=0.000;rpiOff=0.000,1874,7458,"RacePacingRejected, RACE action=reject_survival:6654;RacePacingRejected, RACE action=reject_pacing:801;ReplacementNotAllowed:3"
2026-09-16T05:05:47.3139067+00:00,2046152328,0.000000,0,1.000000,0.000000,0.000000,0.340000,SURVIVAL,SURVIVAL,NONE,H_t,reject_survival,phase=none;hMul=1.000;gMul=1.000;qMul=1.000;qAdd=0.000;rpiOff=0.000,1874,7458,"RacePacingRejected, RACE action=reject_survival:6654;RacePacingRejected, RACE action=reject_pacing:801;ReplacementNotAllowed:3"
2026-09-16T05:05:47.8144052+00:00,2046160552,0.000000,0,1.000000,0.000000,0.000000,0.340000,SURVIVAL,SURVIVAL,NONE,H_t,reject_survival,phase=none;hMul=1.000;gMul=1.000;qMul=1.000;qAdd=0.000;rpiOff=0.000,1874,7458,"RacePacingRejected, RACE action=reject_survival:6654;RacePacingRejected, RACE action=reject_pacing:801;ReplacementNotAllowed:3"
2026-09-16T05:05:48.3148069+00:00,2046242536,0.000000,0,1.000000,0.000000,0.000000,0.340000,SURVIVAL,SURVIVAL,NONE,H_t,reject_survival,phase=none;hMul=1.000;gMul=1.000;qMul=1.000;qAdd=0.000;rpiOff=0.000,1874,7458,"RacePacingRejected, RACE action=reject_survival:6654;RacePacingRejected, RACE action=reject_pacing:801;ReplacementNotAllowed:3"
2026-09-16T05:05:48.8143504+00:00,2046242536,0.000000,0,1.000000,0.000000,0.000000,0.340000,SURVIVAL,SURVIVAL,NONE,H_t,reject_survival,phase=none;hMul=1.000;gMul=1.000;qMul=1.000;qAdd=0.000;rpiOff=0.000,1874,7458,"RacePacingRejected, RACE action=reject_survival:6654;RacePacingRejected, RACE action=reject_pacing:801;ReplacementNotAllowed:3"
2026-09-16T05:05:49.3139895+00:00,2046299592,0.000000,0,1.000000,0.000000,0.000000,0.340000,SURVIVAL,SURVIVAL,NONE,H_t,reject_survival,phase=none;hMul=1.000;gMul=1.000;qMul=1.000;qAdd=0.000;rpiOff=0.000,1874,7458,"RacePacingRejected, RACE action=reject_survival:6654;RacePacingRejected, RACE action=reject_pacing:801;ReplacementNotAllowed:3"
2026-09-16T05:05:49.8145085+00:00,2046307816,0.000000,0,1.000000,0.000000,0.000000,0.340000,SURVIVAL,SURVIVAL,NONE,H_t,reject_survival,phase=none;hMul=1.000;gMul=1.000;qMul=1.000;qAdd=0.000;rpiOff=0.000,1874,7458,"RacePacingRejected, RACE action=reject_survival:6654;RacePacingRejected, RACE action=reject_pacing:801;ReplacementNotAllowed:3"
2026-09-16T05:05:50.3147818+00:00,2046373352,0.000000,0,1.000000,0.000000,0.000000,0.340000,SURVIVAL,SURVIVAL,NONE,H_t,reject_survival,phase=none;hMul=1.000;gMul=1.000;qMul=1.000;qAdd=0.000;rpiOff=0.000,1874,7458,"RacePacingRejected, RACE action=reject_survival:6654;RacePacingRejected, RACE action=reject_pacing:801;ReplacementNotAllowed:3"
2026-09-16T05:05:50.8143269+00:00,2046381576,0.000000,0,1.000000,0.000000,0.000000,0.340000,SURVIVAL,SURVIVAL,NONE,H_t,reject_survival,phase=none;hMul=1.000;gMul=1.000;qMul=1.000;qAdd=0.000;rpiOff=0.000,1874,7458,"RacePacingRejected, RACE action=reject_survival:6654;RacePacingRejected, RACE action=reject_pacing:801;ReplacementNotAllowed:3"
2026-09-16T05:05:51.3141619+00:00,2046438632,0.000000,0,1.000000,0.000000,0.000000,0.340000,SURVIVAL,SURVIVAL,NONE,H_t,reject_survival,phase=none;hMul=1.000;gMul=1.000;qMul=1.000;qAdd=0.000;rpiOff=0.000,1874,7458,"RacePacingRejected, RACE action=reject_survival:6654;RacePacingRejected, RACE action=reject_pacing:801;ReplacementNotAllowed:3"
2026-09-16T05:05:51.8146447+00:00,2046438632,0.000000,0,1.000000,0.000000,0.000000,0.340000,SURVIVAL,SURVIVAL,NONE,H_t,reject_survival,phase=none;hMul=1.000;gMul=1.000;qMul=1.000;qAdd=0.000;rpiOff=0.000,1874,7458,"RacePacingRejected, RACE action=reject_survival:6654;RacePacingRejected, RACE action=reject_pacing:801;ReplacementNotAllowed:3"
2026-09-16T05:05:52.3141918+00:00,2046529096,0.000000,0,1.000000,0.000000,0.000000,0.340000,SURVIVAL,SURVIVAL,NONE,H_t,reject_survival,phase=none;hMul=1.000;gMul=1.000;qMul=1.000;qAdd=0.000;rpiOff=0.000,1874,7458,"RacePacingRejected, RACE action=reject_survival:6654;RacePacingRejected, RACE action=reject_pacing:801;ReplacementNotAllowed:3"
2026-09-16T05:05:52.8146995+00:00,2046537320,0.000000,0,1.000000,0.000000,0.000000,0.340000,SURVIVAL,SURVIVAL,NONE,H_t,reject_survival,phase=none;hMul=1.000;gMul=1.000;qMul=1.000;qAdd=0.000;rpiOff=0.000,1874,7458,"RacePacingRejected, RACE action=reject_survival:6654;RacePacingRejected, RACE action=reject_pacing:801;ReplacementNotAllowed:3"
2026-09-16T05:05:53.3143154+00:00,2046569960,0.000000,0,1.000000,0.000000,0.000000,0.340000,SURVIVAL,SURVIVAL,NONE,H_t,reject_survival,phase=none;hMul=1.000;gMul=1.000;qMul=1.000;qAdd=0.000;rpiOff=0.000,1874,7458,"RacePacingRejected, RACE action=reject_survival:6654;RacePacingRejected, RACE action=reject_pacing:801;ReplacementNotAllowed:3"
2026-09-16T05:05:53.8138289+00:00,2046578184,0.000000,0,1.000000,0.000000,0.000000,0.340000,SURVIVAL,SURVIVAL,NONE,H_t,reject_survival,phase=none;hMul=1.000;gMul=1.000;qMul=1.000;qAdd=0.000;rpiOff=0.000,1874,7458,"RacePacingRejected, RACE action=reject_survival:6654;RacePacingRejected, RACE action=reject_pacing:801;ReplacementNotAllowed:3"
2026-09-16T05:05:54.3141948+00:00,2046652200,0.000000,0,1.000000,0.000000,0.000000,0.340000,SURVIVAL,SURVIVAL,NONE,H_t,reject_survival,phase=none;hMul=1.000;gMul=1.000;qMul=1.000;qAdd=0.000;rpiOff=0.000,1874,7458,"RacePacingRejected, RACE action=reject_survival:6654;RacePacingRejected, RACE action=reject_pacing:801;ReplacementNotAllowed:3"
2026-09-16T05:05:54.8147134+00:00,2046660424,0.000000,0,1.000000,0.000000,0.000000,0.340000,SURVIVAL,SURVIVAL,NONE,H_t,reject_survival,phase=none;hMul=1.000;gMul=1.000;qMul=1.000;qAdd=0.000;rpiOff=0.000,1874,7458,"RacePacingRejected, RACE action=reject_survival:6654;RacePacingRejected, RACE action=reject_pacing:801;ReplacementNotAllowed:3"
2026-09-16T05:05:55.3144659+00:00,2046717224,0.000000,0,1.000000,0.000000,0.000000,0.340000,SURVIVAL,SURVIVAL,NONE,H_t,reject_survival,phase=none;hMul=1.000;gMul=1.000;qMul=1.000;qAdd=0.000;rpiOff=0.000,1874,7458,"RacePacingRejected, RACE action=reject_survival:6654;RacePacingRejected, RACE action=reject_pacing:801;ReplacementNotAllowed:3"
2026-09-16T05:05:55.8140279+00:00,2046717224,0.000000,0,1.000000,0.000000,0.000000,0.340000,SURVIVAL,SURVIVAL,NONE,H_t,reject_survival,phase=none;hMul=1.000;gMul=1.000;qMul=1.000;qAdd=0.000;rpiOff=0.000,1874,7458,"RacePacingRejected, RACE action=reject_survival:6654;RacePacingRejected, RACE action=reject_pacing:801;ReplacementNotAllowed:3"
2026-09-16T05:05:56.3146779+00:00,2046799464,0.000000,0,1.000000,0.000000,0.000000,0.340000,SURVIVAL,SURVIVAL,NONE,H_t,reject_survival,phase=none;hMul=1.000;gMul=1.000;qMul=1.000;qAdd=0.000;rpiOff=0.000,1874,7458,"RacePacingRejected, RACE action=reject_survival:6654;RacePacingRejected, RACE action=reject_pacing:801;ReplacementNotAllowed:3"
2026-09-16T05:05:56.8144901+00:00,2046807688,0.000000,0,1.000000,0.000000,0.000000,0.340000,SURVIVAL,SURVIVAL,NONE,H_t,reject_survival,phase=none;hMul=1.000;gMul=1.000;qMul=1.000;qAdd=0.000;rpiOff=0.000,1874,7458,"RacePacingRejected, RACE action=reject_survival:6654;RacePacingRejected, RACE action=reject_pacing:801;ReplacementNotAllowed:3"
2026-09-16T05:05:57.3142453+00:00,2046856776,0.000000,0,1.000000,0.000000,0.000000,0.340000,SURVIVAL,SURVIVAL,NONE,H_t,reject_survival,phase=none;hMul=1.000;gMul=1.000;qMul=1.000;qAdd=0.000;rpiOff=0.000,1874,7458,"RacePacingRejected, RACE action=reject_survival:6654;RacePacingRejected, RACE action=reject_pacing:801;ReplacementNotAllowed:3"
2026-09-16T05:05:57.8147555+00:00,2046856776,0.000000,0,1.000000,0.000000,0.000000,0.340000,SURVIVAL,SURVIVAL,NONE,H_t,reject_survival,phase=none;hMul=1.000;gMul=1.000;qMul=1.000;qAdd=0.000;rpiOff=0.000,1874,7458,"RacePacingRejected, RACE action=reject_survival:6654;RacePacingRejected, RACE action=reject_pacing:801;ReplacementNotAllowed:3"
2026-09-16T05:05:58.3139969+00:00,2046922312,0.000000,0,1.000000,0.000000,0.000000,0.340000,SURVIVAL,SURVIVAL,NONE,H_t,reject_survival,phase=none;hMul=1.000;gMul=1.000;qMul=1.000;qAdd=0.000;rpiOff=0.000,1874,7458,"RacePacingRejected, RACE action=reject_survival:6654;RacePacingRejected, RACE action=reject_pacing:801;ReplacementNotAllowed:3"
2026-09-16T05:05:58.8145574+00:00,2046930536,0.000000,0,1.000000,0.000000,0.000000,0.340000,SURVIVAL,SURVIVAL,NONE,H_t,reject_survival,phase=none;hMul=1.000;gMul=1.000;qMul=1.000;qAdd=0.000;rpiOff=0.000,1874,7458,"RacePacingRejected, RACE action=reject_survival:6654;RacePacingRejected, RACE action=reject_pacing:801;ReplacementNotAllowed:3"
2026-09-16T05:05:59.3140222+00:00,2047012520,0.000000,0,1.000000,0.000000,0.000000,0.340000,SURVIVAL,SURVIVAL,NONE,H_t,reject_survival,phase=none;hMul=1.000;gMul=1.000;qMul=1.000;qAdd=0.000;rpiOff=0.000,1874,7458,"RacePacingRejected, RACE action=reject_survival:6654;RacePacingRejected, RACE action=reject_pacing:801;ReplacementNotAllowed:3"
2026-09-16T05:05:59.8145383+00:00,2047020744,0.000000,0,1.000000,0.000000,0.000000,0.340000,SURVIVAL,SURVIVAL,NONE,H_t,reject_survival,phase=none;hMul=1.000;gMul=1.000;qMul=1.000;qAdd=0.000;rpiOff=0.000,1874,7458,"RacePacingRejected, RACE action=reject_survival:6654;RacePacingRejected, RACE action=reject_pacing:801;ReplacementNotAllowed:3"
2026-09-16T05:06:00.3141741+00:00,2047061608,0.000000,0,1.000000,0.000000,0.000000,0.340000,SURVIVAL,SURVIVAL,NONE,H_t,reject_survival,phase=none;hMul=1.000;gMul=1.000;qMul=1.000;qAdd=0.000;rpiOff=0.000,1874,7458,"RacePacingRejected, RACE action=reject_survival:6654;RacePacingRejected, RACE action=reject_pacing:801;ReplacementNotAllowed:3"
2026-09-16T05:06:00.8147410+00:00,2047061608,0.000000,0,1.000000,0.000000,0.000000,0.340000,SURVIVAL,SURVIVAL,NONE,H_t,reject_survival,phase=none;hMul=1.000;gMul=1.000;qMul=1.000;qAdd=0.000;rpiOff=0.000,1874,7458,"RacePacingRejected, RACE action=reject_survival:6654;RacePacingRejected, RACE action=reject_pacing:801;ReplacementNotAllowed:3"
2026-09-16T05:06:01.3141249+00:00,2047143592,0.000000,0,1.000000,0.000000,0.000000,0.340000,SURVIVAL,SURVIVAL,NONE,H_t,reject_survival,phase=none;hMul=1.000;gMul=1.000;qMul=1.000;qAdd=0.000;rpiOff=0.000,1874,7458,"RacePacingRejected, RACE action=reject_survival:6654;RacePacingRejected, RACE action=reject_pacing:801;ReplacementNotAllowed:3"
2026-09-16T05:06:01.8147083+00:00,2047143592,0.000000,0,1.000000,0.000000,0.000000,0.340000,SURVIVAL,SURVIVAL,NONE,H_t,reject_survival,phase=none;hMul=1.000;gMul=1.000;qMul=1.000;qAdd=0.000;rpiOff=0.000,1874,7458,"RacePacingRejected, RACE action=reject_survival:6654;RacePacingRejected, RACE action=reject_pacing:801;ReplacementNotAllowed:3"
2026-09-16T05:06:02.3142942+00:00,2047184712,0.000000,0,1.000000,0.000000,0.000000,0.340000,SURVIVAL,SURVIVAL,NONE,H_t,reject_survival,phase=none;hMul=1.000;gMul=1.000;qMul=1.000;qAdd=0.000;rpiOff=0.000,1874,7458,"RacePacingRejected, RACE action=reject_survival:6654;RacePacingRejected, RACE action=reject_pacing:801;ReplacementNotAllowed:3"
2026-09-16T05:06:02.8139803+00:00,2047192936,0.000000,0,1.000000,0.000000,0.000000,0.340000,SURVIVAL,SURVIVAL,NONE,H_t,reject_survival,phase=none;hMul=1.000;gMul=1.000;qMul=1.000;qAdd=0.000;rpiOff=0.000,1874,7458,"RacePacingRejected, RACE action=reject_survival:6654;RacePacingRejected, RACE action=reject_pacing:801;ReplacementNotAllowed:3"
2026-09-16T05:06:03.3144611+00:00,2047282632,0.000000,0,1.000000,0.000000,0.000000,0.340000,SURVIVAL,SURVIVAL,NONE,H_t,reject_survival,phase=none;hMul=1.000;gMul=1.000;qMul=1.000;qAdd=0.000;rpiOff=0.000,1874,7458,"RacePacingRejected, RACE action=reject_survival:6654;RacePacingRejected, RACE action=reject_pacing:801;ReplacementNotAllowed:3"
2026-09-16T05:06:03.8140285+00:00,2047282632,0.000000,0,1.000000,0.000000,0.000000,0.340000,SURVIVAL,SURVIVAL,NONE,H_t,reject_survival,phase=none;hMul=1.000;gMul=1.000;qMul=1.000;qAdd=0.000;rpiOff=0.000,1874,7458,"RacePacingRejected, RACE action=reject_survival:6654;RacePacingRejected, RACE action=reject_pacing:801;ReplacementNotAllowed:3"
2026-09-16T05:06:04.3146616+00:00,2047331720,0.000000,0,1.000000,0.000000,0.000000,0.340000,SURVIVAL,SURVIVAL,NONE,H_t,reject_survival,phase=none;hMul=1.000;gMul=1.000;qMul=1.000;qAdd=0.000;rpiOff=0.000,1874,7458,"RacePacingRejected, RACE action=reject_survival:6654;RacePacingRejected, RACE action=reject_pacing:801;ReplacementNotAllowed:3"
2026-09-16T05:06:04.8141768+00:00,2047339688,0.000000,0,1.000000,0.000000,0.000000,0.340000,SURVIVAL,SURVIVAL,NONE,H_t,reject_survival,phase=none;hMul=1.000;gMul=1.000;qMul=1.000;qAdd=0.000;rpiOff=0.000,1874,7458,"RacePacingRejected, RACE action=reject_survival:6654;RacePacingRejected, RACE action=reject_pacing:801;ReplacementNotAllowed:3"
2026-09-16T05:06:05.3147483+00:00,2047413704,0.000000,0,1.000000,0.000000,0.000000,0.340000,SURVIVAL,SURVIVAL,NONE,H_t,reject_survival,phase=none;hMul=1.000;gMul=1.000;qMul=1.000;qAdd=0.000;rpiOff=0.000,1874,7458,"RacePacingRejected, RACE action=reject_survival:6654;RacePacingRejected, RACE action=reject_pacing:801;ReplacementNotAllowed:3"
2026-09-16T05:06:05.8142694+00:00,2047413704,0.000000,0,1.000000,0.000000,0.000000,0.340000,SURVIVAL,SURVIVAL,NONE,H_t,reject_survival,phase=none;hMul=1.000;gMul=1.000;qMul=1.000;qAdd=0.000;rpiOff=0.000,1874,7458,"RacePacingRejected, RACE action=reject_survival:6654;RacePacingRejected, RACE action=reject_pacing:801;ReplacementNotAllowed:3"
2026-09-16T05:06:06.3144005+00:00,2047471272,0.000000,0,1.000000,0.000000,0.000000,0.340000,SURVIVAL,SURVIVAL,NONE,H_t,reject_survival,phase=none;hMul=1.000;gMul=1.000;qMul=1.000;qAdd=0.000;rpiOff=0.000,1874,7458,"RacePacingRejected, RACE action=reject_survival:6654;RacePacingRejected, RACE action=reject_pacing:801;ReplacementNotAllowed:3"
2026-09-16T05:06:06.8140392+00:00,2047471272,0.000000,0,1.000000,0.000000,0.000000,0.340000,SURVIVAL,SURVIVAL,NONE,H_t,reject_survival,phase=none;hMul=1.000;gMul=1.000;qMul=1.000;qAdd=0.000;rpiOff=0.000,1874,7458,"RacePacingRejected, RACE action=reject_survival:6654;RacePacingRejected, RACE action=reject_pacing:801;ReplacementNotAllowed:3"
2026-09-16T05:06:07.3138463+00:00,2047561224,0.000000,0,1.000000,0.000000,0.000000,0.340000,SURVIVAL,SURVIVAL,NONE,H_t,reject_survival,phase=none;hMul=1.000;gMul=1.000;qMul=1.000;qAdd=0.000;rpiOff=0.000,1874,7458,"RacePacingRejected, RACE action=reject_survival:6654;RacePacingRejected, RACE action=reject_pacing:801;ReplacementNotAllowed:3"
2026-09-16T05:06:07.8144527+00:00,2047561224,0.000000,0,1.000000,0.000000,0.000000,0.340000,SURVIVAL,SURVIVAL,NONE,H_t,reject_survival,phase=none;hMul=1.000;gMul=1.000;qMul=1.000;qAdd=0.000;rpiOff=0.000,1874,7458,"RacePacingRejected, RACE action=reject_survival:6654;RacePacingRejected, RACE action=reject_pacing:801;ReplacementNotAllowed:3"
2026-09-16T05:06:08.3140007+00:00,2047618024,0.000000,0,1.000000,0.000000,0.000000,0.340000,SURVIVAL,SURVIVAL,NONE,H_t,reject_survival,phase=none;hMul=1.000;gMul=1.000;qMul=1.000;qAdd=0.000;rpiOff=0.000,1874,7458,"RacePacingRejected, RACE action=reject_survival:6654;RacePacingRejected, RACE action=reject_pacing:801;ReplacementNotAllowed:3"
2026-09-16T05:06:08.8145560+00:00,2047618024,0.000000,0,1.000000,0.000000,0.000000,0.340000,SURVIVAL,SURVIVAL,NONE,H_t,reject_survival,phase=none;hMul=1.000;gMul=1.000;qMul=1.000;qAdd=0.000;rpiOff=0.000,1874,7458,"RacePacingRejected, RACE action=reject_survival:6654;RacePacingRejected, RACE action=reject_pacing:801;ReplacementNotAllowed:3"
2026-09-16T05:06:09.3140760+00:00,2047708488,0.000000,0,1.000000,0.000000,0.000000,0.340000,SURVIVAL,SURVIVAL,NONE,H_t,reject_survival,phase=none;hMul=1.000;gMul=1.000;qMul=1.000;qAdd=0.000;rpiOff=0.000,1874,7458,"RacePacingRejected, RACE action=reject_survival:6654;RacePacingRejected, RACE action=reject_pacing:801;ReplacementNotAllowed:3"
2026-09-16T05:06:09.8146387+00:00,2047708488,0.000000,0,1.000000,0.000000,0.000000,0.340000,SURVIVAL,SURVIVAL,NONE,H_t,reject_survival,phase=none;hMul=1.000;gMul=1.000;qMul=1.000;qAdd=0.000;rpiOff=0.000,1874,7458,"RacePacingRejected, RACE action=reject_survival:6654;RacePacingRejected, RACE action=reject_pacing:801;ReplacementNotAllowed:3"
2026-09-16T05:06:10.3141144+00:00,2047798984,0.000000,0,1.000000,0.000000,0.000000,0.340000,SURVIVAL,SURVIVAL,NONE,H_t,reject_survival,phase=none;hMul=1.000;gMul=1.000;qMul=1.000;qAdd=0.000;rpiOff=0.000,1874,7458,"RacePacingRejected, RACE action=reject_survival:6654;RacePacingRejected, RACE action=reject_pacing:801;ReplacementNotAllowed:3"
2026-09-16T05:06:10.8147391+00:00,2047798984,0.000000,0,1.000000,0.000000,0.000000,0.340000,SURVIVAL,SURVIVAL,NONE,H_t,reject_survival,phase=none;hMul=1.000;gMul=1.000;qMul=1.000;qAdd=0.000;rpiOff=0.000,1874,7458,"RacePacingRejected, RACE action=reject_survival:6654;RacePacingRejected, RACE action=reject_pacing:801;ReplacementNotAllowed:3"
2026-09-16T05:06:11.3141805+00:00,2047921992,0.000000,0,1.000000,0.000000,0.000000,0.340000,SURVIVAL,SURVIVAL,NONE,H_t,reject_survival,phase=none;hMul=1.000;gMul=1.000;qMul=1.000;qAdd=0.000;rpiOff=0.000,1874,7458,"RacePacingRejected, RACE action=reject_survival:6654;RacePacingRejected, RACE action=reject_pacing:801;ReplacementNotAllowed:3"
2026-09-16T05:06:11.8147815+00:00,2047921992,0.000000,0,1.000000,0.000000,0.000000,0.340000,SURVIVAL,SURVIVAL,NONE,H_t,reject_survival,phase=none;hMul=1.000;gMul=1.000;qMul=1.000;qAdd=0.000;rpiOff=0.000,1874,7458,"RacePacingRejected, RACE action=reject_survival:6654;RacePacingRejected, RACE action=reject_pacing:801;ReplacementNotAllowed:3"
2026-09-16T05:06:12.3142787+00:00,2048012200,0.000000,0,1.000000,0.000000,0.000000,0.340000,SURVIVAL,SURVIVAL,NONE,H_t,reject_survival,phase=none;hMul=1.000;gMul=1.000;qMul=1.000;qAdd=0.000;rpiOff=0.000,1874,7458,"RacePacingRejected, RACE action=reject_survival:6654;RacePacingRejected, RACE action=reject_pacing:801;ReplacementNotAllowed:3"
2026-09-16T05:06:12.8148110+00:00,2048012200,0.000000,0,1.000000,0.000000,0.000000,0.340000,SURVIVAL,SURVIVAL,NONE,H_t,reject_survival,phase=none;hMul=1.000;gMul=1.000;qMul=1.000;qAdd=0.000;rpiOff=0.000,1874,7458,"RacePacingRejected, RACE action=reject_survival:6654;RacePacingRejected, RACE action=reject_pacing:801;ReplacementNotAllowed:3"
2026-09-16T05:06:13.3145956+00:00,2048061544,0.000000,0,1.000000,0.000000,0.000000,0.340000,SURVIVAL,SURVIVAL,NONE,H_t,reject_survival,phase=none;hMul=1.000;gMul=1.000;qMul=1.000;qAdd=0.000;rpiOff=0.000,1874,7458,"RacePacingRejected, RACE action=reject_survival:6654;RacePacingRejected, RACE action=reject_pacing:801;ReplacementNotAllowed:3"
2026-09-16T05:06:13.8141814+00:00,2048069768,0.000000,0,1.000000,0.000000,0.000000,0.340000,SURVIVAL,SURVIVAL,NONE,H_t,reject_survival,phase=none;hMul=1.000;gMul=1.000;qMul=1.000;qAdd=0.000;rpiOff=0.000,1874,7458,"RacePacingRejected, RACE action=reject_survival:6654;RacePacingRejected, RACE action=reject_pacing:801;ReplacementNotAllowed:3"
2026-09-16T05:06:14.3147596+00:00,2048569544,0.000000,0,1.000000,0.000000,0.000000,0.340000,SURVIVAL,SURVIVAL,NONE,H_t,reject_survival,phase=none;hMul=1.000;gMul=1.000;qMul=1.000;qAdd=0.000;rpiOff=0.000,1874,7458,"RacePacingRejected, RACE action=reject_survival:6654;RacePacingRejected, RACE action=reject_pacing:801;ReplacementNotAllowed:3"
2026-09-16T05:06:14.8144128+00:00,2048569544,0.000000,0,1.000000,0.000000,0.000000,0.340000,SURVIVAL,SURVIVAL,NONE,H_t,reject_survival,phase=none;hMul=1.000;gMul=1.000;qMul=1.000;qAdd=0.000;rpiOff=0.000,1874,7458,"RacePacingRejected, RACE action=reject_survival:6654;RacePacingRejected, RACE action=reject_pacing:801;ReplacementNotAllowed:3"
2026-09-16T05:06:15.3139504+00:00,2048618632,0.000000,0,1.000000,0.000000,0.000000,0.340000,SURVIVAL,SURVIVAL,NONE,H_t,reject_survival,phase=none;hMul=1.000;gMul=1.000;qMul=1.000;qAdd=0.000;rpiOff=0.000,1874,7458,"RacePacingRejected, RACE action=reject_survival:6654;RacePacingRejected, RACE action=reject_pacing:801;ReplacementNotAllowed:3"
2026-09-16T05:06:15.8145086+00:00,2048626856,0.000000,0,1.000000,0.000000,0.000000,0.340000,SURVIVAL,SURVIVAL,NONE,H_t,reject_survival,phase=none;hMul=1.000;gMul=1.000;qMul=1.000;qAdd=0.000;rpiOff=0.000,1874,7458,"RacePacingRejected, RACE action=reject_survival:6654;RacePacingRejected, RACE action=reject_pacing:801;ReplacementNotAllowed:3"
2026-09-16T05:06:16.3147503+00:00,2048717320,0.000000,0,1.000000,0.000000,0.000000,0.340000,SURVIVAL,SURVIVAL,NONE,H_t,reject_survival,phase=none;hMul=1.000;gMul=1.000;qMul=1.000;qAdd=0.000;rpiOff=0.000,1874,7458,"RacePacingRejected, RACE action=reject_survival:6654;RacePacingRejected, RACE action=reject_pacing:801;ReplacementNotAllowed:3"
2026-09-16T05:06:16.8145512+00:00,2048717320,0.000000,0,1.000000,0.000000,0.000000,0.340000,SURVIVAL,SURVIVAL,NONE,H_t,reject_survival,phase=none;hMul=1.000;gMul=1.000;qMul=1.000;qAdd=0.000;rpiOff=0.000,1874,7458,"RacePacingRejected, RACE action=reject_survival:6654;RacePacingRejected, RACE action=reject_pacing:801;ReplacementNotAllowed:3"
2026-09-16T05:06:17.3143567+00:00,2048774592,0.000000,0,1.000000,0.000000,0.000000,0.340000,SURVIVAL,SURVIVAL,NONE,H_t,reject_survival,phase=none;hMul=1.000;gMul=1.000;qMul=1.000;qAdd=0.000;rpiOff=0.000,1874,7458,"RacePacingRejected, RACE action=reject_survival:6654;RacePacingRejected, RACE action=reject_pacing:801;ReplacementNotAllowed:3"
2026-09-16T05:06:17.8139899+00:00,2048782816,0.000000,0,1.000000,0.000000,0.000000,0.340000,SURVIVAL,SURVIVAL,NONE,H_t,reject_survival,phase=none;hMul=1.000;gMul=1.000;qMul=1.000;qAdd=0.000;rpiOff=0.000,1874,7458,"RacePacingRejected, RACE action=reject_survival:6654;RacePacingRejected, RACE action=reject_pacing:801;ReplacementNotAllowed:3"
2026-09-16T05:06:18.3145197+00:00,2048856576,0.000000,0,1.000000,0.000000,0.000000,0.340000,SURVIVAL,SURVIVAL,NONE,H_t,reject_survival,phase=none;hMul=1.000;gMul=1.000;qMul=1.000;qAdd=0.000;rpiOff=0.000,1874,7458,"RacePacingRejected, RACE action=reject_survival:6654;RacePacingRejected, RACE action=reject_pacing:801;ReplacementNotAllowed:3"
2026-09-16T05:06:18.8140910+00:00,2048856576,0.000000,0,1.000000,0.000000,0.000000,0.340000,SURVIVAL,SURVIVAL,NONE,H_t,reject_survival,phase=none;hMul=1.000;gMul=1.000;qMul=1.000;qAdd=0.000;rpiOff=0.000,1874,7458,"RacePacingRejected, RACE action=reject_survival:6654;RacePacingRejected, RACE action=reject_pacing:801;ReplacementNotAllowed:3"
2026-09-16T05:06:19.3147167+00:00,2048905408,0.000000,0,1.000000,0.000000,0.000000,0.340000,SURVIVAL,SURVIVAL,NONE,H_t,reject_survival,phase=none;hMul=1.000;gMul=1.000;qMul=1.000;qAdd=0.000;rpiOff=0.000,1874,7458,"RacePacingRejected, RACE action=reject_survival:6654;RacePacingRejected, RACE action=reject_pacing:801;ReplacementNotAllowed:3"
2026-09-16T05:06:19.8144298+00:00,2048905408,0.000000,0,1.000000,0.000000,0.000000,0.340000,SURVIVAL,SURVIVAL,NONE,H_t,reject_survival,phase=none;hMul=1.000;gMul=1.000;qMul=1.000;qAdd=0.000;rpiOff=0.000,1874,7458,"RacePacingRejected, RACE action=reject_survival:6654;RacePacingRejected, RACE action=reject_pacing:801;ReplacementNotAllowed:3"
2026-09-16T05:06:20.3140562+00:00,2048979424,0.000000,0,1.000000,0.000000,0.000000,0.340000,SURVIVAL,SURVIVAL,NONE,H_t,reject_survival,phase=none;hMul=1.000;gMul=1.000;qMul=1.000;qAdd=0.000;rpiOff=0.000,1874,7458,"RacePacingRejected, RACE action=reject_survival:6654;RacePacingRejected, RACE action=reject_pacing:801;ReplacementNotAllowed:3"
2026-09-16T05:06:20.8146360+00:00,2048987648,0.000000,0,1.000000,0.000000,0.000000,0.340000,SURVIVAL,SURVIVAL,NONE,H_t,reject_survival,phase=none;hMul=1.000;gMul=1.000;qMul=1.000;qAdd=0.000;rpiOff=0.000,1874,7458,"RacePacingRejected, RACE action=reject_survival:6654;RacePacingRejected, RACE action=reject_pacing:801;ReplacementNotAllowed:3"
2026-09-16T05:06:21.3141366+00:00,2049028512,0.000000,0,1.000000,0.000000,0.000000,0.340000,SURVIVAL,SURVIVAL,NONE,H_t,reject_survival,phase=none;hMul=1.000;gMul=1.000;qMul=1.000;qAdd=0.000;rpiOff=0.000,1874,7458,"RacePacingRejected, RACE action=reject_survival:6654;RacePacingRejected, RACE action=reject_pacing:801;ReplacementNotAllowed:3"
2026-09-16T05:06:21.8147677+00:00,2049036736,0.000000,0,1.000000,0.000000,0.000000,0.340000,SURVIVAL,SURVIVAL,NONE,H_t,reject_survival,phase=none;hMul=1.000;gMul=1.000;qMul=1.000;qAdd=0.000;rpiOff=0.000,1874,7458,"RacePacingRejected, RACE action=reject_survival:6654;RacePacingRejected, RACE action=reject_pacing:801;ReplacementNotAllowed:3"
2026-09-16T05:06:22.3142525+00:00,2049110496,0.000000,0,1.000000,0.000000,0.000000,0.340000,SURVIVAL,SURVIVAL,NONE,H_t,reject_survival,phase=none;hMul=1.000;gMul=1.000;qMul=1.000;qAdd=0.000;rpiOff=0.000,1874,7458,"RacePacingRejected, RACE action=reject_survival:6654;RacePacingRejected, RACE action=reject_pacing:801;ReplacementNotAllowed:3"
2026-09-16T05:06:22.8147003+00:00,2049118720,0.000000,0,1.000000,0.000000,0.000000,0.340000,SURVIVAL,SURVIVAL,NONE,H_t,reject_survival,phase=none;hMul=1.000;gMul=1.000;qMul=1.000;qAdd=0.000;rpiOff=0.000,1874,7458,"RacePacingRejected, RACE action=reject_survival:6654;RacePacingRejected, RACE action=reject_pacing:801;ReplacementNotAllowed:3"
2026-09-16T05:06:23.3144063+00:00,2049167808,0.000000,0,1.000000,0.000000,0.000000,0.340000,SURVIVAL,SURVIVAL,NONE,H_t,reject_survival,phase=none;hMul=1.000;gMul=1.000;qMul=1.000;qAdd=0.000;rpiOff=0.000,1874,7458,"RacePacingRejected, RACE action=reject_survival:6654;RacePacingRejected, RACE action=reject_pacing:801;ReplacementNotAllowed:3"
2026-09-16T05:06:23.8139237+00:00,2049167808,0.000000,0,1.000000,0.000000,0.000000,0.340000,SURVIVAL,SURVIVAL,NONE,H_t,reject_survival,phase=none;hMul=1.000;gMul=1.000;qMul=1.000;qAdd=0.000;rpiOff=0.000,1874,7458,"RacePacingRejected, RACE action=reject_survival:6654;RacePacingRejected, RACE action=reject_pacing:801;ReplacementNotAllowed:3"
2026-09-16T05:06:24.3144194+00:00,2049250048,0.000000,0,1.000000,0.000000,0.000000,0.340000,SURVIVAL,SURVIVAL,NONE,H_t,reject_survival,phase=none;hMul=1.000;gMul=1.000;qMul=1.000;qAdd=0.000;rpiOff=0.000,1874,7458,"RacePacingRejected, RACE action=reject_survival:6654;RacePacingRejected, RACE action=reject_pacing:801;ReplacementNotAllowed:3"
2026-09-16T05:06:24.8139349+00:00,2049250048,0.000000,0,1.000000,0.000000,0.000000,0.340000,SURVIVAL,SURVIVAL,NONE,H_t,reject_survival,phase=none;hMul=1.000;gMul=1.000;qMul=1.000;qAdd=0.000;rpiOff=0.000,1874,7458,"RacePacingRejected, RACE action=reject_survival:6654;RacePacingRejected, RACE action=reject_pacing:801;ReplacementNotAllowed:3"
2026-09-16T05:06:25.3144369+00:00,2049298880,0.000000,0,1.000000,0.000000,0.000000,0.340000,SURVIVAL,SURVIVAL,NONE,H_t,reject_survival,phase=none;hMul=1.000;gMul=1.000;qMul=1.000;qAdd=0.000;rpiOff=0.000,1874,7458,"RacePacingRejected, RACE action=reject_survival:6654;RacePacingRejected, RACE action=reject_pacing:801;ReplacementNotAllowed:3"
2026-09-16T05:06:25.8138456+00:00,2049298880,0.000000,0,1.000000,0.000000,0.000000,0.340000,SURVIVAL,SURVIVAL,NONE,H_t,reject_survival,phase=none;hMul=1.000;gMul=1.000;qMul=1.000;qAdd=0.000;rpiOff=0.000,1874,7458,"RacePacingRejected, RACE action=reject_survival:6654;RacePacingRejected, RACE action=reject_pacing:801;ReplacementNotAllowed:3"
2026-09-16T05:06:26.3146384+00:00,2049380864,0.000000,0,1.000000,0.000000,0.000000,0.340000,SURVIVAL,SURVIVAL,NONE,H_t,reject_survival,phase=none;hMul=1.000;gMul=1.000;qMul=1.000;qAdd=0.000;rpiOff=0.000,1874,7458,"RacePacingRejected, RACE action=reject_survival:6654;RacePacingRejected, RACE action=reject_pacing:801;ReplacementNotAllowed:3"
2026-09-16T05:06:26.8144364+00:00,2049389088,0.000000,0,1.000000,0.000000,0.000000,0.340000,SURVIVAL,SURVIVAL,NONE,H_t,reject_survival,phase=none;hMul=1.000;gMul=1.000;qMul=1.000;qAdd=0.000;rpiOff=0.000,1874,7458,"RacePacingRejected, RACE action=reject_survival:6654;RacePacingRejected, RACE action=reject_pacing:801;ReplacementNotAllowed:3"
2026-09-16T05:06:27.3141610+00:00,2049438176,0.000000,0,1.000000,0.000000,0.000000,0.340000,SURVIVAL,SURVIVAL,NONE,H_t,reject_survival,phase=none;hMul=1.000;gMul=1.000;qMul=1.000;qAdd=0.000;rpiOff=0.000,1874,7458,"RacePacingRejected, RACE action=reject_survival:6654;RacePacingRejected, RACE action=reject_pacing:801;ReplacementNotAllowed:3"
2026-09-16T05:06:27.8146709+00:00,2049446400,0.000000,0,1.000000,0.000000,0.000000,0.340000,SURVIVAL,SURVIVAL,NONE,H_t,reject_survival,phase=none;hMul=1.000;gMul=1.000;qMul=1.000;qAdd=0.000;rpiOff=0.000,1874,7458,"RacePacingRejected, RACE action=reject_survival:6654;RacePacingRejected, RACE action=reject_pacing:801;ReplacementNotAllowed:3"
2026-09-16T05:06:28.3143036+00:00,2049520160,0.000000,0,1.000000,0.000000,0.000000,0.340000,SURVIVAL,SURVIVAL,NONE,H_t,reject_survival,phase=none;hMul=1.000;gMul=1.000;qMul=1.000;qAdd=0.000;rpiOff=0.000,1874,7458,"RacePacingRejected, RACE action=reject_survival:6654;RacePacingRejected, RACE action=reject_pacing:801;ReplacementNotAllowed:3"
2026-09-16T05:06:28.8138392+00:00,2049520160,0.000000,0,1.000000,0.000000,0.000000,0.340000,SURVIVAL,SURVIVAL,NONE,H_t,reject_survival,phase=none;hMul=1.000;gMul=1.000;qMul=1.000;qAdd=0.000;rpiOff=0.000,1874,7458,"RacePacingRejected, RACE action=reject_survival:6654;RacePacingRejected, RACE action=reject_pacing:801;ReplacementNotAllowed:3"
2026-09-16T05:06:29.3143488+00:00,2049585696,0.000000,0,1.000000,0.000000,0.000000,0.340000,SURVIVAL,SURVIVAL,NONE,H_t,reject_survival,phase=none;hMul=1.000;gMul=1.000;qMul=1.000;qAdd=0.000;rpiOff=0.000,1874,7458,"RacePacingRejected, RACE action=reject_survival:6654;RacePacingRejected, RACE action=reject_pacing:801;ReplacementNotAllowed:3"
2026-09-16T05:06:29.8138974+00:00,2049585696,0.000000,0,1.000000,0.000000,0.000000,0.340000,SURVIVAL,SURVIVAL,NONE,H_t,reject_survival,phase=none;hMul=1.000;gMul=1.000;qMul=1.000;qAdd=0.000;rpiOff=0.000,1874,7458,"RacePacingRejected, RACE action=reject_survival:6654;RacePacingRejected, RACE action=reject_pacing:801;ReplacementNotAllowed:3"
2026-09-16T05:06:30.3142094+00:00,2049651488,0.000000,0,1.000000,0.000000,0.000000,0.340000,SURVIVAL,SURVIVAL,NONE,H_t,reject_survival,phase=none;hMul=1.000;gMul=1.000;qMul=1.000;qAdd=0.000;rpiOff=0.000,1874,7458,"RacePacingRejected, RACE action=reject_survival:6654;RacePacingRejected, RACE action=reject_pacing:801;ReplacementNotAllowed:3"
2026-09-16T05:06:30.8146296+00:00,2049659456,0.000000,0,1.000000,0.000000,0.000000,0.340000,SURVIVAL,SURVIVAL,NONE,H_t,reject_survival,phase=none;hMul=1.000;gMul=1.000;qMul=1.000;qAdd=0.000;rpiOff=0.000,1874,7458,"RacePacingRejected, RACE action=reject_survival:6654;RacePacingRejected, RACE action=reject_pacing:801;ReplacementNotAllowed:3"
2026-09-16T05:06:31.3142711+00:00,2049708544,0.000000,0,1.000000,0.000000,0.000000,0.340000,SURVIVAL,SURVIVAL,NONE,H_t,reject_survival,phase=none;hMul=1.000;gMul=1.000;qMul=1.000;qAdd=0.000;rpiOff=0.000,1874,7458,"RacePacingRejected, RACE action=reject_survival:6654;RacePacingRejected, RACE action=reject_pacing:801;ReplacementNotAllowed:3"
2026-09-16T05:06:31.8138598+00:00,2049708544,0.000000,0,1.000000,0.000000,0.000000,0.340000,SURVIVAL,SURVIVAL,NONE,H_t,reject_survival,phase=none;hMul=1.000;gMul=1.000;qMul=1.000;qAdd=0.000;rpiOff=0.000,1874,7458,"RacePacingRejected, RACE action=reject_survival:6654;RacePacingRejected, RACE action=reject_pacing:801;ReplacementNotAllowed:3"
2026-09-16T05:06:32.3145449+00:00,2049773760,0.000000,0,1.000000,0.000000,0.000000,0.340000,SURVIVAL,SURVIVAL,NONE,H_t,reject_survival,phase=none;hMul=1.000;gMul=1.000;qMul=1.000;qAdd=0.000;rpiOff=0.000,1874,7458,"RacePacingRejected, RACE action=reject_survival:6654;RacePacingRejected, RACE action=reject_pacing:801;ReplacementNotAllowed:3"
2026-09-16T05:06:32.8141794+00:00,2049781984,0.000000,0,1.000000,0.000000,0.000000,0.340000,SURVIVAL,SURVIVAL,NONE,H_t,reject_survival,phase=none;hMul=1.000;gMul=1.000;qMul=1.000;qAdd=0.000;rpiOff=0.000,1874,7458,"RacePacingRejected, RACE action=reject_survival:6654;RacePacingRejected, RACE action=reject_pacing:801;ReplacementNotAllowed:3"
2026-09-16T05:06:33.3146306+00:00,2049847776,0.000000,0,1.000000,0.000000,0.000000,0.340000,SURVIVAL,SURVIVAL,NONE,H_t,reject_survival,phase=none;hMul=1.000;gMul=1.000;qMul=1.000;qAdd=0.000;rpiOff=0.000,1874,7458,"RacePacingRejected, RACE action=reject_survival:6654;RacePacingRejected, RACE action=reject_pacing:801;ReplacementNotAllowed:3"
2026-09-16T05:06:33.8141134+00:00,2049856000,0.000000,0,1.000000,0.000000,0.000000,0.340000,SURVIVAL,SURVIVAL,NONE,H_t,reject_survival,phase=none;hMul=1.000;gMul=1.000;qMul=1.000;qAdd=0.000;rpiOff=0.000,1874,7458,"RacePacingRejected, RACE action=reject_survival:6654;RacePacingRejected, RACE action=reject_pacing:801;ReplacementNotAllowed:3"
2026-09-16T05:06:34.3145443+00:00,2049937984,0.000000,0,1.000000,0.000000,0.000000,0.340000,SURVIVAL,SURVIVAL,NONE,H_t,reject_survival,phase=none;hMul=1.000;gMul=1.000;qMul=1.000;qAdd=0.000;rpiOff=0.000,1874,7458,"RacePacingRejected, RACE action=reject_survival:6654;RacePacingRejected, RACE action=reject_pacing:801;ReplacementNotAllowed:3"
2026-09-16T05:06:34.8140076+00:00,2049937984,0.000000,0,1.000000,0.000000,0.000000,0.340000,SURVIVAL,SURVIVAL,NONE,H_t,reject_survival,phase=none;hMul=1.000;gMul=1.000;qMul=1.000;qAdd=0.000;rpiOff=0.000,1874,7458,"RacePacingRejected, RACE action=reject_survival:6654;RacePacingRejected, RACE action=reject_pacing:801;ReplacementNotAllowed:3"
2026-09-16T05:06:35.3138800+00:00,2049987072,0.000000,0,1.000000,0.000000,0.000000,0.340000,SURVIVAL,SURVIVAL,NONE,H_t,reject_survival,phase=none;hMul=1.000;gMul=1.000;qMul=1.000;qAdd=0.000;rpiOff=0.000,1874,7458,"RacePacingRejected, RACE action=reject_survival:6654;RacePacingRejected, RACE action=reject_pacing:801;ReplacementNotAllowed:3"
2026-09-16T05:06:35.8143157+00:00,2049987072,0.000000,0,1.000000,0.000000,0.000000,0.340000,SURVIVAL,SURVIVAL,NONE,H_t,reject_survival,phase=none;hMul=1.000;gMul=1.000;qMul=1.000;qAdd=0.000;rpiOff=0.000,1874,7458,"RacePacingRejected, RACE action=reject_survival:6654;RacePacingRejected, RACE action=reject_pacing:801;ReplacementNotAllowed:3"
2026-09-16T05:06:36.3141800+00:00,2050052560,0.000000,0,1.000000,0.000000,0.000000,0.340000,SURVIVAL,SURVIVAL,NONE,H_t,reject_survival,phase=none;hMul=1.000;gMul=1.000;qMul=1.000;qAdd=0.000;rpiOff=0.000,1874,7458,"RacePacingRejected, RACE action=reject_survival:6654;RacePacingRejected, RACE action=reject_pacing:801;ReplacementNotAllowed:3"
2026-09-16T05:06:36.8138246+00:00,2050060784,0.000000,0,1.000000,0.000000,0.000000,0.340000,SURVIVAL,SURVIVAL,NONE,H_t,reject_survival,phase=none;hMul=1.000;gMul=1.000;qMul=1.000;qAdd=0.000;rpiOff=0.000,1874,7458,"RacePacingRejected, RACE action=reject_survival:6654;RacePacingRejected, RACE action=reject_pacing:801;ReplacementNotAllowed:3"
2026-09-16T05:06:37.3144245+00:00,2050470224,0.000000,0,1.000000,0.000000,0.000000,0.340000,SURVIVAL,SURVIVAL,NONE,H_t,reject_survival,phase=none;hMul=1.000;gMul=1.000;qMul=1.000;qAdd=0.000;rpiOff=0.000,1874,7458,"RacePacingRejected, RACE action=reject_survival:6654;RacePacingRejected, RACE action=reject_pacing:801;ReplacementNotAllowed:3"
2026-09-16T05:06:37.8138187+00:00,2050478448,0.000000,0,1.000000,0.000000,0.000000,0.340000,SURVIVAL,SURVIVAL,NONE,H_t,reject_survival,phase=none;hMul=1.000;gMul=1.000;qMul=1.000;qAdd=0.000;rpiOff=0.000,1874,7458,"RacePacingRejected, RACE action=reject_survival:6654;RacePacingRejected, RACE action=reject_pacing:801;ReplacementNotAllowed:3"
2026-09-16T05:06:38.3145289+00:00,2050552464,0.000000,0,1.000000,0.000000,0.000000,0.340000,SURVIVAL,SURVIVAL,NONE,H_t,reject_survival,phase=none;hMul=1.000;gMul=1.000;qMul=1.000;qAdd=0.000;rpiOff=0.000,1874,7458,"RacePacingRejected, RACE action=reject_survival:6654;RacePacingRejected, RACE action=reject_pacing:801;ReplacementNotAllowed:3"
2026-09-16T05:06:38.8140975+00:00,2050552464,0.000000,0,1.000000,0.000000,0.000000,0.340000,SURVIVAL,SURVIVAL,NONE,H_t,reject_survival,phase=none;hMul=1.000;gMul=1.000;qMul=1.000;qAdd=0.000;rpiOff=0.000,1874,7458,"RacePacingRejected, RACE action=reject_survival:6654;RacePacingRejected, RACE action=reject_pacing:801;ReplacementNotAllowed:3"
2026-09-16T05:06:39.3145732+00:00,2050601552,0.000000,0,1.000000,0.000000,0.000000,0.340000,SURVIVAL,SURVIVAL,NONE,H_t,reject_survival,phase=none;hMul=1.000;gMul=1.000;qMul=1.000;qAdd=0.000;rpiOff=0.000,1874,7458,"RacePacingRejected, RACE action=reject_survival:6654;RacePacingRejected, RACE action=reject_pacing:801;ReplacementNotAllowed:3"
2026-09-16T05:06:39.8141844+00:00,2050609776,0.000000,0,1.000000,0.000000,0.000000,0.340000,SURVIVAL,SURVIVAL,NONE,H_t,reject_survival,phase=none;hMul=1.000;gMul=1.000;qMul=1.000;qAdd=0.000;rpiOff=0.000,1874,7458,"RacePacingRejected, RACE action=reject_survival:6654;RacePacingRejected, RACE action=reject_pacing:801;ReplacementNotAllowed:3"
2026-09-16T05:06:40.3144897+00:00,2050699728,0.000000,0,1.000000,0.000000,0.000000,0.340000,SURVIVAL,SURVIVAL,NONE,H_t,reject_survival,phase=none;hMul=1.000;gMul=1.000;qMul=1.000;qAdd=0.000;rpiOff=0.000,1874,7458,"RacePacingRejected, RACE action=reject_survival:6654;RacePacingRejected, RACE action=reject_pacing:801;ReplacementNotAllowed:3"
2026-09-16T05:06:40.8139922+00:00,2050699728,0.000000,0,1.000000,0.000000,0.000000,0.340000,SURVIVAL,SURVIVAL,NONE,H_t,reject_survival,phase=none;hMul=1.000;gMul=1.000;qMul=1.000;qAdd=0.000;rpiOff=0.000,1874,7458,"RacePacingRejected, RACE action=reject_survival:6654;RacePacingRejected, RACE action=reject_pacing:801;ReplacementNotAllowed:3"
2026-09-16T05:06:41.3138807+00:00,2050757296,0.000000,0,1.000000,0.000000,0.000000,0.340000,SURVIVAL,SURVIVAL,NONE,H_t,reject_survival,phase=none;hMul=1.000;gMul=1.000;qMul=1.000;qAdd=0.000;rpiOff=0.000,1874,7458,"RacePacingRejected, RACE action=reject_survival:6654;RacePacingRejected, RACE action=reject_pacing:801;ReplacementNotAllowed:3"
2026-09-16T05:06:41.8143310+00:00,2050757296,0.000000,0,1.000000,0.000000,0.000000,0.340000,SURVIVAL,SURVIVAL,NONE,H_t,reject_survival,phase=none;hMul=1.000;gMul=1.000;qMul=1.000;qAdd=0.000;rpiOff=0.000,1874,7458,"RacePacingRejected, RACE action=reject_survival:6654;RacePacingRejected, RACE action=reject_pacing:801;ReplacementNotAllowed:3"
2026-09-16T05:06:42.3146312+00:00,2050822832,0.000000,0,1.000000,0.000000,0.000000,0.340000,SURVIVAL,SURVIVAL,NONE,H_t,reject_survival,phase=none;hMul=1.000;gMul=1.000;qMul=1.000;qAdd=0.000;rpiOff=0.000,1874,7458,"RacePacingRejected, RACE action=reject_survival:6654;RacePacingRejected, RACE action=reject_pacing:801;ReplacementNotAllowed:3"
2026-09-16T05:06:42.8142452+00:00,2050826704,0.000000,0,1.000000,0.000000,0.000000,0.340000,SURVIVAL,SURVIVAL,NONE,H_t,reject_survival,phase=none;hMul=1.000;gMul=1.000;qMul=1.000;qAdd=0.000;rpiOff=0.000,1874,7458,"RacePacingRejected, RACE action=reject_survival:6654;RacePacingRejected, RACE action=reject_pacing:801;ReplacementNotAllowed:3"
2026-09-16T05:06:43.3140140+00:00,2050871536,0.000000,0,1.000000,0.000000,0.000000,0.340000,SURVIVAL,SURVIVAL,NONE,H_t,reject_survival,phase=none;hMul=1.000;gMul=1.000;qMul=1.000;qAdd=0.000;rpiOff=0.000,1874,7458,"RacePacingRejected, RACE action=reject_survival:6654;RacePacingRejected, RACE action=reject_pacing:801;ReplacementNotAllowed:3"
2026-09-16T05:06:43.8144923+00:00,2050879760,0.000000,0,1.000000,0.000000,0.000000,0.340000,SURVIVAL,SURVIVAL,NONE,H_t,reject_survival,phase=none;hMul=1.000;gMul=1.000;qMul=1.000;qAdd=0.000;rpiOff=0.000,1874,7458,"RacePacingRejected, RACE action=reject_survival:6654;RacePacingRejected, RACE action=reject_pacing:801;ReplacementNotAllowed:3"
2026-09-16T05:06:44.3147912+00:00,2050961744,0.000000,0,1.000000,0.000000,0.000000,0.340000,SURVIVAL,SURVIVAL,NONE,H_t,reject_survival,phase=none;hMul=1.000;gMul=1.000;qMul=1.000;qAdd=0.000;rpiOff=0.000,1874,7458,"RacePacingRejected, RACE action=reject_survival:6654;RacePacingRejected, RACE action=reject_pacing:801;ReplacementNotAllowed:3"
2026-09-16T05:06:44.8143370+00:00,2050961744,0.000000,0,1.000000,0.000000,0.000000,0.340000,SURVIVAL,SURVIVAL,NONE,H_t,reject_survival,phase=none;hMul=1.000;gMul=1.000;qMul=1.000;qAdd=0.000;rpiOff=0.000,1874,7458,"RacePacingRejected, RACE action=reject_survival:6654;RacePacingRejected, RACE action=reject_pacing:801;ReplacementNotAllowed:3"
2026-09-16T05:06:45.3138146+00:00,2051010832,0.000000,0,1.000000,0.000000,0.000000,0.340000,SURVIVAL,SURVIVAL,NONE,H_t,reject_survival,phase=none;hMul=1.000;gMul=1.000;qMul=1.000;qAdd=0.000;rpiOff=0.000,1874,7458,"RacePacingRejected, RACE action=reject_survival:6654;RacePacingRejected, RACE action=reject_pacing:801;ReplacementNotAllowed:3"
2026-09-16T05:06:45.8142760+00:00,2051010832,0.000000,0,1.000000,0.000000,0.000000,0.340000,SURVIVAL,SURVIVAL,NONE,H_t,reject_survival,phase=none;hMul=1.000;gMul=1.000;qMul=1.000;qAdd=0.000;rpiOff=0.000,1874,7458,"RacePacingRejected, RACE action=reject_survival:6654;RacePacingRejected, RACE action=reject_pacing:801;ReplacementNotAllowed:3"
2026-09-16T05:06:46.3139239+00:00,2051092816,0.000000,0,1.000000,0.000000,0.000000,0.340000,SURVIVAL,SURVIVAL,NONE,H_t,reject_survival,phase=none;hMul=1.000;gMul=1.000;qMul=1.000;qAdd=0.000;rpiOff=0.000,1874,7458,"RacePacingRejected, RACE action=reject_survival:6654;RacePacingRejected, RACE action=reject_pacing:801;ReplacementNotAllowed:3"
2026-09-16T05:06:46.8145977+00:00,2051092816,0.000000,0,1.000000,0.000000,0.000000,0.340000,SURVIVAL,SURVIVAL,NONE,H_t,reject_survival,phase=none;hMul=1.000;gMul=1.000;qMul=1.000;qAdd=0.000;rpiOff=0.000,1874,7458,"RacePacingRejected, RACE action=reject_survival:6654;RacePacingRejected, RACE action=reject_pacing:801;ReplacementNotAllowed:3"
2026-09-16T05:06:47.3145381+00:00,2051141776,0.000000,0,1.000000,0.000000,0.000000,0.340000,SURVIVAL,SURVIVAL,NONE,H_t,reject_survival,phase=none;hMul=1.000;gMul=1.000;qMul=1.000;qAdd=0.000;rpiOff=0.000,1874,7458,"RacePacingRejected, RACE action=reject_survival:6654;RacePacingRejected, RACE action=reject_pacing:801;ReplacementNotAllowed:3"
2026-09-16T05:06:47.8139585+00:00,2051141776,0.000000,0,1.000000,0.000000,0.000000,0.340000,SURVIVAL,SURVIVAL,NONE,H_t,reject_survival,phase=none;hMul=1.000;gMul=1.000;qMul=1.000;qAdd=0.000;rpiOff=0.000,1874,7458,"RacePacingRejected, RACE action=reject_survival:6654;RacePacingRejected, RACE action=reject_pacing:801;ReplacementNotAllowed:3"
2026-09-16T05:06:48.3144908+00:00,2051223760,0.000000,0,1.000000,0.000000,0.000000,0.340000,SURVIVAL,SURVIVAL,NONE,H_t,reject_survival,phase=none;hMul=1.000;gMul=1.000;qMul=1.000;qAdd=0.000;rpiOff=0.000,1874,7458,"RacePacingRejected, RACE action=reject_survival:6654;RacePacingRejected, RACE action=reject_pacing:801;ReplacementNotAllowed:3"
2026-09-16T05:06:48.8140124+00:00,2051231984,0.000000,0,1.000000,0.000000,0.000000,0.340000,SURVIVAL,SURVIVAL,NONE,H_t,reject_survival,phase=none;hMul=1.000;gMul=1.000;qMul=1.000;qAdd=0.000;rpiOff=0.000,1874,7458,"RacePacingRejected, RACE action=reject_survival:6654;RacePacingRejected, RACE action=reject_pacing:801;ReplacementNotAllowed:3"
2026-09-16T05:06:49.3139631+00:00,2051281072,0.000000,0,1.000000,0.000000,0.000000,0.340000,SURVIVAL,SURVIVAL,NONE,H_t,reject_survival,phase=none;hMul=1.000;gMul=1.000;qMul=1.000;qAdd=0.000;rpiOff=0.000,1874,7458,"RacePacingRejected, RACE action=reject_survival:6654;RacePacingRejected, RACE action=reject_pacing:801;ReplacementNotAllowed:3"
2026-09-16T05:06:49.8144879+00:00,2051281072,0.000000,0,1.000000,0.000000,0.000000,0.340000,SURVIVAL,SURVIVAL,NONE,H_t,reject_survival,phase=none;hMul=1.000;gMul=1.000;qMul=1.000;qAdd=0.000;rpiOff=0.000,1874,7458,"RacePacingRejected, RACE action=reject_survival:6654;RacePacingRejected, RACE action=reject_pacing:801;ReplacementNotAllowed:3"
2026-09-16T05:06:50.3138473+00:00,2051362920,0.000000,0,1.000000,0.000000,0.000000,0.340000,SURVIVAL,SURVIVAL,NONE,H_t,reject_survival,phase=none;hMul=1.000;gMul=1.000;qMul=1.000;qAdd=0.000;rpiOff=0.000,1874,7458,"RacePacingRejected, RACE action=reject_survival:6654;RacePacingRejected, RACE action=reject_pacing:801;ReplacementNotAllowed:3"
2026-09-16T05:06:50.8143885+00:00,2051362920,0.000000,0,1.000000,0.000000,0.000000,0.340000,SURVIVAL,SURVIVAL,NONE,H_t,reject_survival,phase=none;hMul=1.000;gMul=1.000;qMul=1.000;qAdd=0.000;rpiOff=0.000,1874,7458,"RacePacingRejected, RACE action=reject_survival:6654;RacePacingRejected, RACE action=reject_pacing:801;ReplacementNotAllowed:3"
2026-09-16T05:06:51.3146437+00:00,2051436680,0.000000,0,1.000000,0.000000,0.000000,0.340000,SURVIVAL,SURVIVAL,NONE,H_t,reject_survival,phase=none;hMul=1.000;gMul=1.000;qMul=1.000;qAdd=0.000;rpiOff=0.000,1874,7458,"RacePacingRejected, RACE action=reject_survival:6654;RacePacingRejected, RACE action=reject_pacing:801;ReplacementNotAllowed:3"
2026-09-16T05:06:51.8141228+00:00,2051436680,0.000000,0,1.000000,0.000000,0.000000,0.340000,SURVIVAL,SURVIVAL,NONE,H_t,reject_survival,phase=none;hMul=1.000;gMul=1.000;qMul=1.000;qAdd=0.000;rpiOff=0.000,1874,7458,"RacePacingRejected, RACE action=reject_survival:6654;RacePacingRejected, RACE action=reject_pacing:801;ReplacementNotAllowed:3"
2026-09-16T05:06:52.3139975+00:00,2051501704,0.000000,0,1.000000,0.000000,0.000000,0.340000,SURVIVAL,SURVIVAL,NONE,H_t,reject_survival,phase=none;hMul=1.000;gMul=1.000;qMul=1.000;qAdd=0.000;rpiOff=0.000,1874,7458,"RacePacingRejected, RACE action=reject_survival:6654;RacePacingRejected, RACE action=reject_pacing:801;ReplacementNotAllowed:3"
2026-09-16T05:06:52.8146285+00:00,2051501704,0.000000,0,1.000000,0.000000,0.000000,0.340000,SURVIVAL,SURVIVAL,NONE,H_t,reject_survival,phase=none;hMul=1.000;gMul=1.000;qMul=1.000;qAdd=0.000;rpiOff=0.000,1874,7458,"RacePacingRejected, RACE action=reject_survival:6654;RacePacingRejected, RACE action=reject_pacing:801;ReplacementNotAllowed:3"
2026-09-16T05:06:53.3138691+00:00,2051575720,0.000000,0,1.000000,0.000000,0.000000,0.340000,SURVIVAL,SURVIVAL,NONE,H_t,reject_survival,phase=none;hMul=1.000;gMul=1.000;qMul=1.000;qAdd=0.000;rpiOff=0.000,1874,7458,"RacePacingRejected, RACE action=reject_survival:6654;RacePacingRejected, RACE action=reject_pacing:801;ReplacementNotAllowed:3"
2026-09-16T05:06:53.8143477+00:00,2051575720,0.000000,0,1.000000,0.000000,0.000000,0.340000,SURVIVAL,SURVIVAL,NONE,H_t,reject_survival,phase=none;hMul=1.000;gMul=1.000;qMul=1.000;qAdd=0.000;rpiOff=0.000,1874,7458,"RacePacingRejected, RACE action=reject_survival:6654;RacePacingRejected, RACE action=reject_pacing:801;ReplacementNotAllowed:3"
2026-09-16T05:06:54.3138143+00:00,2051633032,0.000000,0,1.000000,0.000000,0.000000,0.340000,SURVIVAL,SURVIVAL,NONE,H_t,reject_survival,phase=none;hMul=1.000;gMul=1.000;qMul=1.000;qAdd=0.000;rpiOff=0.000,1874,7458,"RacePacingRejected, RACE action=reject_survival:6654;RacePacingRejected, RACE action=reject_pacing:801;ReplacementNotAllowed:3"
2026-09-16T05:06:54.8142380+00:00,2051633032,0.000000,0,1.000000,0.000000,0.000000,0.340000,SURVIVAL,SURVIVAL,NONE,H_t,reject_survival,phase=none;hMul=1.000;gMul=1.000;qMul=1.000;qAdd=0.000;rpiOff=0.000,1874,7458,"RacePacingRejected, RACE action=reject_survival:6654;RacePacingRejected, RACE action=reject_pacing:801;ReplacementNotAllowed:3"
2026-09-16T05:06:55.3147005+00:00,2051706792,0.000000,0,1.000000,0.000000,0.000000,0.340000,SURVIVAL,SURVIVAL,NONE,H_t,reject_survival,phase=none;hMul=1.000;gMul=1.000;qMul=1.000;qAdd=0.000;rpiOff=0.000,1874,7458,"RacePacingRejected, RACE action=reject_survival:6654;RacePacingRejected, RACE action=reject_pacing:801;ReplacementNotAllowed:3"
2026-09-16T05:06:55.8141515+00:00,2051715016,0.000000,0,1.000000,0.000000,0.000000,0.340000,SURVIVAL,SURVIVAL,NONE,H_t,reject_survival,phase=none;hMul=1.000;gMul=1.000;qMul=1.000;qAdd=0.000;rpiOff=0.000,1874,7458,"RacePacingRejected, RACE action=reject_survival:6654;RacePacingRejected, RACE action=reject_pacing:801;ReplacementNotAllowed:3"
2026-09-16T05:06:56.3146061+00:00,2051780704,0.000000,0,1.000000,0.000000,0.000000,0.340000,SURVIVAL,SURVIVAL,NONE,H_t,reject_survival,phase=none;hMul=1.000;gMul=1.000;qMul=1.000;qAdd=0.000;rpiOff=0.000,1874,7458,"RacePacingRejected, RACE action=reject_survival:6654;RacePacingRejected, RACE action=reject_pacing:801;ReplacementNotAllowed:3"
2026-09-16T05:06:56.8143374+00:00,2051788928,0.000000,0,1.000000,0.000000,0.000000,0.340000,SURVIVAL,SURVIVAL,NONE,H_t,reject_survival,phase=none;hMul=1.000;gMul=1.000;qMul=1.000;qAdd=0.000;rpiOff=0.000,1874,7458,"RacePacingRejected, RACE action=reject_survival:6654;RacePacingRejected, RACE action=reject_pacing:801;ReplacementNotAllowed:3"
2026-09-16T05:06:57.3139475+00:00,2051854464,0.000000,0,1.000000,0.000000,0.000000,0.340000,SURVIVAL,SURVIVAL,NONE,H_t,reject_survival,phase=none;hMul=1.000;gMul=1.000;qMul=1.000;qAdd=0.000;rpiOff=0.000,1874,7458,"RacePacingRejected, RACE action=reject_survival:6654;RacePacingRejected, RACE action=reject_pacing:801;ReplacementNotAllowed:3"
2026-09-16T05:06:57.8145114+00:00,2051862688,0.000000,0,1.000000,0.000000,0.000000,0.340000,SURVIVAL,SURVIVAL,NONE,H_t,reject_survival,phase=none;hMul=1.000;gMul=1.000;qMul=1.000;qAdd=0.000;rpiOff=0.000,1874,7458,"RacePacingRejected, RACE action=reject_survival:6654;RacePacingRejected, RACE action=reject_pacing:801;ReplacementNotAllowed:3"
2026-09-16T05:06:58.3138956+00:00,2051944304,0.000000,0,1.000000,0.000000,0.000000,0.340000,SURVIVAL,SURVIVAL,NONE,H_t,reject_survival,phase=none;hMul=1.000;gMul=1.000;qMul=1.000;qAdd=0.000;rpiOff=0.000,1874,7458,"RacePacingRejected, RACE action=reject_survival:6654;RacePacingRejected, RACE action=reject_pacing:801;ReplacementNotAllowed:3"
2026-09-16T05:06:58.8177677+00:00,2051944304,0.000000,0,1.000000,0.000000,0.000000,0.340000,SURVIVAL,SURVIVAL,NONE,H_t,reject_survival,phase=none;hMul=1.000;gMul=1.000;qMul=1.000;qAdd=0.000;rpiOff=0.000,1874,7458,"RacePacingRejected, RACE action=reject_survival:6654;RacePacingRejected, RACE action=reject_pacing:801;ReplacementNotAllowed:3"
2026-09-16T05:06:59.3142400+00:00,2051993392,0.000000,0,1.000000,0.000000,0.000000,0.340000,SURVIVAL,SURVIVAL,NONE,H_t,reject_survival,phase=none;hMul=1.000;gMul=1.000;qMul=1.000;qAdd=0.000;rpiOff=0.000,1874,7458,"RacePacingRejected, RACE action=reject_survival:6654;RacePacingRejected, RACE action=reject_pacing:801;ReplacementNotAllowed:3"
2026-09-16T05:06:59.8139113+00:00,2051993392,0.000000,0,1.000000,0.000000,0.000000,0.340000,SURVIVAL,SURVIVAL,NONE,H_t,reject_survival,phase=none;hMul=1.000;gMul=1.000;qMul=1.000;qAdd=0.000;rpiOff=0.000,1874,7458,"RacePacingRejected, RACE action=reject_survival:6654;RacePacingRejected, RACE action=reject_pacing:801;ReplacementNotAllowed:3"
2026-09-16T05:07:00.3145996+00:00,2052075376,0.000000,0,1.000000,0.000000,0.000000,0.340000,SURVIVAL,SURVIVAL,NONE,H_t,reject_survival,phase=none;hMul=1.000;gMul=1.000;qMul=1.000;qAdd=0.000;rpiOff=0.000,1874,7458,"RacePacingRejected, RACE action=reject_survival:6654;RacePacingRejected, RACE action=reject_pacing:801;ReplacementNotAllowed:3"
2026-09-16T05:07:00.8141322+00:00,2052083600,0.000000,0,1.000000,0.000000,0.000000,0.340000,SURVIVAL,SURVIVAL,NONE,H_t,reject_survival,phase=none;hMul=1.000;gMul=1.000;qMul=1.000;qAdd=0.000;rpiOff=0.000,1874,7458,"RacePacingRejected, RACE action=reject_survival:6654;RacePacingRejected, RACE action=reject_pacing:801;ReplacementNotAllowed:3"
2026-09-16T05:07:01.3146101+00:00,2052140808,0.000000,0,1.000000,0.000000,0.000000,0.340000,SURVIVAL,SURVIVAL,NONE,H_t,reject_survival,phase=none;hMul=1.000;gMul=1.000;qMul=1.000;qAdd=0.000;rpiOff=0.000,1874,7458,"RacePacingRejected, RACE action=reject_survival:6654;RacePacingRejected, RACE action=reject_pacing:801;ReplacementNotAllowed:3"
2026-09-16T05:07:01.8140951+00:00,2052140808,0.000000,0,1.000000,0.000000,0.000000,0.340000,SURVIVAL,SURVIVAL,NONE,H_t,reject_survival,phase=none;hMul=1.000;gMul=1.000;qMul=1.000;qAdd=0.000;rpiOff=0.000,1874,7458,"RacePacingRejected, RACE action=reject_survival:6654;RacePacingRejected, RACE action=reject_pacing:801;ReplacementNotAllowed:3"
2026-09-16T05:07:02.3146368+00:00,2052231016,0.000000,0,1.000000,0.000000,0.000000,0.340000,SURVIVAL,SURVIVAL,NONE,H_t,reject_survival,phase=none;hMul=1.000;gMul=1.000;qMul=1.000;qAdd=0.000;rpiOff=0.000,1874,7458,"RacePacingRejected, RACE action=reject_survival:6654;RacePacingRejected, RACE action=reject_pacing:801;ReplacementNotAllowed:3"
2026-09-16T05:07:02.8141900+00:00,2052239240,0.000000,0,1.000000,0.000000,0.000000,0.340000,SURVIVAL,SURVIVAL,NONE,H_t,reject_survival,phase=none;hMul=1.000;gMul=1.000;qMul=1.000;qAdd=0.000;rpiOff=0.000,1874,7458,"RacePacingRejected, RACE action=reject_survival:6654;RacePacingRejected, RACE action=reject_pacing:801;ReplacementNotAllowed:3"
2026-09-16T05:07:03.3147580+00:00,2052280104,0.000000,0,1.000000,0.000000,0.000000,0.340000,SURVIVAL,SURVIVAL,NONE,H_t,reject_survival,phase=none;hMul=1.000;gMul=1.000;qMul=1.000;qAdd=0.000;rpiOff=0.000,1874,7458,"RacePacingRejected, RACE action=reject_survival:6654;RacePacingRejected, RACE action=reject_pacing:801;ReplacementNotAllowed:3"
2026-09-16T05:07:03.8142689+00:00,2052280104,0.000000,0,1.000000,0.000000,0.000000,0.340000,SURVIVAL,SURVIVAL,NONE,H_t,reject_survival,phase=none;hMul=1.000;gMul=1.000;qMul=1.000;qAdd=0.000;rpiOff=0.000,1874,7458,"RacePacingRejected, RACE action=reject_survival:6654;RacePacingRejected, RACE action=reject_pacing:801;ReplacementNotAllowed:3"
2026-09-16T05:07:04.3147566+00:00,2052361832,0.000000,0,1.000000,0.000000,0.000000,0.340000,SURVIVAL,SURVIVAL,NONE,H_t,reject_survival,phase=none;hMul=1.000;gMul=1.000;qMul=1.000;qAdd=0.000;rpiOff=0.000,1874,7458,"RacePacingRejected, RACE action=reject_survival:6654;RacePacingRejected, RACE action=reject_pacing:801;ReplacementNotAllowed:3"
2026-09-16T05:07:04.8141855+00:00,2052370024,0.000000,0,1.000000,0.000000,0.000000,0.340000,SURVIVAL,SURVIVAL,NONE,H_t,reject_survival,phase=none;hMul=1.000;gMul=1.000;qMul=1.000;qAdd=0.000;rpiOff=0.000,1874,7458,"RacePacingRejected, RACE action=reject_survival:6654;RacePacingRejected, RACE action=reject_pacing:801;ReplacementNotAllowed:3"
2026-09-16T05:07:05.3146021+00:00,2052410672,0.000000,0,1.000000,0.000000,0.000000,0.340000,SURVIVAL,SURVIVAL,NONE,H_t,reject_survival,phase=none;hMul=1.000;gMul=1.000;qMul=1.000;qAdd=0.000;rpiOff=0.000,1874,7458,"RacePacingRejected, RACE action=reject_survival:6654;RacePacingRejected, RACE action=reject_pacing:801;ReplacementNotAllowed:3"
2026-09-16T05:07:05.8140632+00:00,2052418640,0.000000,0,1.000000,0.000000,0.000000,0.340000,SURVIVAL,SURVIVAL,NONE,H_t,reject_survival,phase=none;hMul=1.000;gMul=1.000;qMul=1.000;qAdd=0.000;rpiOff=0.000,1874,7458,"RacePacingRejected, RACE action=reject_survival:6654;RacePacingRejected, RACE action=reject_pacing:801;ReplacementNotAllowed:3"
2026-09-16T05:07:06.3138366+00:00,2052509104,0.000000,0,1.000000,0.000000,0.000000,0.340000,SURVIVAL,SURVIVAL,NONE,H_t,reject_survival,phase=none;hMul=1.000;gMul=1.000;qMul=1.000;qAdd=0.000;rpiOff=0.000,1874,7458,"RacePacingRejected, RACE action=reject_survival:6654;RacePacingRejected, RACE action=reject_pacing:801;ReplacementNotAllowed:3"
2026-09-16T05:07:06.8145347+00:00,2052509104,0.000000,0,1.000000,0.000000,0.000000,0.340000,SURVIVAL,SURVIVAL,NONE,H_t,reject_survival,phase=none;hMul=1.000;gMul=1.000;qMul=1.000;qAdd=0.000;rpiOff=0.000,1874,7458,"RacePacingRejected, RACE action=reject_survival:6654;RacePacingRejected, RACE action=reject_pacing:801;ReplacementNotAllowed:3"
2026-09-16T05:07:07.3144184+00:00,2052574384,0.000000,0,1.000000,0.000000,0.000000,0.340000,SURVIVAL,SURVIVAL,NONE,H_t,reject_survival,phase=none;hMul=1.000;gMul=1.000;qMul=1.000;qAdd=0.000;rpiOff=0.000,1874,7458,"RacePacingRejected, RACE action=reject_survival:6654;RacePacingRejected, RACE action=reject_pacing:801;ReplacementNotAllowed:3"
2026-09-16T05:07:07.8139197+00:00,2052582608,0.000000,0,1.000000,0.000000,0.000000,0.340000,SURVIVAL,SURVIVAL,NONE,H_t,reject_survival,phase=none;hMul=1.000;gMul=1.000;qMul=1.000;qAdd=0.000;rpiOff=0.000,1874,7458,"RacePacingRejected, RACE action=reject_survival:6654;RacePacingRejected, RACE action=reject_pacing:801;ReplacementNotAllowed:3"
2026-09-16T05:07:08.3147604+00:00,2052631952,0.000000,0,1.000000,0.000000,0.000000,0.340000,SURVIVAL,SURVIVAL,NONE,H_t,reject_survival,phase=none;hMul=1.000;gMul=1.000;qMul=1.000;qAdd=0.000;rpiOff=0.000,1874,7458,"RacePacingRejected, RACE action=reject_survival:6654;RacePacingRejected, RACE action=reject_pacing:801;ReplacementNotAllowed:3"
2026-09-16T05:07:08.8142966+00:00,2052640176,0.000000,0,1.000000,0.000000,0.000000,0.340000,SURVIVAL,SURVIVAL,NONE,H_t,reject_survival,phase=none;hMul=1.000;gMul=1.000;qMul=1.000;qAdd=0.000;rpiOff=0.000,1874,7458,"RacePacingRejected, RACE action=reject_survival:6654;RacePacingRejected, RACE action=reject_pacing:801;ReplacementNotAllowed:3"
2026-09-16T05:07:09.3146599+00:00,2052722160,0.000000,0,1.000000,0.000000,0.000000,0.340000,SURVIVAL,SURVIVAL,NONE,H_t,reject_survival,phase=none;hMul=1.000;gMul=1.000;qMul=1.000;qAdd=0.000;rpiOff=0.000,1874,7458,"RacePacingRejected, RACE action=reject_survival:6654;RacePacingRejected, RACE action=reject_pacing:801;ReplacementNotAllowed:3"
2026-09-16T05:07:09.8144730+00:00,2052730384,0.000000,0,1.000000,0.000000,0.000000,0.340000,SURVIVAL,SURVIVAL,NONE,H_t,reject_survival,phase=none;hMul=1.000;gMul=1.000;qMul=1.000;qAdd=0.000;rpiOff=0.000,1874,7458,"RacePacingRejected, RACE action=reject_survival:6654;RacePacingRejected, RACE action=reject_pacing:801;ReplacementNotAllowed:3"
2026-09-16T05:07:10.3139371+00:00,2052787184,0.000000,0,1.000000,0.000000,0.000000,0.340000,SURVIVAL,SURVIVAL,NONE,H_t,reject_survival,phase=none;hMul=1.000;gMul=1.000;qMul=1.000;qAdd=0.000;rpiOff=0.000,1874,7458,"RacePacingRejected, RACE action=reject_survival:6654;RacePacingRejected, RACE action=reject_pacing:801;ReplacementNotAllowed:3"
2026-09-16T05:07:10.8144776+00:00,2052787184,0.000000,0,1.000000,0.000000,0.000000,0.340000,SURVIVAL,SURVIVAL,NONE,H_t,reject_survival,phase=none;hMul=1.000;gMul=1.000;qMul=1.000;qAdd=0.000;rpiOff=0.000,1874,7458,"RacePacingRejected, RACE action=reject_survival:6654;RacePacingRejected, RACE action=reject_pacing:801;ReplacementNotAllowed:3"
2026-09-16T05:07:11.3147976+00:00,2052852976,0.000000,0,1.000000,0.000000,0.000000,0.340000,SURVIVAL,SURVIVAL,NONE,H_t,reject_survival,phase=none;hMul=1.000;gMul=1.000;qMul=1.000;qAdd=0.000;rpiOff=0.000,1874,7458,"RacePacingRejected, RACE action=reject_survival:6654;RacePacingRejected, RACE action=reject_pacing:801;ReplacementNotAllowed:3"
2026-09-16T05:07:11.8143473+00:00,2052861200,0.000000,0,1.000000,0.000000,0.000000,0.340000,SURVIVAL,SURVIVAL,NONE,H_t,reject_survival,phase=none;hMul=1.000;gMul=1.000;qMul=1.000;qAdd=0.000;rpiOff=0.000,1874,7458,"RacePacingRejected, RACE action=reject_survival:6654;RacePacingRejected, RACE action=reject_pacing:801;ReplacementNotAllowed:3"
2026-09-16T05:07:12.3138962+00:00,2052943184,0.000000,0,1.000000,0.000000,0.000000,0.340000,SURVIVAL,SURVIVAL,NONE,H_t,reject_survival,phase=none;hMul=1.000;gMul=1.000;qMul=1.000;qAdd=0.000;rpiOff=0.000,1874,7458,"RacePacingRejected, RACE action=reject_survival:6654;RacePacingRejected, RACE action=reject_pacing:801;ReplacementNotAllowed:3"
2026-09-16T05:07:12.8147720+00:00,2052943184,0.000000,0,1.000000,0.000000,0.000000,0.340000,SURVIVAL,SURVIVAL,NONE,H_t,reject_survival,phase=none;hMul=1.000;gMul=1.000;qMul=1.000;qAdd=0.000;rpiOff=0.000,1874,7458,"RacePacingRejected, RACE action=reject_survival:6654;RacePacingRejected, RACE action=reject_pacing:801;ReplacementNotAllowed:3"
2026-09-16T05:07:13.3146483+00:00,2052992272,0.000000,0,1.000000,0.000000,0.000000,0.340000,SURVIVAL,SURVIVAL,NONE,H_t,reject_survival,phase=none;hMul=1.000;gMul=1.000;qMul=1.000;qAdd=0.000;rpiOff=0.000,1874,7458,"RacePacingRejected, RACE action=reject_survival:6654;RacePacingRejected, RACE action=reject_pacing:801;ReplacementNotAllowed:3"
2026-09-16T05:07:13.8143326+00:00,2052992272,0.000000,0,1.000000,0.000000,0.000000,0.340000,SURVIVAL,SURVIVAL,NONE,H_t,reject_survival,phase=none;hMul=1.000;gMul=1.000;qMul=1.000;qAdd=0.000;rpiOff=0.000,1874,7458,"RacePacingRejected, RACE action=reject_survival:6654;RacePacingRejected, RACE action=reject_pacing:801;ReplacementNotAllowed:3"
2026-09-16T05:07:14.3145783+00:00,2053081968,0.000000,0,1.000000,0.000000,0.000000,0.340000,SURVIVAL,SURVIVAL,NONE,H_t,reject_survival,phase=none;hMul=1.000;gMul=1.000;qMul=1.000;qAdd=0.000;rpiOff=0.000,1874,7458,"RacePacingRejected, RACE action=reject_survival:6654;RacePacingRejected, RACE action=reject_pacing:801;ReplacementNotAllowed:3"
2026-09-16T05:07:14.8140179+00:00,2053081968,0.000000,0,1.000000,0.000000,0.000000,0.340000,SURVIVAL,SURVIVAL,NONE,H_t,reject_survival,phase=none;hMul=1.000;gMul=1.000;qMul=1.000;qAdd=0.000;rpiOff=0.000,1874,7458,"RacePacingRejected, RACE action=reject_survival:6654;RacePacingRejected, RACE action=reject_pacing:801;ReplacementNotAllowed:3"
2026-09-16T05:07:15.3140517+00:00,2053147760,0.000000,0,1.000000,0.000000,0.000000,0.340000,SURVIVAL,SURVIVAL,NONE,H_t,reject_survival,phase=none;hMul=1.000;gMul=1.000;qMul=1.000;qAdd=0.000;rpiOff=0.000,1874,7458,"RacePacingRejected, RACE action=reject_survival:6654;RacePacingRejected, RACE action=reject_pacing:801;ReplacementNotAllowed:3"
2026-09-16T05:07:15.8145218+00:00,2053147760,0.000000,0,1.000000,0.000000,0.000000,0.340000,SURVIVAL,SURVIVAL,NONE,H_t,reject_survival,phase=none;hMul=1.000;gMul=1.000;qMul=1.000;qAdd=0.000;rpiOff=0.000,1874,7458,"RacePacingRejected, RACE action=reject_survival:6654;RacePacingRejected, RACE action=reject_pacing:801;ReplacementNotAllowed:3"
2026-09-16T05:07:16.3146804+00:00,2053229744,0.000000,0,1.000000,0.000000,0.000000,0.340000,SURVIVAL,SURVIVAL,NONE,H_t,reject_survival,phase=none;hMul=1.000;gMul=1.000;qMul=1.000;qAdd=0.000;rpiOff=0.000,1874,7458,"RacePacingRejected, RACE action=reject_survival:6654;RacePacingRejected, RACE action=reject_pacing:801;ReplacementNotAllowed:3"
2026-09-16T05:07:16.8143654+00:00,2053229744,0.000000,0,1.000000,0.000000,0.000000,0.340000,SURVIVAL,SURVIVAL,NONE,H_t,reject_survival,phase=none;hMul=1.000;gMul=1.000;qMul=1.000;qAdd=0.000;rpiOff=0.000,1874,7458,"RacePacingRejected, RACE action=reject_survival:6654;RacePacingRejected, RACE action=reject_pacing:801;ReplacementNotAllowed:3"
2026-09-16T05:07:17.3147153+00:00,2053319696,0.000000,0,1.000000,0.000000,0.000000,0.340000,SURVIVAL,SURVIVAL,NONE,H_t,reject_survival,phase=none;hMul=1.000;gMul=1.000;qMul=1.000;qAdd=0.000;rpiOff=0.000,1874,7458,"RacePacingRejected, RACE action=reject_survival:6654;RacePacingRejected, RACE action=reject_pacing:801;ReplacementNotAllowed:3"
2026-09-16T05:07:17.8141120+00:00,2053319696,0.000000,0,1.000000,0.000000,0.000000,0.340000,SURVIVAL,SURVIVAL,NONE,H_t,reject_survival,phase=none;hMul=1.000;gMul=1.000;qMul=1.000;qAdd=0.000;rpiOff=0.000,1874,7458,"RacePacingRejected, RACE action=reject_survival:6654;RacePacingRejected, RACE action=reject_pacing:801;ReplacementNotAllowed:3"
2026-09-16T05:07:18.3143883+00:00,2053360816,0.000000,0,1.000000,0.000000,0.000000,0.340000,SURVIVAL,SURVIVAL,NONE,H_t,reject_survival,phase=none;hMul=1.000;gMul=1.000;qMul=1.000;qAdd=0.000;rpiOff=0.000,1874,7458,"RacePacingRejected, RACE action=reject_survival:6654;RacePacingRejected, RACE action=reject_pacing:801;ReplacementNotAllowed:3"
